{
  "time": [
    1767225600000000000,
    1767312000000000000,
    1767398400000000000,
    1767484800000000000,
    1767571200000000000,
    1767657600000000000,
    1767744000000000000,
    1767830400000000000,
    1767916800000000000,
    1768003200000000000,
    1768089600000000000,
    1768176000000000000,
    1768262400000000000,
    1768348800000000000,
    1768435200000000000,
    1768521600000000000,
    1768608000000000000,
    1768694400000000000,
    1768780800000000000,
    1768867200000000000,
    1768953600000000000,
    1769040000000000000,
    1769126400000000000,
    1769212800000000000,
    1769299200000000000,
    1769385600000000000,
    1769472000000000000,
    1769558400000000000,
    1769644800000000000,
    1769731200000000000,
    1769817600000000000,
    1769904000000000000,
    1769990400000000000,
    1770076800000000000,
    1770163200000000000,
    1770249600000000000,
    1770336000000000000,
    1770422400000000000,
    1770508800000000000,
    1770595200000000000,
    1770681600000000000,
    1770768000000000000,
    1770854400000000000,
    1770940800000000000,
    1771027200000000000,
    1771113600000000000,
    1771200000000000000,
    1771286400000000000,
    1771372800000000000,
    1771459200000000000,
    1771545600000000000,
    1771632000000000000,
    1771718400000000000,
    1771804800000000000,
    1771891200000000000
  ],
  "hurs": [
    75.20000112056732,
    74.50000111013651,
    73.00000108778477,
    77.70000115782022,
    70.00000104308128,
    80.50000119954348,
    76.70000114291906,
    82.90000123530626,
    88.50000131875277,
    79.00000117719173,
    84.50000125914812,
    86.70000129193068,
    92.20000137388706,
    89.50000133365393,
    94.00000140070915,
    85.0000012665987,
    91.50000136345625,
    82.00000122189522,
    66.50000099092722,
    72.0000010728836,
    74.40000110864639,
    81.9000012204051,
    81.40000121295452,
    83.70000124722719,
    88.700001321733,
    93.7000013962388,
    92.90000138431787,
    90.50000134855509,
    89.20000132918358,
    89.00000132620335,
    87.00000129640102,
    79.70000118762255,
    76.00000113248825,
    77.20000115036964,
    87.5000013038516,
    94.20000140368938,
    96.90000144392252,
    95.90000142902136,
    98.0000014603138,
    95.5000014230609,
    79.90000119060278,
    90.20000134408474,
    90.50000134855509,
    94.70000141113997,
    86.00000128149986,
    69.20000103116035,
    87.70000130683184,
    90.70000135153532,
    88.00000131130219,
    79.50000118464231,
    76.20000113546848,
    80.90000120550394,
    88.50000131875277,
    80.40000119805336,
    85.0000012665987
  ],
  "pr": [
    0.10000000149011612,
    0.5,
    0.10000000149011612,
    0.0,
    0.20000000298023224,
    0.0,
    0.10000000149011612,
    0.6000000238418579,
    4.900000095367432,
    0.0,
    0.0,
    4.199999809265137,
    0.10000000149011612,
    0.10000000149011612,
    0.0,
    0.0,
    0.0,
    0.0,
    0.0,
    0.0,
    0.0,
    0.0,
    0.0,
    0.0,
    5.599999904632568,
    1.899999976158142,
    0.0,
    0.0,
    2.700000047683716,
    0.0,
    0.0,
    0.0,
    0.0,
    0.5,
    1.399999976158142,
    0.4000000059604645,
    0.0,
    1.100000023841858,
    0.0,
    0.0,
    0.0,
    1.2000000476837158,
    4.300000190734863,
    1.899999976158142,
    0.0,
    0.800000011920929,
    2.5999999046325684,
    2.200000047683716,
    0.30000001192092896,
    0.0,
    0.20000000298023224,
    1.2000000476837158,
    5.900000095367432,
    3.4000000953674316,
    0.0
  ],
  "tas": [
    2.600000038743019,
    2.0000000298023224,
    0.800000011920929,
    0.10000000149011612,
    -1.8000000268220901,
    -3.6000000536441803,
    -5.200000077486038,
    -3.1000000461935997,
    -2.0000000298023224,
    -6.000000089406967,
    -8.100000120699406,
    -3.1000000461935997,
    4.000000059604645,
    5.500000081956387,
    5.700000084936619,
    5.000000074505806,
    1.1000000163912773,
    1.5000000223517418,
    0.5000000074505806,
    -1.3000000193715096,
    -1.8000000268220901,
    -5.000000074505806,
    -5.000000074505806,
    -2.600000038743019,
    -1.5000000223517418,
    -1.700000025331974,
    -0.4000000059604645,
    -0.6000000089406967,
    -1.3000000193715096,
    -1.3000000193715096,
    -1.5000000223517418,
    -4.700000070035458,
    -5.700000084936619,
    -4.90000007301569,
    -2.7000000402331352,
    -1.8000000268220901,
    0.5000000074505806,
    1.8000000268220901,
    0.800000011920929,
    0.9000000134110451,
    4.000000059604645,
    6.000000089406967,
    7.400000110268593,
    3.500000052154064,
    0.20000000298023224,
    -1.3000000193715096,
    -1.8000000268220901,
    1.8000000268220901,
    0.0,
    -2.2000000327825546,
    -1.700000025331974,
    7.000000104308128,
    10.400000154972076,
    9.00000013411045,
    6.800000101327896
  ],
  "tasmax": [
    3.400000050663948,
    3.200000047683716,
    2.8000000417232513,
    1.8000000268220901,
    0.6000000089406967,
    -1.3000000193715096,
    -0.6000000089406967,
    1.1000000163912773,
    -0.5000000074505806,
    -3.7000000551342964,
    -4.200000062584877,
    2.2000000327825546,
    7.300000108778477,
    7.800000116229057,
    10.400000154972076,
    12.000000178813934,
    4.90000007301569,
    5.700000084936619,
    5.200000077486038,
    3.400000050663948,
    4.500000067055225,
    -0.5000000074505806,
    -1.600000023841858,
    -1.3000000193715096,
    -1.0000000149011612,
    -0.10000000149011612,
    0.5000000074505806,
    0.5000000074505806,
    -0.6000000089406967,
    0.0,
    0.0,
    -3.200000047683716,
    -4.700000070035458,
    -3.7000000551342964,
    -0.9000000134110451,
    0.10000000149011612,
    1.8000000268220901,
    3.9000000581145287,
    1.5000000223517418,
    2.2000000327825546,
    7.500000111758709,
    8.400000125169754,
    11.000000163912773,
    6.800000101327896,
    1.0000000149011612,
    1.0000000149011612,
    0.5000000074505806,
    5.000000074505806,
    2.1000000312924385,
    0.6000000089406967,
    3.400000050663948,
    10.900000162422657,
    12.800000190734863,
    13.100000195205212,
    11.000000163912773
  ],
  "tasmin": [
    1.8000000268220901,
    0.20000000298023224,
    -1.0000000149011612,
    -2.500000037252903,
    -7.400000110268593,
    -7.900000117719173,
    -8.600000128149986,
    -7.500000111758709,
    -4.200000062584877,
    -9.400000140070915,
    -13.100000195205212,
    -12.600000187754631,
    1.700000025331974,
    3.1000000461935997,
    2.500000037252903,
    0.10000000149011612,
    -2.1000000312924385,
    -2.1000000312924385,
    -3.400000050663948,
    -4.400000065565109,
    -6.200000092387199,
    -8.400000125169754,
    -9.100000135600567,
    -4.200000062584877,
    -2.0000000298023224,
    -2.3000000342726707,
    -1.700000025331974,
    -1.600000023841858,
    -2.3000000342726707,
    -3.0000000447034836,
    -4.200000062584877,
    -5.700000084936619,
    -6.500000096857548,
    -6.200000092387199,
    -4.200000062584877,
    -3.7000000551342964,
    -0.20000000298023224,
    0.4000000059604645,
    0.0,
    0.0,
    1.1000000163912773,
    2.600000038743019,
    4.500000067055225,
    0.800000011920929,
    -1.3000000193715096,
    -3.1000000461935997,
    -3.6000000536441803,
    -0.20000000298023224,
    -2.7000000402331352,
    -4.700000070035458,
    -7.800000116229057,
    2.600000038743019,
    7.400000110268593,
    6.000000089406967,
    1.3000000193715096
  ]
}