{
  "time": [
    1767225600000000000,
    1767312000000000000,
    1767398400000000000,
    1767484800000000000,
    1767571200000000000,
    1767657600000000000,
    1767744000000000000,
    1767830400000000000,
    1767916800000000000,
    1768003200000000000,
    1768089600000000000,
    1768176000000000000,
    1768262400000000000,
    1768348800000000000,
    1768435200000000000,
    1768521600000000000,
    1768608000000000000,
    1768694400000000000,
    1768780800000000000,
    1768867200000000000,
    1768953600000000000,
    1769040000000000000,
    1769126400000000000,
    1769212800000000000,
    1769299200000000000,
    1769385600000000000,
    1769472000000000000,
    1769558400000000000,
    1769644800000000000,
    1769731200000000000,
    1769817600000000000,
    1769904000000000000,
    1769990400000000000,
    1770076800000000000,
    1770163200000000000,
    1770249600000000000,
    1770336000000000000,
    1770422400000000000,
    1770508800000000000,
    1770595200000000000,
    1770681600000000000,
    1770768000000000000,
    1770854400000000000,
    1770940800000000000,
    1771027200000000000,
    1771113600000000000,
    1771200000000000000,
    1771286400000000000,
    1771372800000000000,
    1771459200000000000,
    1771545600000000000,
    1771632000000000000,
    1771718400000000000,
    1771804800000000000,
    1771891200000000000,
    1771977600000000000,
    1772064000000000000,
    1772150400000000000,
    1772236800000000000,
    1772323200000000000,
    1772409600000000000,
    1772496000000000000,
    1772582400000000000,
    1772668800000000000,
    1772755200000000000,
    1772841600000000000,
    1772928000000000000,
    1773014400000000000,
    1773100800000000000,
    1773187200000000000,
    1773273600000000000,
    1773360000000000000,
    1773446400000000000,
    1773532800000000000,
    1773619200000000000,
    1773705600000000000,
    1773792000000000000,
    1773878400000000000,
    1773964800000000000,
    1774051200000000000,
    1774137600000000000,
    1774224000000000000,
    1774310400000000000,
    1774396800000000000,
    1774483200000000000,
    1774569600000000000,
    1774656000000000000,
    1774742400000000000,
    1774828800000000000,
    1774915200000000000,
    1775001600000000000,
    1775088000000000000,
    1775174400000000000,
    1775260800000000000,
    1775347200000000000,
    1775433600000000000,
    1775520000000000000
  ],
  "hurs": [
    75.20000112056732,
    74.50000111013651,
    73.00000108778477,
    77.70000115782022,
    70.00000104308128,
    80.50000119954348,
    76.70000114291906,
    82.90000123530626,
    88.50000131875277,
    79.00000117719173,
    84.50000125914812,
    86.70000129193068,
    92.20000137388706,
    89.50000133365393,
    94.00000140070915,
    85.0000012665987,
    91.50000136345625,
    82.00000122189522,
    66.50000099092722,
    72.0000010728836,
    74.40000110864639,
    81.9000012204051,
    81.40000121295452,
    83.70000124722719,
    88.700001321733,
    93.7000013962388,
    92.90000138431787,
    90.50000134855509,
    89.20000132918358,
    89.00000132620335,
    87.00000129640102,
    79.50000118464231,
    76.50000113993883,
    77.50000115483999,
    86.50000128895044,
    94.00000140070915,
    97.4000014513731,
    94.20000140368938,
    97.70000145584345,
    95.5000014230609,
    79.70000118762255,
    89.50000133365393,
    90.20000134408474,
    93.50000139325857,
    85.70000127702951,
    69.00000102818012,
    87.20000129938126,
    90.40000134706497,
    87.20000129938126,
    79.20000118017197,
    76.00000113248825,
    80.70000120252371,
    88.700001321733,
    80.50000119954348,
    85.0000012665987,
    85.70000127702951,
    81.70000121742487,
    76.00000113248825,
    68.2000010162592,
    65.00000096857548,
    65.50000097602606,
    69.00000102818012,
    79.70000118762255,
    68.2000010162592,
    67.0000009983778,
    71.00000105798244,
    67.20000100135803,
    72.40000107884407,
    69.40000103414059,
    73.200001090765,
    66.50000099092722,
    62.000000923871994,
    81.70000121742487,
    88.20000131428242,
    83.70000124722719,
    71.70000106841326,
    68.2000010162592,
    69.5000010356307,
    75.00000111758709,
    83.90000125020742,
    67.90000101178885,
    62.70000093430281,
    55.2000008225441,
    64.5000009611249,
    71.50000106543303,
    66.90000099688768,
    77.50000115483999,
    75.40000112354755,
    77.90000116080046,
    77.20000115036964,
    81.50000121444464,
    67.90000101178885,
    65.70000097900629,
    62.90000093728304,
    65.00000096857548,
    54.6000008136034,
    57.50000085681677
  ],
  "pr": [
    0.10000000149011612,
    0.5,
    0.10000000149011612,
    0.0,
    0.20000000298023224,
    0.0,
    0.10000000149011612,
    0.6000000238418579,
    4.900000095367432,
    0.0,
    0.0,
    4.199999809265137,
    0.10000000149011612,
    0.10000000149011612,
    0.0,
    0.0,
    0.0,
    0.0,
    0.0,
    0.0,
    0.0,
    0.0,
    0.0,
    0.0,
    5.599999904632568,
    1.899999976158142,
    0.0,
    0.0,
    2.700000047683716,
    0.0,
    0.0,
    0.0,
    0.0,
    1.899999976158142,
    0.10000000149011612,
    0.6000000238418579,
    0.10000000149011612,
    0.4000000059604645,
    0.0,
    0.0,
    0.0,
    2.299999952316284,
    4.0,
    1.899999976158142,
    0.0,
    0.800000011920929,
    2.5999999046325684,
    2.200000047683716,
    0.30000001192092896,
    0.0,
    0.20000000298023224,
    1.2000000476837158,
    5.699999809265137,
    2.5,
    0.0,
    0.0,
    0.0,
    0.0,
    0.0,
    0.0,
    0.0,
    0.0,
    0.0,
    0.0,
    0.0,
    0.0,
    0.0,
    0.0,
    0.20000000298023224,
    0.699999988079071,
    0.0,
    0.10000000149011612,
    2.700000047683716,
    0.30000001192092896,
    0.10000000149011612,
    0.0,
    0.0,
    0.0,
    0.10000000149011612,
    0.5,
    0.0,
    0.0,
    0.0,
    1.2000000476837158,
    0.0,
    0.0,
    4.699999809265137,
    0.0,
    4.300000190734863,
    2.5,
    0.0,
    0.0,
    0.0,
    0.10000000149011612,
    0.10000000149011612,
    0.0,
    0.0
  ],