{
  "time": [
    1767268800000000000,
    1767355200000000000,
    1767441600000000000
  ],
  "hurs": [
    75.50000112503767,
    75.7000011280179,
    73.00000108778477
  ],
  "pr": [
    0.10000000149011612,
    0.8999999761581421,
    0.10000000149011612
  ],
  "tas": [
    2.600000038743019,
    1.8000000268220901,
    0.800000011920929
  ],
  "tasmax": [
    3.400000050663948,
    3.1000000461935997,
    2.7000000402331352
  ],
  "tasmin": [
    1.8000000268220901,
    0.0,
    -1.1000000163912773
  ]
}