{
  "time": [
    1767225600000000000,
    1767312000000000000,
    1767398400000000000,
    1767484800000000000,
    1767571200000000000,
    1767657600000000000,
    1767744000000000000,
    1767830400000000000,
    1767916800000000000,
    1768003200000000000,
    1768089600000000000,
    1768176000000000000,
    1768262400000000000,
    1768348800000000000,
    1768435200000000000,
    1768521600000000000,
    1768608000000000000,
    1768694400000000000,
    1768780800000000000,
    1768867200000000000,
    1768953600000000000,
    1769040000000000000,
    1769126400000000000,
    1769212800000000000,
    1769299200000000000,
    1769385600000000000,
    1769472000000000000,
    1769558400000000000,
    1769644800000000000,
    1769731200000000000,
    1769817600000000000,
    1769904000000000000,
    1769990400000000000,
    1770076800000000000,
    1770163200000000000,
    1770249600000000000,
    1770336000000000000,
    1770422400000000000,
    1770508800000000000,
    1770595200000000000,
    1770681600000000000
  ],
  "hurs": [
    75.50000112503767,
    75.40000112354755,
    73.70000109821558,
    77.70000115782022,
    70.00000104308128,
    81.00000120699406,
    76.70000114291906,
    83.40000124275684,
    89.40000133216381,
    78.70000117272139,
    85.90000128000975,
    86.2000012844801,
    91.70000136643648,
    91.50000136345625,
    93.7000013962388,
    85.0000012665987,
    91.70000136643648,
    82.00000122189522,
    66.50000099092722,
    72.20000107586384,
    75.40000112354755,
    81.70000121742487,
    82.00000122189522,
    83.50000124424696,
    89.50000133365393,
    93.00000138580799,
    93.00000138580799,
    90.00000134110451,
    89.50000133365393,
    89.00000132620335,
    85.50000127404928,
    79.70000118762255,
    76.00000113248825,
    77.20000115036964,
    87.5000013038516,
    94.20000140368938,
    96.90000144392252,
    95.90000142902136,
    98.0000014603138,
    95.5000014230609,
    79.90000119060278
  ],
  "pr": [
    0.10000000149011612,
    0.5,
    0.10000000149011612,
    0.0,
    0.20000000298023224,
    0.0,
    0.10000000149011612,
    0.6000000238418579,
    4.900000095367432,
    0.0,
    0.0,
    4.199999809265137,
    0.10000000149011612,
    0.10000000149011612,
    0.0,
    0.0,
    0.0,
    0.0,
    0.0,
    0.0,
    0.0,
    0.0,
    0.0,
    0.0,
    5.599999904632568,
    1.899999976158142,
    0.0,
    0.0,
    2.700000047683716,
    0.0,
    0.0,
    0.0,
    0.0,
    0.5,
    1.399999976158142,
    0.4000000059604645,
    0.0,
    1.100000023841858,
    0.0,
    0.0,
    0.0
  ],
  "tas": [
    2.600000038743019,
    1.8000000268220901,
    0.6000000089406967,
    0.10000000149011612,
    -1.8000000268220901,
    -3.6000000536441803,
    -5.200000077486038,
    -3.1000000461935997,
    -2.0000000298023224,
    -6.000000089406967,
    -8.300000123679638,
    -3.1000000461935997,
    4.000000059604645,
    5.200000077486038,
    5.700000084936619,
    5.000000074505806,
    1.1000000163912773,
    1.5000000223517418,
    0.5000000074505806,
    -1.3000000193715096,
    -2.0000000298023224,
    -5.000000074505806,
    -5.200000077486038,
    -2.600000038743019,
    -1.600000023841858,
    -1.700000025331974,
    -0.4000000059604645,
    -0.6000000089406967,
    -1.3000000193715096,
    -1.3000000193715096,
    -1.3000000193715096,
    -4.700000070035458,
    -5.700000084936619,
    -4.90000007301569,
    -2.7000000402331352,
    -1.8000000268220901,
    0.5000000074505806,
    1.8000000268220901,
    0.800000011920929,
    0.9000000134110451,
    4.000000059604645
  ],
  "tasmax": [
    3.400000050663948,
    3.0000000447034836,
    2.7000000402331352,
    1.8000000268220901,
    0.5000000074505806,
    -1.3000000193715096,
    -0.6000000089406967,
    1.1000000163912773,
    -0.5000000074505806,
    -3.6000000536441803,
    -4.200000062584877,
    2.2000000327825546,
    7.400000110268593,
    7.500000111758709,
    10.400000154972076,
    12.000000178813934,
    4.90000007301569,
    5.900000087916851,
    5.200000077486038,
    3.400000050663948,
    4.200000062584877,
    -0.5000000074505806,
    -1.8000000268220901,
    -1.3000000193715096,
    -1.0000000149011612,
    -0.10000000149011612,
    0.4000000059604645,
    0.5000000074505806,
    -0.800000011920929,
    0.0,
    0.20000000298023224,
    -3.200000047683716,
    -4.700000070035458,
    -3.7000000551342964,
    -0.9000000134110451,
    0.10000000149011612,
    1.8000000268220901,
    3.9000000581145287,
    1.5000000223517418,
    2.2000000327825546,
    7.500000111758709
  ],
  "tasmin": [
    1.8000000268220901,
    -0.10000000149011612,
    -1.3000000193715096,
    -2.500000037252903,
    -7.300000108778477,
    -7.900000117719173,
    -8.600000128149986,
    -7.700000114738941,
    -4.200000062584877,
    -9.400000140070915,
    -13.600000202655792,
    -13.600000202655792,
    1.700000025331974,
    2.7000000402331352,
    2.500000037252903,
    0.10000000149011612,
    -2.2000000327825546,
    -2.1000000312924385,
    -3.200000047683716,
    -4.200000062584877,
    -6.400000095367432,
    -8.100000120699406,
    -9.400000140070915,
    -4.200000062584877,
    -2.2000000327825546,
    -2.3000000342726707,
    -1.700000025331974,
    -1.5000000223517418,
    -2.3000000342726707,
    -3.0000000447034836,
    -4.000000059604645,
    -5.700000084936619,
    -6.500000096857548,
    -6.200000092387199,
    -4.200000062584877,
    -3.7000000551342964,
    -0.20000000298023224,
    0.4000000059604645,
    0.0,
    0.0,
    1.1000000163912773
  ]
}