{
  "time": [
    1767225600000000000,
    1767312000000000000,
    1767398400000000000,
    1767484800000000000,
    1767571200000000000,
    1767657600000000000,
    1767744000000000000,
    1767830400000000000,
    1767916800000000000,
    1768003200000000000,
    1768089600000000000,
    1768176000000000000,
    1768262400000000000,
    1768348800000000000,
    1768435200000000000,
    1768521600000000000,
    1768608000000000000,
    1768694400000000000,
    1768780800000000000,
    1768867200000000000,
    1768953600000000000,
    1769040000000000000,
    1769126400000000000,
    1769212800000000000,
    1769299200000000000,
    1769385600000000000,
    1769472000000000000,
    1769558400000000000,
    1769644800000000000,
    1769731200000000000,
    1769817600000000000,
    1769904000000000000,
    1769990400000000000,
    1770076800000000000,
    1770163200000000000,
    1770249600000000000,
    1770336000000000000,
    1770422400000000000,
    1770508800000000000,
    1770595200000000000,
    1770681600000000000,
    1770768000000000000,
    1770854400000000000,
    1770940800000000000,
    1771027200000000000,
    1771113600000000000,
    1771200000000000000,
    1771286400000000000,
    1771372800000000000,
    1771459200000000000,
    1771545600000000000,
    1771632000000000000,
    1771718400000000000,
    1771804800000000000,
    1771891200000000000,
    1771977600000000000,
    1772064000000000000,
    1772150400000000000,
    1772236800000000000,
    1772323200000000000,
    1772409600000000000,
    1772496000000000000,
    1772582400000000000,
    1772668800000000000,
    1772755200000000000,
    1772841600000000000
  ],
  "hurs": [
    75.20000112056732,
    74.50000111013651,
    73.00000108778477,
    77.70000115782022,
    70.00000104308128,
    80.50000119954348,
    76.70000114291906,
    82.90000123530626,
    88.50000131875277,
    79.00000117719173,
    84.50000125914812,
    86.70000129193068,
    92.20000137388706,
    89.50000133365393,
    94.00000140070915,
    85.0000012665987,
    91.50000136345625,
    82.00000122189522,
    66.50000099092722,
    72.0000010728836,
    74.40000110864639,
    81.9000012204051,
    81.40000121295452,
    83.70000124722719,
    88.700001321733,
    93.7000013962388,
    92.90000138431787,
    90.50000134855509,
    89.20000132918358,
    89.00000132620335,
    87.00000129640102,
    79.4000011831522,
    76.50000113993883,
    77.50000115483999,
    86.50000128895044,
    94.00000140070915,
    97.4000014513731,
    94.20000140368938,
    97.70000145584345,
    95.5000014230609,
    79.70000118762255,
    89.50000133365393,
    90.20000134408474,
    93.50000139325857,
    85.70000127702951,
    69.00000102818012,
    87.20000129938126,
    90.40000134706497,
    87.20000129938126,
    79.20000118017197,
    76.00000113248825,
    80.70000120252371,
    88.700001321733,
    80.50000119954348,
    84.90000126510859,
    85.90000128000975,
    81.70000121742487,
    76.00000113248825,
    66.70000099390745,
    65.20000097155571,
    65.40000097453594,
    68.90000102669,
    79.70000118762255,
    68.40000101923943,
    67.20000100135803,
    71.00000105798244
  ],
  "pr": [
    0.10000000149011612,
    0.5,
    0.10000000149011612,
    0.0,
    0.20000000298023224,
    0.0,
    0.10000000149011612,
    0.6000000238418579,
    4.900000095367432,
    0.0,
    0.0,
    4.199999809265137,
    0.10000000149011612,
    0.10000000149011612,
    0.0,
    0.0,
    0.0,
    0.0,
    0.0,
    0.0,
    0.0,
    0.0,
    0.0,
    0.0,
    5.599999904632568,
    1.899999976158142,
    0.0,
    0.0,
    2.700000047683716,
    0.0,
    0.0,
    0.0,
    0.0,
    1.899999976158142,
    0.10000000149011612,
    0.6000000238418579,
    0.10000000149011612,
    0.4000000059604645,
    0.0,
    0.0,
    0.0,
    2.299999952316284,
    4.0,
    1.899999976158142,
    0.0,
    0.800000011920929,
    2.5999999046325684,
    2.200000047683716,
    0.30000001192092896,
    0.0,
    0.20000000298023224,
    1.2000000476837158,
    5.699999809265137,
    2.5,
    0.0,
    0.0,
    0.0,
    0.0,
    0.0,
    0.0,
    0.0,
    0.0,
    0.0,
    0.0,
    0.0,
    0.0
  ],
  "tas": [
    2.600000038743019,
    2.0000000298023224,
    0.800000011920929,
    0.10000000149011612,
    -1.8000000268220901,
    -3.6000000536441803,
    -5.200000077486038,
    -3.1000000461935997,
    -2.0000000298023224,
    -6.000000089406967,
    -8.100000120699406,
    -3.1000000461935997,
    4.000000059604645,
    5.500000081956387,
    5.700000084936619,
    5.000000074505806,
    1.1000000163912773,
    1.5000000223517418,
    0.5000000074505806,
    -1.3000000193715096,
    -1.8000000268220901,
    -5.000000074505806,
    -5.000000074505806,
    -2.600000038743019,
    -1.5000000223517418,
    -1.700000025331974,
    -0.4000000059604645,
    -0.6000000089406967,
    -1.3000000193715096,
    -1.3000000193715096,
    -1.5000000223517418,
    -4.700000070035458,
    -5.700000084936619,
    -5.000000074505806,
    -2.7000000402331352,
    -1.8000000268220901,
    0.5000000074505806,
    2.0000000298023224,
    0.800000011920929,
    0.9000000134110451,
    4.000000059604645,
    6.000000089406967,
    7.400000110268593,
    3.6000000536441803,
    0.20000000298023224,
    -1.3000000193715096,
    -1.8000000268220901,
    1.8000000268220901,
    0.0,
    -2.2000000327825546,
    -1.700000025331974,
    7.000000104308128,
    10.400000154972076,
    9.00000013411045,
    6.800000101327896,
    7.000000104308128,
    8.800000131130219,
    11.500000171363354,
    11.300000168383121,
    7.500000111758709,
    7.200000107288361,
    8.00000011920929,
    6.400000095367432,
    6.400000095367432,
    6.800000101327896,
    7.700000114738941
  ],
  "tasmax": [
    3.400000050663948,
    3.200000047683716,
    2.8000000417232513,
    1.8000000268220901,
    0.6000000089406967,
    -1.3000000193715096,
    -0.6000000089406967,
    1.1000000163912773,
    -0.5000000074505806,
    -3.7000000551342964,
    -4.200000062584877,
    2.2000000327825546,
    7.300000108778477,
    7.800000116229057,
    10.400000154972076,
    12.000000178813934,
    4.90000007301569,
    5.700000084936619,
    5.200000077486038,
    3.400000050663948,
    4.500000067055225,
    -0.5000000074505806,
    -1.600000023841858,
    -1.3000000193715096,
    -1.0000000149011612,
    -0.10000000149011612,
    0.5000000074505806,
    0.5000000074505806,
    -0.6000000089406967,
    0.0,
    0.0,
    -3.200000047683716,
    -4.700000070035458,
    -3.7000000551342964,
    -1.0000000149011612,
    0.10000000149011612,
    1.8000000268220901,
    4.200000062584877,
    1.3000000193715096,
    2.2000000327825546,
    7.500000111758709,
    8.400000125169754,
    11.000000163912773,
    6.800000101327896,
    1.0000000149011612,
    1.0000000149011612,
    0.5000000074505806,
    5.000000074505806,
    2.1000000312924385,
    0.6000000089406967,
    3.400000050663948,
    10.900000162422657,
    12.800000190734863,
    13.100000195205212,
    11.000000163912773,
    14.600000217556953,
    16.100000239908695,
    20.800000309944153,
    18.80000028014183,
    13.000000193715096,
    15.500000230967999,
    16.800000250339508,
    12.600000187754631,
    15.800000235438347,
    16.300000242888927,
    17.600000262260437
  ],