{
  "time": [
    1767225600000000000,
    1767312000000000000,
    1767398400000000000,
    1767484800000000000,
    1767571200000000000,
    1767657600000000000,
    1767744000000000000,
    1767830400000000000,
    1767916800000000000,
    1768003200000000000,
    1768089600000000000,
    1768176000000000000,
    1768262400000000000,
    1768348800000000000,
    1768435200000000000,
    1768521600000000000,
    1768608000000000000,
    1768694400000000000,
    1768780800000000000,
    1768867200000000000,
    1768953600000000000,
    1769040000000000000,
    1769126400000000000,
    1769212800000000000,
    1769299200000000000,
    1769385600000000000,
    1769472000000000000,
    1769558400000000000,
    1769644800000000000,
    1769731200000000000,
    1769817600000000000,
    1769904000000000000,
    1769990400000000000,
    1770076800000000000,
    1770163200000000000,
    1770249600000000000,
    1770336000000000000,
    1770422400000000000,
    1770508800000000000,
    1770595200000000000,
    1770681600000000000,
    1770768000000000000,
    1770854400000000000,
    1770940800000000000,
    1771027200000000000
  ],
  "hurs": [
    75.50000112503767,
    75.40000112354755,
    73.70000109821558,
    77.70000115782022,
    70.00000104308128,
    81.00000120699406,
    76.70000114291906,
    83.40000124275684,
    89.40000133216381,
    78.70000117272139,
    85.90000128000975,
    86.2000012844801,
    91.70000136643648,
    91.50000136345625,
    93.7000013962388,
    85.0000012665987,
    91.70000136643648,
    82.00000122189522,
    66.50000099092722,
    72.20000107586384,
    75.40000112354755,
    81.70000121742487,
    82.00000122189522,
    83.50000124424696,
    89.50000133365393,
    93.00000138580799,
    93.00000138580799,
    90.00000134110451,
    89.50000133365393,
    89.00000132620335,
    85.50000127404928,
    79.70000118762255,
    76.00000113248825,
    77.20000115036964,
    87.5000013038516,
    94.20000140368938,
    96.90000144392252,
    95.90000142902136,
    98.0000014603138,
    95.5000014230609,
    79.90000119060278,
    90.20000134408474,
    90.50000134855509,
    94.70000141113997,
    86.00000128149986
  ]
}