{
  "time": [
    1767225600000000000,
    1767312000000000000,
    1767398400000000000,
    1767484800000000000,
    1767571200000000000,
    1767657600000000000,
    1767744000000000000,
    1767830400000000000,
    1767916800000000000,
    1768003200000000000,
    1768089600000000000,
    1768176000000000000,
    1768262400000000000,
    1768348800000000000,
    1768435200000000000,
    1768521600000000000,
    1768608000000000000,
    1768694400000000000,
    1768780800000000000,
    1768867200000000000,
    1768953600000000000,
    1769040000000000000,
    1769126400000000000,
    1769212800000000000,
    1769299200000000000,
    1769385600000000000,
    1769472000000000000,
    1769558400000000000,
    1769644800000000000,
    1769731200000000000,
    1769817600000000000,
    1769904000000000000,
    1769990400000000000,
    1770076800000000000,
    1770163200000000000,
    1770249600000000000,
    1770336000000000000,
    1770422400000000000,
    1770508800000000000,
    1770595200000000000,
    1770681600000000000,
    1770768000000000000,
    1770854400000000000,
    1770940800000000000,
    1771027200000000000,
    1771113600000000000
  ],
  "hurs": [
    75.20000112056732,
    74.50000111013651,
    73.00000108778477,
    77.70000115782022,
    70.00000104308128,
    80.50000119954348,
    76.70000114291906,
    82.90000123530626,
    88.50000131875277,
    79.00000117719173,
    84.50000125914812,
    86.70000129193068,
    92.20000137388706,
    89.50000133365393,
    94.00000140070915,
    85.0000012665987,
    91.50000136345625,
    82.00000122189522,
    66.50000099092722,
    72.0000010728836,
    74.40000110864639,
    81.9000012204051,
    81.40000121295452,
    83.70000124722719,
    88.700001321733,
    93.7000013962388,
    92.90000138431787,
    90.50000134855509,
    89.20000132918358,
    89.00000132620335,
    87.00000129640102,
    79.70000118762255,
    76.00000113248825,
    77.20000115036964,
    87.5000013038516,
    94.20000140368938,
    96.90000144392252,
    95.90000142902136,
    98.0000014603138,
    95.5000014230609,
    79.90000119060278,
    90.20000134408474,
    90.50000134855509,
    94.70000141113997,
    86.00000128149986,
    69.20000103116035
  ]
}