{
  "time": [
    1767225600000000000,
    1767312000000000000,
    1767398400000000000,
    1767484800000000000,
    1767571200000000000,
    1767657600000000000,
    1767744000000000000,
    1767830400000000000,
    1767916800000000000,
    1768003200000000000,
    1768089600000000000,
    1768176000000000000,
    1768262400000000000,
    1768348800000000000,
    1768435200000000000,
    1768521600000000000,
    1768608000000000000,
    1768694400000000000,
    1768780800000000000,
    1768867200000000000,
    1768953600000000000,
    1769040000000000000,
    1769126400000000000,
    1769212800000000000,
    1769299200000000000,
    1769385600000000000,
    1769472000000000000,
    1769558400000000000,
    1769644800000000000,
    1769731200000000000,
    1769817600000000000,
    1769904000000000000,
    1769990400000000000,
    1770076800000000000,
    1770163200000000000,
    1770249600000000000,
    1770336000000000000,
    1770422400000000000,
    1770508800000000000,
    1770595200000000000,
    1770681600000000000,
    1770768000000000000,
    1770854400000000000,
    1770940800000000000,
    1771027200000000000,
    1771113600000000000,
    1771200000000000000,
    1771286400000000000,
    1771372800000000000,
    1771459200000000000,
    1771545600000000000,
    1771632000000000000,
    1771718400000000000,
    1771804800000000000,
    1771891200000000000,
    1771977600000000000,
    1772064000000000000,
    1772150400000000000,
    1772236800000000000,
    1772323200000000000,
    1772409600000000000,
    1772496000000000000,
    1772582400000000000,
    1772668800000000000,
    1772755200000000000,
    1772841600000000000,
    1772928000000000000,
    1773014400000000000
  ],
  "hurs": [
    75.20000112056732,
    74.50000111013651,
    73.00000108778477,
    77.70000115782022,
    70.00000104308128,
    80.50000119954348,
    76.70000114291906,
    82.90000123530626,
    88.50000131875277,
    79.00000117719173,
    84.50000125914812,
    86.70000129193068,
    92.20000137388706,
    89.50000133365393,
    94.00000140070915,
    85.0000012665987,
    91.50000136345625,
    82.00000122189522,
    66.50000099092722,
    72.0000010728836,
    74.40000110864639,
    81.9000012204051,
    81.40000121295452,
    83.70000124722719,
    88.700001321733,
    93.7000013962388,
    92.90000138431787,
    90.50000134855509,
    89.20000132918358,
    89.00000132620335,
    87.00000129640102,
    79.4000011831522,
    76.50000113993883,
    77.50000115483999,
    86.50000128895044,
    94.00000140070915,
    97.4000014513731,
    94.20000140368938,
    97.70000145584345,
    95.5000014230609,
    79.70000118762255,
    89.50000133365393,
    90.20000134408474,
    93.50000139325857,
    85.70000127702951,
    69.00000102818012,
    87.20000129938126,
    90.40000134706497,
    87.20000129938126,
    79.20000118017197,
    76.00000113248825,
    80.70000120252371,
    88.700001321733,
    80.50000119954348,
    84.90000126510859,
    85.90000128000975,
    81.70000121742487,
    76.00000113248825,
    66.70000099390745,
    65.20000097155571,
    65.40000097453594,
    68.90000102669,
    79.70000118762255,
    68.40000101923943,
    67.20000100135803,
    71.00000105798244,
    67.0000009983778,
    71.50000106543303
  ]
}