{
  "time": [
    1767225600000000000,
    1767312000000000000,
    1767398400000000000,
    1767484800000000000,
    1767571200000000000,
    1767657600000000000,
    1767744000000000000,
    1767830400000000000,
    1767916800000000000,
    1768003200000000000,
    1768089600000000000,
    1768176000000000000,
    1768262400000000000,
    1768348800000000000,
    1768435200000000000,
    1768521600000000000,
    1768608000000000000,
    1768694400000000000,
    1768780800000000000,
    1768867200000000000,
    1768953600000000000,
    1769040000000000000,
    1769126400000000000,
    1769212800000000000,
    1769299200000000000,
    1769385600000000000,
    1769472000000000000,
    1769558400000000000,
    1769644800000000000,
    1769731200000000000,
    1769817600000000000,
    1769904000000000000,
    1769990400000000000,
    1770076800000000000,
    1770163200000000000,
    1770249600000000000,
    1770336000000000000,
    1770422400000000000
  ],
  "tas": [
    2.600000038743019,
    1.8000000268220901,
    0.6000000089406967,
    0.10000000149011612,
    -1.8000000268220901,
    -3.6000000536441803,
    -5.200000077486038,
    -3.1000000461935997,
    -2.0000000298023224,
    -6.000000089406967,
    -8.300000123679638,
    -3.1000000461935997,
    4.000000059604645,
    5.200000077486038,
    5.700000084936619,
    5.000000074505806,
    1.1000000163912773,
    1.5000000223517418,
    0.5000000074505806,
    -1.3000000193715096,
    -2.0000000298023224,
    -5.000000074505806,
    -5.200000077486038,
    -2.600000038743019,
    -1.600000023841858,
    -1.700000025331974,
    -0.4000000059604645,
    -0.6000000089406967,
    -1.3000000193715096,
    -1.3000000193715096,
    -1.3000000193715096,
    -4.700000070035458,
    -5.700000084936619,
    -4.90000007301569,
    -2.7000000402331352,
    -1.8000000268220901,
    0.5000000074505806,
    1.8000000268220901
  ]
}