{
  "time": [
    1767268800000000000,
    1767355200000000000,
    1767441600000000000
  ],
  "tas": [
    2.600000038743019,
    1.8000000268220901,
    0.800000011920929
  ]
}