{
  "time": [
    1767225600000000000,
    1767312000000000000,
    1767398400000000000,
    1767484800000000000,
    1767571200000000000,
    1767657600000000000,
    1767744000000000000,
    1767830400000000000,
    1767916800000000000,
    1768003200000000000,
    1768089600000000000,
    1768176000000000000,
    1768262400000000000,
    1768348800000000000,
    1768435200000000000,
    1768521600000000000,
    1768608000000000000,
    1768694400000000000,
    1768780800000000000,
    1768867200000000000,
    1768953600000000000,
    1769040000000000000,
    1769126400000000000,
    1769212800000000000,
    1769299200000000000,
    1769385600000000000,
    1769472000000000000,
    1769558400000000000,
    1769644800000000000,
    1769731200000000000,
    1769817600000000000,
    1769904000000000000,
    1769990400000000000,
    1770076800000000000,
    1770163200000000000,
    1770249600000000000,
    1770336000000000000,
    1770422400000000000,
    1770508800000000000,
    1770595200000000000,
    1770681600000000000,
    1770768000000000000,
    1770854400000000000,
    1770940800000000000,
    1771027200000000000
  ],
  "tasmin": [
    1.8000000268220901,
    -0.10000000149011612,
    -1.3000000193715096,
    -2.500000037252903,
    -7.300000108778477,
    -7.900000117719173,
    -8.600000128149986,
    -7.700000114738941,
    -4.200000062584877,
    -9.400000140070915,
    -13.600000202655792,
    -13.600000202655792,
    1.700000025331974,
    2.7000000402331352,
    2.500000037252903,
    0.10000000149011612,
    -2.2000000327825546,
    -2.1000000312924385,
    -3.200000047683716,
    -4.200000062584877,
    -6.400000095367432,
    -8.100000120699406,
    -9.400000140070915,
    -4.200000062584877,
    -2.2000000327825546,
    -2.3000000342726707,
    -1.700000025331974,
    -1.5000000223517418,
    -2.3000000342726707,
    -3.0000000447034836,
    -4.000000059604645,
    -5.700000084936619,
    -6.500000096857548,
    -6.200000092387199,
    -4.200000062584877,
    -3.7000000551342964,
    -0.20000000298023224,
    0.4000000059604645,
    0.0,
    0.0,
    1.1000000163912773,
    2.600000038743019,
    4.500000067055225,
    0.800000011920929,
    -1.3000000193715096
  ]
}