{
  "time": [
    1767225600000000000,
    1767312000000000000,
    1767398400000000000,
    1767484800000000000,
    1767571200000000000,
    1767657600000000000,
    1767744000000000000,
    1767830400000000000,
    1767916800000000000,
    1768003200000000000,
    1768089600000000000,
    1768176000000000000,
    1768262400000000000,
    1768348800000000000,
    1768435200000000000,
    1768521600000000000,
    1768608000000000000,
    1768694400000000000,
    1768780800000000000,
    1768867200000000000,
    1768953600000000000,
    1769040000000000000,
    1769126400000000000,
    1769212800000000000,
    1769299200000000000,
    1769385600000000000,
    1769472000000000000,
    1769558400000000000,
    1769644800000000000,
    1769731200000000000,
    1769817600000000000,
    1769904000000000000,
    1769990400000000000,
    1770076800000000000,
    1770163200000000000,
    1770249600000000000,
    1770336000000000000,
    1770422400000000000,
    1770508800000000000,
    1770595200000000000,
    1770681600000000000,
    1770768000000000000,
    1770854400000000000,
    1770940800000000000,
    1771027200000000000,
    1771113600000000000,
    1771200000000000000,
    1771286400000000000,
    1771372800000000000
  ],
  "tasmax": [
    3.400000050663948,
    3.200000047683716,
    2.8000000417232513,
    1.8000000268220901,
    0.6000000089406967,
    -1.3000000193715096,
    -0.6000000089406967,
    1.1000000163912773,
    -0.5000000074505806,
    -3.7000000551342964,
    -4.200000062584877,
    2.2000000327825546,
    7.300000108778477,
    7.800000116229057,
    10.400000154972076,
    12.000000178813934,
    4.90000007301569,
    5.700000084936619,
    5.200000077486038,
    3.400000050663948,
    4.500000067055225,
    -0.5000000074505806,
    -1.600000023841858,
    -1.3000000193715096,
    -1.0000000149011612,
    -0.10000000149011612,
    0.5000000074505806,
    0.5000000074505806,
    -0.6000000089406967,
    0.0,
    0.0,
    -3.200000047683716,
    -4.700000070035458,
    -3.7000000551342964,
    -0.9000000134110451,
    0.10000000149011612,
    1.8000000268220901,
    3.9000000581145287,
    1.5000000223517418,
    2.2000000327825546,
    7.500000111758709,
    8.400000125169754,
    11.000000163912773,
    6.800000101327896,
    1.0000000149011612,
    1.0000000149011612,
    0.5000000074505806,
    5.000000074505806,
    2.1000000312924385
  ]
}