{
  "time": [
    1767268800000000000,
    1767355200000000000,
    1767441600000000000
  ],
  "tasmin": [
    1.8000000268220901,
    0.0,
    -1.1000000163912773
  ]
}