{
  "time": [
    1767225600000000000,
    1767312000000000000,
    1767398400000000000,
    1767484800000000000,
    1767571200000000000,
    1767657600000000000,
    1767744000000000000,
    1767830400000000000,
    1767916800000000000,
    1768003200000000000,
    1768089600000000000,
    1768176000000000000,
    1768262400000000000,
    1768348800000000000,
    1768435200000000000,
    1768521600000000000,
    1768608000000000000,
    1768694400000000000,
    1768780800000000000,
    1768867200000000000,
    1768953600000000000,
    1769040000000000000,
    1769126400000000000,
    1769212800000000000,
    1769299200000000000,
    1769385600000000000,
    1769472000000000000,
    1769558400000000000,
    1769644800000000000,
    1769731200000000000,
    1769817600000000000,
    1769904000000000000,
    1769990400000000000,
    1770076800000000000,
    1770163200000000000,
    1770249600000000000,
    1770336000000000000,
    1770422400000000000,
    1770508800000000000,
    1770595200000000000,
    1770681600000000000,
    1770768000000000000,
    1770854400000000000,
    1770940800000000000,
    1771027200000000000,
    1771113600000000000,
    1771200000000000000,
    1771286400000000000,
    1771372800000000000,
    1771459200000000000,
    1771545600000000000,
    1771632000000000000,
    1771718400000000000
  ],
  "hurs": [
    81.50000121444464,
    82.70000123232603,
    86.00000128149986,
    81.9000012204051,
    79.00000117719173,
    87.40000130236149,
    79.70000118762255,
    85.50000127404928,
    86.50000128895044,
    86.2000012844801,
    83.40000124275684,
    90.50000134855509,
    85.20000126957893,
    91.70000136643648,
    81.40000121295452,
    83.20000123977661,
    80.70000120252371,
    85.90000128000975,
    86.70000129193068,
    83.50000124424696,
    73.50000109523535,
    69.90000104159117,
    73.70000109821558,
    78.40000116825104,
    79.50000118464231,
    90.20000134408474,
    88.50000131875277,
    95.70000142604113,
    95.70000142604113,
    88.90000132471323,
    87.90000130981207,
    87.90000130981207,
    79.20000118017197,
    85.0000012665987,
    84.70000126212835,
    84.400001257658,
    90.70000135153532,
    84.00000125169754,
    91.50000136345625,
    84.50000125914812,
    85.70000127702951,
    92.70000138133764,
    90.70000135153532,
    83.90000125020742,
    81.20000120997429,
    82.00000122189522,
    92.00000137090683,
    88.00000131130219,
    73.50000109523535,
    88.50000131875277,
    81.00000120699406,
    88.20000131428242,
    92.4000013768673
  ],
  "pr": [
    2.0,
    0.6000000238418579,
    1.7999999523162842,
    0.10000000149011612,
    1.2000000476837158,
    0.0,
    2.5,
    8.300000190734863,
    8.300000190734863,
    0.10000000149011612,
    2.9000000953674316,
    11.0,
    2.0999999046325684,
    2.0999999046325684,
    0.0,
    2.4000000953674316,
    0.0,
    0.0,
    0.0,
    0.0,
    0.0,
    0.20000000298023224,
    0.699999988079071,
    0.0,
    0.0,
    0.10000000149011612,
    3.9000000953674316,
    2.4000000953674316,
    0.30000001192092896,
    0.20000000298023224,
    0.4000000059604645,
    0.20000000298023224,
    0.0,
    3.5999999046325684,
    0.0,
    0.6000000238418579,
    1.899999976158142,
    0.0,
    0.0,
    0.0,
    3.5999999046325684,
    11.199999809265137,
    4.400000095367432,
    0.10000000149011612,
    0.0,
    7.400000095367432,
    9.399999618530273,
    2.700000047683716,
    5.099999904632568,
    3.0999999046325684,
    1.899999976158142,
    4.300000190734863,
    5.199999809265137
  ],
  "tas": [
    2.8000000417232513,
    1.5000000223517418,
    0.20000000298023224,
    -0.20000000298023224,
    -1.600000023841858,
    -1.3000000193715096,
    -1.0000000149011612,
    1.600000023841858,
    3.6000000536441803,
    -2.1000000312924385,
    -3.7000000551342964,
    4.000000059604645,
    9.100000135600567,
    8.300000123679638,
    9.500000141561031,
    9.600000143051147,
    7.800000116229057,
    2.3000000342726707,
    1.600000023841858,
    1.700000025331974,
    3.200000047683716,
    2.8000000417232513,
    4.500000067055225,
    3.6000000536441803,
    -0.20000000298023224,
    -0.5000000074505806,
    2.3000000342726707,
    3.200000047683716,
    0.5000000074505806,
    2.3000000342726707,
    5.4000000804662704,
    5.200000077486038,
    4.700000070035458,
    2.3000000342726707,
    5.200000077486038,
    4.000000059604645,
    4.700000070035458,
    8.00000011920929,
    4.700000070035458,
    3.500000052154064,
    6.200000092387199,
    9.500000141561031,
    8.50000012665987,
    4.700000070035458,
    0.20000000298023224,
    -0.4000000059604645,
    4.200000062584877,
    4.000000059604645,
    3.1000000461935997,
    2.2000000327825546,
    4.500000067055225,
    9.300000138580799,
    11.500000171363354
  ],
  "tasmax": [
    3.7000000551342964,
    3.6000000536441803,
    1.1000000163912773,
    1.0000000149011612,
    0.5000000074505806,
    0.5000000074505806,
    1.5000000223517418,
    3.200000047683716,
    6.800000101327896,
    0.20000000298023224,
    0.6000000089406967,
    9.500000141561031,
    11.300000168383121,
    10.400000154972076,
    11.10000016540289,
    11.300000168383121,
    11.500000171363354,
    4.500000067055225,
    5.000000074505806,
    5.200000077486038,
    7.000000104308128,
    6.200000092387199,
    8.300000123679638,
    7.800000116229057,
    1.5000000223517418,
    0.20000000298023224,
    5.500000081956387,
    5.000000074505806,
    1.3000000193715096,
    5.000000074505806,
    7.900000117719173,
    8.300000123679638,
    7.000000104308128,
    4.200000062584877,
    9.80000014603138,
    7.500000111758709,
    7.400000110268593,
    13.000000193715096,
    7.400000110268593,
    7.800000116229057,
    10.100000150501728,
    11.60000017285347,
    10.000000149011612,
    7.500000111758709,
    1.600000023841858,
    4.000000059604645,
    7.700000114738941,
    6.000000089406967,
    5.900000087916851,
    4.700000070035458,
    8.50000012665987,
    11.10000016540289,
    12.500000186264515
  ],
  "tasmin": [
    1.8000000268220901,
    0.10000000149011612,
    -0.5000000074505806,
    -3.0000000447034836,
    -4.000000059604645,
    -4.200000062584877,
    -3.7000000551342964,
    -1.5000000223517418,
    0.5000000074505806,
    -4.700000070035458,
    -8.50000012665987,
    0.5000000074505806,
    7.300000108778477,
    7.000000104308128,
    7.500000111758709,
    6.500000096857548,
    3.6000000536441803,
    0.20000000298023224,
    -0.6000000089406967,
    -0.9000000134110451,
    0.800000011920929,
    -0.4000000059604645,
    2.7000000402331352,
    0.10000000149011612,
    -2.500000037252903,
    -2.1000000312924385,
    -0.9000000134110451,
    0.10000000149011612,
    -0.20000000298023224,
    -0.4000000059604645,
    3.200000047683716,
    2.0000000298023224,
    2.0000000298023224,
    -0.20000000298023224,
    1.3000000193715096,
    0.9000000134110451,
    2.7000000402331352,
    4.200000062584877,
    1.5000000223517418,
    -0.4000000059604645,
    2.600000038743019,
    7.500000111758709,
    7.300000108778477,
    1.5000000223517418,
    -3.6000000536441803,
    -4.400000065565109,
    0.4000000059604645,
    2.3000000342726707,
    0.9000000134110451,
    0.20000000298023224,
    1.600000023841858,
    7.900000117719173,
    10.000000149011612
  ]
}