{
  "time": [
    1767268800000000000
  ],
  "hurs": [
    81.20000120997429
  ],
  "pr": [
    2.0
  ],
  "tas": [
    2.8000000417232513
  ],
  "tasmax": [
    3.7000000551342964
  ],
  "tasmin": [
    1.8000000268220901
  ]
}