{
  "time": [
    1767225600000000000,
    1767312000000000000,
    1767398400000000000,
    1767484800000000000,
    1767571200000000000,
    1767657600000000000,
    1767744000000000000,
    1767830400000000000,
    1767916800000000000,
    1768003200000000000,
    1768089600000000000,
    1768176000000000000,
    1768262400000000000,
    1768348800000000000,
    1768435200000000000,
    1768521600000000000,
    1768608000000000000,
    1768694400000000000,
    1768780800000000000,
    1768867200000000000,
    1768953600000000000,
    1769040000000000000,
    1769126400000000000,
    1769212800000000000,
    1769299200000000000,
    1769385600000000000,
    1769472000000000000,
    1769558400000000000,
    1769644800000000000,
    1769731200000000000,
    1769817600000000000,
    1769904000000000000,
    1769990400000000000,
    1770076800000000000,
    1770163200000000000,
    1770249600000000000,
    1770336000000000000,
    1770422400000000000,
    1770508800000000000
  ],
  "hurs": [
    80.20000119507313,
    82.40000122785568,
    86.40000128746033,
    82.20000122487545,
    79.20000118017197,
    85.90000128000975,
    79.50000118464231,
    86.2000012844801,
    87.5000013038516,
    84.20000125467777,
    83.00000123679638,
    90.50000134855509,
    85.40000127255917,
    91.40000136196613,
    81.20000120997429,
    82.90000123530626,
    80.50000119954348,
    86.00000128149986,
    86.50000128895044,
    83.00000123679638,
    73.50000109523535,
    68.70000102370977,
    74.00000110268593,
    78.2000011652708,
    79.20000118017197,
    90.00000134110451,
    88.700001321733,
    95.5000014230609,
    95.5000014230609,
    89.00000132620335,
    89.20000132918358,
    87.90000130981207,
    79.20000118017197,
    85.0000012665987,
    84.70000126212835,
    84.400001257658,
    90.70000135153532,
    84.00000125169754,
    91.50000136345625
  ],
  "pr": [
    2.0,
    0.6000000238418579,
    1.7999999523162842,
    0.10000000149011612,
    1.2000000476837158,
    0.0,
    2.5,
    8.300000190734863,
    8.300000190734863,
    0.10000000149011612,
    2.9000000953674316,
    11.0,
    2.0999999046325684,
    2.0999999046325684,
    0.0,
    2.4000000953674316,
    0.0,
    0.0,
    0.0,
    0.0,
    0.0,
    0.20000000298023224,
    0.699999988079071,
    0.0,
    0.0,
    0.10000000149011612,
    3.9000000953674316,
    2.4000000953674316,
    0.30000001192092896,
    0.20000000298023224,
    0.30000001192092896,
    0.20000000298023224,
    0.0,
    3.5999999046325684,
    0.0,
    0.6000000238418579,
    1.899999976158142,
    0.0,
    0.0
  ],
  "tas": [
    3.0000000447034836,
    1.5000000223517418,
    0.20000000298023224,
    -0.20000000298023224,
    -1.600000023841858,
    -1.1000000163912773,
    -1.0000000149011612,
    1.5000000223517418,
    3.400000050663948,
    -1.8000000268220901,
    -3.7000000551342964,
    4.000000059604645,
    9.100000135600567,
    8.300000123679638,
    9.500000141561031,
    9.600000143051147,
    7.800000116229057,
    2.3000000342726707,
    1.700000025331974,
    1.8000000268220901,
    3.200000047683716,
    3.0000000447034836,
    4.500000067055225,
    3.7000000551342964,
    -0.20000000298023224,
    -0.5000000074505806,
    2.3000000342726707,
    3.200000047683716,
    0.5000000074505806,
    2.2000000327825546,
    5.200000077486038,
    5.200000077486038,
    4.700000070035458,
    2.3000000342726707,
    5.200000077486038,
    4.000000059604645,
    4.700000070035458,
    8.00000011920929,
    4.700000070035458
  ],
  "tasmax": [
    3.9000000581145287,
    3.500000052154064,
    1.1000000163912773,
    1.1000000163912773,
    0.5000000074505806,
    0.800000011920929,
    1.5000000223517418,
    3.200000047683716,
    6.500000096857548,
    0.5000000074505806,
    0.6000000089406967,
    9.500000141561031,
    11.300000168383121,
    10.400000154972076,
    11.000000163912773,
    11.10000016540289,
    11.500000171363354,
    4.400000065565109,
    5.000000074505806,
    5.4000000804662704,
    7.000000104308128,
    6.500000096857548,
    8.300000123679638,
    7.900000117719173,
    1.5000000223517418,
    0.20000000298023224,
    5.500000081956387,
    5.000000074505806,
    1.3000000193715096,
    4.90000007301569,
    7.700000114738941,
    8.300000123679638,
    7.000000104308128,
    4.200000062584877,
    9.80000014603138,
    7.500000111758709,
    7.400000110268593,
    13.000000193715096,
    7.400000110268593
  ],
  "tasmin": [
    2.0000000298023224,
    0.20000000298023224,
    -0.5000000074505806,
    -2.7000000402331352,
    -4.000000059604645,
    -4.000000059604645,
    -3.6000000536441803,
    -1.600000023841858,
    0.20000000298023224,
    -4.400000065565109,
    -8.400000125169754,
    0.6000000089406967,
    7.300000108778477,
    7.000000104308128,
    7.500000111758709,
    6.500000096857548,
    3.7000000551342964,
    0.20000000298023224,
    -0.5000000074505806,
    -0.800000011920929,
    0.800000011920929,
    -0.10000000149011612,
    2.7000000402331352,
    0.20000000298023224,
    -2.500000037252903,
    -2.1000000312924385,
    -0.9000000134110451,
    0.0,
    -0.20000000298023224,
    -0.5000000074505806,
    3.1000000461935997,
    2.0000000298023224,
    2.0000000298023224,
    -0.20000000298023224,
    1.3000000193715096,
    0.9000000134110451,
    2.7000000402331352,
    4.200000062584877,
    1.5000000223517418
  ]
}