{
  "time": [
    1767268800000000000,
    1767355200000000000,
    1767441600000000000
  ],
  "hurs": [
    81.20000120997429,
    82.20000122487545,
    86.00000128149986
  ],
  "pr": [
    2.0,
    0.6000000238418579,
    2.200000047683716
  ],
  "tas": [
    2.8000000417232513,
    1.600000023841858,
    0.20000000298023224
  ],
  "tasmax": [
    3.7000000551342964,
    3.7000000551342964,
    1.1000000163912773
  ],
  "tasmin": [
    1.8000000268220901,
    0.10000000149011612,
    -0.5000000074505806
  ]
}