{
  "time": [
    1767225600000000000,
    1767312000000000000,
    1767398400000000000,
    1767484800000000000,
    1767571200000000000,
    1767657600000000000,
    1767744000000000000,
    1767830400000000000,
    1767916800000000000,
    1768003200000000000,
    1768089600000000000,
    1768176000000000000,
    1768262400000000000,
    1768348800000000000,
    1768435200000000000,
    1768521600000000000,
    1768608000000000000,
    1768694400000000000,
    1768780800000000000,
    1768867200000000000,
    1768953600000000000,
    1769040000000000000,
    1769126400000000000,
    1769212800000000000,
    1769299200000000000,
    1769385600000000000,
    1769472000000000000,
    1769558400000000000,
    1769644800000000000,
    1769731200000000000,
    1769817600000000000,
    1769904000000000000,
    1769990400000000000,
    1770076800000000000,
    1770163200000000000,
    1770249600000000000,
    1770336000000000000,
    1770422400000000000,
    1770508800000000000,
    1770595200000000000,
    1770681600000000000,
    1770768000000000000,
    1770854400000000000,
    1770940800000000000,
    1771027200000000000,
    1771113600000000000,
    1771200000000000000,
    1771286400000000000,
    1771372800000000000,
    1771459200000000000,
    1771545600000000000,
    1771632000000000000,
    1771718400000000000,
    1771804800000000000,
    1771891200000000000,
    1771977600000000000,
    1772064000000000000,
    1772150400000000000,
    1772236800000000000,
    1772323200000000000,
    1772409600000000000,
    1772496000000000000,
    1772582400000000000,
    1772668800000000000,
    1772755200000000000,
    1772841600000000000,
    1772928000000000000,
    1773014400000000000,
    1773100800000000000,
    1773187200000000000,
    1773273600000000000,
    1773360000000000000,
    1773446400000000000,
    1773532800000000000,
    1773619200000000000,
    1773705600000000000,
    1773792000000000000,
    1773878400000000000,
    1773964800000000000,
    1774051200000000000,
    1774137600000000000,
    1774224000000000000,
    1774310400000000000,
    1774396800000000000,
    1774483200000000000,
    1774569600000000000,
    1774656000000000000,
    1774742400000000000,
    1774828800000000000,
    1774915200000000000,
    1775001600000000000,
    1775088000000000000,
    1775174400000000000,
    1775260800000000000,
    1775347200000000000
  ],
  "hurs": [
    81.50000121444464,
    82.70000123232603,
    86.00000128149986,
    81.9000012204051,
    79.00000117719173,
    87.40000130236149,
    79.70000118762255,
    85.50000127404928,
    86.50000128895044,
    86.2000012844801,
    83.40000124275684,
    90.50000134855509,
    85.20000126957893,
    91.70000136643648,
    81.40000121295452,
    83.20000123977661,
    80.70000120252371,
    85.90000128000975,
    86.70000129193068,
    83.50000124424696,
    73.50000109523535,
    69.90000104159117,
    73.70000109821558,
    78.40000116825104,
    79.50000118464231,
    90.20000134408474,
    88.50000131875277,
    95.70000142604113,
    95.70000142604113,
    88.90000132471323,
    87.90000130981207,
    86.50000128895044,
    77.20000115036964,
    82.5000012293458,
    84.20000125467777,
    84.400001257658,
    90.90000135451555,
    84.00000125169754,
    91.50000136345625,
    84.70000126212835,
    86.00000128149986,
    92.50000137835741,
    91.50000136345625,
    83.40000124275684,
    81.20000120997429,
    82.40000122785568,
    91.70000136643648,
    88.00000131130219,
    73.00000108778477,
    87.5000013038516,
    81.20000120997429,
    88.20000131428242,
    92.20000137388706,
    80.20000119507313,
    94.50000140815973,
    85.50000127404928,
    78.2000011652708,
    68.2000010162592,
    73.70000109821558,
    69.5000010356307,
    65.50000097602606,
    71.20000106096268,
    76.70000114291906,
    62.000000923871994,
    65.20000097155571,
    76.20000113546848,
    74.00000110268593,
    72.50000108033419,
    78.70000117272139,
    82.20000122487545,
    71.70000106841326,
    81.20000120997429,
    93.40000139176846,
    78.2000011652708,
    74.20000110566616,
    81.20000120997429,
    60.00000089406967,
    64.90000096708536,
    69.00000102818012,
    73.70000109821558,
    68.50000102072954,
    66.50000099092722,
    60.90000090748072,
    72.90000108629465,
    78.40000116825104,
    70.20000104606152,
    76.50000113993883,
    72.20000107586384,
    76.70000114291906,
    79.20000118017197,
    70.00000104308128,
    80.0000011920929,
    77.00000114738941,
    79.50000118464231,
    66.90000099688768
  ],
  "pr": [
    2.0,
    0.6000000238418579,
    1.7999999523162842,
    0.10000000149011612,
    1.2000000476837158,
    0.0,
    2.5,
    8.300000190734863,
    8.300000190734863,
    0.10000000149011612,
    2.9000000953674316,
    11.0,
    2.0999999046325684,
    2.0999999046325684,
    0.0,
    2.4000000953674316,
    0.0,
    0.0,
    0.0,
    0.0,
    0.0,
    0.20000000298023224,
    0.699999988079071,
    0.0,
    0.0,
    0.10000000149011612,
    3.9000000953674316,
    2.4000000953674316,
    0.30000001192092896,
    0.20000000298023224,
    0.4000000059604645,
    0.20000000298023224,
    0.0,
    3.700000047683716,
    0.0,
    0.800000011920929,
    1.7999999523162842,
    0.0,
    0.0,
    0.0,
    3.5999999046325684,
    11.399999618530273,
    4.199999809265137,
    0.0,
    0.0,
    7.400000095367432,
    9.600000381469727,
    2.700000047683716,
    5.699999809265137,
    3.200000047683716,
    1.899999976158142,
    4.5,
    5.400000095367432,
    2.700000047683716,
    0.10000000149011612,
    0.0,
    0.0,
    0.800000011920929,
    0.4000000059604645,
    0.0,
    0.0,
    0.0,
    0.0,
    0.0,
    0.0,
    0.0,
    0.0,
    0.10000000149011612,
    1.0,
    4.099999904632568,
    0.0,
    10.300000190734863,
    6.900000095367432,
    5.599999904632568,
    0.4000000059604645,
    0.0,
    0.0,
    0.0,
    0.0,
    0.0,
    0.0,
    0.0,
    0.10000000149011612,
    2.9000000953674316,
    2.0,
    4.099999904632568,
    5.900000095367432,
    6.800000190734863,
    4.300000190734863,
    0.0,
    0.0,
    0.699999988079071,
    0.4000000059604645,
    0.30000001192092896,
    0.20000000298023224
  ],