{
  "time": [
    1767225600000000000,
    1767312000000000000,
    1767398400000000000,
    1767484800000000000,
    1767571200000000000,
    1767657600000000000,
    1767744000000000000,
    1767830400000000000,
    1767916800000000000,
    1768003200000000000,
    1768089600000000000,
    1768176000000000000,
    1768262400000000000,
    1768348800000000000,
    1768435200000000000,
    1768521600000000000,
    1768608000000000000,
    1768694400000000000,
    1768780800000000000,
    1768867200000000000,
    1768953600000000000,
    1769040000000000000,
    1769126400000000000,
    1769212800000000000,
    1769299200000000000,
    1769385600000000000,
    1769472000000000000,
    1769558400000000000,
    1769644800000000000,
    1769731200000000000,
    1769817600000000000,
    1769904000000000000,
    1769990400000000000,
    1770076800000000000,
    1770163200000000000,
    1770249600000000000,
    1770336000000000000,
    1770422400000000000,
    1770508800000000000,
    1770595200000000000,
    1770681600000000000,
    1770768000000000000,
    1770854400000000000,
    1770940800000000000,
    1771027200000000000,
    1771113600000000000,
    1771200000000000000,
    1771286400000000000,
    1771372800000000000,
    1771459200000000000,
    1771545600000000000,
    1771632000000000000,
    1771718400000000000,
    1771804800000000000,
    1771891200000000000,
    1771977600000000000,
    1772064000000000000,
    1772150400000000000,
    1772236800000000000
  ],
  "hurs": [
    81.50000121444464,
    82.70000123232603,
    86.00000128149986,
    81.9000012204051,
    79.00000117719173,
    87.40000130236149,
    79.70000118762255,
    85.50000127404928,
    86.50000128895044,
    86.2000012844801,
    83.40000124275684,
    90.50000134855509,
    85.20000126957893,
    91.70000136643648,
    81.40000121295452,
    83.20000123977661,
    80.70000120252371,
    85.90000128000975,
    86.70000129193068,
    83.50000124424696,
    73.50000109523535,
    69.90000104159117,
    73.70000109821558,
    78.40000116825104,
    79.50000118464231,
    90.20000134408474,
    88.50000131875277,
    95.70000142604113,
    95.70000142604113,
    88.90000132471323,
    87.90000130981207,
    87.90000130981207,
    79.20000118017197,
    85.0000012665987,
    84.70000126212835,
    84.400001257658,
    90.70000135153532,
    84.00000125169754,
    91.50000136345625,
    84.50000125914812,
    85.70000127702951,
    92.70000138133764,
    90.70000135153532,
    83.90000125020742,
    81.20000120997429,
    82.00000122189522,
    92.00000137090683,
    88.00000131130219,
    73.50000109523535,
    88.50000131875277,
    81.00000120699406,
    88.20000131428242,
    92.4000013768673,
    80.0000011920929,
    94.20000140368938,
    85.40000127255917,
    77.90000116080046,
    68.2000010162592,
    73.70000109821558
  ]
}