{
  "time": [
    1767268800000000000,
    1767355200000000000,
    1767441600000000000
  ],
  "hurs": [
    81.20000120997429,
    82.20000122487545,
    86.00000128149986
  ]
}