{
  "time": [
    1767290400000000000,
    1767376800000000000,
    1767463200000000000
  ],
  "pr": [
    2.0,
    0.6000000238418579,
    2.200000047683716
  ]
}