{
  "time": [
    1767225600000000000,
    1767312000000000000,
    1767398400000000000,
    1767484800000000000,
    1767571200000000000,
    1767657600000000000,
    1767744000000000000,
    1767830400000000000,
    1767916800000000000,
    1768003200000000000,
    1768089600000000000,
    1768176000000000000,
    1768262400000000000,
    1768348800000000000,
    1768435200000000000,
    1768521600000000000,
    1768608000000000000,
    1768694400000000000,
    1768780800000000000,
    1768867200000000000,
    1768953600000000000,
    1769040000000000000,
    1769126400000000000,
    1769212800000000000,
    1769299200000000000,
    1769385600000000000,
    1769472000000000000,
    1769558400000000000,
    1769644800000000000,
    1769731200000000000,
    1769817600000000000,
    1769904000000000000,
    1769990400000000000,
    1770076800000000000,
    1770163200000000000,
    1770249600000000000,
    1770336000000000000,
    1770422400000000000,
    1770508800000000000,
    1770595200000000000,
    1770681600000000000,
    1770768000000000000,
    1770854400000000000,
    1770940800000000000,
    1771027200000000000,
    1771113600000000000,
    1771200000000000000,
    1771286400000000000,
    1771372800000000000,
    1771459200000000000,
    1771545600000000000,
    1771632000000000000,
    1771718400000000000,
    1771804800000000000,
    1771891200000000000,
    1771977600000000000,
    1772064000000000000,
    1772150400000000000,
    1772236800000000000,
    1772323200000000000,
    1772409600000000000,
    1772496000000000000,
    1772582400000000000,
    1772668800000000000,
    1772755200000000000,
    1772841600000000000,
    1772928000000000000,
    1773014400000000000,
    1773100800000000000
  ],
  "tas": [
    2.8000000417232513,
    1.5000000223517418,
    0.20000000298023224,
    -0.20000000298023224,
    -1.600000023841858,
    -1.3000000193715096,
    -1.0000000149011612,
    1.600000023841858,
    3.6000000536441803,
    -2.1000000312924385,
    -3.7000000551342964,
    4.000000059604645,
    9.100000135600567,
    8.300000123679638,
    9.500000141561031,
    9.600000143051147,
    7.800000116229057,
    2.3000000342726707,
    1.600000023841858,
    1.700000025331974,
    3.200000047683716,
    2.8000000417232513,
    4.500000067055225,
    3.6000000536441803,
    -0.20000000298023224,
    -0.5000000074505806,
    2.3000000342726707,
    3.200000047683716,
    0.5000000074505806,
    2.3000000342726707,
    5.4000000804662704,
    5.4000000804662704,
    4.90000007301569,
    2.600000038743019,
    5.200000077486038,
    4.000000059604645,
    4.700000070035458,
    8.00000011920929,
    4.700000070035458,
    3.400000050663948,
    6.200000092387199,
    9.500000141561031,
    8.50000012665987,
    4.700000070035458,
    0.20000000298023224,
    -0.5000000074505806,
    4.200000062584877,
    4.000000059604645,
    3.1000000461935997,
    2.3000000342726707,
    4.500000067055225,
    9.300000138580799,
    11.500000171363354,
    9.80000014603138,
    10.400000154972076,
    11.400000169873238,
    12.600000187754631,
    13.90000020712614,
    10.400000154972076,
    8.300000123679638,
    10.100000150501728,
    10.30000015348196,
    9.500000141561031,
    10.800000160932541,
    11.000000163912773,
    10.100000150501728,
    9.500000141561031,
    11.000000163912773,
    10.800000160932541
  ]
}