{
  "time": [
    1767225600000000000,
    1767312000000000000,
    1767398400000000000,
    1767484800000000000,
    1767571200000000000,
    1767657600000000000,
    1767744000000000000,
    1767830400000000000,
    1767916800000000000,
    1768003200000000000,
    1768089600000000000,
    1768176000000000000,
    1768262400000000000,
    1768348800000000000,
    1768435200000000000,
    1768521600000000000,
    1768608000000000000,
    1768694400000000000,
    1768780800000000000,
    1768867200000000000,
    1768953600000000000,
    1769040000000000000,
    1769126400000000000,
    1769212800000000000,
    1769299200000000000,
    1769385600000000000,
    1769472000000000000,
    1769558400000000000,
    1769644800000000000,
    1769731200000000000,
    1769817600000000000,
    1769904000000000000,
    1769990400000000000,
    1770076800000000000,
    1770163200000000000,
    1770249600000000000,
    1770336000000000000,
    1770422400000000000,
    1770508800000000000
  ],
  "tasmax": [
    3.9000000581145287,
    3.500000052154064,
    1.1000000163912773,
    1.1000000163912773,
    0.5000000074505806,
    0.800000011920929,
    1.5000000223517418,
    3.200000047683716,
    6.500000096857548,
    0.5000000074505806,
    0.6000000089406967,
    9.500000141561031,
    11.300000168383121,
    10.400000154972076,
    11.000000163912773,
    11.10000016540289,
    11.500000171363354,
    4.400000065565109,
    5.000000074505806,
    5.4000000804662704,
    7.000000104308128,
    6.500000096857548,
    8.300000123679638,
    7.900000117719173,
    1.5000000223517418,
    0.20000000298023224,
    5.500000081956387,
    5.000000074505806,
    1.3000000193715096,
    4.90000007301569,
    7.700000114738941,
    8.300000123679638,
    7.000000104308128,
    4.200000062584877,
    9.80000014603138,
    7.500000111758709,
    7.400000110268593,
    13.000000193715096,
    7.400000110268593
  ]
}