{
  "time": [
    1767225600000000000,
    1767312000000000000,
    1767398400000000000,
    1767484800000000000,
    1767571200000000000,
    1767657600000000000,
    1767744000000000000,
    1767830400000000000,
    1767916800000000000,
    1768003200000000000,
    1768089600000000000,
    1768176000000000000,
    1768262400000000000,
    1768348800000000000,
    1768435200000000000,
    1768521600000000000,
    1768608000000000000,
    1768694400000000000,
    1768780800000000000,
    1768867200000000000,
    1768953600000000000,
    1769040000000000000,
    1769126400000000000,
    1769212800000000000,
    1769299200000000000,
    1769385600000000000,
    1769472000000000000,
    1769558400000000000,
    1769644800000000000,
    1769731200000000000,
    1769817600000000000,
    1769904000000000000,
    1769990400000000000,
    1770076800000000000,
    1770163200000000000,
    1770249600000000000,
    1770336000000000000,
    1770422400000000000,
    1770508800000000000
  ],
  "tasmin": [
    2.0000000298023224,
    0.20000000298023224,
    -0.5000000074505806,
    -2.7000000402331352,
    -4.000000059604645,
    -4.000000059604645,
    -3.6000000536441803,
    -1.600000023841858,
    0.20000000298023224,
    -4.400000065565109,
    -8.400000125169754,
    0.6000000089406967,
    7.300000108778477,
    7.000000104308128,
    7.500000111758709,
    6.500000096857548,
    3.7000000551342964,
    0.20000000298023224,
    -0.5000000074505806,
    -0.800000011920929,
    0.800000011920929,
    -0.10000000149011612,
    2.7000000402331352,
    0.20000000298023224,
    -2.500000037252903,
    -2.1000000312924385,
    -0.9000000134110451,
    0.0,
    -0.20000000298023224,
    -0.5000000074505806,
    3.1000000461935997,
    2.0000000298023224,
    2.0000000298023224,
    -0.20000000298023224,
    1.3000000193715096,
    0.9000000134110451,
    2.7000000402331352,
    4.200000062584877,
    1.5000000223517418
  ]
}