{
  "time": [
    1767268800000000000,
    1767355200000000000,
    1767441600000000000
  ],
  "hurs": [
    67.50000100582838,
    83.50000124424696,
    77.50000115483999
  ],
  "pr": [
    0.30000001192092896,
    1.2000000476837158,
    0.8999999761581421
  ],
  "tas": [
    0.4000000059604645,
    1.3000000193715096,
    -0.20000000298023224
  ],
  "tasmax": [
    3.0000000447034836,
    3.1000000461935997,
    1.3000000193715096
  ],
  "tasmin": [
    -2.2000000327825546,
    -0.6000000089406967,
    -1.5000000223517418
  ]
}