{
  "time": [
    1767268800000000000
  ],
  "hurs": [
    67.50000100582838
  ],
  "pr": [
    0.30000001192092896
  ],
  "tas": [
    0.4000000059604645
  ],
  "tasmax": [
    3.0000000447034836
  ],
  "tasmin": [
    -2.2000000327825546
  ]
}