{
  "time": [
    1767225600000000000,
    1767312000000000000,
    1767398400000000000,
    1767484800000000000,
    1767571200000000000,
    1767657600000000000,
    1767744000000000000,
    1767830400000000000,
    1767916800000000000,
    1768003200000000000,
    1768089600000000000,
    1768176000000000000,
    1768262400000000000,
    1768348800000000000,
    1768435200000000000,
    1768521600000000000,
    1768608000000000000,
    1768694400000000000,
    1768780800000000000,
    1768867200000000000,
    1768953600000000000,
    1769040000000000000,
    1769126400000000000,
    1769212800000000000,
    1769299200000000000,
    1769385600000000000,
    1769472000000000000,
    1769558400000000000,
    1769644800000000000,
    1769731200000000000,
    1769817600000000000,
    1769904000000000000,
    1769990400000000000,
    1770076800000000000,
    1770163200000000000,
    1770249600000000000,
    1770336000000000000,
    1770422400000000000,
    1770508800000000000,
    1770595200000000000,
    1770681600000000000,
    1770768000000000000,
    1770854400000000000,
    1770940800000000000,
    1771027200000000000,
    1771113600000000000,
    1771200000000000000,
    1771286400000000000,
    1771372800000000000,
    1771459200000000000,
    1771545600000000000,
    1771632000000000000,
    1771718400000000000,
    1771804800000000000,
    1771891200000000000,
    1771977600000000000,
    1772064000000000000,
    1772150400000000000,
    1772236800000000000,
    1772323200000000000,
    1772409600000000000,
    1772496000000000000,
    1772582400000000000,
    1772668800000000000,
    1772755200000000000,
    1772841600000000000,
    1772928000000000000,
    1773014400000000000,
    1773100800000000000,
    1773187200000000000,
    1773273600000000000,
    1773360000000000000,
    1773446400000000000,
    1773532800000000000,
    1773619200000000000,
    1773705600000000000,
    1773792000000000000,
    1773878400000000000,
    1773964800000000000,
    1774051200000000000,
    1774137600000000000,
    1774224000000000000,
    1774310400000000000,
    1774396800000000000,
    1774483200000000000,
    1774569600000000000,
    1774656000000000000,
    1774742400000000000,
    1774828800000000000,
    1774915200000000000,
    1775001600000000000,
    1775088000000000000,
    1775174400000000000,
    1775260800000000000
  ],
  "hurs": [
    67.90000101178885,
    85.20000126957893,
    77.50000115483999,
    77.50000115483999,
    86.50000128895044,
    84.400001257658,
    78.50000116974115,
    87.00000129640102,
    75.00000111758709,
    88.90000132471323,
    85.0000012665987,
    90.00000134110451,
    81.00000120699406,
    77.70000115782022,
    85.70000127702951,
    84.400001257658,
    85.50000127404928,
    83.90000125020742,
    90.50000134855509,
    93.00000138580799,
    92.50000137835741,
    90.70000135153532,
    77.90000116080046,
    79.70000118762255,
    85.0000012665987,
    84.90000126510859,
    88.00000131130219,
    95.70000142604113,
    95.90000142902136,
    95.5000014230609,
    90.70000135153532,
    88.50000131875277,
    90.00000134110451,
    90.20000134408474,
    94.70000141113997,
    89.20000132918358,
    91.70000136643648,
    89.70000133663416,
    91.2000013589859,
    86.70000129193068,
    88.50000131875277,
    87.20000129938126,
    87.00000129640102,
    79.4000011831522,
    89.00000132620335,
    82.00000122189522,
    84.70000126212835,
    78.50000116974115,
    77.20000115036964,
    89.50000133365393,
    85.40000127255917,
    88.00000131130219,
    86.90000129491091,
    83.90000125020742,
    97.20000144839287,
    94.00000140070915,
    88.90000132471323,
    77.90000116080046,
    74.20000110566616,
    76.50000113993883,
    75.00000111758709,
    78.00000116229057,
    73.70000109821558,
    65.00000096857548,
    75.00000111758709,
    75.00000111758709,
    71.20000106096268,
    75.50000112503767,
    75.90000113099813,
    86.2000012844801,
    75.50000112503767,
    70.00000104308128,
    79.50000118464231,
    74.70000111311674,
    76.40000113844872,
    76.70000114291906,
    62.200000926852226,
    56.20000083744526,
    63.20000094175339,
    69.20000103116035,
    70.7000010535121,
    68.2000010162592,
    62.10000092536211,
    73.200001090765,
    70.50000105053186,
    68.2000010162592,
    82.5000012293458,
    74.50000111013651,
    74.20000110566616,
    77.00000114738941,
    73.200001090765,
    65.40000097453594,
    64.20000095665455,
    78.2000011652708
  ],
  "pr": [
    0.30000001192092896,
    1.2000000476837158,
    0.5,
    0.0,
    0.4000000059604645,
    0.0,
    0.0,
    6.699999809265137,
    2.700000047683716,
    7.0,
    0.0,
    1.2000000476837158,
    0.0,
    0.6000000238418579,
    0.30000001192092896,
    0.0,
    0.0,
    0.0,
    0.0,
    0.0,
    0.0,
    0.0,
    0.0,
    0.0,
    0.10000000149011612,
    0.0,
    3.9000000953674316,
    6.900000095367432,
    3.0999999046325684,
    0.20000000298023224,
    0.0,
    0.6000000238418579,
    3.299999952316284,
    2.0,
    0.0,
    0.0,
    3.0,
    0.0,
    0.0,
    0.0,
    9.5,
    9.100000381469727,
    3.799999952316284,
    4.900000095367432,
    3.4000000953674316,
    7.599999904632568,
    3.200000047683716,
    2.200000047683716,
    4.800000190734863,
    0.4000000059604645,
    1.0,
    11.399999618530273,
    5.900000095367432,
    7.300000190734863,
    5.0,
    0.20000000298023224,
    0.0,
    0.0,
    0.10000000149011612,
    0.0,
    0.0,
    0.0,
    0.0,
    0.0,
    0.0,
    0.0,
    0.0,
    0.0,
    3.5,
    6.0,
    0.0,
    7.5,
    1.600000023841858,
    0.0,
    2.5,
    0.0,
    0.0,
    0.0,
    0.0,
    0.699999988079071,
    0.0,
    0.0,
    0.0,
    8.899999618530273,
    0.4000000059604645,
    0.0,
    2.0,
    0.5,
    3.9000000953674316,
    0.6000000238418579,
    0.0,
    0.0,
    0.0,
    0.20000000298023224
  ],