{
  "time": [
    1767225600000000000,
    1767312000000000000,
    1767398400000000000,
    1767484800000000000,
    1767571200000000000,
    1767657600000000000,
    1767744000000000000,
    1767830400000000000,
    1767916800000000000,
    1768003200000000000,
    1768089600000000000,
    1768176000000000000,
    1768262400000000000,
    1768348800000000000,
    1768435200000000000,
    1768521600000000000,
    1768608000000000000,
    1768694400000000000,
    1768780800000000000,
    1768867200000000000,
    1768953600000000000,
    1769040000000000000,
    1769126400000000000,
    1769212800000000000,
    1769299200000000000,
    1769385600000000000,
    1769472000000000000,
    1769558400000000000,
    1769644800000000000,
    1769731200000000000,
    1769817600000000000,
    1769904000000000000,
    1769990400000000000,
    1770076800000000000,
    1770163200000000000,
    1770249600000000000,
    1770336000000000000,
    1770422400000000000,
    1770508800000000000,
    1770595200000000000,
    1770681600000000000,
    1770768000000000000,
    1770854400000000000,
    1770940800000000000,
    1771027200000000000,
    1771113600000000000,
    1771200000000000000,
    1771286400000000000,
    1771372800000000000,
    1771459200000000000,
    1771545600000000000,
    1771632000000000000
  ],
  "hurs": [
    67.90000101178885,
    85.20000126957893,
    77.50000115483999,
    77.50000115483999,
    86.50000128895044,
    84.400001257658,
    78.50000116974115,
    87.00000129640102,
    75.00000111758709,
    88.90000132471323,
    85.0000012665987,
    90.00000134110451,
    81.00000120699406,
    77.70000115782022,
    85.70000127702951,
    84.400001257658,
    85.50000127404928,
    83.90000125020742,
    90.50000134855509,
    93.00000138580799,
    92.50000137835741,
    90.70000135153532,
    77.90000116080046,
    79.70000118762255,
    85.0000012665987,
    84.90000126510859,
    88.00000131130219,
    95.70000142604113,
    95.90000142902136,
    95.5000014230609,
    90.70000135153532,
    89.70000133663416,
    88.700001321733,
    89.70000133663416,
    94.50000140815973,
    89.20000132918358,
    92.00000137090683,
    90.50000134855509,
    91.2000013589859,
    86.70000129193068,
    87.40000130236149,
    87.5000013038516,
    86.50000128895044,
    78.70000117272139,
    89.20000132918358,
    81.9000012204051,
    84.50000125914812,
    78.70000117272139,
    77.50000115483999,
    90.90000135451555,
    85.20000126957893,
    87.90000130981207
  ],
  "pr": [
    0.30000001192092896,
    1.2000000476837158,
    0.5,
    0.0,
    0.4000000059604645,
    0.0,
    0.0,
    6.699999809265137,
    2.700000047683716,
    7.0,
    0.0,
    1.2000000476837158,
    0.0,
    0.6000000238418579,
    0.30000001192092896,
    0.0,
    0.0,
    0.0,
    0.0,
    0.0,
    0.0,
    0.0,
    0.0,
    0.0,
    0.10000000149011612,
    0.0,
    3.9000000953674316,
    6.900000095367432,
    3.0999999046325684,
    0.20000000298023224,
    0.0,
    0.8999999761581421,
    3.4000000953674316,
    2.0,
    0.0,
    0.0,
    3.299999952316284,
    0.0,
    0.0,
    0.0,
    9.5,
    10.800000190734863,
    4.800000190734863,
    5.300000190734863,
    3.200000047683716,
    7.5,
    3.200000047683716,
    2.200000047683716,
    4.800000190734863,
    0.800000011920929,
    1.2000000476837158,
    11.5
  ],
  "tas": [
    0.4000000059604645,
    1.1000000163912773,
    -0.20000000298023224,
    -1.3000000193715096,
    -5.500000081956387,
    -3.0000000447034836,
    -3.1000000461935997,
    1.8000000268220901,
    7.000000104308128,
    1.3000000193715096,
    -1.1000000163912773,
    3.400000050663948,
    7.700000114738941,
    8.600000128149986,
    8.00000011920929,
    5.4000000804662704,
    2.3000000342726707,
    1.700000025331974,
    0.9000000134110451,
    -0.20000000298023224,
    -1.1000000163912773,
    -1.8000000268220901,
    0.800000011920929,
    0.10000000149011612,
    -0.6000000089406967,
    3.6000000536441803,
    3.400000050663948,
    4.000000059604645,
    2.3000000342726707,
    1.600000023841858,
    3.0000000447034836,
    3.9000000581145287,
    2.7000000402331352,
    1.3000000193715096,
    1.1000000163912773,
    2.1000000312924385,
    2.7000000402331352,
    7.200000107288361,
    3.400000050663948,
    3.400000050663948,
    5.200000077486038,
    10.000000149011612,
    9.00000013411045,
    8.300000123679638,
    4.000000059604645,
    2.3000000342726707,
    6.200000092387199,
    5.000000074505806,
    3.1000000461935997,
    4.200000062584877,
    4.200000062584877,
    8.50000012665987
  ],
  "tasmax": [
    3.0000000447034836,
    2.8000000417232513,
    1.3000000193715096,
    2.2000000327825546,
    -1.5000000223517418,
    -1.8000000268220901,
    0.4000000059604645,
    7.200000107288361,
    9.300000138580799,
    3.7000000551342964,
    0.20000000298023224,
    8.600000128149986,
    12.500000186264515,
    12.10000018030405,
    14.100000210106373,
    14.500000216066837,
    5.000000074505806,
    3.200000047683716,
    1.700000025331974,
    0.5000000074505806,
    2.2000000327825546,
    0.20000000298023224,
    3.9000000581145287,
    3.500000052154064,
    0.6000000089406967,
    7.000000104308128,
    7.900000117719173,
    4.700000070035458,
    3.7000000551342964,
    4.000000059604645,
    7.900000117719173,
    8.00000011920929,
    5.000000074505806,
    2.500000037252903,
    4.500000067055225,
    6.000000089406967,
    7.500000111758709,
    11.900000177323818,
    7.900000117719173,
    7.500000111758709,
    11.10000016540289,
    11.800000175833702,
    11.400000169873238,
    10.900000162422657,
    6.900000102818012,
    5.200000077486038,
    9.300000138580799,
    7.800000116229057,
    6.500000096857548,
    7.400000110268593,
    6.800000101327896,
    10.800000160932541
  ],
  "tasmin": [
    -2.2000000327825546,
    -0.800000011920929,
    -1.5000000223517418,
    -7.000000104308128,
    -8.900000132620335,
    -5.500000081956387,
    -8.600000128149986,
    -0.800000011920929,
    2.7000000402331352,
    -1.700000025331974,
    -3.6000000536441803,
    -2.2000000327825546,
    2.7000000402331352,
    3.1000000461935997,
    2.7000000402331352,
    0.20000000298023224,
    0.20000000298023224,
    -0.4000000059604645,
    0.0,
    -1.1000000163912773,
    -3.7000000551342964,
    -5.000000074505806,
    -2.0000000298023224,
    -2.600000038743019,
    -2.3000000342726707,
    -0.20000000298023224,
    -1.5000000223517418,
    2.7000000402331352,
    0.4000000059604645,
    -0.800000011920929,
    -0.5000000074505806,
    0.10000000149011612,
    0.9000000134110451,
    -1.3000000193715096,
    -1.600000023841858,
    -1.3000000193715096,
    0.20000000298023224,
    1.8000000268220901,
    0.0,
    -1.5000000223517418,
    -0.5000000074505806,
    6.800000101327896,
    7.000000104308128,
    5.700000084936619,
    1.8000000268220901,
    0.6000000089406967,
    3.1000000461935997,
    2.2000000327825546,
    -0.800000011920929,
    2.0000000298023224,
    1.1000000163912773,
    6.400000095367432
  ]
}