{
  "time": [
    1767225600000000000,
    1767312000000000000,
    1767398400000000000,
    1767484800000000000,
    1767571200000000000,
    1767657600000000000,
    1767744000000000000,
    1767830400000000000,
    1767916800000000000,
    1768003200000000000,
    1768089600000000000,
    1768176000000000000,
    1768262400000000000,
    1768348800000000000,
    1768435200000000000,
    1768521600000000000,
    1768608000000000000,
    1768694400000000000,
    1768780800000000000,
    1768867200000000000,
    1768953600000000000,
    1769040000000000000,
    1769126400000000000,
    1769212800000000000,
    1769299200000000000,
    1769385600000000000,
    1769472000000000000,
    1769558400000000000,
    1769644800000000000,
    1769731200000000000,
    1769817600000000000,
    1769904000000000000,
    1769990400000000000,
    1770076800000000000,
    1770163200000000000,
    1770249600000000000,
    1770336000000000000,
    1770422400000000000,
    1770508800000000000
  ],
  "hurs": [
    68.50000102072954,
    83.70000124722719,
    78.70000117272139,
    78.70000117272139,
    86.2000012844801,
    84.50000125914812,
    78.50000116974115,
    87.20000129938126,
    75.50000112503767,
    89.00000132620335,
    84.00000125169754,
    90.20000134408474,
    82.5000012293458,
    77.70000115782022,
    85.70000127702951,
    85.0000012665987,
    86.2000012844801,
    83.50000124424696,
    89.40000133216381,
    94.70000141113997,
    92.00000137090683,
    89.50000133365393,
    78.00000116229057,
    79.50000118464231,
    84.20000125467777,
    84.70000126212835,
    87.40000130236149,
    96.00000143051147,
    96.2000014334917,
    95.20000141859055,
    90.90000135451555,
    89.70000133663416,
    88.700001321733,
    89.70000133663416,
    94.50000140815973,
    89.20000132918358,
    92.00000137090683,
    90.50000134855509,
    91.2000013589859
  ],
  "pr": [
    0.30000001192092896,
    1.2000000476837158,
    0.5,
    0.0,
    0.4000000059604645,
    0.0,
    0.0,
    6.699999809265137,
    2.700000047683716,
    7.0,
    0.0,
    1.2000000476837158,
    0.0,
    0.6000000238418579,
    0.30000001192092896,
    0.0,
    0.0,
    0.0,
    0.0,
    0.0,
    0.0,
    0.0,
    0.0,
    0.0,
    0.10000000149011612,
    0.0,
    3.9000000953674316,
    6.900000095367432,
    3.0999999046325684,
    0.20000000298023224,
    0.0,
    0.8999999761581421,
    3.4000000953674316,
    2.0,
    0.0,
    0.0,
    3.299999952316284,
    0.0,
    0.0
  ],
  "tas": [
    0.20000000298023224,
    1.3000000193715096,
    -0.4000000059604645,
    -1.5000000223517418,
    -5.500000081956387,
    -3.0000000447034836,
    -3.1000000461935997,
    1.8000000268220901,
    7.000000104308128,
    1.3000000193715096,
    -1.0000000149011612,
    3.400000050663948,
    7.500000111758709,
    8.600000128149986,
    8.00000011920929,
    5.4000000804662704,
    2.2000000327825546,
    1.700000025331974,
    0.9000000134110451,
    -0.4000000059604645,
    -1.0000000149011612,
    -1.600000023841858,
    0.6000000089406967,
    0.10000000149011612,
    -0.5000000074505806,
    3.6000000536441803,
    3.400000050663948,
    4.000000059604645,
    2.3000000342726707,
    1.600000023841858,
    3.0000000447034836,
    3.9000000581145287,
    2.7000000402331352,
    1.3000000193715096,
    1.1000000163912773,
    2.1000000312924385,
    2.7000000402331352,
    7.200000107288361,
    3.400000050663948
  ],
  "tasmax": [
    2.7000000402331352,
    3.1000000461935997,
    1.1000000163912773,
    2.0000000298023224,
    -1.3000000193715096,
    -1.8000000268220901,
    0.4000000059604645,
    7.000000104308128,
    9.400000140070915,
    3.7000000551342964,
    0.4000000059604645,
    8.800000131130219,
    12.300000183284283,
    12.300000183284283,
    14.100000210106373,
    14.500000216066837,
    5.000000074505806,
    3.200000047683716,
    1.600000023841858,
    0.20000000298023224,
    2.3000000342726707,
    0.20000000298023224,
    3.7000000551342964,
    3.500000052154064,
    0.800000011920929,
    6.900000102818012,
    7.900000117719173,
    4.500000067055225,
    3.7000000551342964,
    4.000000059604645,
    7.900000117719173,
    8.00000011920929,
    5.000000074505806,
    2.500000037252903,
    4.500000067055225,
    6.000000089406967,
    7.500000111758709,
    11.900000177323818,
    7.900000117719173
  ],
  "tasmin": [
    -2.500000037252903,
    -0.5000000074505806,
    -1.8000000268220901,
    -7.000000104308128,
    -8.900000132620335,
    -5.500000081956387,
    -8.600000128149986,
    -0.800000011920929,
    2.7000000402331352,
    -1.700000025331974,
    -3.6000000536441803,
    -2.2000000327825546,
    2.7000000402331352,
    3.1000000461935997,
    2.7000000402331352,
    0.20000000298023224,
    0.0,
    -0.20000000298023224,
    -0.10000000149011612,
    -1.5000000223517418,
    -3.7000000551342964,
    -4.700000070035458,
    -2.1000000312924385,
    -2.600000038743019,
    -2.2000000327825546,
    -0.20000000298023224,
    -1.3000000193715096,
    2.7000000402331352,
    0.5000000074505806,
    -0.9000000134110451,
    -0.5000000074505806,
    0.10000000149011612,
    0.9000000134110451,
    -1.3000000193715096,
    -1.600000023841858,
    -1.3000000193715096,
    0.20000000298023224,
    1.8000000268220901,
    0.0
  ]
}