{
  "time": [
    1767225600000000000,
    1767312000000000000,
    1767398400000000000,
    1767484800000000000,
    1767571200000000000,
    1767657600000000000,
    1767744000000000000,
    1767830400000000000,
    1767916800000000000,
    1768003200000000000,
    1768089600000000000,
    1768176000000000000,
    1768262400000000000,
    1768348800000000000,
    1768435200000000000,
    1768521600000000000,
    1768608000000000000,
    1768694400000000000,
    1768780800000000000,
    1768867200000000000,
    1768953600000000000,
    1769040000000000000,
    1769126400000000000,
    1769212800000000000,
    1769299200000000000,
    1769385600000000000,
    1769472000000000000,
    1769558400000000000,
    1769644800000000000,
    1769731200000000000,
    1769817600000000000,
    1769904000000000000,
    1769990400000000000,
    1770076800000000000,
    1770163200000000000,
    1770249600000000000,
    1770336000000000000,
    1770422400000000000,
    1770508800000000000,
    1770595200000000000,
    1770681600000000000
  ],
  "hurs": [
    68.50000102072954,
    83.70000124722719,
    78.70000117272139,
    78.70000117272139,
    86.2000012844801,
    84.50000125914812,
    78.50000116974115,
    87.20000129938126,
    75.50000112503767,
    89.00000132620335,
    84.00000125169754,
    90.20000134408474,
    82.5000012293458,
    77.70000115782022,
    85.70000127702951,
    85.0000012665987,
    86.2000012844801,
    83.50000124424696,
    89.40000133216381,
    94.70000141113997,
    92.00000137090683,
    89.50000133365393,
    78.00000116229057,
    79.50000118464231,
    84.20000125467777,
    84.70000126212835,
    87.40000130236149,
    96.00000143051147,
    96.2000014334917,
    95.20000141859055,
    90.90000135451555,
    89.70000133663416,
    88.700001321733,
    89.70000133663416,
    94.50000140815973,
    89.20000132918358,
    92.00000137090683,
    90.50000134855509,
    91.2000013589859,
    86.70000129193068,
    87.40000130236149
  ]
}