{
  "time": [
    1767225600000000000,
    1767312000000000000,
    1767398400000000000,
    1767484800000000000,
    1767571200000000000,
    1767657600000000000,
    1767744000000000000,
    1767830400000000000,
    1767916800000000000,
    1768003200000000000,
    1768089600000000000,
    1768176000000000000,
    1768262400000000000,
    1768348800000000000,
    1768435200000000000,
    1768521600000000000,
    1768608000000000000,
    1768694400000000000,
    1768780800000000000,
    1768867200000000000,
    1768953600000000000,
    1769040000000000000,
    1769126400000000000,
    1769212800000000000,
    1769299200000000000,
    1769385600000000000,
    1769472000000000000,
    1769558400000000000,
    1769644800000000000,
    1769731200000000000,
    1769817600000000000,
    1769904000000000000,
    1769990400000000000,
    1770076800000000000,
    1770163200000000000,
    1770249600000000000,
    1770336000000000000,
    1770422400000000000,
    1770508800000000000,
    1770595200000000000,
    1770681600000000000,
    1770768000000000000,
    1770854400000000000,
    1770940800000000000,
    1771027200000000000,
    1771113600000000000,
    1771200000000000000,
    1771286400000000000,
    1771372800000000000,
    1771459200000000000,
    1771545600000000000,
    1771632000000000000,
    1771718400000000000,
    1771804800000000000,
    1771891200000000000,
    1771977600000000000
  ],
  "hurs": [
    67.90000101178885,
    85.20000126957893,
    77.50000115483999,
    77.50000115483999,
    86.50000128895044,
    84.400001257658,
    78.50000116974115,
    87.00000129640102,
    75.00000111758709,
    88.90000132471323,
    85.0000012665987,
    90.00000134110451,
    81.00000120699406,
    77.70000115782022,
    85.70000127702951,
    84.400001257658,
    85.50000127404928,
    83.90000125020742,
    90.50000134855509,
    93.00000138580799,
    92.50000137835741,
    90.70000135153532,
    77.90000116080046,
    79.70000118762255,
    85.0000012665987,
    84.90000126510859,
    88.00000131130219,
    95.70000142604113,
    95.90000142902136,
    95.5000014230609,
    90.70000135153532,
    89.70000133663416,
    88.700001321733,
    89.70000133663416,
    94.50000140815973,
    89.20000132918358,
    92.00000137090683,
    90.50000134855509,
    91.2000013589859,
    86.70000129193068,
    87.40000130236149,
    87.5000013038516,
    86.50000128895044,
    78.70000117272139,
    89.20000132918358,
    81.9000012204051,
    84.50000125914812,
    78.70000117272139,
    77.50000115483999,
    90.90000135451555,
    85.20000126957893,
    87.90000130981207,
    87.00000129640102,
    82.40000122785568,
    96.70000144094229,
    94.00000140070915
  ]
}