{
  "time": [
    1767268800000000000,
    1767355200000000000,
    1767441600000000000
  ],
  "hurs": [
    67.50000100582838,
    83.50000124424696,
    77.50000115483999
  ]
}