{
  "time": [
    1767290400000000000,
    1767376800000000000,
    1767463200000000000
  ],
  "pr": [
    0.30000001192092896,
    1.2000000476837158,
    0.8999999761581421
  ]
}