{
  "time": [
    1767225600000000000,
    1767312000000000000,
    1767398400000000000,
    1767484800000000000,
    1767571200000000000,
    1767657600000000000,
    1767744000000000000,
    1767830400000000000,
    1767916800000000000,
    1768003200000000000,
    1768089600000000000,
    1768176000000000000,
    1768262400000000000,
    1768348800000000000,
    1768435200000000000,
    1768521600000000000,
    1768608000000000000,
    1768694400000000000,
    1768780800000000000,
    1768867200000000000,
    1768953600000000000,
    1769040000000000000,
    1769126400000000000,
    1769212800000000000,
    1769299200000000000,
    1769385600000000000,
    1769472000000000000,
    1769558400000000000,
    1769644800000000000,
    1769731200000000000,
    1769817600000000000,
    1769904000000000000,
    1769990400000000000,
    1770076800000000000,
    1770163200000000000,
    1770249600000000000,
    1770336000000000000,
    1770422400000000000,
    1770508800000000000,
    1770595200000000000,
    1770681600000000000,
    1770768000000000000,
    1770854400000000000,
    1770940800000000000,
    1771027200000000000,
    1771113600000000000,
    1771200000000000000,
    1771286400000000000,
    1771372800000000000,
    1771459200000000000,
    1771545600000000000,
    1771632000000000000,
    1771718400000000000,
    1771804800000000000,
    1771891200000000000,
    1771977600000000000,
    1772064000000000000,
    1772150400000000000,
    1772236800000000000,
    1772323200000000000,
    1772409600000000000,
    1772496000000000000,
    1772582400000000000,
    1772668800000000000,
    1772755200000000000,
    1772841600000000000,
    1772928000000000000,
    1773014400000000000,
    1773100800000000000,
    1773187200000000000
  ],
  "tas": [
    0.4000000059604645,
    1.1000000163912773,
    -0.20000000298023224,
    -1.3000000193715096,
    -5.500000081956387,
    -3.0000000447034836,
    -3.1000000461935997,
    1.8000000268220901,
    7.000000104308128,
    1.3000000193715096,
    -1.1000000163912773,
    3.400000050663948,
    7.700000114738941,
    8.600000128149986,
    8.00000011920929,
    5.4000000804662704,
    2.3000000342726707,
    1.700000025331974,
    0.9000000134110451,
    -0.20000000298023224,
    -1.1000000163912773,
    -1.8000000268220901,
    0.800000011920929,
    0.10000000149011612,
    -0.6000000089406967,
    3.6000000536441803,
    3.400000050663948,
    4.000000059604645,
    2.3000000342726707,
    1.600000023841858,
    3.0000000447034836,
    4.000000059604645,
    2.7000000402331352,
    1.3000000193715096,
    1.1000000163912773,
    2.1000000312924385,
    2.7000000402331352,
    7.300000108778477,
    3.400000050663948,
    3.500000052154064,
    5.000000074505806,
    10.000000149011612,
    9.00000013411045,
    8.300000123679638,
    4.000000059604645,
    2.3000000342726707,
    6.200000092387199,
    5.000000074505806,
    3.1000000461935997,
    4.400000065565109,
    4.200000062584877,
    8.50000012665987,
    10.500000156462193,
    10.800000160932541,
    10.500000156462193,
    8.50000012665987,
    9.400000140070915,
    10.100000150501728,
    10.100000150501728,
    8.00000011920929,
    6.800000101327896,
    7.500000111758709,
    8.50000012665987,
    9.300000138580799,
    8.400000125169754,
    9.00000013411045,
    9.00000013411045,
    9.600000143051147,
    11.000000163912773,
    10.30000015348196
  ]
}