{
  "time": [
    1767225600000000000,
    1767312000000000000,
    1767398400000000000,
    1767484800000000000,
    1767571200000000000,
    1767657600000000000,
    1767744000000000000,
    1767830400000000000,
    1767916800000000000,
    1768003200000000000,
    1768089600000000000,
    1768176000000000000,
    1768262400000000000,
    1768348800000000000,
    1768435200000000000,
    1768521600000000000,
    1768608000000000000,
    1768694400000000000,
    1768780800000000000,
    1768867200000000000,
    1768953600000000000,
    1769040000000000000,
    1769126400000000000,
    1769212800000000000,
    1769299200000000000,
    1769385600000000000,
    1769472000000000000,
    1769558400000000000,
    1769644800000000000,
    1769731200000000000,
    1769817600000000000,
    1769904000000000000,
    1769990400000000000,
    1770076800000000000
  ],
  "tasmin": [
    -2.500000037252903,
    -0.5000000074505806,
    -1.8000000268220901,
    -7.000000104308128,
    -8.900000132620335,
    -5.500000081956387,
    -8.600000128149986,
    -0.800000011920929,
    2.7000000402331352,
    -1.700000025331974,
    -3.6000000536441803,
    -2.2000000327825546,
    2.7000000402331352,
    3.1000000461935997,
    2.7000000402331352,
    0.20000000298023224,
    0.0,
    -0.20000000298023224,
    -0.10000000149011612,
    -1.5000000223517418,
    -3.7000000551342964,
    -4.700000070035458,
    -2.1000000312924385,
    -2.600000038743019,
    -2.2000000327825546,
    -0.20000000298023224,
    -1.3000000193715096,
    2.7000000402331352,
    0.5000000074505806,
    -0.9000000134110451,
    -0.5000000074505806,
    0.10000000149011612,
    0.9000000134110451,
    -1.3000000193715096
  ]
}