{
  "time": [
    1767268800000000000,
    1767355200000000000,
    1767441600000000000
  ],
  "tasmax": [
    3.0000000447034836,
    3.1000000461935997,
    1.3000000193715096
  ]
}