{
  "time": [
    1767225600000000000,
    1767312000000000000,
    1767398400000000000,
    1767484800000000000,
    1767571200000000000,
    1767657600000000000,
    1767744000000000000,
    1767830400000000000,
    1767916800000000000,
    1768003200000000000,
    1768089600000000000,
    1768176000000000000,
    1768262400000000000,
    1768348800000000000,
    1768435200000000000,
    1768521600000000000,
    1768608000000000000,
    1768694400000000000,
    1768780800000000000,
    1768867200000000000,
    1768953600000000000,
    1769040000000000000,
    1769126400000000000,
    1769212800000000000,
    1769299200000000000,
    1769385600000000000,
    1769472000000000000,
    1769558400000000000,
    1769644800000000000,
    1769731200000000000,
    1769817600000000000,
    1769904000000000000,
    1769990400000000000,
    1770076800000000000
  ],
  "tasmax": [
    2.7000000402331352,
    3.1000000461935997,
    1.1000000163912773,
    2.0000000298023224,
    -1.3000000193715096,
    -1.8000000268220901,
    0.4000000059604645,
    7.000000104308128,
    9.400000140070915,
    3.7000000551342964,
    0.4000000059604645,
    8.800000131130219,
    12.300000183284283,
    12.300000183284283,
    14.100000210106373,
    14.500000216066837,
    5.000000074505806,
    3.200000047683716,
    1.600000023841858,
    0.20000000298023224,
    2.3000000342726707,
    0.20000000298023224,
    3.7000000551342964,
    3.500000052154064,
    0.800000011920929,
    6.900000102818012,
    7.900000117719173,
    4.500000067055225,
    3.7000000551342964,
    4.000000059604645,
    7.900000117719173,
    8.00000011920929,
    5.000000074505806,
    2.500000037252903
  ]
}