{
  "time": [
    1767225600000000000,
    1767312000000000000,
    1767398400000000000,
    1767484800000000000,
    1767571200000000000,
    1767657600000000000,
    1767744000000000000,
    1767830400000000000,
    1767916800000000000,
    1768003200000000000,
    1768089600000000000,
    1768176000000000000,
    1768262400000000000,
    1768348800000000000,
    1768435200000000000,
    1768521600000000000,
    1768608000000000000,
    1768694400000000000,
    1768780800000000000,
    1768867200000000000,
    1768953600000000000,
    1769040000000000000,
    1769126400000000000,
    1769212800000000000,
    1769299200000000000,
    1769385600000000000,
    1769472000000000000,
    1769558400000000000,
    1769644800000000000,
    1769731200000000000,
    1769817600000000000,
    1769904000000000000,
    1769990400000000000,
    1770076800000000000,
    1770163200000000000,
    1770249600000000000,
    1770336000000000000,
    1770422400000000000,
    1770508800000000000,
    1770595200000000000,
    1770681600000000000,
    1770768000000000000,
    1770854400000000000,
    1770940800000000000,
    1771027200000000000,
    1771113600000000000,
    1771200000000000000,
    1771286400000000000,
    1771372800000000000,
    1771459200000000000,
    1771545600000000000,
    1771632000000000000,
    1771718400000000000,
    1771804800000000000,
    1771891200000000000,
    1771977600000000000,
    1772064000000000000,
    1772150400000000000,
    1772236800000000000,
    1772323200000000000,
    1772409600000000000,
    1772496000000000000,
    1772582400000000000,
    1772668800000000000,
    1772755200000000000,
    1772841600000000000,
    1772928000000000000,
    1773014400000000000,
    1773100800000000000,
    1773187200000000000,
    1773273600000000000,
    1773360000000000000,
    1773446400000000000,
    1773532800000000000,
    1773619200000000000,
    1773705600000000000,
    1773792000000000000,
    1773878400000000000,
    1773964800000000000,
    1774051200000000000,
    1774137600000000000,
    1774224000000000000,
    1774310400000000000,
    1774396800000000000,
    1774483200000000000,
    1774569600000000000,
    1774656000000000000,
    1774742400000000000,
    1774828800000000000,
    1774915200000000000,
    1775001600000000000,
    1775088000000000000,
    1775174400000000000,
    1775260800000000000,
    1775347200000000000,
    1775433600000000000
  ],
  "tasmax": [
    3.0000000447034836,
    2.8000000417232513,
    1.3000000193715096,
    2.2000000327825546,
    -1.5000000223517418,
    -1.8000000268220901,
    0.4000000059604645,
    7.200000107288361,
    9.300000138580799,
    3.7000000551342964,
    0.20000000298023224,
    8.600000128149986,
    12.500000186264515,
    12.10000018030405,
    14.100000210106373,
    14.500000216066837,
    5.000000074505806,
    3.200000047683716,
    1.700000025331974,
    0.5000000074505806,
    2.2000000327825546,
    0.20000000298023224,
    3.9000000581145287,
    3.500000052154064,
    0.6000000089406967,
    7.000000104308128,
    7.900000117719173,
    4.700000070035458,
    3.7000000551342964,
    4.000000059604645,
    7.900000117719173,
    8.00000011920929,
    5.000000074505806,
    2.500000037252903,
    4.500000067055225,
    6.000000089406967,
    7.500000111758709,
    12.000000178813934,
    7.900000117719173,
    7.700000114738941,
    11.000000163912773,
    11.800000175833702,
    11.400000169873238,
    11.000000163912773,
    6.800000101327896,
    5.200000077486038,
    9.300000138580799,
    7.800000116229057,
    6.500000096857548,
    7.500000111758709,
    6.800000101327896,
    10.800000160932541,
    12.10000018030405,
    13.600000202655792,
    12.400000184774399,
    14.900000222027302,
    17.600000262260437,
    21.300000317394733,
    15.500000230967999,
    15.300000227987766,
    16.800000250339508,
    16.800000250339508,
    17.80000026524067,
    18.100000269711018,
    16.100000239908695,
    18.600000277161598,
    18.600000277161598,
    18.80000028014183,
    18.500000275671482,
    15.300000227987766,
    13.500000201165676,
    16.00000023841858,
    11.400000169873238,
    8.800000131130219,
    10.30000015348196,
    12.90000019222498,
    14.100000210106373,
    16.800000250339508,
    16.600000247359276,
    14.900000222027302,
    15.000000223517418,
    16.600000247359276,
    17.600000262260437,
    13.100000195205212,
    10.100000150501728,
    8.900000132620335,
    6.200000092387199,
    9.500000141561031,
    10.500000156462193,
    10.900000162422657,
    12.500000186264515,
    14.900000222027302,
    15.400000229477882,
    15.600000232458115,
    21.1000003144145,
    17.30000025779009
  ]
}