{
  "time": [
    1767268800000000000,
    1767355200000000000,
    1767441600000000000
  ],
  "tasmin": [
    -2.2000000327825546,
    -0.6000000089406967,
    -1.5000000223517418
  ]
}