{
  "time": [
    1767225600000000000,
    1767312000000000000,
    1767398400000000000,
    1767484800000000000,
    1767571200000000000,
    1767657600000000000,
    1767744000000000000,
    1767830400000000000,
    1767916800000000000,
    1768003200000000000,
    1768089600000000000,
    1768176000000000000,
    1768262400000000000,
    1768348800000000000,
    1768435200000000000,
    1768521600000000000,
    1768608000000000000,
    1768694400000000000,
    1768780800000000000,
    1768867200000000000,
    1768953600000000000,
    1769040000000000000,
    1769126400000000000,
    1769212800000000000,
    1769299200000000000,
    1769385600000000000,
    1769472000000000000,
    1769558400000000000,
    1769644800000000000,
    1769731200000000000,
    1769817600000000000,
    1769904000000000000,
    1769990400000000000,
    1770076800000000000,
    1770163200000000000,
    1770249600000000000,
    1770336000000000000,
    1770422400000000000
  ],
  "hurs": [
    88.700001321733,
    85.40000127255917,
    75.50000112503767,
    85.0000012665987,
    88.20000131428242,
    90.20000134408474,
    79.20000118017197,
    81.20000120997429,
    72.70000108331442,
    74.90000111609697,
    74.20000110566616,
    81.9000012204051,
    97.50000145286322,
    92.90000138431787,
    96.00000143051147,
    89.70000133663416,
    96.2000014334917,
    90.90000135451555,
    69.5000010356307,
    73.200001090765,
    82.20000122487545,
    82.70000123232603,
    81.50000121444464,
    83.00000123679638,
    85.70000127702951,
    93.00000138580799,
    92.4000013768673,
    91.2000013589859,
    85.20000126957893,
    84.00000125169754,
    80.40000119805336,
    71.50000106543303,
    67.70000100880861,
    52.200000777840614,
    75.20000112056732,
    85.90000128000975,
    92.70000138133764,
    93.7000013962388
  ],
  "pr": [
    5.400000095367432,
    1.7999999523162842,
    2.700000047683716,
    0.10000000149011612,
    2.200000047683716,
    0.20000000298023224,
    0.0,
    1.7000000476837158,
    0.0,
    0.0,
    0.0,
    0.5,
    6.5,
    3.9000000953674316,
    0.0,
    0.0,
    0.0,
    0.0,
    0.0,
    0.0,
    0.0,
    0.0,
    0.0,
    0.0,
    3.299999952316284,
    4.0,
    0.0,
    0.0,
    0.0,
    0.0,
    0.0,
    0.0,
    0.0,
    0.0,
    0.0,
    9.199999809265137,
    1.7000000476837158,
    1.100000023841858
  ],
  "tas": [
    2.8000000417232513,
    1.5000000223517418,
    -1.3000000193715096,
    -3.400000050663948,
    -0.9000000134110451,
    -2.0000000298023224,
    -2.7000000402331352,
    -5.700000084936619,
    -4.000000059604645,
    -1.600000023841858,
    -3.200000047683716,
    -4.200000062584877,
    1.600000023841858,
    3.6000000536441803,
    2.1000000312924385,
    5.000000074505806,
    1.600000023841858,
    1.3000000193715096,
    0.10000000149011612,
    -1.3000000193715096,
    -4.000000059604645,
    -2.3000000342726707,
    -6.000000089406967,
    -3.0000000447034836,
    -2.2000000327825546,
    0.10000000149011612,
    0.4000000059604645,
    0.4000000059604645,
    -1.5000000223517418,
    -2.2000000327825546,
    -5.000000074505806,
    -8.00000011920929,
    -9.00000013411045,
    -5.900000087916851,
    -5.500000081956387,
    -2.7000000402331352,
    -0.20000000298023224,
    0.5000000074505806
  ],
  "tasmax": [
    4.500000067055225,
    3.1000000461935997,
    0.4000000059604645,
    -0.9000000134110451,
    0.20000000298023224,
    -0.9000000134110451,
    -0.5000000074505806,
    -4.200000062584877,
    -0.6000000089406967,
    1.1000000163912773,
    0.0,
    -1.0000000149011612,
    3.7000000551342964,
    5.700000084936619,
    4.000000059604645,
    8.100000120699406,
    2.8000000417232513,
    2.7000000402331352,
    3.200000047683716,
    2.0000000298023224,
    -0.6000000089406967,
    0.10000000149011612,
    -3.0000000447034836,
    -1.8000000268220901,
    0.0,
    1.1000000163912773,
    1.1000000163912773,
    0.6000000089406967,
    0.20000000298023224,
    -1.700000025331974,
    -2.3000000342726707,
    -6.400000095367432,
    -6.500000096857548,
    -3.0000000447034836,
    -3.500000052154064,
    -1.0000000149011612,
    0.5000000074505806,
    0.6000000089406967
  ],
  "tasmin": [
    1.0000000149011612,
    -0.5000000074505806,
    -3.7000000551342964,
    -6.500000096857548,
    -2.8000000417232513,
    -3.6000000536441803,
    -5.4000000804662704,
    -8.50000012665987,
    -8.00000011920929,
    -3.7000000551342964,
    -9.80000014603138,
    -10.000000149011612,
    -1.1000000163912773,
    -0.10000000149011612,
    -1.0000000149011612,
    1.8000000268220901,
    0.20000000298023224,
    -0.6000000089406967,
    -2.1000000312924385,
    -4.500000067055225,
    -7.000000104308128,
    -4.700000070035458,
    -7.800000116229057,
    -4.200000062584877,
    -3.6000000536441803,
    -0.9000000134110451,
    -0.20000000298023224,
    -0.20000000298023224,
    -2.8000000417232513,
    -2.7000000402331352,
    -7.900000117719173,
    -9.500000141561031,
    -11.60000017285347,
    -8.100000120699406,
    -7.900000117719173,
    -4.200000062584877,
    -1.3000000193715096,
    0.20000000298023224
  ]
}