{
  "time": [
    1767225600000000000,
    1767312000000000000,
    1767398400000000000,
    1767484800000000000,
    1767571200000000000,
    1767657600000000000,
    1767744000000000000,
    1767830400000000000,
    1767916800000000000,
    1768003200000000000,
    1768089600000000000,
    1768176000000000000,
    1768262400000000000,
    1768348800000000000,
    1768435200000000000,
    1768521600000000000,
    1768608000000000000,
    1768694400000000000,
    1768780800000000000,
    1768867200000000000,
    1768953600000000000,
    1769040000000000000,
    1769126400000000000,
    1769212800000000000,
    1769299200000000000,
    1769385600000000000,
    1769472000000000000,
    1769558400000000000,
    1769644800000000000,
    1769731200000000000,
    1769817600000000000,
    1769904000000000000,
    1769990400000000000,
    1770076800000000000,
    1770163200000000000,
    1770249600000000000,
    1770336000000000000,
    1770422400000000000,
    1770508800000000000,
    1770595200000000000,
    1770681600000000000,
    1770768000000000000,
    1770854400000000000,
    1770940800000000000,
    1771027200000000000,
    1771113600000000000,
    1771200000000000000,
    1771286400000000000,
    1771372800000000000,
    1771459200000000000,
    1771545600000000000,
    1771632000000000000,
    1771718400000000000,
    1771804800000000000
  ],
  "hurs": [
    89.20000132918358,
    85.50000127404928,
    75.50000112503767,
    85.0000012665987,
    88.50000131875277,
    88.700001321733,
    79.4000011831522,
    81.20000120997429,
    72.70000108331442,
    73.90000110119581,
    75.40000112354755,
    83.20000123977661,
    97.90000145882368,
    91.90000136941671,
    96.00000143051147,
    90.00000134110451,
    95.90000142902136,
    92.20000137388706,
    70.00000104308128,
    73.200001090765,
    82.20000122487545,
    83.20000123977661,
    81.70000121742487,
    82.40000122785568,
    86.00000128149986,
    92.90000138431787,
    92.4000013768673,
    90.50000134855509,
    85.70000127702951,
    84.400001257658,
    79.70000118762255,
    71.50000106543303,
    67.70000100880861,
    52.200000777840614,
    75.20000112056732,
    85.90000128000975,
    92.70000138133764,
    93.7000013962388,
    88.50000131875277,
    87.5000013038516,
    91.90000136941671,
    96.40000143647194,
    94.9000014141202,
    87.40000130236149,
    76.20000113546848,
    71.40000106394291,
    74.20000110566616,
    74.20000110566616,
    75.90000113099813,
    86.40000128746033,
    73.40000109374523,
    93.50000139325857,
    97.70000145584345,
    92.20000137388706
  ],
  "pr": [
    5.400000095367432,
    1.7999999523162842,
    2.700000047683716,
    0.10000000149011612,
    2.200000047683716,
    0.20000000298023224,
    0.0,
    1.7000000476837158,
    0.0,
    0.0,
    0.0,
    0.5,
    6.5,
    3.9000000953674316,
    0.0,
    0.0,
    0.0,
    0.0,
    0.0,
    0.0,
    0.0,
    0.0,
    0.0,
    0.0,
    3.299999952316284,
    4.0,
    0.0,
    0.0,
    0.0,
    0.0,
    0.0,
    0.0,
    0.0,
    0.0,
    0.0,
    9.199999809265137,
    1.7000000476837158,
    1.100000023841858,
    0.0,
    0.0,
    16.5,
    0.20000000298023224,
    11.399999618530273,
    1.2999999523162842,
    0.0,
    0.0,
    0.0,
    0.20000000298023224,
    0.0,
    0.0,
    4.400000095367432,
    3.9000000953674316,
    13.800000190734863,
    2.5999999046325684
  ],
  "tas": [
    2.8000000417232513,
    1.5000000223517418,
    -1.3000000193715096,
    -3.400000050663948,
    -0.9000000134110451,
    -1.8000000268220901,
    -2.7000000402331352,
    -5.700000084936619,
    -4.000000059604645,
    -1.5000000223517418,
    -3.400000050663948,
    -4.400000065565109,
    1.600000023841858,
    3.7000000551342964,
    2.1000000312924385,
    5.000000074505806,
    1.600000023841858,
    1.1000000163912773,
    0.0,
    -1.3000000193715096,
    -4.000000059604645,
    -2.3000000342726707,
    -6.000000089406967,
    -2.8000000417232513,
    -2.2000000327825546,
    0.10000000149011612,
    0.4000000059604645,
    0.5000000074505806,
    -1.600000023841858,
    -2.2000000327825546,
    -4.90000007301569,
    -8.00000011920929,
    -9.00000013411045,
    -5.900000087916851,
    -5.500000081956387,
    -2.7000000402331352,
    -0.20000000298023224,
    0.5000000074505806,
    0.20000000298023224,
    -0.20000000298023224,
    0.20000000298023224,
    0.6000000089406967,
    0.9000000134110451,
    -0.20000000298023224,
    -1.3000000193715096,
    -4.200000062584877,
    -4.500000067055225,
    -4.200000062584877,
    -3.6000000536441803,
    -6.500000096857548,
    -3.200000047683716,
    3.7000000551342964,
    6.200000092387199,
    6.200000092387199
  ],
  "tasmax": [
    4.500000067055225,
    3.1000000461935997,
    0.4000000059604645,
    -1.0000000149011612,
    0.20000000298023224,
    -0.6000000089406967,
    -0.5000000074505806,
    -4.200000062584877,
    -0.800000011920929,
    1.1000000163912773,
    -0.20000000298023224,
    -1.3000000193715096,
    3.7000000551342964,
    5.700000084936619,
    4.000000059604645,
    8.00000011920929,
    3.0000000447034836,
    2.500000037252903,
    3.1000000461935997,
    2.0000000298023224,
    -0.6000000089406967,
    0.10000000149011612,
    -3.0000000447034836,
    -1.700000025331974,
    0.0,
    1.1000000163912773,
    1.1000000163912773,
    0.9000000134110451,
    0.20000000298023224,
    -1.700000025331974,
    -2.2000000327825546,
    -6.400000095367432,
    -6.500000096857548,
    -3.0000000447034836,
    -3.500000052154064,
    -1.0000000149011612,
    0.5000000074505806,
    0.6000000089406967,
    1.0000000149011612,
    0.4000000059604645,
    1.0000000149011612,
    1.1000000163912773,
    1.3000000193715096,
    0.5000000074505806,
    -0.20000000298023224,
    0.0,
    -3.400000050663948,
    -2.500000037252903,
    -0.5000000074505806,
    -0.9000000134110451,
    0.5000000074505806,
    5.900000087916851,
    9.00000013411045,
    8.00000011920929
  ],
  "tasmin": [
    0.9000000134110451,
    -0.5000000074505806,
    -3.9000000581145287,
    -6.500000096857548,
    -2.8000000417232513,
    -3.400000050663948,
    -5.500000081956387,
    -8.50000012665987,
    -8.00000011920929,
    -3.7000000551342964,
    -9.900000147521496,
    -10.400000154972076,
    -1.1000000163912773,
    0.0,
    -1.0000000149011612,
    1.8000000268220901,
    0.4000000059604645,
    -0.9000000134110451,
    -2.2000000327825546,
    -4.500000067055225,
    -6.900000102818012,
    -4.500000067055225,
    -7.700000114738941,
    -4.200000062584877,
    -3.500000052154064,
    -1.0000000149011612,
    -0.20000000298023224,
    -0.10000000149011612,
    -3.0000000447034836,
    -2.7000000402331352,
    -7.800000116229057,
    -9.500000141561031,
    -11.60000017285347,
    -8.100000120699406,
    -7.900000117719173,
    -4.200000062584877,
    -1.3000000193715096,
    0.20000000298023224,
    -0.5000000074505806,
    -0.6000000089406967,
    -0.20000000298023224,
    0.20000000298023224,
    0.20000000298023224,
    -1.1000000163912773,
    -3.500000052154064,
    -8.900000132620335,
    -5.4000000804662704,
    -5.700000084936619,
    -9.00000013411045,
    -11.60000017285347,
    -10.30000015348196,
    -0.20000000298023224,
    3.7000000551342964,
    3.9000000581145287
  ]
}