{
  "time": [
    1767225600000000000,
    1767312000000000000,
    1767398400000000000,
    1767484800000000000,
    1767571200000000000,
    1767657600000000000,
    1767744000000000000,
    1767830400000000000,
    1767916800000000000,
    1768003200000000000,
    1768089600000000000,
    1768176000000000000,
    1768262400000000000,
    1768348800000000000,
    1768435200000000000,
    1768521600000000000,
    1768608000000000000,
    1768694400000000000,
    1768780800000000000,
    1768867200000000000,
    1768953600000000000,
    1769040000000000000,
    1769126400000000000,
    1769212800000000000,
    1769299200000000000,
    1769385600000000000,
    1769472000000000000,
    1769558400000000000,
    1769644800000000000,
    1769731200000000000,
    1769817600000000000,
    1769904000000000000,
    1769990400000000000,
    1770076800000000000,
    1770163200000000000,
    1770249600000000000,
    1770336000000000000,
    1770422400000000000,
    1770508800000000000,
    1770595200000000000,
    1770681600000000000,
    1770768000000000000,
    1770854400000000000,
    1770940800000000000,
    1771027200000000000,
    1771113600000000000,
    1771200000000000000,
    1771286400000000000,
    1771372800000000000,
    1771459200000000000,
    1771545600000000000,
    1771632000000000000,
    1771718400000000000,
    1771804800000000000,
    1771891200000000000,
    1771977600000000000,
    1772064000000000000,
    1772150400000000000,
    1772236800000000000,
    1772323200000000000,
    1772409600000000000,
    1772496000000000000,
    1772582400000000000,
    1772668800000000000
  ],
  "hurs": [
    89.20000132918358,
    85.50000127404928,
    75.50000112503767,
    85.0000012665987,
    88.50000131875277,
    88.700001321733,
    79.4000011831522,
    81.20000120997429,
    72.70000108331442,
    73.90000110119581,
    75.40000112354755,
    83.20000123977661,
    97.90000145882368,
    91.90000136941671,
    96.00000143051147,
    90.00000134110451,
    95.90000142902136,
    92.20000137388706,
    70.00000104308128,
    73.200001090765,
    82.20000122487545,
    83.20000123977661,
    81.70000121742487,
    82.40000122785568,
    86.00000128149986,
    92.90000138431787,
    92.4000013768673,
    90.50000134855509,
    85.70000127702951,
    84.400001257658,
    79.70000118762255,
    71.50000106543303,
    67.90000101178885,
    51.60000076889992,
    74.90000111609697,
    85.90000128000975,
    92.70000138133764,
    93.7000013962388,
    88.20000131428242,
    87.20000129938126,
    90.20000134408474,
    94.70000141113997,
    94.70000141113997,
    87.20000129938126,
    77.00000114738941,
    71.40000106394291,
    74.20000110566616,
    74.00000110268593,
    75.20000112056732,
    86.50000128895044,
    73.50000109523535,
    93.00000138580799,
    97.50000145286322,
    92.00000137090683,
    97.50000145286322,
    93.20000138878822,
    83.20000123977661,
    81.20000120997429,
    76.9000011458993,
    67.70000100880861,
    67.20000100135803,
    74.50000111013651,
    82.20000122487545,
    68.90000102669
  ]
}