{
  "time": [
    1767225600000000000,
    1767312000000000000,
    1767398400000000000,
    1767484800000000000,
    1767571200000000000,
    1767657600000000000,
    1767744000000000000,
    1767830400000000000,
    1767916800000000000,
    1768003200000000000,
    1768089600000000000,
    1768176000000000000,
    1768262400000000000,
    1768348800000000000,
    1768435200000000000,
    1768521600000000000,
    1768608000000000000,
    1768694400000000000,
    1768780800000000000,
    1768867200000000000,
    1768953600000000000,
    1769040000000000000,
    1769126400000000000,
    1769212800000000000,
    1769299200000000000,
    1769385600000000000,
    1769472000000000000,
    1769558400000000000,
    1769644800000000000,
    1769731200000000000,
    1769817600000000000,
    1769904000000000000,
    1769990400000000000,
    1770076800000000000
  ],
  "hurs": [
    88.700001321733,
    85.40000127255917,
    75.50000112503767,
    85.0000012665987,
    88.20000131428242,
    90.20000134408474,
    79.20000118017197,
    81.20000120997429,
    72.70000108331442,
    74.90000111609697,
    74.20000110566616,
    81.9000012204051,
    97.50000145286322,
    92.90000138431787,
    96.00000143051147,
    89.70000133663416,
    96.2000014334917,
    90.90000135451555,
    69.5000010356307,
    73.200001090765,
    82.20000122487545,
    82.70000123232603,
    81.50000121444464,
    83.00000123679638,
    85.70000127702951,
    93.00000138580799,
    92.4000013768673,
    91.2000013589859,
    85.20000126957893,
    84.00000125169754,
    80.40000119805336,
    71.50000106543303,
    67.70000100880861,
    52.200000777840614
  ]
}