{
  "time": [
    1767225600000000000,
    1767312000000000000,
    1767398400000000000,
    1767484800000000000,
    1767571200000000000,
    1767657600000000000,
    1767744000000000000,
    1767830400000000000,
    1767916800000000000,
    1768003200000000000,
    1768089600000000000,
    1768176000000000000,
    1768262400000000000,
    1768348800000000000,
    1768435200000000000,
    1768521600000000000,
    1768608000000000000,
    1768694400000000000,
    1768780800000000000,
    1768867200000000000,
    1768953600000000000,
    1769040000000000000,
    1769126400000000000,
    1769212800000000000,
    1769299200000000000,
    1769385600000000000,
    1769472000000000000,
    1769558400000000000,
    1769644800000000000,
    1769731200000000000,
    1769817600000000000,
    1769904000000000000,
    1769990400000000000,
    1770076800000000000,
    1770163200000000000,
    1770249600000000000,
    1770336000000000000,
    1770422400000000000,
    1770508800000000000,
    1770595200000000000,
    1770681600000000000,
    1770768000000000000,
    1770854400000000000
  ],
  "tasmin": [
    1.0000000149011612,
    -0.5000000074505806,
    -3.7000000551342964,
    -6.500000096857548,
    -2.8000000417232513,
    -3.6000000536441803,
    -5.4000000804662704,
    -8.50000012665987,
    -8.00000011920929,
    -3.7000000551342964,
    -9.80000014603138,
    -10.000000149011612,
    -1.1000000163912773,
    -0.10000000149011612,
    -1.0000000149011612,
    1.8000000268220901,
    0.20000000298023224,
    -0.6000000089406967,
    -2.1000000312924385,
    -4.500000067055225,
    -7.000000104308128,
    -4.700000070035458,
    -7.800000116229057,
    -4.200000062584877,
    -3.6000000536441803,
    -0.9000000134110451,
    -0.20000000298023224,
    -0.20000000298023224,
    -2.8000000417232513,
    -2.7000000402331352,
    -7.900000117719173,
    -9.500000141561031,
    -11.60000017285347,
    -8.100000120699406,
    -7.900000117719173,
    -4.200000062584877,
    -1.3000000193715096,
    0.20000000298023224,
    -0.5000000074505806,
    -0.6000000089406967,
    -0.20000000298023224,
    0.20000000298023224,
    0.20000000298023224
  ]
}