{
  "time": [
    1767268800000000000,
    1767355200000000000,
    1767441600000000000
  ],
  "tasmax": [
    4.90000007301569,
    3.0000000447034836,
    0.20000000298023224
  ]
}