{
  "time": [
    1767225600000000000,
    1767312000000000000,
    1767398400000000000,
    1767484800000000000,
    1767571200000000000,
    1767657600000000000,
    1767744000000000000,
    1767830400000000000,
    1767916800000000000,
    1768003200000000000,
    1768089600000000000,
    1768176000000000000,
    1768262400000000000,
    1768348800000000000,
    1768435200000000000,
    1768521600000000000,
    1768608000000000000,
    1768694400000000000,
    1768780800000000000,
    1768867200000000000,
    1768953600000000000,
    1769040000000000000,
    1769126400000000000,
    1769212800000000000,
    1769299200000000000,
    1769385600000000000,
    1769472000000000000,
    1769558400000000000,
    1769644800000000000,
    1769731200000000000,
    1769817600000000000,
    1769904000000000000,
    1769990400000000000,
    1770076800000000000,
    1770163200000000000,
    1770249600000000000,
    1770336000000000000,
    1770422400000000000,
    1770508800000000000,
    1770595200000000000,
    1770681600000000000,
    1770768000000000000,
    1770854400000000000,
    1770940800000000000,
    1771027200000000000,
    1771113600000000000,
    1771200000000000000,
    1771286400000000000,
    1771372800000000000,
    1771459200000000000,
    1771545600000000000,
    1771632000000000000,
    1771718400000000000,
    1771804800000000000,
    1771891200000000000,
    1771977600000000000,
    1772064000000000000,
    1772150400000000000,
    1772236800000000000,
    1772323200000000000,
    1772409600000000000,
    1772496000000000000,
    1772582400000000000,
    1772668800000000000,
    1772755200000000000,
    1772841600000000000,
    1772928000000000000
  ],
  "tasmin": [
    0.9000000134110451,
    -0.5000000074505806,
    -3.9000000581145287,
    -6.500000096857548,
    -2.8000000417232513,
    -3.400000050663948,
    -5.500000081956387,
    -8.50000012665987,
    -8.00000011920929,
    -3.7000000551342964,
    -9.900000147521496,
    -10.400000154972076,
    -1.1000000163912773,
    0.0,
    -1.0000000149011612,
    1.8000000268220901,
    0.4000000059604645,
    -0.9000000134110451,
    -2.2000000327825546,
    -4.500000067055225,
    -6.900000102818012,
    -4.500000067055225,
    -7.700000114738941,
    -4.200000062584877,
    -3.500000052154064,
    -1.0000000149011612,
    -0.20000000298023224,
    -0.10000000149011612,
    -3.0000000447034836,
    -2.7000000402331352,
    -7.800000116229057,
    -9.500000141561031,
    -11.500000171363354,
    -8.100000120699406,
    -7.800000116229057,
    -4.200000062584877,
    -1.3000000193715096,
    0.20000000298023224,
    -0.5000000074505806,
    -0.6000000089406967,
    0.0,
    0.4000000059604645,
    0.20000000298023224,
    -1.1000000163912773,
    -3.7000000551342964,
    -8.800000131130219,
    -5.4000000804662704,
    -5.700000084936619,
    -8.900000132620335,
    -11.60000017285347,
    -10.30000015348196,
    -0.20000000298023224,
    3.7000000551342964,
    3.9000000581145287,
    0.6000000089406967,
    0.4000000059604645,
    3.200000047683716,
    5.500000081956387,
    4.700000070035458,
    3.9000000581145287,
    4.90000007301569,
    1.1000000163912773,
    -2.7000000402331352,
    -2.7000000402331352,
    0.20000000298023224,
    -1.0000000149011612,
    3.9000000581145287
  ]
}