{
  "time": [
    1767268800000000000,
    1767355200000000000,
    1767441600000000000
  ],
  "tasmin": [
    1.1000000163912773,
    -0.6000000089406967,
    -3.7000000551342964
  ]
}