{
  "time": [
    1767225600000000000,
    1767312000000000000,
    1767398400000000000,
    1767484800000000000,
    1767571200000000000,
    1767657600000000000,
    1767744000000000000,
    1767830400000000000,
    1767916800000000000,
    1768003200000000000,
    1768089600000000000,
    1768176000000000000,
    1768262400000000000,
    1768348800000000000,
    1768435200000000000,
    1768521600000000000,
    1768608000000000000,
    1768694400000000000,
    1768780800000000000,
    1768867200000000000,
    1768953600000000000,
    1769040000000000000,
    1769126400000000000,
    1769212800000000000,
    1769299200000000000,
    1769385600000000000,
    1769472000000000000,
    1769558400000000000,
    1769644800000000000,
    1769731200000000000,
    1769817600000000000,
    1769904000000000000,
    1769990400000000000,
    1770076800000000000,
    1770163200000000000,
    1770249600000000000,
    1770336000000000000,
    1770422400000000000,
    1770508800000000000,
    1770595200000000000,
    1770681600000000000,
    1770768000000000000,
    1770854400000000000,
    1770940800000000000,
    1771027200000000000,
    1771113600000000000,
    1771200000000000000,
    1771286400000000000,
    1771372800000000000,
    1771459200000000000,
    1771545600000000000,
    1771632000000000000,
    1771718400000000000,
    1771804800000000000,
    1771891200000000000,
    1771977600000000000,
    1772064000000000000,
    1772150400000000000,
    1772236800000000000,
    1772323200000000000,
    1772409600000000000,
    1772496000000000000,
    1772582400000000000,
    1772668800000000000,
    1772755200000000000,
    1772841600000000000,
    1772928000000000000,
    1773014400000000000,
    1773100800000000000,
    1773187200000000000,
    1773273600000000000,
    1773360000000000000,
    1773446400000000000
  ],
  "tasmax": [
    4.500000067055225,
    3.1000000461935997,
    0.4000000059604645,
    -1.0000000149011612,
    0.20000000298023224,
    -0.6000000089406967,
    -0.5000000074505806,
    -4.200000062584877,
    -0.800000011920929,
    1.1000000163912773,
    -0.20000000298023224,
    -1.3000000193715096,
    3.7000000551342964,
    5.700000084936619,
    4.000000059604645,
    8.00000011920929,
    3.0000000447034836,
    2.500000037252903,
    3.1000000461935997,
    2.0000000298023224,
    -0.6000000089406967,
    0.10000000149011612,
    -3.0000000447034836,
    -1.700000025331974,
    0.0,
    1.1000000163912773,
    1.1000000163912773,
    0.9000000134110451,
    0.20000000298023224,
    -1.700000025331974,
    -2.2000000327825546,
    -6.400000095367432,
    -6.500000096857548,
    -3.0000000447034836,
    -3.400000050663948,
    -1.1000000163912773,
    0.5000000074505806,
    0.6000000089406967,
    1.1000000163912773,
    0.4000000059604645,
    1.1000000163912773,
    1.3000000193715096,
    1.3000000193715096,
    0.5000000074505806,
    -0.4000000059604645,
    -0.20000000298023224,
    -3.200000047683716,
    -2.600000038743019,
    -0.4000000059604645,
    -0.9000000134110451,
    0.4000000059604645,
    5.900000087916851,
    9.00000013411045,
    7.900000117719173,
    5.200000077486038,
    6.200000092387199,
    14.300000213086605,
    16.600000247359276,
    15.400000229477882,
    10.500000156462193,
    14.100000210106373,
    15.600000232458115,
    9.100000135600567,
    12.90000019222498,
    15.900000236928463,
    16.00000023841858,
    17.100000254809856,
    16.300000242888927,
    15.100000225007534,
    15.400000229477882,
    12.90000019222498,
    13.500000201165676,
    4.90000007301569
  ]
}