{
  "time": [
    1767225600000000000,
    1767312000000000000,
    1767398400000000000,
    1767484800000000000,
    1767571200000000000,
    1767657600000000000,
    1767744000000000000,
    1767830400000000000,
    1767916800000000000,
    1768003200000000000,
    1768089600000000000,
    1768176000000000000,
    1768262400000000000,
    1768348800000000000,
    1768435200000000000,
    1768521600000000000,
    1768608000000000000,
    1768694400000000000,
    1768780800000000000,
    1768867200000000000,
    1768953600000000000,
    1769040000000000000,
    1769126400000000000,
    1769212800000000000,
    1769299200000000000,
    1769385600000000000,
    1769472000000000000,
    1769558400000000000,
    1769644800000000000,
    1769731200000000000,
    1769817600000000000,
    1769904000000000000,
    1769990400000000000,
    1770076800000000000,
    1770163200000000000,
    1770249600000000000,
    1770336000000000000,
    1770422400000000000
  ],
  "hurs": [
    78.70000117272139,
    71.20000106096268,
    74.70000111311674,
    72.50000108033419,
    66.20000098645687,
    76.50000113993883,
    71.70000106841326,
    81.70000121742487,
    79.50000118464231,
    83.50000124424696,
    79.20000118017197,
    76.20000113546848,
    90.50000134855509,
    85.70000127702951,
    88.20000131428242,
    72.0000010728836,
    82.5000012293458,
    71.70000106841326,
    55.60000082850456,
    62.200000926852226,
    62.200000926852226,
    72.70000108331442,
    76.20000113546848,
    80.50000119954348,
    89.40000133216381,
    88.90000132471323,
    86.40000128746033,
    89.90000133961439,
    90.40000134706497,
    88.90000132471323,
    84.50000125914812,
    84.50000125914812,
    79.4000011831522,
    81.50000121444464,
    84.20000125467777,
    95.20000141859055,
    93.90000139921904,
    96.50000143796206
  ],
  "pr": [
    0.0,
    4.0,
    0.20000000298023224,
    0.4000000059604645,
    0.0,
    0.0,
    0.0,
    1.2999999523162842,
    3.5,
    0.4000000059604645,
    0.0,
    5.0,
    0.5,
    1.2999999523162842,
    0.0,
    0.0,
    0.0,
    0.0,
    0.0,
    0.0,
    0.0,
    0.0,
    0.0,
    0.0,
    2.4000000953674316,
    1.2000000476837158,
    0.0,
    0.10000000149011612,
    2.299999952316284,
    0.0,
    0.0,
    0.0,
    0.0,
    2.299999952316284,
    0.0,
    1.7999999523162842,
    0.0,
    2.5
  ],
  "tas": [
    0.6000000089406967,
    0.5000000074505806,
    -1.1000000163912773,
    -1.3000000193715096,
    -3.400000050663948,
    -5.200000077486038,
    -6.200000092387199,
    -5.000000074505806,
    -0.4000000059604645,
    -6.500000096857548,
    -7.500000111758709,
    -2.3000000342726707,
    4.500000067055225,
    5.900000087916851,
    6.000000089406967,
    6.200000092387199,
    2.0000000298023224,
    1.5000000223517418,
    0.4000000059604645,
    -2.2000000327825546,
    -2.2000000327825546,
    -5.000000074505806,
    -6.200000092387199,
    -4.500000067055225,
    -1.700000025331974,
    -1.700000025331974,
    -0.6000000089406967,
    -0.800000011920929,
    -1.600000023841858,
    -0.6000000089406967,
    -1.1000000163912773,
    -2.3000000342726707,
    -3.200000047683716,
    -2.500000037252903,
    0.800000011920929,
    -0.4000000059604645,
    1.700000025331974,
    2.7000000402331352
  ],
  "tasmax": [
    1.3000000193715096,
    1.5000000223517418,
    0.10000000149011612,
    -0.20000000298023224,
    -1.600000023841858,
    -3.200000047683716,
    -2.500000037252903,
    -1.1000000163912773,
    2.7000000402331352,
    0.10000000149011612,
    -4.700000070035458,
    3.6000000536441803,
    6.70000009983778,
    7.500000111758709,
    9.300000138580799,
    12.400000184774399,
    4.400000065565109,
    5.000000074505806,
    4.200000062584877,
    2.1000000312924385,
    3.1000000461935997,
    -0.20000000298023224,
    -2.500000037252903,
    -0.4000000059604645,
    1.1000000163912773,
    -0.4000000059604645,
    0.9000000134110451,
    1.5000000223517418,
    -0.6000000089406967,
    1.3000000193715096,
    1.600000023841858,
    -0.4000000059604645,
    -1.1000000163912773,
    -1.1000000163912773,
    4.500000067055225,
    1.0000000149011612,
    4.400000065565109,
    5.000000074505806
  ],
  "tasmin": [
    0.0,
    -1.5000000223517418,
    -2.3000000342726707,
    -2.600000038743019,
    -7.300000108778477,
    -8.800000131130219,
    -10.30000015348196,
    -10.500000156462193,
    -4.000000059604645,
    -11.60000017285347,
    -10.30000015348196,
    -11.000000163912773,
    2.8000000417232513,
    4.200000062584877,
    3.200000047683716,
    0.20000000298023224,
    -0.5000000074505806,
    -1.700000025331974,
    -2.600000038743019,
    -4.90000007301569,
    -5.200000077486038,
    -9.00000013411045,
    -9.400000140070915,
    -9.00000013411045,
    -4.200000062584877,
    -2.8000000417232513,
    -1.8000000268220901,
    -2.7000000402331352,
    -2.500000037252903,
    -2.3000000342726707,
    -3.6000000536441803,
    -3.6000000536441803,
    -6.200000092387199,
    -4.500000067055225,
    -1.5000000223517418,
    -1.700000025331974,
    -0.20000000298023224,
    0.10000000149011612
  ]
}