{
  "time": [
    1767225600000000000,
    1767312000000000000,
    1767398400000000000,
    1767484800000000000,
    1767571200000000000,
    1767657600000000000,
    1767744000000000000,
    1767830400000000000,
    1767916800000000000,
    1768003200000000000,
    1768089600000000000,
    1768176000000000000,
    1768262400000000000,
    1768348800000000000,
    1768435200000000000,
    1768521600000000000,
    1768608000000000000,
    1768694400000000000,
    1768780800000000000,
    1768867200000000000,
    1768953600000000000,
    1769040000000000000,
    1769126400000000000,
    1769212800000000000,
    1769299200000000000,
    1769385600000000000,
    1769472000000000000,
    1769558400000000000,
    1769644800000000000,
    1769731200000000000,
    1769817600000000000,
    1769904000000000000,
    1769990400000000000,
    1770076800000000000,
    1770163200000000000,
    1770249600000000000,
    1770336000000000000,
    1770422400000000000,
    1770508800000000000,
    1770595200000000000,
    1770681600000000000,
    1770768000000000000,
    1770854400000000000,
    1770940800000000000,
    1771027200000000000,
    1771113600000000000,
    1771200000000000000,
    1771286400000000000,
    1771372800000000000,
    1771459200000000000,
    1771545600000000000,
    1771632000000000000,
    1771718400000000000,
    1771804800000000000,
    1771891200000000000
  ],
  "hurs": [
    79.00000117719173,
    71.40000106394291,
    74.70000111311674,
    72.0000010728836,
    66.4000009894371,
    76.00000113248825,
    72.0000010728836,
    81.9000012204051,
    79.00000117719173,
    83.40000124275684,
    79.20000118017197,
    76.00000113248825,
    91.00000135600567,
    85.50000127404928,
    88.40000131726265,
    71.00000105798244,
    83.90000125020742,
    71.20000106096268,
    56.40000084042549,
    61.60000091791153,
    62.200000926852226,
    72.50000108033419,
    75.20000112056732,
    80.90000120550394,
    89.70000133663416,
    89.90000133961439,
    86.2000012844801,
    88.00000131130219,
    91.2000013589859,
    89.20000132918358,
    85.20000126957893,
    84.50000125914812,
    79.4000011831522,
    81.50000121444464,
    84.20000125467777,
    95.20000141859055,
    93.90000139921904,
    96.50000143796206,
    98.50000146776438,
    93.00000138580799,
    73.00000108778477,
    83.20000123977661,
    82.70000123232603,
    89.50000133365393,
    89.50000133365393,
    72.70000108331442,
    85.70000127702951,
    90.70000135153532,
    88.00000131130219,
    83.20000123977661,
    70.50000105053186,
    83.00000123679638,
    89.50000133365393,
    79.70000118762255,
    85.70000127702951
  ],
  "pr": [
    0.0,
    4.0,
    0.20000000298023224,
    0.4000000059604645,
    0.0,
    0.0,
    0.0,
    1.2999999523162842,
    3.5,
    0.4000000059604645,
    0.0,
    5.0,
    0.5,
    1.2999999523162842,
    0.0,
    0.0,
    0.0,
    0.0,
    0.0,
    0.0,
    0.0,
    0.0,
    0.0,
    0.0,
    2.4000000953674316,
    1.2000000476837158,
    0.0,
    0.10000000149011612,
    2.299999952316284,
    0.0,
    0.0,
    0.0,
    0.0,
    2.299999952316284,
    0.0,
    1.7999999523162842,
    0.0,
    2.5,
    0.20000000298023224,
    0.0,
    0.10000000149011612,
    4.900000095367432,
    3.200000047683716,
    1.2999999523162842,
    0.0,
    1.5,
    5.0,
    3.0999999046325684,
    1.100000023841858,
    0.0,
    0.5,
    2.799999952316284,
    17.0,
    4.800000190734863,
    0.8999999761581421
  ],
  "tas": [
    0.6000000089406967,
    0.5000000074505806,
    -1.1000000163912773,
    -1.3000000193715096,
    -3.400000050663948,
    -5.200000077486038,
    -6.200000092387199,
    -5.000000074505806,
    -0.4000000059604645,
    -6.500000096857548,
    -7.500000111758709,
    -2.3000000342726707,
    4.500000067055225,
    5.900000087916851,
    6.000000089406967,
    6.200000092387199,
    1.8000000268220901,
    1.600000023841858,
    0.20000000298023224,
    -2.1000000312924385,
    -2.2000000327825546,
    -5.000000074505806,
    -6.000000089406967,
    -4.400000065565109,
    -1.700000025331974,
    -1.8000000268220901,
    -0.6000000089406967,
    -0.5000000074505806,
    -1.600000023841858,
    -0.5000000074505806,
    -1.1000000163912773,
    -2.3000000342726707,
    -3.200000047683716,
    -2.500000037252903,
    0.800000011920929,
    -0.4000000059604645,
    1.700000025331974,
    2.7000000402331352,
    1.1000000163912773,
    1.3000000193715096,
    4.200000062584877,
    6.500000096857548,
    7.500000111758709,
    4.90000007301569,
    -0.5000000074505806,
    -3.0000000447034836,
    -0.9000000134110451,
    1.700000025331974,
    -0.5000000074505806,
    -3.200000047683716,
    -2.3000000342726707,
    5.200000077486038,
    9.00000013411045,
    8.100000120699406,
    5.500000081956387
  ],
  "tasmax": [
    1.3000000193715096,
    1.3000000193715096,
    0.0,
    -0.20000000298023224,
    -1.600000023841858,
    -3.200000047683716,
    -2.500000037252903,
    -1.1000000163912773,
    2.7000000402331352,
    -0.10000000149011612,
    -4.90000007301569,
    3.7000000551342964,
    6.70000009983778,
    7.500000111758709,
    9.300000138580799,
    12.400000184774399,
    4.200000062584877,
    5.000000074505806,
    3.9000000581145287,
    2.2000000327825546,
    3.200000047683716,
    -0.20000000298023224,
    -2.3000000342726707,
    -0.4000000059604645,
    1.1000000163912773,
    -0.5000000074505806,
    0.9000000134110451,
    1.8000000268220901,
    -0.6000000089406967,
    1.3000000193715096,
    1.600000023841858,
    -0.4000000059604645,
    -1.1000000163912773,
    -1.1000000163912773,
    4.500000067055225,
    1.0000000149011612,
    4.400000065565109,
    5.000000074505806,
    1.8000000268220901,
    3.9000000581145287,
    10.000000149011612,
    8.50000012665987,
    10.800000160932541,
    6.800000101327896,
    1.1000000163912773,
    -0.5000000074505806,
    2.600000038743019,
    3.400000050663948,
    1.3000000193715096,
    0.800000011920929,
    3.7000000551342964,
    8.100000120699406,
    11.000000163912773,
    11.300000168383121,
    8.100000120699406
  ],
  "tasmin": [
    -0.10000000149011612,
    -1.3000000193715096,
    -2.3000000342726707,
    -2.7000000402331352,
    -7.300000108778477,
    -8.600000128149986,
    -10.400000154972076,
    -10.500000156462193,
    -4.000000059604645,
    -11.500000171363354,
    -10.30000015348196,
    -10.800000160932541,
    2.8000000417232513,
    4.200000062584877,
    3.200000047683716,
    0.20000000298023224,
    -0.6000000089406967,
    -1.700000025331974,
    -2.7000000402331352,
    -4.700000070035458,
    -5.500000081956387,
    -9.00000013411045,
    -9.100000135600567,
    -8.900000132620335,
    -4.200000062584877,
    -2.8000000417232513,
    -2.0000000298023224,
    -2.2000000327825546,
    -2.500000037252903,
    -2.2000000327825546,
    -3.200000047683716,
    -3.6000000536441803,
    -6.200000092387199,
    -4.500000067055225,
    -1.5000000223517418,
    -1.700000025331974,
    -0.20000000298023224,
    0.10000000149011612,
    -0.10000000149011612,
    -0.5000000074505806,
    0.20000000298023224,
    3.6000000536441803,
    5.500000081956387,
    0.800000011920929,
    -2.500000037252903,
    -5.000000074505806,
    -4.700000070035458,
    0.5000000074505806,
    -5.000000074505806,
    -6.900000102818012,
    -8.00000011920929,
    1.8000000268220901,
    6.000000089406967,
    4.90000007301569,
    1.8000000268220901
  ]
}