{
  "time": [
    1767225600000000000,
    1767312000000000000,
    1767398400000000000,
    1767484800000000000,
    1767571200000000000,
    1767657600000000000,
    1767744000000000000,
    1767830400000000000,
    1767916800000000000,
    1768003200000000000,
    1768089600000000000,
    1768176000000000000,
    1768262400000000000,
    1768348800000000000,
    1768435200000000000,
    1768521600000000000,
    1768608000000000000,
    1768694400000000000,
    1768780800000000000,
    1768867200000000000,
    1768953600000000000,
    1769040000000000000,
    1769126400000000000,
    1769212800000000000,
    1769299200000000000,
    1769385600000000000,
    1769472000000000000,
    1769558400000000000,
    1769644800000000000,
    1769731200000000000,
    1769817600000000000,
    1769904000000000000,
    1769990400000000000,
    1770076800000000000,
    1770163200000000000,
    1770249600000000000,
    1770336000000000000,
    1770422400000000000,
    1770508800000000000,
    1770595200000000000,
    1770681600000000000,
    1770768000000000000,
    1770854400000000000,
    1770940800000000000,
    1771027200000000000,
    1771113600000000000,
    1771200000000000000,
    1771286400000000000,
    1771372800000000000,
    1771459200000000000,
    1771545600000000000,
    1771632000000000000,
    1771718400000000000,
    1771804800000000000,
    1771891200000000000,
    1771977600000000000,
    1772064000000000000,
    1772150400000000000,
    1772236800000000000,
    1772323200000000000,
    1772409600000000000,
    1772496000000000000,
    1772582400000000000,
    1772668800000000000,
    1772755200000000000,
    1772841600000000000,
    1772928000000000000,
    1773014400000000000,
    1773100800000000000,
    1773187200000000000,
    1773273600000000000,
    1773360000000000000,
    1773446400000000000,
    1773532800000000000,
    1773619200000000000,
    1773705600000000000,
    1773792000000000000,
    1773878400000000000,
    1773964800000000000,
    1774051200000000000,
    1774137600000000000,
    1774224000000000000,
    1774310400000000000,
    1774396800000000000,
    1774483200000000000
  ],
  "hurs": [
    79.00000117719173,
    71.40000106394291,
    74.70000111311674,
    72.0000010728836,
    66.4000009894371,
    76.00000113248825,
    72.0000010728836,
    81.9000012204051,
    79.00000117719173,
    83.40000124275684,
    79.20000118017197,
    76.00000113248825,
    91.00000135600567,
    85.50000127404928,
    88.40000131726265,
    71.00000105798244,
    83.90000125020742,
    71.20000106096268,
    56.40000084042549,
    61.60000091791153,
    62.200000926852226,
    72.50000108033419,
    75.20000112056732,
    80.90000120550394,
    89.70000133663416,
    89.90000133961439,
    86.2000012844801,
    88.00000131130219,
    91.2000013589859,
    89.20000132918358,
    85.20000126957893,
    81.50000121444464,
    80.20000119507313,
    81.50000121444464,
    84.50000125914812,
    95.40000142157078,
    93.90000139921904,
    96.70000144094229,
    98.70000147074461,
    92.20000137388706,
    73.00000108778477,
    84.20000125467777,
    83.20000123977661,
    90.00000134110451,
    90.00000134110451,
    73.200001090765,
    86.90000129491091,
    91.2000013589859,
    88.90000132471323,
    80.70000120252371,
    71.70000106841326,
    82.5000012293458,
    90.00000134110451,
    80.0000011920929,
    85.70000127702951,
    79.00000117719173,
    75.90000113099813,
    64.70000096410513,
    58.400000870227814,
    63.20000094175339,
    60.10000089555979,
    63.20000094175339,
    74.20000110566616,
    66.90000099688768,
    56.70000084489584,
    64.5000009611249,
    58.00000086426735,
    57.40000085532665,
    62.70000093430281,
    68.70000102370977,
    70.00000104308128,
    55.2000008225441,
    65.70000097900629,
    91.00000135600567,
    85.70000127702951,
    68.90000102669,
    67.70000100880861,
    69.40000103414059,
    77.70000115782022,
    87.5000013038516,
    63.70000094920397,
    60.10000089555979,
    56.10000083595514,
    67.20000100135803,
    80.20000119507313
  ]
}