{
  "time": [
    1767268800000000000,
    1767355200000000000,
    1767441600000000000
  ],
  "hurs": [
    79.00000117719173,
    71.00000105798244,
    74.70000111311674
  ]
}