{
  "time": [
    1767225600000000000,
    1767312000000000000,
    1767398400000000000,
    1767484800000000000,
    1767571200000000000,
    1767657600000000000,
    1767744000000000000,
    1767830400000000000,
    1767916800000000000,
    1768003200000000000,
    1768089600000000000,
    1768176000000000000,
    1768262400000000000,
    1768348800000000000,
    1768435200000000000,
    1768521600000000000,
    1768608000000000000,
    1768694400000000000,
    1768780800000000000,
    1768867200000000000,
    1768953600000000000,
    1769040000000000000,
    1769126400000000000,
    1769212800000000000,
    1769299200000000000,
    1769385600000000000,
    1769472000000000000,
    1769558400000000000,
    1769644800000000000,
    1769731200000000000,
    1769817600000000000,
    1769904000000000000,
    1769990400000000000,
    1770076800000000000,
    1770163200000000000
  ],
  "hurs": [
    78.70000117272139,
    71.20000106096268,
    74.70000111311674,
    72.50000108033419,
    66.20000098645687,
    76.50000113993883,
    71.70000106841326,
    81.70000121742487,
    79.50000118464231,
    83.50000124424696,
    79.20000118017197,
    76.20000113546848,
    90.50000134855509,
    85.70000127702951,
    88.20000131428242,
    72.0000010728836,
    82.5000012293458,
    71.70000106841326,
    55.60000082850456,
    62.200000926852226,
    62.200000926852226,
    72.70000108331442,
    76.20000113546848,
    80.50000119954348,
    89.40000133216381,
    88.90000132471323,
    86.40000128746033,
    89.90000133961439,
    90.40000134706497,
    88.90000132471323,
    84.50000125914812,
    84.50000125914812,
    79.4000011831522,
    81.50000121444464,
    84.20000125467777
  ]
}