{
  "time": [
    1767225600000000000,
    1767312000000000000,
    1767398400000000000,
    1767484800000000000,
    1767571200000000000,
    1767657600000000000,
    1767744000000000000,
    1767830400000000000,
    1767916800000000000,
    1768003200000000000,
    1768089600000000000,
    1768176000000000000,
    1768262400000000000,
    1768348800000000000,
    1768435200000000000,
    1768521600000000000,
    1768608000000000000,
    1768694400000000000,
    1768780800000000000,
    1768867200000000000,
    1768953600000000000,
    1769040000000000000,
    1769126400000000000,
    1769212800000000000,
    1769299200000000000,
    1769385600000000000,
    1769472000000000000,
    1769558400000000000,
    1769644800000000000,
    1769731200000000000,
    1769817600000000000,
    1769904000000000000,
    1769990400000000000,
    1770076800000000000,
    1770163200000000000,
    1770249600000000000,
    1770336000000000000,
    1770422400000000000,
    1770508800000000000,
    1770595200000000000,
    1770681600000000000,
    1770768000000000000,
    1770854400000000000,
    1770940800000000000,
    1771027200000000000,
    1771113600000000000,
    1771200000000000000,
    1771286400000000000,
    1771372800000000000,
    1771459200000000000,
    1771545600000000000,
    1771632000000000000,
    1771718400000000000,
    1771804800000000000
  ],
  "hurs": [
    79.00000117719173,
    71.40000106394291,
    74.70000111311674,
    72.0000010728836,
    66.4000009894371,
    76.00000113248825,
    72.0000010728836,
    81.9000012204051,
    79.00000117719173,
    83.40000124275684,
    79.20000118017197,
    76.00000113248825,
    91.00000135600567,
    85.50000127404928,
    88.40000131726265,
    71.00000105798244,
    83.90000125020742,
    71.20000106096268,
    56.40000084042549,
    61.60000091791153,
    62.200000926852226,
    72.50000108033419,
    75.20000112056732,
    80.90000120550394,
    89.70000133663416,
    89.90000133961439,
    86.2000012844801,
    88.00000131130219,
    91.2000013589859,
    89.20000132918358,
    85.20000126957893,
    84.50000125914812,
    79.4000011831522,
    81.50000121444464,
    84.20000125467777,
    95.20000141859055,
    93.90000139921904,
    96.50000143796206,
    98.50000146776438,
    93.00000138580799,
    73.00000108778477,
    83.20000123977661,
    82.70000123232603,
    89.50000133365393,
    89.50000133365393,
    72.70000108331442,
    85.70000127702951,
    90.70000135153532,
    88.00000131130219,
    83.20000123977661,
    70.50000105053186,
    83.00000123679638,
    89.50000133365393,
    79.70000118762255
  ]
}