{
  "time": [
    1767225600000000000,
    1767312000000000000,
    1767398400000000000,
    1767484800000000000,
    1767571200000000000,
    1767657600000000000,
    1767744000000000000,
    1767830400000000000,
    1767916800000000000,
    1768003200000000000,
    1768089600000000000,
    1768176000000000000,
    1768262400000000000,
    1768348800000000000,
    1768435200000000000,
    1768521600000000000,
    1768608000000000000,
    1768694400000000000,
    1768780800000000000,
    1768867200000000000,
    1768953600000000000,
    1769040000000000000,
    1769126400000000000,
    1769212800000000000,
    1769299200000000000,
    1769385600000000000,
    1769472000000000000,
    1769558400000000000,
    1769644800000000000,
    1769731200000000000,
    1769817600000000000,
    1769904000000000000,
    1769990400000000000,
    1770076800000000000,
    1770163200000000000,
    1770249600000000000
  ],
  "tas": [
    0.6000000089406967,
    0.5000000074505806,
    -1.1000000163912773,
    -1.3000000193715096,
    -3.400000050663948,
    -5.200000077486038,
    -6.200000092387199,
    -5.000000074505806,
    -0.4000000059604645,
    -6.500000096857548,
    -7.500000111758709,
    -2.3000000342726707,
    4.500000067055225,
    5.900000087916851,
    6.000000089406967,
    6.200000092387199,
    2.0000000298023224,
    1.5000000223517418,
    0.4000000059604645,
    -2.2000000327825546,
    -2.2000000327825546,
    -5.000000074505806,
    -6.200000092387199,
    -4.500000067055225,
    -1.700000025331974,
    -1.700000025331974,
    -0.6000000089406967,
    -0.800000011920929,
    -1.600000023841858,
    -0.6000000089406967,
    -1.1000000163912773,
    -2.3000000342726707,
    -3.200000047683716,
    -2.500000037252903,
    0.800000011920929,
    -0.4000000059604645
  ]
}