{
  "time": [
    1767268800000000000,
    1767355200000000000,
    1767441600000000000
  ],
  "tasmax": [
    1.3000000193715096,
    1.5000000223517418,
    0.10000000149011612
  ]
}