{
  "time": [
    1767225600000000000,
    1767312000000000000,
    1767398400000000000,
    1767484800000000000,
    1767571200000000000,
    1767657600000000000,
    1767744000000000000,
    1767830400000000000,
    1767916800000000000,
    1768003200000000000,
    1768089600000000000,
    1768176000000000000,
    1768262400000000000,
    1768348800000000000,
    1768435200000000000,
    1768521600000000000,
    1768608000000000000,
    1768694400000000000,
    1768780800000000000,
    1768867200000000000,
    1768953600000000000,
    1769040000000000000,
    1769126400000000000,
    1769212800000000000,
    1769299200000000000,
    1769385600000000000,
    1769472000000000000,
    1769558400000000000,
    1769644800000000000,
    1769731200000000000,
    1769817600000000000,
    1769904000000000000,
    1769990400000000000,
    1770076800000000000,
    1770163200000000000,
    1770249600000000000,
    1770336000000000000,
    1770422400000000000,
    1770508800000000000
  ],
  "tasmax": [
    1.3000000193715096,
    1.5000000223517418,
    0.10000000149011612,
    -0.20000000298023224,
    -1.600000023841858,
    -3.200000047683716,
    -2.500000037252903,
    -1.1000000163912773,
    2.7000000402331352,
    0.10000000149011612,
    -4.700000070035458,
    3.6000000536441803,
    6.70000009983778,
    7.500000111758709,
    9.300000138580799,
    12.400000184774399,
    4.400000065565109,
    5.000000074505806,
    4.200000062584877,
    2.1000000312924385,
    3.1000000461935997,
    -0.20000000298023224,
    -2.500000037252903,
    -0.4000000059604645,
    1.1000000163912773,
    -0.4000000059604645,
    0.9000000134110451,
    1.5000000223517418,
    -0.6000000089406967,
    1.3000000193715096,
    1.600000023841858,
    -0.4000000059604645,
    -1.1000000163912773,
    -1.1000000163912773,
    4.500000067055225,
    1.0000000149011612,
    4.400000065565109,
    5.000000074505806,
    1.8000000268220901
  ]
}