{
  "time": [
    1767268800000000000,
    1767355200000000000,
    1767441600000000000
  ],
  "tasmin": [
    -0.10000000149011612,
    -1.5000000223517418,
    -2.3000000342726707
  ]
}