{
  "time": [
    1767225600000000000,
    1767312000000000000,
    1767398400000000000,
    1767484800000000000,
    1767571200000000000,
    1767657600000000000,
    1767744000000000000,
    1767830400000000000,
    1767916800000000000,
    1768003200000000000,
    1768089600000000000,
    1768176000000000000,
    1768262400000000000,
    1768348800000000000,
    1768435200000000000,
    1768521600000000000,
    1768608000000000000,
    1768694400000000000,
    1768780800000000000,
    1768867200000000000,
    1768953600000000000,
    1769040000000000000,
    1769126400000000000,
    1769212800000000000,
    1769299200000000000,
    1769385600000000000,
    1769472000000000000,
    1769558400000000000,
    1769644800000000000,
    1769731200000000000,
    1769817600000000000,
    1769904000000000000,
    1769990400000000000,
    1770076800000000000,
    1770163200000000000,
    1770249600000000000,
    1770336000000000000,
    1770422400000000000,
    1770508800000000000,
    1770595200000000000,
    1770681600000000000,
    1770768000000000000,
    1770854400000000000,
    1770940800000000000,
    1771027200000000000,
    1771113600000000000,
    1771200000000000000,
    1771286400000000000,
    1771372800000000000,
    1771459200000000000,
    1771545600000000000
  ],
  "tasmin": [
    -0.10000000149011612,
    -1.3000000193715096,
    -2.3000000342726707,
    -2.7000000402331352,
    -7.300000108778477,
    -8.600000128149986,
    -10.400000154972076,
    -10.500000156462193,
    -4.000000059604645,
    -11.500000171363354,
    -10.30000015348196,
    -10.800000160932541,
    2.8000000417232513,
    4.200000062584877,
    3.200000047683716,
    0.20000000298023224,
    -0.6000000089406967,
    -1.700000025331974,
    -2.7000000402331352,
    -4.700000070035458,
    -5.500000081956387,
    -9.00000013411045,
    -9.100000135600567,
    -8.900000132620335,
    -4.200000062584877,
    -2.8000000417232513,
    -2.0000000298023224,
    -2.2000000327825546,
    -2.500000037252903,
    -2.2000000327825546,
    -3.200000047683716,
    -3.6000000536441803,
    -6.200000092387199,
    -4.500000067055225,
    -1.5000000223517418,
    -1.700000025331974,
    -0.20000000298023224,
    0.10000000149011612,
    -0.10000000149011612,
    -0.5000000074505806,
    0.20000000298023224,
    3.6000000536441803,
    5.500000081956387,
    0.800000011920929,
    -2.500000037252903,
    -5.000000074505806,
    -4.700000070035458,
    0.5000000074505806,
    -5.000000074505806,
    -6.900000102818012,
    -8.00000011920929
  ]
}