{
  "time": [
    1767225600000000000,
    1767312000000000000,
    1767398400000000000,
    1767484800000000000,
    1767571200000000000,
    1767657600000000000,
    1767744000000000000,
    1767830400000000000,
    1767916800000000000,
    1768003200000000000,
    1768089600000000000,
    1768176000000000000,
    1768262400000000000,
    1768348800000000000,
    1768435200000000000,
    1768521600000000000,
    1768608000000000000,
    1768694400000000000,
    1768780800000000000,
    1768867200000000000,
    1768953600000000000,
    1769040000000000000,
    1769126400000000000,
    1769212800000000000,
    1769299200000000000,
    1769385600000000000,
    1769472000000000000,
    1769558400000000000,
    1769644800000000000,
    1769731200000000000,
    1769817600000000000,
    1769904000000000000,
    1769990400000000000,
    1770076800000000000
  ],
  "hurs": [
    77.50000115483999,
    79.20000118017197,
    77.00000114738941,
    76.9000011458993,
    83.50000124424696,
    87.00000129640102,
    83.50000124424696,
    92.70000138133764,
    86.50000128895044,
    84.90000126510859,
    82.00000122189522,
    95.40000142157078,
    93.20000138878822,
    91.2000013589859,
    90.00000134110451,
    79.4000011831522,
    86.70000129193068,
    86.90000129491091,
    90.50000134855509,
    89.70000133663416,
    84.50000125914812,
    72.20000107586384,
    68.50000102072954,
    69.20000103116035,
    83.00000123679638,
    84.50000125914812,
    88.50000131875277,
    96.50000143796206,
    96.70000144094229,
    95.90000142902136,
    92.00000137090683,
    93.40000139176846,
    80.50000119954348,
    88.700001321733
  ],
  "pr": [
    3.4000000953674316,
    0.8999999761581421,
    0.10000000149011612,
    0.0,
    1.100000023841858,
    0.0,
    0.4000000059604645,
    17.100000381469727,
    5.199999809265137,
    0.699999988079071,
    2.0,
    2.9000000953674316,
    0.20000000298023224,
    2.0,
    0.0,
    0.0,
    0.0,
    0.0,
    0.0,
    0.0,
    0.0,
    0.0,
    0.0,
    0.0,
    0.10000000149011612,
    0.0,
    4.800000190734863,
    8.399999618530273,
    2.799999952316284,
    0.8999999761581421,
    0.10000000149011612,
    0.8999999761581421,
    0.800000011920929,
    12.100000381469727
  ],
  "tas": [
    1.700000025331974,
    1.1000000163912773,
    -0.6000000089406967,
    -1.8000000268220901,
    -4.500000067055225,
    -3.200000047683716,
    -3.0000000447034836,
    0.20000000298023224,
    3.9000000581145287,
    -0.4000000059604645,
    -4.000000059604645,
    0.6000000089406967,
    5.200000077486038,
    7.200000107288361,
    8.00000011920929,
    8.00000011920929,
    2.7000000402331352,
    1.8000000268220901,
    0.4000000059604645,
    -1.1000000163912773,
    -1.8000000268220901,
    -1.1000000163912773,
    0.0,
    0.0,
    -2.1000000312924385,
    0.5000000074505806,
    2.1000000312924385,
    2.3000000342726707,
    0.6000000089406967,
    1.1000000163912773,
    2.7000000402331352,
    2.8000000417232513,
    2.2000000327825546,
    0.20000000298023224
  ],
  "tasmax": [
    3.0000000447034836,
    2.8000000417232513,
    0.6000000089406967,
    1.600000023841858,
    -2.600000038743019,
    -1.3000000193715096,
    -1.3000000193715096,
    1.600000023841858,
    6.400000095367432,
    2.2000000327825546,
    -0.9000000134110451,
    5.000000074505806,
    7.700000114738941,
    9.900000147521496,
    11.000000163912773,
    12.800000190734863,
    5.700000084936619,
    3.7000000551342964,
    1.3000000193715096,
    1.3000000193715096,
    0.6000000089406967,
    1.1000000163912773,
    2.2000000327825546,
    2.8000000417232513,
    -0.6000000089406967,
    2.500000037252903,
    4.700000070035458,
    4.000000059604645,
    1.3000000193715096,
    2.3000000342726707,
    4.500000067055225,
    4.200000062584877,
    4.000000059604645,
    1.3000000193715096
  ],
  "tasmin": [
    0.6000000089406967,
    -1.1000000163912773,
    -2.500000037252903,
    -6.000000089406967,
    -7.700000114738941,
    -5.000000074505806,
    -5.4000000804662704,
    -1.700000025331974,
    1.3000000193715096,
    -3.7000000551342964,
    -8.50000012665987,
    -1.600000023841858,
    3.0000000447034836,
    3.200000047683716,
    5.200000077486038,
    3.200000047683716,
    0.800000011920929,
    -0.800000011920929,
    -1.8000000268220901,
    -3.200000047683716,
    -4.700000070035458,
    -4.200000062584877,
    -2.2000000327825546,
    -3.6000000536441803,
    -4.500000067055225,
    -1.1000000163912773,
    -0.20000000298023224,
    0.5000000074505806,
    0.10000000149011612,
    0.10000000149011612,
    1.600000023841858,
    1.600000023841858,
    0.6000000089406967,
    -0.6000000089406967
  ]
}