{
  "time": [
    1767268800000000000,
    1767355200000000000,
    1767441600000000000
  ],
  "hurs": [
    78.00000116229057,
    79.4000011831522,
    78.2000011652708
  ],
  "pr": [
    2.799999952316284,
    1.100000023841858,
    0.0
  ],
  "tas": [
    1.600000023841858,
    1.1000000163912773,
    -0.800000011920929
  ],
  "tasmax": [
    2.8000000417232513,
    2.8000000417232513,
    0.5000000074505806
  ],
  "tasmin": [
    0.5000000074505806,
    -1.3000000193715096,
    -2.7000000402331352
  ]
}