{
  "time": [
    1767225600000000000,
    1767312000000000000,
    1767398400000000000,
    1767484800000000000,
    1767571200000000000,
    1767657600000000000,
    1767744000000000000,
    1767830400000000000,
    1767916800000000000,
    1768003200000000000,
    1768089600000000000,
    1768176000000000000,
    1768262400000000000,
    1768348800000000000,
    1768435200000000000,
    1768521600000000000,
    1768608000000000000,
    1768694400000000000,
    1768780800000000000,
    1768867200000000000,
    1768953600000000000,
    1769040000000000000,
    1769126400000000000,
    1769212800000000000,
    1769299200000000000,
    1769385600000000000,
    1769472000000000000,
    1769558400000000000,
    1769644800000000000,
    1769731200000000000,
    1769817600000000000,
    1769904000000000000,
    1769990400000000000,
    1770076800000000000,
    1770163200000000000,
    1770249600000000000,
    1770336000000000000,
    1770422400000000000,
    1770508800000000000,
    1770595200000000000,
    1770681600000000000,
    1770768000000000000,
    1770854400000000000,
    1770940800000000000,
    1771027200000000000,
    1771113600000000000,
    1771200000000000000,
    1771286400000000000,
    1771372800000000000,
    1771459200000000000,
    1771545600000000000,
    1771632000000000000,
    1771718400000000000,
    1771804800000000000,
    1771891200000000000,
    1771977600000000000,
    1772064000000000000,
    1772150400000000000,
    1772236800000000000
  ],
  "hurs": [
    78.40000116825104,
    78.70000117272139,
    77.00000114738941,
    77.00000114738941,
    83.70000124722719,
    87.20000129938126,
    82.5000012293458,
    92.70000138133764,
    85.70000127702951,
    84.90000126510859,
    81.20000120997429,
    93.90000139921904,
    93.20000138878822,
    90.50000134855509,
    90.50000134855509,
    79.70000118762255,
    86.00000128149986,
    87.00000129640102,
    90.70000135153532,
    90.00000134110451,
    84.70000126212835,
    72.20000107586384,
    69.20000103116035,
    69.70000103861094,
    82.5000012293458,
    85.0000012665987,
    88.90000132471323,
    94.40000140666962,
    96.2000014334917,
    94.50000140815973,
    92.4000013768673,
    93.40000139176846,
    80.50000119954348,
    88.700001321733,
    92.50000137835741,
    87.20000129938126,
    91.00000135600567,
    94.20000140368938,
    94.40000140666962,
    90.00000134110451,
    92.50000137835741,
    92.00000137090683,
    86.70000129193068,
    84.00000125169754,
    81.50000121444464,
    76.00000113248825,
    87.5000013038516,
    79.70000118762255,
    72.40000107884407,
    92.00000137090683,
    83.00000123679638,
    89.50000133365393,
    89.00000132620335,
    75.00000111758709,
    91.90000136941671,
    92.70000138133764,
    96.2000014334917,
    83.00000123679638,
    72.0000010728836
  ],
  "pr": [
    3.4000000953674316,
    0.8999999761581421,
    0.10000000149011612,
    0.0,
    1.100000023841858,
    0.0,
    0.4000000059604645,
    17.100000381469727,
    5.199999809265137,
    0.699999988079071,
    2.0,
    2.9000000953674316,
    0.20000000298023224,
    2.0,
    0.0,
    0.0,
    0.0,
    0.0,
    0.0,
    0.0,
    0.0,
    0.0,
    0.0,
    0.0,
    0.10000000149011612,
    0.0,
    4.800000190734863,
    8.399999618530273,
    2.700000047683716,
    0.8999999761581421,
    0.10000000149011612,
    1.0,
    0.8999999761581421,
    13.5,
    0.0,
    0.0,
    1.0,
    0.0,
    0.0,
    0.0,
    5.5,
    12.0,
    4.800000190734863,
    0.20000000298023224,
    0.10000000149011612,
    12.100000381469727,
    5.099999904632568,
    1.399999976158142,
    7.800000190734863,
    3.0999999046325684,
    2.0999999046325684,
    7.0,
    5.300000190734863,
    1.600000023841858,
    0.699999988079071,
    0.0,
    0.10000000149011612,
    0.0,
    0.0
  ],
  "tas": [
    1.600000023841858,
    1.1000000163912773,
    -0.6000000089406967,
    -1.8000000268220901,
    -4.500000067055225,
    -3.200000047683716,
    -2.8000000417232513,
    0.20000000298023224,
    4.000000059604645,
    -0.4000000059604645,
    -4.000000059604645,
    0.800000011920929,
    5.200000077486038,
    7.300000108778477,
    8.00000011920929,
    8.00000011920929,
    2.8000000417232513,
    1.8000000268220901,
    0.4000000059604645,
    -1.1000000163912773,
    -1.8000000268220901,
    -1.1000000163912773,
    -0.10000000149011612,
    0.0,
    -2.0000000298023224,
    0.4000000059604645,
    2.1000000312924385,
    2.600000038743019,
    0.6000000089406967,
    1.3000000193715096,
    2.7000000402331352,
    2.8000000417232513,
    2.2000000327825546,
    0.20000000298023224,
    1.8000000268220901,
    2.2000000327825546,
    2.1000000312924385,
    4.90000007301569,
    3.6000000536441803,
    3.0000000447034836,
    3.9000000581145287,
    9.00000013411045,
    8.400000125169754,
    7.400000110268593,
    2.7000000402331352,
    1.1000000163912773,
    3.500000052154064,
    4.000000059604645,
    2.8000000417232513,
    1.0000000149011612,
    2.0000000298023224,
    8.00000011920929,
    11.000000163912773,
    10.500000156462193,
    9.600000143051147,
    9.600000143051147,
    8.00000011920929,
    10.000000149011612,
    9.80000014603138
  ],
  "tasmax": [
    2.8000000417232513,
    2.8000000417232513,
    0.6000000089406967,
    1.600000023841858,
    -2.600000038743019,
    -1.3000000193715096,
    -1.1000000163912773,
    1.600000023841858,
    6.500000096857548,
    2.2000000327825546,
    -0.9000000134110451,
    5.000000074505806,
    7.700000114738941,
    9.900000147521496,
    11.000000163912773,
    12.90000019222498,
    5.700000084936619,
    3.9000000581145287,
    1.3000000193715096,
    1.3000000193715096,
    0.800000011920929,
    1.1000000163912773,
    2.1000000312924385,
    2.8000000417232513,
    -0.5000000074505806,
    2.3000000342726707,
    4.700000070035458,
    4.400000065565109,
    1.3000000193715096,
    2.600000038743019,
    4.500000067055225,
    4.200000062584877,
    4.000000059604645,
    1.3000000193715096,
    4.400000065565109,
    3.500000052154064,
    3.1000000461935997,
    10.100000150501728,
    5.700000084936619,
    5.000000074505806,
    8.00000011920929,
    11.500000171363354,
    10.400000154972076,
    9.500000141561031,
    5.200000077486038,
    3.500000052154064,
    7.000000104308128,
    7.000000104308128,
    5.500000081956387,
    2.500000037252903,
    5.4000000804662704,
    10.100000150501728,
    13.100000195205212,
    13.000000193715096,
    11.500000171363354,
    13.600000202655792,
    10.500000156462193,
    18.30000027269125,
    14.600000217556953
  ],