{
  "time": [
    1767268800000000000
  ],
  "hurs": [
    78.00000116229057
  ],
  "pr": [
    2.799999952316284
  ],
  "tas": [
    1.600000023841858
  ],
  "tasmax": [
    2.8000000417232513
  ],
  "tasmin": [
    0.5000000074505806
  ]
}