{
  "time": [
    1767225600000000000,
    1767312000000000000,
    1767398400000000000,
    1767484800000000000,
    1767571200000000000,
    1767657600000000000,
    1767744000000000000,
    1767830400000000000,
    1767916800000000000,
    1768003200000000000,
    1768089600000000000,
    1768176000000000000,
    1768262400000000000,
    1768348800000000000,
    1768435200000000000,
    1768521600000000000,
    1768608000000000000,
    1768694400000000000,
    1768780800000000000,
    1768867200000000000,
    1768953600000000000,
    1769040000000000000,
    1769126400000000000,
    1769212800000000000,
    1769299200000000000,
    1769385600000000000,
    1769472000000000000,
    1769558400000000000,
    1769644800000000000,
    1769731200000000000,
    1769817600000000000,
    1769904000000000000,
    1769990400000000000,
    1770076800000000000,
    1770163200000000000,
    1770249600000000000,
    1770336000000000000,
    1770422400000000000,
    1770508800000000000,
    1770595200000000000,
    1770681600000000000,
    1770768000000000000,
    1770854400000000000,
    1770940800000000000,
    1771027200000000000,
    1771113600000000000,
    1771200000000000000,
    1771286400000000000,
    1771372800000000000,
    1771459200000000000,
    1771545600000000000,
    1771632000000000000,
    1771718400000000000,
    1771804800000000000,
    1771891200000000000,
    1771977600000000000,
    1772064000000000000,
    1772150400000000000
  ],
  "hurs": [
    78.40000116825104,
    78.70000117272139,
    77.00000114738941,
    77.00000114738941,
    83.70000124722719,
    87.20000129938126,
    82.5000012293458,
    92.70000138133764,
    85.70000127702951,
    84.90000126510859,
    81.20000120997429,
    93.90000139921904,
    93.20000138878822,
    90.50000134855509,
    90.50000134855509,
    79.70000118762255,
    86.00000128149986,
    87.00000129640102,
    90.70000135153532,
    90.00000134110451,
    84.70000126212835,
    72.20000107586384,
    69.20000103116035,
    69.70000103861094,
    82.5000012293458,
    85.0000012665987,
    88.90000132471323,
    94.40000140666962,
    96.2000014334917,
    94.50000140815973,
    92.4000013768673,
    93.40000139176846,
    80.50000119954348,
    88.700001321733,
    92.50000137835741,
    87.20000129938126,
    91.00000135600567,
    94.20000140368938,
    94.40000140666962,
    90.00000134110451,
    92.50000137835741,
    92.00000137090683,
    86.70000129193068,
    84.00000125169754,
    81.50000121444464,
    76.00000113248825,
    87.5000013038516,
    79.70000118762255,
    72.40000107884407,
    92.00000137090683,
    83.00000123679638,
    89.50000133365393,
    89.00000132620335,
    75.00000111758709,
    91.90000136941671,
    92.70000138133764,
    96.2000014334917,
    83.00000123679638
  ]
}