{
  "time": [
    1767268800000000000,
    1767355200000000000,
    1767441600000000000
  ],
  "hurs": [
    78.00000116229057,
    79.4000011831522,
    78.2000011652708
  ]
}