{
  "time": [
    1767225600000000000,
    1767312000000000000,
    1767398400000000000,
    1767484800000000000,
    1767571200000000000,
    1767657600000000000,
    1767744000000000000,
    1767830400000000000,
    1767916800000000000,
    1768003200000000000,
    1768089600000000000,
    1768176000000000000,
    1768262400000000000,
    1768348800000000000,
    1768435200000000000,
    1768521600000000000,
    1768608000000000000,
    1768694400000000000,
    1768780800000000000,
    1768867200000000000,
    1768953600000000000,
    1769040000000000000,
    1769126400000000000,
    1769212800000000000,
    1769299200000000000,
    1769385600000000000,
    1769472000000000000,
    1769558400000000000,
    1769644800000000000,
    1769731200000000000,
    1769817600000000000,
    1769904000000000000,
    1769990400000000000,
    1770076800000000000,
    1770163200000000000,
    1770249600000000000,
    1770336000000000000,
    1770422400000000000,
    1770508800000000000,
    1770595200000000000,
    1770681600000000000,
    1770768000000000000,
    1770854400000000000
  ],
  "hurs": [
    77.50000115483999,
    79.20000118017197,
    77.00000114738941,
    76.9000011458993,
    83.50000124424696,
    87.00000129640102,
    83.50000124424696,
    92.70000138133764,
    86.50000128895044,
    84.90000126510859,
    82.00000122189522,
    95.40000142157078,
    93.20000138878822,
    91.2000013589859,
    90.00000134110451,
    79.4000011831522,
    86.70000129193068,
    86.90000129491091,
    90.50000134855509,
    89.70000133663416,
    84.50000125914812,
    72.20000107586384,
    68.50000102072954,
    69.20000103116035,
    83.00000123679638,
    84.50000125914812,
    88.50000131875277,
    96.50000143796206,
    96.70000144094229,
    95.90000142902136,
    92.00000137090683,
    93.40000139176846,
    80.50000119954348,
    88.700001321733,
    92.50000137835741,
    87.20000129938126,
    91.00000135600567,
    94.20000140368938,
    94.40000140666962,
    90.00000134110451,
    92.50000137835741,
    92.00000137090683,
    86.70000129193068
  ]
}