{
  "time": [
    1767225600000000000,
    1767312000000000000,
    1767398400000000000,
    1767484800000000000,
    1767571200000000000,
    1767657600000000000,
    1767744000000000000,
    1767830400000000000,
    1767916800000000000,
    1768003200000000000,
    1768089600000000000,
    1768176000000000000,
    1768262400000000000,
    1768348800000000000,
    1768435200000000000,
    1768521600000000000,
    1768608000000000000,
    1768694400000000000,
    1768780800000000000,
    1768867200000000000,
    1768953600000000000,
    1769040000000000000,
    1769126400000000000,
    1769212800000000000,
    1769299200000000000,
    1769385600000000000,
    1769472000000000000,
    1769558400000000000,
    1769644800000000000,
    1769731200000000000,
    1769817600000000000,
    1769904000000000000,
    1769990400000000000,
    1770076800000000000
  ],
  "tas": [
    1.700000025331974,
    1.1000000163912773,
    -0.6000000089406967,
    -1.8000000268220901,
    -4.500000067055225,
    -3.200000047683716,
    -3.0000000447034836,
    0.20000000298023224,
    3.9000000581145287,
    -0.4000000059604645,
    -4.000000059604645,
    0.6000000089406967,
    5.200000077486038,
    7.200000107288361,
    8.00000011920929,
    8.00000011920929,
    2.7000000402331352,
    1.8000000268220901,
    0.4000000059604645,
    -1.1000000163912773,
    -1.8000000268220901,
    -1.1000000163912773,
    0.0,
    0.0,
    -2.1000000312924385,
    0.5000000074505806,
    2.1000000312924385,
    2.3000000342726707,
    0.6000000089406967,
    1.1000000163912773,
    2.7000000402331352,
    2.8000000417232513,
    2.2000000327825546,
    0.20000000298023224
  ]
}