{
  "time": [
    1767225600000000000,
    1767312000000000000,
    1767398400000000000,
    1767484800000000000,
    1767571200000000000,
    1767657600000000000,
    1767744000000000000,
    1767830400000000000,
    1767916800000000000,
    1768003200000000000,
    1768089600000000000,
    1768176000000000000,
    1768262400000000000,
    1768348800000000000,
    1768435200000000000,
    1768521600000000000,
    1768608000000000000,
    1768694400000000000,
    1768780800000000000,
    1768867200000000000,
    1768953600000000000,
    1769040000000000000,
    1769126400000000000,
    1769212800000000000,
    1769299200000000000,
    1769385600000000000,
    1769472000000000000,
    1769558400000000000,
    1769644800000000000,
    1769731200000000000,
    1769817600000000000,
    1769904000000000000,
    1769990400000000000,
    1770076800000000000,
    1770163200000000000,
    1770249600000000000,
    1770336000000000000,
    1770422400000000000,
    1770508800000000000,
    1770595200000000000,
    1770681600000000000,
    1770768000000000000,
    1770854400000000000
  ],
  "tasmax": [
    3.0000000447034836,
    2.8000000417232513,
    0.6000000089406967,
    1.600000023841858,
    -2.600000038743019,
    -1.3000000193715096,
    -1.3000000193715096,
    1.600000023841858,
    6.400000095367432,
    2.2000000327825546,
    -0.9000000134110451,
    5.000000074505806,
    7.700000114738941,
    9.900000147521496,
    11.000000163912773,
    12.800000190734863,
    5.700000084936619,
    3.7000000551342964,
    1.3000000193715096,
    1.3000000193715096,
    0.6000000089406967,
    1.1000000163912773,
    2.2000000327825546,
    2.8000000417232513,
    -0.6000000089406967,
    2.500000037252903,
    4.700000070035458,
    4.000000059604645,
    1.3000000193715096,
    2.3000000342726707,
    4.500000067055225,
    4.200000062584877,
    4.000000059604645,
    1.3000000193715096,
    4.400000065565109,
    3.500000052154064,
    3.1000000461935997,
    10.100000150501728,
    5.700000084936619,
    5.000000074505806,
    8.00000011920929,
    11.500000171363354,
    10.400000154972076
  ]
}