{
  "time": [
    1767268800000000000,
    1767355200000000000,
    1767441600000000000
  ],
  "tasmax": [
    2.8000000417232513,
    2.8000000417232513,
    0.5000000074505806
  ]
}