{
  "time": [
    1767225600000000000,
    1767312000000000000,
    1767398400000000000,
    1767484800000000000,
    1767571200000000000,
    1767657600000000000,
    1767744000000000000,
    1767830400000000000,
    1767916800000000000,
    1768003200000000000,
    1768089600000000000,
    1768176000000000000,
    1768262400000000000,
    1768348800000000000,
    1768435200000000000,
    1768521600000000000,
    1768608000000000000,
    1768694400000000000,
    1768780800000000000,
    1768867200000000000,
    1768953600000000000,
    1769040000000000000,
    1769126400000000000,
    1769212800000000000,
    1769299200000000000,
    1769385600000000000,
    1769472000000000000,
    1769558400000000000,
    1769644800000000000,
    1769731200000000000,
    1769817600000000000,
    1769904000000000000,
    1769990400000000000,
    1770076800000000000,
    1770163200000000000,
    1770249600000000000,
    1770336000000000000,
    1770422400000000000,
    1770508800000000000
  ],
  "hurs": [
    82.20000122487545,
    88.00000131130219,
    87.20000129938126,
    85.0000012665987,
    79.20000118017197,
    84.400001257658,
    78.00000116229057,
    82.40000122785568,
    88.700001321733,
    80.50000119954348,
    81.70000121742487,
    89.70000133663416,
    90.50000134855509,
    90.00000134110451,
    84.50000125914812,
    75.00000111758709,
    76.50000113993883,
    89.00000132620335,
    79.70000118762255,
    72.40000107884407,
    64.70000096410513,
    65.20000097155571,
    73.90000110119581,
    78.2000011652708,
    83.20000123977661,
    91.90000136941671,
    87.90000130981207,
    89.70000133663416,
    87.40000130236149,
    84.50000125914812,
    83.20000123977661,
    85.20000126957893,
    77.40000115334988,
    78.70000117272139,
    91.00000135600567,
    87.40000130236149,
    89.20000132918358,
    91.70000136643648,
    93.20000138878822
  ],
  "pr": [
    9.399999618530273,
    2.200000047683716,
    1.2000000476837158,
    0.699999988079071,
    0.8999999761581421,
    0.0,
    1.2000000476837158,
    4.900000095367432,
    2.299999952316284,
    0.10000000149011612,
    0.6000000238418579,
    5.699999809265137,
    0.8999999761581421,
    5.0,
    0.20000000298023224,
    0.0,
    0.0,
    0.0,
    0.0,
    0.0,
    0.0,
    0.0,
    0.10000000149011612,
    0.6000000238418579,
    2.9000000953674316,
    2.799999952316284,
    2.200000047683716,
    1.2999999523162842,
    1.399999976158142,
    0.4000000059604645,
    0.10000000149011612,
    0.0,
    0.0,
    3.0,
    0.0,
    0.0,
    3.5,
    0.30000001192092896,
    0.0
  ],
  "tas": [
    2.1000000312924385,
    0.800000011920929,
    0.20000000298023224,
    0.20000000298023224,
    -2.0000000298023224,
    -1.700000025331974,
    -2.7000000402331352,
    0.800000011920929,
    2.1000000312924385,
    -4.700000070035458,
    -7.000000104308128,
    1.3000000193715096,
    6.200000092387199,
    6.70000009983778,
    8.50000012665987,
    9.600000143051147,
    6.400000095367432,
    1.1000000163912773,
    0.9000000134110451,
    1.3000000193715096,
    2.3000000342726707,
    0.0,
    0.4000000059604645,
    -1.600000023841858,
    -1.600000023841858,
    -1.0000000149011612,
    0.20000000298023224,
    0.0,
    -1.1000000163912773,
    -0.20000000298023224,
    2.2000000327825546,
    2.2000000327825546,
    -0.4000000059604645,
    -2.3000000342726707,
    0.5000000074505806,
    -0.20000000298023224,
    1.1000000163912773,
    4.500000067055225,
    2.0000000298023224
  ],
  "tasmax": [
    3.1000000461935997,
    1.3000000193715096,
    0.9000000134110451,
    0.6000000089406967,
    -0.20000000298023224,
    -0.4000000059604645,
    -0.5000000074505806,
    2.3000000342726707,
    4.500000067055225,
    -0.5000000074505806,
    -0.6000000089406967,
    4.200000062584877,
    8.00000011920929,
    9.300000138580799,
    11.60000017285347,
    11.500000171363354,
    11.500000171363354,
    3.500000052154064,
    4.90000007301569,
    6.800000101327896,
    6.70000009983778,
    3.200000047683716,
    3.7000000551342964,
    0.20000000298023224,
    0.20000000298023224,
    0.10000000149011612,
    1.8000000268220901,
    1.0000000149011612,
    -0.20000000298023224,
    1.5000000223517418,
    3.6000000536441803,
    4.200000062584877,
    2.0000000298023224,
    -0.10000000149011612,
    3.200000047683716,
    2.7000000402331352,
    2.8000000417232513,
    9.80000014603138,
    5.500000081956387
  ],
  "tasmin": [
    0.5000000074505806,
    0.0,
    -0.5000000074505806,
    -0.9000000134110451,
    -3.9000000581145287,
    -4.000000059604645,
    -7.000000104308128,
    -1.3000000193715096,
    -0.9000000134110451,
    -10.100000150501728,
    -12.600000187754631,
    -2.7000000402331352,
    2.7000000402331352,
    3.6000000536441803,
    5.500000081956387,
    6.70000009983778,
    1.8000000268220901,
    -1.0000000149011612,
    -2.3000000342726707,
    -3.0000000447034836,
    -1.3000000193715096,
    -2.7000000402331352,
    -2.600000038743019,
    -3.400000050663948,
    -4.000000059604645,
    -2.2000000327825546,
    -1.3000000193715096,
    -1.0000000149011612,
    -1.700000025331974,
    -2.2000000327825546,
    0.5000000074505806,
    0.800000011920929,
    -4.000000059604645,
    -3.9000000581145287,
    -1.8000000268220901,
    -2.2000000327825546,
    -0.6000000089406967,
    1.0000000149011612,
    -1.0000000149011612
  ]
}