{
  "time": [
    1767268800000000000
  ],
  "hurs": [
    82.20000122487545
  ],
  "pr": [
    9.300000190734863
  ],
  "tas": [
    2.1000000312924385
  ],
  "tasmax": [
    3.0000000447034836
  ],
  "tasmin": [
    0.5000000074505806
  ]
}