{
  "time": [
    1767268800000000000,
    1767355200000000000,
    1767441600000000000
  ],
  "hurs": [
    82.20000122487545,
    88.00000131130219,
    85.70000127702951
  ],
  "pr": [
    9.300000190734863,
    2.200000047683716,
    1.2000000476837158
  ],
  "tas": [
    2.1000000312924385,
    0.800000011920929,
    0.4000000059604645
  ],
  "tasmax": [
    3.0000000447034836,
    1.3000000193715096,
    1.1000000163912773
  ],
  "tasmin": [
    0.5000000074505806,
    0.0,
    -0.4000000059604645
  ]
}