{
  "time": [
    1767225600000000000,
    1767312000000000000,
    1767398400000000000,
    1767484800000000000,
    1767571200000000000,
    1767657600000000000,
    1767744000000000000,
    1767830400000000000,
    1767916800000000000,
    1768003200000000000,
    1768089600000000000,
    1768176000000000000,
    1768262400000000000,
    1768348800000000000,
    1768435200000000000,
    1768521600000000000,
    1768608000000000000,
    1768694400000000000,
    1768780800000000000,
    1768867200000000000,
    1768953600000000000,
    1769040000000000000,
    1769126400000000000,
    1769212800000000000,
    1769299200000000000,
    1769385600000000000,
    1769472000000000000,
    1769558400000000000,
    1769644800000000000,
    1769731200000000000,
    1769817600000000000,
    1769904000000000000,
    1769990400000000000,
    1770076800000000000,
    1770163200000000000,
    1770249600000000000,
    1770336000000000000,
    1770422400000000000,
    1770508800000000000,
    1770595200000000000,
    1770681600000000000,
    1770768000000000000,
    1770854400000000000,
    1770940800000000000,
    1771027200000000000,
    1771113600000000000,
    1771200000000000000,
    1771286400000000000,
    1771372800000000000,
    1771459200000000000,
    1771545600000000000,
    1771632000000000000,
    1771718400000000000,
    1771804800000000000,
    1771891200000000000,
    1771977600000000000,
    1772064000000000000,
    1772150400000000000,
    1772236800000000000,
    1772323200000000000,
    1772409600000000000,
    1772496000000000000,
    1772582400000000000,
    1772668800000000000,
    1772755200000000000,
    1772841600000000000,
    1772928000000000000
  ],
  "hurs": [
    81.40000121295452,
    87.70000130683184,
    85.70000127702951,
    85.0000012665987,
    78.50000116974115,
    84.00000125169754,
    77.70000115782022,
    83.00000123679638,
    88.700001321733,
    80.0000011920929,
    81.70000121742487,
    89.40000133216381,
    89.50000133365393,
    89.20000132918358,
    84.400001257658,
    75.7000011280179,
    76.70000114291906,
    89.70000133663416,
    80.0000011920929,
    72.20000107586384,
    64.20000095665455,
    64.70000096410513,
    73.40000109374523,
    78.2000011652708,
    83.20000123977661,
    91.2000013589859,
    88.20000131428242,
    90.90000135451555,
    87.90000130981207,
    84.400001257658,
    83.20000123977661,
    85.20000126957893,
    77.20000115036964,
    79.50000118464231,
    90.20000134408474,
    88.40000131726265,
    87.90000130981207,
    90.50000134855509,
    93.50000139325857,
    82.5000012293458,
    81.00000120699406,
    94.9000014141202,
    93.00000138580799,
    90.00000134110451,
    87.00000129640102,
    76.00000113248825,
    92.70000138133764,
    91.2000013589859,
    86.50000128895044,
    68.90000102669,
    71.20000106096268,
    87.90000130981207,
    94.00000140070915,
    85.40000127255917,
    86.90000129491091,
    81.40000121295452,
    79.20000118017197,
    69.5000010356307,
    64.5000009611249,
    65.90000098198652,
    65.70000097900629,
    75.50000112503767,
    79.00000117719173,
    67.70000100880861,
    66.20000098645687,
    73.70000109821558,
    70.00000104308128
  ],
  "pr": [
    9.399999618530273,
    2.200000047683716,
    1.2000000476837158,
    0.699999988079071,
    0.8999999761581421,
    0.0,
    1.2000000476837158,
    4.900000095367432,
    2.299999952316284,
    0.10000000149011612,
    0.6000000238418579,
    5.699999809265137,
    0.8999999761581421,
    5.0,
    0.20000000298023224,
    0.0,
    0.0,
    0.0,
    0.0,
    0.0,
    0.0,
    0.0,
    0.10000000149011612,
    0.6000000238418579,
    2.9000000953674316,
    2.799999952316284,
    2.200000047683716,
    1.2999999523162842,
    1.399999976158142,
    0.4000000059604645,
    0.10000000149011612,
    0.0,
    0.0,
    3.0,
    0.0,
    0.0,
    3.5,
    0.30000001192092896,
    0.0,
    0.0,
    1.399999976158142,
    8.199999809265137,
    6.699999809265137,
    0.20000000298023224,
    0.0,
    7.5,
    7.800000190734863,
    6.800000190734863,
    0.10000000149011612,
    0.0,
    2.200000047683716,
    2.0999999046325684,
    13.899999618530273,
    6.199999809265137,
    0.0,
    0.0,
    0.0,
    0.0,
    0.0,
    0.0,
    0.0,
    0.0,
    0.0,
    0.0,
    0.0,
    0.0,
    0.0
  ],
  "tas": [
    2.2000000327825546,
    0.800000011920929,
    0.4000000059604645,
    0.20000000298023224,
    -2.0000000298023224,
    -1.700000025331974,
    -2.7000000402331352,
    0.6000000089406967,
    2.0000000298023224,
    -4.700000070035458,
    -7.000000104308128,
    1.3000000193715096,
    6.400000095367432,
    6.800000101327896,
    8.50000012665987,
    9.500000141561031,
    6.400000095367432,
    1.0000000149011612,
    0.9000000134110451,
    1.3000000193715096,
    2.500000037252903,
    0.10000000149011612,
    0.5000000074505806,
    -1.5000000223517418,
    -1.5000000223517418,
    -0.9000000134110451,
    0.20000000298023224,
    0.0,
    -1.1000000163912773,
    -0.10000000149011612,
    2.3000000342726707,
    2.1000000312924385,
    -0.4000000059604645,
    -2.600000038743019,
    0.6000000089406967,
    -0.4000000059604645,
    1.3000000193715096,
    4.700000070035458,
    2.0000000298023224,
    3.0000000447034836,
    4.500000067055225,
    7.400000110268593,
    7.500000111758709,
    3.200000047683716,
    -0.4000000059604645,
    -1.1000000163912773,
    1.3000000193715096,
    2.8000000417232513,
    0.20000000298023224,
    0.4000000059604645,
    1.3000000193715096,
    8.00000011920929,
    10.500000156462193,
    8.300000123679638,
    8.50000012665987,
    10.500000156462193,
    11.000000163912773,
    13.600000202655792,
    12.000000178813934,
    8.100000120699406,
    8.900000132620335,
    8.50000012665987,
    7.900000117719173,
    10.000000149011612,
    9.900000147521496,
    9.00000013411045,
    9.400000140070915
  ],
  "tasmax": [
    3.200000047683716,
    1.3000000193715096,
    1.1000000163912773,
    0.6000000089406967,
    -0.20000000298023224,
    -0.20000000298023224,
    -0.5000000074505806,
    2.2000000327825546,
    4.400000065565109,
    -0.5000000074505806,
    -0.6000000089406967,
    4.200000062584877,
    8.100000120699406,
    9.400000140070915,
    11.60000017285347,
    11.500000171363354,
    11.500000171363354,
    3.400000050663948,
    5.000000074505806,
    6.900000102818012,
    6.900000102818012,
    3.400000050663948,
    3.7000000551342964,
    0.20000000298023224,
    0.20000000298023224,
    0.20000000298023224,
    1.8000000268220901,
    1.0000000149011612,
    -0.20000000298023224,
    1.600000023841858,
    3.7000000551342964,
    4.200000062584877,
    2.1000000312924385,
    -0.4000000059604645,
    3.200000047683716,
    2.3000000342726707,
    3.1000000461935997,
    10.000000149011612,
    5.700000084936619,
    6.400000095367432,
    7.200000107288361,
    9.100000135600567,
    8.800000131130219,
    6.900000102818012,
    0.4000000059604645,
    3.400000050663948,
    4.400000065565109,
    5.200000077486038,
    1.700000025331974,
    2.8000000417232513,
    5.700000084936619,
    10.100000150501728,
    11.500000171363354,
    10.100000150501728,
    12.300000183284283,
    16.100000239908695,
    16.800000250339508,
    18.600000277161598,
    14.800000220537186,
    13.300000198185444,
    15.600000232458115,
    17.100000254809856,
    15.400000229477882,
    16.50000024586916,
    18.30000027269125,
    17.80000026524067,
    17.100000254809856
  ],