{
  "time": [
    1767225600000000000,
    1767312000000000000,
    1767398400000000000,
    1767484800000000000,
    1767571200000000000,
    1767657600000000000,
    1767744000000000000,
    1767830400000000000,
    1767916800000000000,
    1768003200000000000,
    1768089600000000000,
    1768176000000000000,
    1768262400000000000,
    1768348800000000000,
    1768435200000000000,
    1768521600000000000,
    1768608000000000000,
    1768694400000000000,
    1768780800000000000,
    1768867200000000000,
    1768953600000000000,
    1769040000000000000,
    1769126400000000000,
    1769212800000000000,
    1769299200000000000,
    1769385600000000000,
    1769472000000000000,
    1769558400000000000,
    1769644800000000000,
    1769731200000000000,
    1769817600000000000,
    1769904000000000000,
    1769990400000000000,
    1770076800000000000,
    1770163200000000000,
    1770249600000000000,
    1770336000000000000,
    1770422400000000000,
    1770508800000000000,
    1770595200000000000,
    1770681600000000000,
    1770768000000000000,
    1770854400000000000,
    1770940800000000000,
    1771027200000000000,
    1771113600000000000,
    1771200000000000000,
    1771286400000000000,
    1771372800000000000,
    1771459200000000000,
    1771545600000000000,
    1771632000000000000,
    1771718400000000000,
    1771804800000000000,
    1771891200000000000,
    1771977600000000000,
    1772064000000000000,
    1772150400000000000
  ],
  "hurs": [
    81.40000121295452,
    87.70000130683184,
    85.70000127702951,
    85.0000012665987,
    78.50000116974115,
    84.00000125169754,
    77.70000115782022,
    83.00000123679638,
    88.700001321733,
    80.0000011920929,
    81.70000121742487,
    89.40000133216381,
    89.50000133365393,
    89.20000132918358,
    84.400001257658,
    75.7000011280179,
    76.70000114291906,
    89.70000133663416,
    80.0000011920929,
    72.20000107586384,
    64.20000095665455,
    64.70000096410513,
    73.40000109374523,
    78.2000011652708,
    83.20000123977661,
    91.2000013589859,
    88.20000131428242,
    90.90000135451555,
    87.90000130981207,
    84.400001257658,
    83.20000123977661,
    85.20000126957893,
    77.40000115334988,
    78.70000117272139,
    91.00000135600567,
    87.40000130236149,
    89.20000132918358,
    91.70000136643648,
    93.20000138878822,
    82.5000012293458,
    81.70000121742487,
    94.40000140666962,
    92.70000138133764,
    89.00000132620335,
    87.40000130236149,
    77.20000115036964,
    92.50000137835741,
    90.20000134408474,
    86.00000128149986,
    68.2000010162592,
    73.00000108778477,
    88.50000131875277,
    94.20000140368938,
    85.50000127404928,
    87.20000129938126,
    82.20000122487545,
    79.70000118762255,
    70.00000104308128
  ],
  "pr": [
    9.399999618530273,
    2.200000047683716,
    1.2000000476837158,
    0.699999988079071,
    0.8999999761581421,
    0.0,
    1.2000000476837158,
    4.900000095367432,
    2.299999952316284,
    0.10000000149011612,
    0.6000000238418579,
    5.699999809265137,
    0.8999999761581421,
    5.0,
    0.20000000298023224,
    0.0,
    0.0,
    0.0,
    0.0,
    0.0,
    0.0,
    0.0,
    0.10000000149011612,
    0.6000000238418579,
    2.9000000953674316,
    2.799999952316284,
    2.200000047683716,
    1.2999999523162842,
    1.399999976158142,
    0.4000000059604645,
    0.10000000149011612,
    0.0,
    0.0,
    3.0,
    0.0,
    0.0,
    3.5,
    0.30000001192092896,
    0.0,
    0.0,
    1.5,
    8.199999809265137,
    6.699999809265137,
    0.20000000298023224,
    0.0,
    7.5,
    7.800000190734863,
    6.800000190734863,
    0.10000000149011612,
    0.0,
    2.200000047683716,
    2.200000047683716,
    13.899999618530273,
    6.0,
    0.0,
    0.0,
    0.0,
    0.0
  ],
  "tas": [
    2.2000000327825546,
    0.800000011920929,
    0.4000000059604645,
    0.20000000298023224,
    -2.0000000298023224,
    -1.700000025331974,
    -2.7000000402331352,
    0.6000000089406967,
    2.0000000298023224,
    -4.700000070035458,
    -7.000000104308128,
    1.3000000193715096,
    6.400000095367432,
    6.800000101327896,
    8.50000012665987,
    9.500000141561031,
    6.400000095367432,
    1.0000000149011612,
    0.9000000134110451,
    1.3000000193715096,
    2.500000037252903,
    0.10000000149011612,
    0.5000000074505806,
    -1.5000000223517418,
    -1.5000000223517418,
    -0.9000000134110451,
    0.20000000298023224,
    0.0,
    -1.1000000163912773,
    -0.10000000149011612,
    2.3000000342726707,
    2.2000000327825546,
    -0.4000000059604645,
    -2.3000000342726707,
    0.5000000074505806,
    -0.20000000298023224,
    1.1000000163912773,
    4.500000067055225,
    2.0000000298023224,
    3.0000000447034836,
    4.400000065565109,
    7.400000110268593,
    7.500000111758709,
    3.200000047683716,
    -0.4000000059604645,
    -1.3000000193715096,
    1.3000000193715096,
    3.0000000447034836,
    0.20000000298023224,
    0.5000000074505806,
    1.1000000163912773,
    8.00000011920929,
    10.500000156462193,
    8.300000123679638,
    8.50000012665987,
    10.500000156462193,
    11.000000163912773,
    13.500000201165676
  ],
  "tasmax": [
    3.200000047683716,
    1.3000000193715096,
    1.1000000163912773,
    0.6000000089406967,
    -0.20000000298023224,
    -0.20000000298023224,
    -0.5000000074505806,
    2.2000000327825546,
    4.400000065565109,
    -0.5000000074505806,
    -0.6000000089406967,
    4.200000062584877,
    8.100000120699406,
    9.400000140070915,
    11.60000017285347,
    11.500000171363354,
    11.500000171363354,
    3.400000050663948,
    5.000000074505806,
    6.900000102818012,
    6.900000102818012,
    3.400000050663948,
    3.7000000551342964,
    0.20000000298023224,
    0.20000000298023224,
    0.20000000298023224,
    1.8000000268220901,
    1.0000000149011612,
    -0.20000000298023224,
    1.600000023841858,
    3.7000000551342964,
    4.200000062584877,
    2.0000000298023224,
    -0.10000000149011612,
    3.200000047683716,
    2.7000000402331352,
    2.8000000417232513,
    9.80000014603138,
    5.500000081956387,
    6.400000095367432,
    7.000000104308128,
    9.100000135600567,
    8.800000131130219,
    7.000000104308128,
    0.4000000059604645,
    3.1000000461935997,
    4.400000065565109,
    5.4000000804662704,
    1.700000025331974,
    3.0000000447034836,
    5.500000081956387,
    10.30000015348196,
    11.500000171363354,
    10.100000150501728,
    12.10000018030405,
    16.00000023841858,
    16.800000250339508,
    18.600000277161598
  ],