{
  "time": [
    1767225600000000000,
    1767312000000000000,
    1767398400000000000,
    1767484800000000000,
    1767571200000000000,
    1767657600000000000,
    1767744000000000000,
    1767830400000000000,
    1767916800000000000,
    1768003200000000000,
    1768089600000000000,
    1768176000000000000,
    1768262400000000000,
    1768348800000000000,
    1768435200000000000,
    1768521600000000000,
    1768608000000000000,
    1768694400000000000,
    1768780800000000000,
    1768867200000000000,
    1768953600000000000,
    1769040000000000000,
    1769126400000000000,
    1769212800000000000,
    1769299200000000000,
    1769385600000000000,
    1769472000000000000,
    1769558400000000000,
    1769644800000000000,
    1769731200000000000,
    1769817600000000000,
    1769904000000000000,
    1769990400000000000,
    1770076800000000000,
    1770163200000000000,
    1770249600000000000,
    1770336000000000000,
    1770422400000000000,
    1770508800000000000,
    1770595200000000000,
    1770681600000000000,
    1770768000000000000,
    1770854400000000000,
    1770940800000000000,
    1771027200000000000,
    1771113600000000000,
    1771200000000000000,
    1771286400000000000,
    1771372800000000000,
    1771459200000000000,
    1771545600000000000,
    1771632000000000000
  ],
  "hurs": [
    81.40000121295452,
    87.70000130683184,
    85.70000127702951,
    85.0000012665987,
    78.50000116974115,
    84.00000125169754,
    77.70000115782022,
    83.00000123679638,
    88.700001321733,
    80.0000011920929,
    81.70000121742487,
    89.40000133216381,
    89.50000133365393,
    89.20000132918358,
    84.400001257658,
    75.7000011280179,
    76.70000114291906,
    89.70000133663416,
    80.0000011920929,
    72.20000107586384,
    64.20000095665455,
    64.70000096410513,
    73.40000109374523,
    78.2000011652708,
    83.20000123977661,
    91.2000013589859,
    88.20000131428242,
    90.90000135451555,
    87.90000130981207,
    84.400001257658,
    83.20000123977661,
    85.20000126957893,
    77.40000115334988,
    78.70000117272139,
    91.00000135600567,
    87.40000130236149,
    89.20000132918358,
    91.70000136643648,
    93.20000138878822,
    82.5000012293458,
    81.70000121742487,
    94.40000140666962,
    92.70000138133764,
    89.00000132620335,
    87.40000130236149,
    77.20000115036964,
    92.50000137835741,
    90.20000134408474,
    86.00000128149986,
    68.2000010162592,
    73.00000108778477,
    88.50000131875277
  ]
}