{
  "time": [
    1767225600000000000,
    1767312000000000000,
    1767398400000000000,
    1767484800000000000,
    1767571200000000000,
    1767657600000000000,
    1767744000000000000,
    1767830400000000000,
    1767916800000000000,
    1768003200000000000,
    1768089600000000000,
    1768176000000000000,
    1768262400000000000,
    1768348800000000000,
    1768435200000000000,
    1768521600000000000,
    1768608000000000000,
    1768694400000000000,
    1768780800000000000,
    1768867200000000000,
    1768953600000000000,
    1769040000000000000,
    1769126400000000000,
    1769212800000000000,
    1769299200000000000,
    1769385600000000000,
    1769472000000000000,
    1769558400000000000,
    1769644800000000000,
    1769731200000000000,
    1769817600000000000,
    1769904000000000000,
    1769990400000000000,
    1770076800000000000
  ],
  "hurs": [
    82.20000122487545,
    88.00000131130219,
    87.20000129938126,
    85.0000012665987,
    79.20000118017197,
    84.400001257658,
    78.00000116229057,
    82.40000122785568,
    88.700001321733,
    80.50000119954348,
    81.70000121742487,
    89.70000133663416,
    90.50000134855509,
    90.00000134110451,
    84.50000125914812,
    75.00000111758709,
    76.50000113993883,
    89.00000132620335,
    79.70000118762255,
    72.40000107884407,
    64.70000096410513,
    65.20000097155571,
    73.90000110119581,
    78.2000011652708,
    83.20000123977661,
    91.90000136941671,
    87.90000130981207,
    89.70000133663416,
    87.40000130236149,
    84.50000125914812,
    83.20000123977661,
    85.20000126957893,
    77.40000115334988,
    78.70000117272139
  ]
}