{
  "time": [
    1767268800000000000,
    1767355200000000000,
    1767441600000000000
  ],
  "hurs": [
    82.20000122487545,
    88.00000131130219,
    85.70000127702951
  ]
}