{
  "time": [
    1767225600000000000,
    1767312000000000000,
    1767398400000000000,
    1767484800000000000,
    1767571200000000000,
    1767657600000000000,
    1767744000000000000,
    1767830400000000000,
    1767916800000000000,
    1768003200000000000,
    1768089600000000000,
    1768176000000000000,
    1768262400000000000,
    1768348800000000000,
    1768435200000000000,
    1768521600000000000,
    1768608000000000000,
    1768694400000000000,
    1768780800000000000,
    1768867200000000000,
    1768953600000000000,
    1769040000000000000,
    1769126400000000000,
    1769212800000000000,
    1769299200000000000,
    1769385600000000000,
    1769472000000000000,
    1769558400000000000,
    1769644800000000000,
    1769731200000000000,
    1769817600000000000,
    1769904000000000000,
    1769990400000000000,
    1770076800000000000,
    1770163200000000000,
    1770249600000000000,
    1770336000000000000,
    1770422400000000000,
    1770508800000000000,
    1770595200000000000,
    1770681600000000000,
    1770768000000000000,
    1770854400000000000,
    1770940800000000000,
    1771027200000000000,
    1771113600000000000,
    1771200000000000000,
    1771286400000000000,
    1771372800000000000,
    1771459200000000000,
    1771545600000000000,
    1771632000000000000,
    1771718400000000000,
    1771804800000000000,
    1771891200000000000,
    1771977600000000000,
    1772064000000000000,
    1772150400000000000,
    1772236800000000000,
    1772323200000000000,
    1772409600000000000,
    1772496000000000000,
    1772582400000000000,
    1772668800000000000,
    1772755200000000000,
    1772841600000000000,
    1772928000000000000,
    1773014400000000000,
    1773100800000000000,
    1773187200000000000,
    1773273600000000000,
    1773360000000000000,
    1773446400000000000,
    1773532800000000000,
    1773619200000000000,
    1773705600000000000,
    1773792000000000000,
    1773878400000000000
  ],
  "hurs": [
    81.40000121295452,
    87.70000130683184,
    85.70000127702951,
    85.0000012665987,
    78.50000116974115,
    84.00000125169754,
    77.70000115782022,
    83.00000123679638,
    88.700001321733,
    80.0000011920929,
    81.70000121742487,
    89.40000133216381,
    89.50000133365393,
    89.20000132918358,
    84.400001257658,
    75.7000011280179,
    76.70000114291906,
    89.70000133663416,
    80.0000011920929,
    72.20000107586384,
    64.20000095665455,
    64.70000096410513,
    73.40000109374523,
    78.2000011652708,
    83.20000123977661,
    91.2000013589859,
    88.20000131428242,
    90.90000135451555,
    87.90000130981207,
    84.400001257658,
    83.20000123977661,
    85.50000127404928,
    78.00000116229057,
    79.50000118464231,
    90.20000134408474,
    88.40000131726265,
    87.90000130981207,
    90.50000134855509,
    93.50000139325857,
    82.5000012293458,
    81.00000120699406,
    94.9000014141202,
    93.00000138580799,
    90.00000134110451,
    87.00000129640102,
    76.00000113248825,
    92.70000138133764,
    91.2000013589859,
    86.50000128895044,
    68.90000102669,
    71.20000106096268,
    87.90000130981207,
    94.00000140070915,
    85.40000127255917,
    87.5000013038516,
    81.40000121295452,
    78.70000117272139,
    69.70000103861094,
    64.5000009611249,
    65.90000098198652,
    65.70000097900629,
    75.50000112503767,
    79.00000117719173,
    67.70000100880861,
    66.20000098645687,
    73.70000109821558,
    70.00000104308128,
    72.50000108033419,
    78.70000117272139,
    79.70000118762255,
    71.70000106841326,
    77.50000115483999,
    93.00000138580799,
    82.90000123530626,
    79.70000118762255,
    80.50000119954348,
    63.40000094473362,
    68.2000010162592
  ]
}