{
  "time": [
    1767290400000000000,
    1767376800000000000,
    1767463200000000000
  ],
  "pr": [
    9.300000190734863,
    2.200000047683716,
    1.2000000476837158
  ]
}