{
  "time": [
    1767268800000000000,
    1767355200000000000,
    1767441600000000000
  ],
  "tas": [
    2.1000000312924385,
    0.800000011920929,
    0.4000000059604645
  ]
}