{
  "time": [
    1767268800000000000,
    1767355200000000000,
    1767441600000000000
  ],
  "tasmax": [
    3.0000000447034836,
    1.3000000193715096,
    1.1000000163912773
  ]
}