{
  "time": [
    1767225600000000000,
    1767312000000000000,
    1767398400000000000,
    1767484800000000000,
    1767571200000000000,
    1767657600000000000,
    1767744000000000000,
    1767830400000000000,
    1767916800000000000,
    1768003200000000000,
    1768089600000000000,
    1768176000000000000,
    1768262400000000000,
    1768348800000000000,
    1768435200000000000,
    1768521600000000000,
    1768608000000000000,
    1768694400000000000,
    1768780800000000000,
    1768867200000000000,
    1768953600000000000,
    1769040000000000000,
    1769126400000000000,
    1769212800000000000,
    1769299200000000000,
    1769385600000000000,
    1769472000000000000,
    1769558400000000000,
    1769644800000000000,
    1769731200000000000,
    1769817600000000000,
    1769904000000000000,
    1769990400000000000,
    1770076800000000000,
    1770163200000000000
  ],
  "tasmax": [
    3.1000000461935997,
    1.3000000193715096,
    0.9000000134110451,
    0.6000000089406967,
    -0.20000000298023224,
    -0.4000000059604645,
    -0.5000000074505806,
    2.3000000342726707,
    4.500000067055225,
    -0.5000000074505806,
    -0.6000000089406967,
    4.200000062584877,
    8.00000011920929,
    9.300000138580799,
    11.60000017285347,
    11.500000171363354,
    11.500000171363354,
    3.500000052154064,
    4.90000007301569,
    6.800000101327896,
    6.70000009983778,
    3.200000047683716,
    3.7000000551342964,
    0.20000000298023224,
    0.20000000298023224,
    0.10000000149011612,
    1.8000000268220901,
    1.0000000149011612,
    -0.20000000298023224,
    1.5000000223517418,
    3.6000000536441803,
    4.200000062584877,
    2.0000000298023224,
    -0.10000000149011612,
    3.200000047683716
  ]
}