{
  "time": [
    1767225600000000000,
    1767312000000000000,
    1767398400000000000,
    1767484800000000000,
    1767571200000000000,
    1767657600000000000,
    1767744000000000000,
    1767830400000000000,
    1767916800000000000,
    1768003200000000000,
    1768089600000000000,
    1768176000000000000,
    1768262400000000000,
    1768348800000000000,
    1768435200000000000,
    1768521600000000000,
    1768608000000000000,
    1768694400000000000,
    1768780800000000000,
    1768867200000000000,
    1768953600000000000,
    1769040000000000000,
    1769126400000000000,
    1769212800000000000,
    1769299200000000000,
    1769385600000000000,
    1769472000000000000,
    1769558400000000000,
    1769644800000000000,
    1769731200000000000,
    1769817600000000000,
    1769904000000000000,
    1769990400000000000,
    1770076800000000000,
    1770163200000000000,
    1770249600000000000,
    1770336000000000000
  ],
  "tasmin": [
    0.5000000074505806,
    0.0,
    -0.5000000074505806,
    -0.9000000134110451,
    -3.9000000581145287,
    -4.000000059604645,
    -7.000000104308128,
    -1.3000000193715096,
    -0.9000000134110451,
    -10.100000150501728,
    -12.600000187754631,
    -2.7000000402331352,
    2.7000000402331352,
    3.6000000536441803,
    5.500000081956387,
    6.70000009983778,
    1.8000000268220901,
    -1.0000000149011612,
    -2.3000000342726707,
    -3.0000000447034836,
    -1.3000000193715096,
    -2.7000000402331352,
    -2.600000038743019,
    -3.400000050663948,
    -4.000000059604645,
    -2.2000000327825546,
    -1.3000000193715096,
    -1.0000000149011612,
    -1.700000025331974,
    -2.2000000327825546,
    0.5000000074505806,
    0.800000011920929,
    -4.000000059604645,
    -3.9000000581145287,
    -1.8000000268220901,
    -2.2000000327825546,
    -0.6000000089406967
  ]
}