{
  "time": [
    1767225600000000000,
    1767312000000000000,
    1767398400000000000,
    1767484800000000000,
    1767571200000000000,
    1767657600000000000,
    1767744000000000000,
    1767830400000000000,
    1767916800000000000,
    1768003200000000000,
    1768089600000000000,
    1768176000000000000,
    1768262400000000000,
    1768348800000000000,
    1768435200000000000,
    1768521600000000000,
    1768608000000000000,
    1768694400000000000,
    1768780800000000000,
    1768867200000000000,
    1768953600000000000,
    1769040000000000000,
    1769126400000000000,
    1769212800000000000,
    1769299200000000000,
    1769385600000000000,
    1769472000000000000,
    1769558400000000000,
    1769644800000000000,
    1769731200000000000,
    1769817600000000000,
    1769904000000000000,
    1769990400000000000,
    1770076800000000000,
    1770163200000000000,
    1770249600000000000,
    1770336000000000000,
    1770422400000000000,
    1770508800000000000,
    1770595200000000000,
    1770681600000000000,
    1770768000000000000,
    1770854400000000000,
    1770940800000000000,
    1771027200000000000,
    1771113600000000000,
    1771200000000000000,
    1771286400000000000,
    1771372800000000000
  ],
  "hurs": [
    58.900000877678394,
    69.40000103414059,
    66.50000099092722,
    70.20000104606152,
    78.2000011652708,
    76.50000113993883,
    71.90000107139349,
    83.20000123977661,
    74.00000110268593,
    83.00000123679638,
    83.40000124275684,
    87.20000129938126,
    81.50000121444464,
    81.20000120997429,
    66.50000099092722,
    79.70000118762255,
    95.20000141859055,
    95.20000141859055,
    80.50000119954348,
    73.70000109821558,
    75.7000011280179,
    88.20000131428242,
    84.50000125914812,
    87.5000013038516,
    93.20000138878822,
    83.70000124722719,
    77.40000115334988,
    80.50000119954348,
    93.50000139325857,
    92.70000138133764,
    88.40000131726265,
    85.70000127702951,
    85.90000128000975,
    81.70000121742487,
    91.2000013589859,
    86.00000128149986,
    88.00000131130219,
    79.4000011831522,
    89.70000133663416,
    89.50000133365393,
    79.20000118017197,
    79.70000118762255,
    79.4000011831522,
    73.70000109821558,
    87.70000130683184,
    88.50000131875277,
    81.00000120699406,
    82.00000122189522,
    77.50000115483999
  ],
  "pr": [
    0.0,
    2.0999999046325684,
    0.0,
    0.0,
    0.0,
    0.0,
    0.4000000059604645,
    8.300000190734863,
    0.0,
    4.800000190734863,
    0.0,
    6.900000095367432,
    0.0,
    0.0,
    0.0,
    0.0,
    0.0,
    0.0,
    0.0,
    0.0,
    0.0,
    0.0,
    0.0,
    0.0,
    7.400000095367432,
    0.20000000298023224,
    0.0,
    6.699999809265137,
    1.600000023841858,
    0.0,
    0.10000000149011612,
    0.0,
    0.0,
    0.10000000149011612,
    0.0,
    0.0,
    0.10000000149011612,
    0.0,
    0.0,
    0.0,
    5.300000190734863,
    1.399999976158142,
    5.800000190734863,
    0.0,
    7.0,
    5.699999809265137,
    3.0999999046325684,
    3.5,
    0.6000000238418579
  ],
  "tas": [
    -1.3000000193715096,
    0.6000000089406967,
    -1.700000025331974,
    -4.500000067055225,
    -7.000000104308128,
    -7.300000108778477,
    -5.200000077486038,
    -0.9000000134110451,
    4.200000062584877,
    1.3000000193715096,
    -4.90000007301569,
    0.10000000149011612,
    5.700000084936619,
    3.6000000536441803,
    6.000000089406967,
    2.3000000342726707,
    -1.8000000268220901,
    -0.9000000134110451,
    -0.20000000298023224,
    -1.3000000193715096,
    -2.2000000327825546,
    -6.200000092387199,
    -5.000000074505806,
    -3.500000052154064,
    -2.600000038743019,
    3.0000000447034836,
    2.1000000312924385,
    1.700000025331974,
    1.3000000193715096,
    0.5000000074505806,
    1.0000000149011612,
    1.1000000163912773,
    0.0,
    0.9000000134110451,
    -0.10000000149011612,
    1.700000025331974,
    3.500000052154064,
    6.800000101327896,
    4.500000067055225,
    2.3000000342726707,
    3.1000000461935997,
    7.000000104308128,
    6.900000102818012,
    6.500000096857548,
    3.200000047683716,
    -0.9000000134110451,
    4.000000059604645,
    2.7000000402331352,
    1.3000000193715096
  ],
  "tasmax": [
    3.7000000551342964,
    1.700000025331974,
    0.20000000298023224,
    -0.4000000059604645,
    -3.0000000447034836,
    -2.600000038743019,
    -1.3000000193715096,
    1.8000000268220901,
    7.000000104308128,
    3.400000050663948,
    -1.8000000268220901,
    6.70000009983778,
    9.600000143051147,
    9.500000141561031,
    13.100000195205212,
    9.900000147521496,
    -1.0000000149011612,
    0.20000000298023224,
    6.000000089406967,
    5.200000077486038,
    4.200000062584877,
    -3.7000000551342964,
    -1.1000000163912773,
    -0.20000000298023224,
    1.0000000149011612,
    4.500000067055225,
    6.800000101327896,
    4.90000007301569,
    2.8000000417232513,
    4.500000067055225,
    4.90000007301569,
    5.000000074505806,
    2.8000000417232513,
    6.200000092387199,
    1.3000000193715096,
    7.400000110268593,
    7.900000117719173,
    9.500000141561031,
    8.100000120699406,
    4.000000059604645,
    7.700000114738941,
    10.900000162422657,
    10.900000162422657,
    10.000000149011612,
    6.500000096857548,
    0.4000000059604645,
    8.50000012665987,
    6.000000089406967,
    3.7000000551342964
  ],
  "tasmin": [
    -6.200000092387199,
    -1.3000000193715096,
    -3.7000000551342964,
    -9.100000135600567,
    -10.000000149011612,
    -12.000000178813934,
    -8.50000012665987,
    -5.700000084936619,
    1.1000000163912773,
    -3.200000047683716,
    -9.300000138580799,
    -8.300000123679638,
    1.5000000223517418,
    -0.5000000074505806,
    1.600000023841858,
    -2.2000000327825546,
    -2.600000038743019,
    -1.8000000268220901,
    -3.500000052154064,
    -5.200000077486038,
    -6.200000092387199,
    -8.50000012665987,
    -7.500000111758709,
    -6.900000102818012,
    -4.400000065565109,
    0.5000000074505806,
    -1.8000000268220901,
    0.10000000149011612,
    -0.20000000298023224,
    -2.2000000327825546,
    -1.8000000268220901,
    -0.6000000089406967,
    -3.1000000461935997,
    -3.0000000447034836,
    -2.1000000312924385,
    -1.1000000163912773,
    -1.0000000149011612,
    4.700000070035458,
    0.5000000074505806,
    -0.20000000298023224,
    -1.600000023841858,
    2.2000000327825546,
    4.200000062584877,
    4.000000059604645,
    -0.5000000074505806,
    -1.700000025331974,
    -1.3000000193715096,
    0.10000000149011612,
    -1.3000000193715096
  ]
}