{
  "time": [
    1767268800000000000,
    1767355200000000000,
    1767441600000000000
  ],
  "hurs": [
    57.700000859797,
    69.90000104159117,
    66.70000099390745
  ],
  "pr": [
    0.0,
    2.0999999046325684,
    0.0
  ],
  "tas": [
    -1.1000000163912773,
    0.6000000089406967,
    -1.700000025331974
  ],
  "tasmax": [
    3.9000000581145287,
    1.700000025331974,
    0.20000000298023224
  ],
  "tasmin": [
    -6.000000089406967,
    -1.3000000193715096,
    -3.7000000551342964
  ]
}