{
  "time": [
    1767225600000000000,
    1767312000000000000,
    1767398400000000000,
    1767484800000000000,
    1767571200000000000,
    1767657600000000000,
    1767744000000000000,
    1767830400000000000,
    1767916800000000000,
    1768003200000000000,
    1768089600000000000,
    1768176000000000000,
    1768262400000000000,
    1768348800000000000,
    1768435200000000000,
    1768521600000000000,
    1768608000000000000,
    1768694400000000000,
    1768780800000000000,
    1768867200000000000,
    1768953600000000000,
    1769040000000000000,
    1769126400000000000,
    1769212800000000000,
    1769299200000000000,
    1769385600000000000,
    1769472000000000000,
    1769558400000000000,
    1769644800000000000,
    1769731200000000000,
    1769817600000000000,
    1769904000000000000,
    1769990400000000000,
    1770076800000000000,
    1770163200000000000,
    1770249600000000000
  ],
  "hurs": [
    58.00000086426735,
    69.90000104159117,
    66.20000098645687,
    70.20000104606152,
    78.40000116825104,
    76.00000113248825,
    72.40000107884407,
    83.70000124722719,
    74.40000110864639,
    83.00000123679638,
    83.50000124424696,
    86.90000129491091,
    81.70000121742487,
    80.70000120252371,
    66.50000099092722,
    79.70000118762255,
    95.20000141859055,
    95.00000141561031,
    79.90000119060278,
    74.00000110268593,
    75.7000011280179,
    87.90000130981207,
    86.00000128149986,
    87.40000130236149,
    93.40000139176846,
    83.50000124424696,
    76.50000113993883,
    80.40000119805336,
    93.50000139325857,
    92.70000138133764,
    88.40000131726265,
    85.70000127702951,
    85.90000128000975,
    81.70000121742487,
    91.2000013589859,
    86.00000128149986
  ],
  "pr": [
    0.0,
    2.0999999046325684,
    0.0,
    0.0,
    0.0,
    0.0,
    0.4000000059604645,
    8.300000190734863,
    0.0,
    4.800000190734863,
    0.0,
    6.900000095367432,
    0.0,
    0.0,
    0.0,
    0.0,
    0.0,
    0.0,
    0.0,
    0.0,
    0.0,
    0.0,
    0.0,
    0.0,
    7.400000095367432,
    0.20000000298023224,
    0.0,
    6.699999809265137,
    1.5,
    0.0,
    0.0,
    0.0,
    0.0,
    0.10000000149011612,
    0.0,
    0.0
  ],
  "tas": [
    -1.1000000163912773,
    0.6000000089406967,
    -1.700000025331974,
    -4.500000067055225,
    -7.000000104308128,
    -7.200000107288361,
    -5.200000077486038,
    -0.9000000134110451,
    4.200000062584877,
    1.3000000193715096,
    -4.90000007301569,
    0.20000000298023224,
    5.700000084936619,
    3.7000000551342964,
    6.000000089406967,
    2.3000000342726707,
    -1.8000000268220901,
    -0.9000000134110451,
    -0.20000000298023224,
    -1.3000000193715096,
    -2.2000000327825546,
    -6.200000092387199,
    -5.200000077486038,
    -3.500000052154064,
    -2.600000038743019,
    3.1000000461935997,
    2.2000000327825546,
    1.700000025331974,
    1.3000000193715096,
    0.5000000074505806,
    1.1000000163912773,
    1.1000000163912773,
    0.0,
    0.9000000134110451,
    -0.10000000149011612,
    1.700000025331974
  ],
  "tasmax": [
    3.9000000581145287,
    1.700000025331974,
    0.20000000298023224,
    -0.5000000074505806,
    -3.200000047683716,
    -2.500000037252903,
    -1.5000000223517418,
    1.8000000268220901,
    7.200000107288361,
    3.400000050663948,
    -1.8000000268220901,
    6.800000101327896,
    9.600000143051147,
    9.500000141561031,
    13.000000193715096,
    9.80000014603138,
    -1.0000000149011612,
    0.20000000298023224,
    6.000000089406967,
    5.200000077486038,
    4.200000062584877,
    -3.7000000551342964,
    -1.1000000163912773,
    -0.20000000298023224,
    1.0000000149011612,
    4.500000067055225,
    6.900000102818012,
    4.90000007301569,
    2.8000000417232513,
    4.500000067055225,
    4.90000007301569,
    5.000000074505806,
    2.8000000417232513,
    6.200000092387199,
    1.3000000193715096,
    7.400000110268593
  ],
  "tasmin": [
    -6.000000089406967,
    -1.3000000193715096,
    -3.9000000581145287,
    -9.100000135600567,
    -10.000000149011612,
    -11.900000177323818,
    -8.50000012665987,
    -5.700000084936619,
    1.1000000163912773,
    -3.200000047683716,
    -9.300000138580799,
    -8.100000120699406,
    1.5000000223517418,
    -0.5000000074505806,
    1.600000023841858,
    -2.2000000327825546,
    -2.600000038743019,
    -1.8000000268220901,
    -3.400000050663948,
    -5.200000077486038,
    -6.000000089406967,
    -8.50000012665987,
    -7.700000114738941,
    -6.900000102818012,
    -4.400000065565109,
    0.9000000134110451,
    -1.8000000268220901,
    0.10000000149011612,
    -0.20000000298023224,
    -2.3000000342726707,
    -1.700000025331974,
    -0.6000000089406967,
    -3.1000000461935997,
    -3.0000000447034836,
    -2.1000000312924385,
    -1.1000000163912773
  ]
}