{
  "time": [
    1767268800000000000
  ],
  "hurs": [
    57.700000859797
  ],
  "pr": [
    0.0
  ],
  "tas": [
    -1.1000000163912773
  ],
  "tasmax": [
    3.9000000581145287
  ],
  "tasmin": [
    -6.000000089406967
  ]
}