{
  "time": [
    1767225600000000000,
    1767312000000000000,
    1767398400000000000,
    1767484800000000000,
    1767571200000000000,
    1767657600000000000,
    1767744000000000000,
    1767830400000000000,
    1767916800000000000,
    1768003200000000000,
    1768089600000000000,
    1768176000000000000,
    1768262400000000000,
    1768348800000000000,
    1768435200000000000,
    1768521600000000000,
    1768608000000000000,
    1768694400000000000,
    1768780800000000000,
    1768867200000000000,
    1768953600000000000,
    1769040000000000000,
    1769126400000000000,
    1769212800000000000,
    1769299200000000000,
    1769385600000000000,
    1769472000000000000,
    1769558400000000000,
    1769644800000000000,
    1769731200000000000,
    1769817600000000000,
    1769904000000000000,
    1769990400000000000,
    1770076800000000000,
    1770163200000000000,
    1770249600000000000,
    1770336000000000000,
    1770422400000000000,
    1770508800000000000,
    1770595200000000000,
    1770681600000000000,
    1770768000000000000
  ],
  "hurs": [
    58.00000086426735,
    69.90000104159117,
    66.20000098645687,
    70.20000104606152,
    78.40000116825104,
    76.00000113248825,
    72.40000107884407,
    83.70000124722719,
    74.40000110864639,
    83.00000123679638,
    83.50000124424696,
    86.90000129491091,
    81.70000121742487,
    80.70000120252371,
    66.50000099092722,
    79.70000118762255,
    95.20000141859055,
    95.00000141561031,
    79.90000119060278,
    74.00000110268593,
    75.7000011280179,
    87.90000130981207,
    86.00000128149986,
    87.40000130236149,
    93.40000139176846,
    83.50000124424696,
    76.50000113993883,
    80.40000119805336,
    93.50000139325857,
    92.70000138133764,
    88.40000131726265,
    85.70000127702951,
    85.90000128000975,
    81.70000121742487,
    91.2000013589859,
    86.00000128149986,
    88.00000131130219,
    79.4000011831522,
    89.70000133663416,
    89.50000133365393,
    79.20000118017197,
    79.70000118762255
  ]
}