{
  "time": [
    1767268800000000000,
    1767355200000000000,
    1767441600000000000
  ],
  "hurs": [
    57.700000859797,
    69.90000104159117,
    66.70000099390745
  ]
}