{
  "time": [
    1767225600000000000,
    1767312000000000000,
    1767398400000000000,
    1767484800000000000,
    1767571200000000000,
    1767657600000000000,
    1767744000000000000,
    1767830400000000000,
    1767916800000000000,
    1768003200000000000,
    1768089600000000000,
    1768176000000000000,
    1768262400000000000,
    1768348800000000000,
    1768435200000000000,
    1768521600000000000,
    1768608000000000000,
    1768694400000000000,
    1768780800000000000,
    1768867200000000000,
    1768953600000000000,
    1769040000000000000,
    1769126400000000000,
    1769212800000000000,
    1769299200000000000,
    1769385600000000000,
    1769472000000000000,
    1769558400000000000,
    1769644800000000000,
    1769731200000000000,
    1769817600000000000,
    1769904000000000000,
    1769990400000000000,
    1770076800000000000,
    1770163200000000000,
    1770249600000000000,
    1770336000000000000,
    1770422400000000000,
    1770508800000000000,
    1770595200000000000,
    1770681600000000000,
    1770768000000000000,
    1770854400000000000,
    1770940800000000000,
    1771027200000000000,
    1771113600000000000,
    1771200000000000000,
    1771286400000000000,
    1771372800000000000,
    1771459200000000000,
    1771545600000000000,
    1771632000000000000,
    1771718400000000000,
    1771804800000000000,
    1771891200000000000,
    1771977600000000000,
    1772064000000000000,
    1772150400000000000,
    1772236800000000000,
    1772323200000000000,
    1772409600000000000,
    1772496000000000000,
    1772582400000000000,
    1772668800000000000,
    1772755200000000000,
    1772841600000000000,
    1772928000000000000,
    1773014400000000000,
    1773100800000000000,
    1773187200000000000,
    1773273600000000000,
    1773360000000000000,
    1773446400000000000,
    1773532800000000000,
    1773619200000000000,
    1773705600000000000,
    1773792000000000000,
    1773878400000000000,
    1773964800000000000,
    1774051200000000000,
    1774137600000000000,
    1774224000000000000,
    1774310400000000000,
    1774396800000000000,
    1774483200000000000,
    1774569600000000000,
    1774656000000000000,
    1774742400000000000,
    1774828800000000000,
    1774915200000000000,
    1775001600000000000
  ],
  "hurs": [
    58.900000877678394,
    69.40000103414059,
    66.50000099092722,
    70.20000104606152,
    78.2000011652708,
    76.50000113993883,
    71.90000107139349,
    83.20000123977661,
    74.00000110268593,
    83.00000123679638,
    83.40000124275684,
    87.20000129938126,
    81.50000121444464,
    81.20000120997429,
    66.50000099092722,
    79.70000118762255,
    95.20000141859055,
    95.20000141859055,
    80.50000119954348,
    73.70000109821558,
    75.7000011280179,
    88.20000131428242,
    84.50000125914812,
    87.5000013038516,
    93.20000138878822,
    83.70000124722719,
    77.40000115334988,
    80.50000119954348,
    93.50000139325857,
    92.70000138133764,
    88.40000131726265,
    86.00000128149986,
    85.90000128000975,
    82.70000123232603,
    91.2000013589859,
    86.2000012844801,
    88.00000131130219,
    79.00000117719173,
    88.20000131428242,
    88.00000131130219,
    78.70000117272139,
    79.50000118464231,
    79.50000118464231,
    73.50000109523535,
    86.40000128746033,
    89.00000132620335,
    80.90000120550394,
    81.40000121295452,
    77.40000115334988,
    90.20000134408474,
    89.00000132620335,
    90.70000135153532,
    79.70000118762255,
    77.90000116080046,
    94.20000140368938,
    91.70000136643648,
    81.00000120699406,
    67.50000100582838,
    68.50000102072954,
    75.40000112354755,
    83.20000123977661,
    90.90000135451555,
    93.20000138878822,
    80.50000119954348,
    70.00000104308128,
    72.20000107586384,
    76.20000113546848,
    73.200001090765,
    58.600000873208046,
    67.20000100135803,
    81.00000120699406,
    63.9000009521842,
    75.90000113099813,
    76.40000113844872,
    75.00000111758709,
    88.90000132471323,
    77.70000115782022,
    65.00000096857548,
    60.700000904500484,
    71.20000106096268,
    62.60000093281269,
    57.700000859797,
    51.700000770390034,
    61.200000911951065,
    81.20000120997429,
    68.50000102072954,
    62.40000092983246,
    89.20000132918358,
    81.20000120997429,
    75.7000011280179,
    71.50000106543303
  ]
}