{
  "time": [
    1767225600000000000,
    1767312000000000000,
    1767398400000000000,
    1767484800000000000,
    1767571200000000000,
    1767657600000000000,
    1767744000000000000,
    1767830400000000000,
    1767916800000000000,
    1768003200000000000,
    1768089600000000000,
    1768176000000000000,
    1768262400000000000,
    1768348800000000000,
    1768435200000000000,
    1768521600000000000,
    1768608000000000000,
    1768694400000000000,
    1768780800000000000,
    1768867200000000000,
    1768953600000000000,
    1769040000000000000,
    1769126400000000000,
    1769212800000000000,
    1769299200000000000,
    1769385600000000000,
    1769472000000000000,
    1769558400000000000,
    1769644800000000000,
    1769731200000000000,
    1769817600000000000,
    1769904000000000000,
    1769990400000000000,
    1770076800000000000,
    1770163200000000000,
    1770249600000000000,
    1770336000000000000,
    1770422400000000000,
    1770508800000000000,
    1770595200000000000,
    1770681600000000000,
    1770768000000000000,
    1770854400000000000,
    1770940800000000000,
    1771027200000000000,
    1771113600000000000,
    1771200000000000000,
    1771286400000000000,
    1771372800000000000,
    1771459200000000000,
    1771545600000000000,
    1771632000000000000,
    1771718400000000000,
    1771804800000000000,
    1771891200000000000,
    1771977600000000000
  ],
  "hurs": [
    58.900000877678394,
    69.40000103414059,
    66.50000099092722,
    70.20000104606152,
    78.2000011652708,
    76.50000113993883,
    71.90000107139349,
    83.20000123977661,
    74.00000110268593,
    83.00000123679638,
    83.40000124275684,
    87.20000129938126,
    81.50000121444464,
    81.20000120997429,
    66.50000099092722,
    79.70000118762255,
    95.20000141859055,
    95.20000141859055,
    80.50000119954348,
    73.70000109821558,
    75.7000011280179,
    88.20000131428242,
    84.50000125914812,
    87.5000013038516,
    93.20000138878822,
    83.70000124722719,
    77.40000115334988,
    80.50000119954348,
    93.50000139325857,
    92.70000138133764,
    88.40000131726265,
    85.70000127702951,
    85.90000128000975,
    81.70000121742487,
    91.2000013589859,
    86.00000128149986,
    88.00000131130219,
    79.4000011831522,
    89.70000133663416,
    89.50000133365393,
    79.20000118017197,
    79.70000118762255,
    79.4000011831522,
    73.70000109821558,
    87.70000130683184,
    88.50000131875277,
    81.00000120699406,
    82.00000122189522,
    77.50000115483999,
    89.00000132620335,
    89.00000132620335,
    90.90000135451555,
    80.0000011920929,
    77.70000115782022,
    93.50000139325857,
    91.70000136643648
  ]
}