{
  "time": [
    1767268800000000000,
    1767355200000000000,
    1767441600000000000
  ],
  "tas": [
    -1.1000000163912773,
    0.6000000089406967,
    -1.700000025331974
  ]
}