{
  "time": [
    1767225600000000000,
    1767312000000000000,
    1767398400000000000,
    1767484800000000000,
    1767571200000000000,
    1767657600000000000,
    1767744000000000000,
    1767830400000000000,
    1767916800000000000,
    1768003200000000000,
    1768089600000000000,
    1768176000000000000,
    1768262400000000000,
    1768348800000000000,
    1768435200000000000,
    1768521600000000000,
    1768608000000000000,
    1768694400000000000,
    1768780800000000000,
    1768867200000000000,
    1768953600000000000,
    1769040000000000000,
    1769126400000000000,
    1769212800000000000,
    1769299200000000000,
    1769385600000000000,
    1769472000000000000,
    1769558400000000000,
    1769644800000000000,
    1769731200000000000,
    1769817600000000000,
    1769904000000000000,
    1769990400000000000,
    1770076800000000000,
    1770163200000000000,
    1770249600000000000,
    1770336000000000000,
    1770422400000000000,
    1770508800000000000,
    1770595200000000000,
    1770681600000000000,
    1770768000000000000
  ],
  "tasmin": [
    -6.000000089406967,
    -1.3000000193715096,
    -3.9000000581145287,
    -9.100000135600567,
    -10.000000149011612,
    -11.900000177323818,
    -8.50000012665987,
    -5.700000084936619,
    1.1000000163912773,
    -3.200000047683716,
    -9.300000138580799,
    -8.100000120699406,
    1.5000000223517418,
    -0.5000000074505806,
    1.600000023841858,
    -2.2000000327825546,
    -2.600000038743019,
    -1.8000000268220901,
    -3.400000050663948,
    -5.200000077486038,
    -6.000000089406967,
    -8.50000012665987,
    -7.700000114738941,
    -6.900000102818012,
    -4.400000065565109,
    0.9000000134110451,
    -1.8000000268220901,
    0.10000000149011612,
    -0.20000000298023224,
    -2.3000000342726707,
    -1.700000025331974,
    -0.6000000089406967,
    -3.1000000461935997,
    -3.0000000447034836,
    -2.1000000312924385,
    -1.1000000163912773,
    -1.0000000149011612,
    4.700000070035458,
    0.5000000074505806,
    -0.20000000298023224,
    -1.600000023841858,
    2.2000000327825546
  ]
}