{
  "time": [
    1767268800000000000,
    1767355200000000000,
    1767441600000000000
  ],
  "tasmax": [
    3.9000000581145287,
    1.700000025331974,
    0.20000000298023224
  ]
}