{
  "time": [
    1767225600000000000,
    1767312000000000000,
    1767398400000000000,
    1767484800000000000,
    1767571200000000000,
    1767657600000000000,
    1767744000000000000,
    1767830400000000000,
    1767916800000000000,
    1768003200000000000,
    1768089600000000000,
    1768176000000000000,
    1768262400000000000,
    1768348800000000000,
    1768435200000000000,
    1768521600000000000,
    1768608000000000000,
    1768694400000000000,
    1768780800000000000,
    1768867200000000000,
    1768953600000000000,
    1769040000000000000,
    1769126400000000000,
    1769212800000000000,
    1769299200000000000,
    1769385600000000000,
    1769472000000000000,
    1769558400000000000,
    1769644800000000000,
    1769731200000000000,
    1769817600000000000,
    1769904000000000000,
    1769990400000000000,
    1770076800000000000,
    1770163200000000000,
    1770249600000000000,
    1770336000000000000,
    1770422400000000000,
    1770508800000000000,
    1770595200000000000,
    1770681600000000000
  ],
  "tasmax": [
    3.9000000581145287,
    1.700000025331974,
    0.20000000298023224,
    -0.5000000074505806,
    -3.200000047683716,
    -2.500000037252903,
    -1.5000000223517418,
    1.8000000268220901,
    7.200000107288361,
    3.400000050663948,
    -1.8000000268220901,
    6.800000101327896,
    9.600000143051147,
    9.500000141561031,
    13.000000193715096,
    9.80000014603138,
    -1.0000000149011612,
    0.20000000298023224,
    6.000000089406967,
    5.200000077486038,
    4.200000062584877,
    -3.7000000551342964,
    -1.1000000163912773,
    -0.20000000298023224,
    1.0000000149011612,
    4.500000067055225,
    6.900000102818012,
    4.90000007301569,
    2.8000000417232513,
    4.500000067055225,
    4.90000007301569,
    5.000000074505806,
    2.8000000417232513,
    6.200000092387199,
    1.3000000193715096,
    7.400000110268593,
    7.900000117719173,
    9.500000141561031,
    8.100000120699406,
    4.000000059604645,
    7.700000114738941
  ]
}