{
  "time": [
    1767268800000000000
  ],
  "hurs": [
    80.20000119507313
  ],
  "pr": [
    2.9000000953674316
  ],
  "tas": [
    3.200000047683716
  ],
  "tasmax": [
    4.200000062584877
  ],
  "tasmin": [
    2.2000000327825546
  ]
}