{
  "time": [
    1767225600000000000,
    1767312000000000000,
    1767398400000000000,
    1767484800000000000,
    1767571200000000000,
    1767657600000000000,
    1767744000000000000,
    1767830400000000000,
    1767916800000000000,
    1768003200000000000,
    1768089600000000000,
    1768176000000000000,
    1768262400000000000,
    1768348800000000000,
    1768435200000000000,
    1768521600000000000,
    1768608000000000000,
    1768694400000000000,
    1768780800000000000,
    1768867200000000000,
    1768953600000000000,
    1769040000000000000,
    1769126400000000000,
    1769212800000000000,
    1769299200000000000,
    1769385600000000000,
    1769472000000000000,
    1769558400000000000,
    1769644800000000000,
    1769731200000000000,
    1769817600000000000,
    1769904000000000000,
    1769990400000000000,
    1770076800000000000,
    1770163200000000000,
    1770249600000000000,
    1770336000000000000,
    1770422400000000000,
    1770508800000000000,
    1770595200000000000,
    1770681600000000000,
    1770768000000000000,
    1770854400000000000,
    1770940800000000000,
    1771027200000000000,
    1771113600000000000
  ],
  "hurs": [
    80.40000119805336,
    89.00000132620335,
    89.40000133216381,
    85.70000127702951,
    83.20000123977661,
    87.90000130981207,
    82.00000122189522,
    86.2000012844801,
    88.20000131428242,
    82.70000123232603,
    81.00000120699406,
    91.00000135600567,
    88.50000131875277,
    91.2000013589859,
    82.20000122487545,
    83.40000124275684,
    80.0000011920929,
    85.20000126957893,
    84.90000126510859,
    76.70000114291906,
    67.70000100880861,
    66.70000099390745,
    69.70000103861094,
    78.40000116825104,
    77.00000114738941,
    90.20000134408474,
    87.40000130236149,
    93.90000139921904,
    94.50000140815973,
    86.2000012844801,
    86.40000128746033,
    84.70000126212835,
    73.00000108778477,
    83.20000123977661,
    81.20000120997429,
    81.70000121742487,
    86.40000128746033,
    83.50000124424696,
    91.50000136345625,
    80.20000119507313,
    82.70000123232603,
    94.20000140368938,
    91.70000136643648,
    81.70000121742487,
    79.50000118464231,
    80.0000011920929
  ]
}