{
  "time": [
    1767225600000000000,
    1767312000000000000,
    1767398400000000000,
    1767484800000000000,
    1767571200000000000,
    1767657600000000000,
    1767744000000000000,
    1767830400000000000,
    1767916800000000000,
    1768003200000000000,
    1768089600000000000,
    1768176000000000000,
    1768262400000000000,
    1768348800000000000,
    1768435200000000000,
    1768521600000000000,
    1768608000000000000,
    1768694400000000000,
    1768780800000000000,
    1768867200000000000,
    1768953600000000000,
    1769040000000000000,
    1769126400000000000,
    1769212800000000000,
    1769299200000000000,
    1769385600000000000,
    1769472000000000000,
    1769558400000000000,
    1769644800000000000,
    1769731200000000000,
    1769817600000000000,
    1769904000000000000,
    1769990400000000000,
    1770076800000000000,
    1770163200000000000,
    1770249600000000000,
    1770336000000000000,
    1770422400000000000,
    1770508800000000000,
    1770595200000000000,
    1770681600000000000
  ],
  "hurs": [
    80.20000119507313,
    88.50000131875277,
    89.00000132620335,
    85.20000126957893,
    83.40000124275684,
    88.00000131130219,
    81.70000121742487,
    85.70000127702951,
    87.70000130683184,
    84.20000125467777,
    81.9000012204051,
    91.00000135600567,
    88.00000131130219,
    92.20000137388706,
    82.20000122487545,
    83.50000124424696,
    79.70000118762255,
    85.20000126957893,
    84.90000126510859,
    77.70000115782022,
    67.70000100880861,
    67.40000100433826,
    70.40000104904175,
    78.00000116229057,
    78.00000116229057,
    90.70000135153532,
    87.5000013038516,
    93.00000138580799,
    94.20000140368938,
    86.2000012844801,
    86.40000128746033,
    84.70000126212835,
    73.00000108778477,
    83.20000123977661,
    81.20000120997429,
    81.70000121742487,
    86.40000128746033,
    83.50000124424696,
    91.50000136345625,
    80.20000119507313,
    82.70000123232603
  ]
}