{
  "time": [
    1767268800000000000,
    1767355200000000000,
    1767441600000000000
  ],
  "hurs": [
    80.20000119507313,
    88.50000131875277,
    88.50000131875277
  ]
}