{
  "time": [
    1767225600000000000,
    1767312000000000000,
    1767398400000000000,
    1767484800000000000,
    1767571200000000000,
    1767657600000000000,
    1767744000000000000,
    1767830400000000000,
    1767916800000000000,
    1768003200000000000,
    1768089600000000000,
    1768176000000000000,
    1768262400000000000,
    1768348800000000000,
    1768435200000000000,
    1768521600000000000,
    1768608000000000000,
    1768694400000000000,
    1768780800000000000,
    1768867200000000000,
    1768953600000000000,
    1769040000000000000,
    1769126400000000000,
    1769212800000000000,
    1769299200000000000,
    1769385600000000000,
    1769472000000000000,
    1769558400000000000,
    1769644800000000000,
    1769731200000000000,
    1769817600000000000,
    1769904000000000000,
    1769990400000000000,
    1770076800000000000,
    1770163200000000000,
    1770249600000000000,
    1770336000000000000,
    1770422400000000000,
    1770508800000000000,
    1770595200000000000,
    1770681600000000000,
    1770768000000000000,
    1770854400000000000,
    1770940800000000000,
    1771027200000000000,
    1771113600000000000,
    1771200000000000000
  ],
  "hurs": [
    79.20000118017197,
    90.50000134855509,
    91.00000135600567,
    87.20000129938126,
    80.70000120252371,
    85.90000128000975,
    80.0000011920929,
    85.50000127404928,
    89.70000133663416,
    82.90000123530626,
    80.70000120252371,
    90.20000134408474,
    87.00000129640102,
    90.70000135153532,
    83.00000123679638,
    78.2000011652708,
    76.9000011458993,
    88.90000132471323,
    85.20000126957893,
    75.7000011280179,
    65.50000097602606,
    68.50000102072954,
    74.00000110268593,
    85.50000127404928,
    83.00000123679638,
    91.70000136643648,
    90.20000134408474,
    95.90000142902136,
    93.00000138580799,
    84.50000125914812,
    84.70000126212835,
    85.40000127255917,
    73.90000110119581,
    81.00000120699406,
    81.20000120997429,
    81.70000121742487,
    86.70000129193068,
    84.90000126510859,
    88.20000131428242,
    79.50000118464231,
    79.90000119060278,
    95.70000142604113,
    94.50000140815973,
    80.50000119954348,
    82.5000012293458,
    79.4000011831522,
    93.00000138580799
  ],
  "pr": [
    3.0,
    1.7999999523162842,
    2.0999999046325684,
    0.20000000298023224,
    0.8999999761581421,
    0.0,
    0.8999999761581421,
    8.0,
    8.899999618530273,
    0.10000000149011612,
    1.899999976158142,
    9.0,
    2.9000000953674316,
    3.0,
    0.0,
    0.0,
    0.0,
    0.0,
    0.0,
    0.0,
    0.0,
    0.10000000149011612,
    0.30000001192092896,
    0.5,
    0.10000000149011612,
    1.899999976158142,
    4.800000190734863,
    2.5,
    1.2000000476837158,
    0.0,
    0.20000000298023224,
    0.0,
    0.0,
    2.4000000953674316,
    0.0,
    0.0,
    0.699999988079071,
    0.0,
    0.0,
    0.0,
    1.5,
    8.5,
    4.199999809265137,
    0.0,
    0.0,
    7.0,
    4.800000190734863
  ],
  "tas": [
    3.200000047683716,
    1.1000000163912773,
    0.5000000074505806,
    0.4000000059604645,
    -1.1000000163912773,
    -0.6000000089406967,
    -1.3000000193715096,
    1.8000000268220901,
    3.200000047683716,
    -2.7000000402331352,
    -3.7000000551342964,
    3.6000000536441803,
    8.800000131130219,
    8.100000120699406,
    9.500000141561031,
    10.500000156462193,
    8.50000012665987,
    2.3000000342726707,
    0.800000011920929,
    2.3000000342726707,
    5.000000074505806,
    2.500000037252903,
    4.90000007301569,
    1.8000000268220901,
    -0.800000011920929,
    -0.10000000149011612,
    1.8000000268220901,
    1.8000000268220901,
    0.4000000059604645,
    2.0000000298023224,
    5.000000074505806,
    4.500000067055225,
    3.400000050663948,
    0.800000011920929,
    5.200000077486038,
    3.0000000447034836,
    4.000000059604645,
    7.700000114738941,
    4.700000070035458,
    3.400000050663948,
    6.500000096857548,
    8.800000131130219,
    8.00000011920929,
    3.7000000551342964,
    -0.20000000298023224,
    -0.5000000074505806,
    3.200000047683716
  ],
  "tasmax": [
    4.200000062584877,
    3.6000000536441803,
    1.5000000223517418,
    1.0000000149011612,
    0.5000000074505806,
    0.5000000074505806,
    0.5000000074505806,
    3.400000050663948,
    6.800000101327896,
    1.3000000193715096,
    0.0,
    8.00000011920929,
    10.800000160932541,
    10.30000015348196,
    11.500000171363354,
    11.900000177323818,
    13.600000202655792,
    6.500000096857548,
    5.200000077486038,
    9.00000013411045,
    9.500000141561031,
    6.70000009983778,
    9.500000141561031,
    4.500000067055225,
    1.0000000149011612,
    0.5000000074505806,
    3.9000000581145287,
    3.9000000581145287,
    1.1000000163912773,
    5.700000084936619,
    8.00000011920929,
    7.400000110268593,
    7.500000111758709,
    4.500000067055225,
    11.60000017285347,
    6.900000102818012,
    7.300000108778477,
    13.100000195205212,
    10.600000157952309,
    8.800000131130219,
    9.300000138580799,
    10.400000154972076,
    8.900000132620335,
    7.300000108778477,
    0.5000000074505806,
    4.000000059604645,
    7.500000111758709
  ],
  "tasmin": [
    2.1000000312924385,
    0.4000000059604645,
    -0.10000000149011612,
    -1.700000025331974,
    -2.7000000402331352,
    -2.2000000327825546,
    -2.8000000417232513,
    0.0,
    0.800000011920929,
    -6.70000009983778,
    -8.400000125169754,
    0.0,
    7.500000111758709,
    6.000000089406967,
    7.000000104308128,
    7.000000104308128,
    3.200000047683716,
    -1.1000000163912773,
    -2.1000000312924385,
    -1.600000023841858,
    1.1000000163912773,
    -1.700000025331974,
    2.500000037252903,
    -1.5000000223517418,
    -2.7000000402331352,
    -0.9000000134110451,
    -0.20000000298023224,
    -0.20000000298023224,
    -0.20000000298023224,
    -0.4000000059604645,
    2.3000000342726707,
    1.3000000193715096,
    -0.10000000149011612,
    -1.8000000268220901,
    0.10000000149011612,
    0.20000000298023224,
    0.4000000059604645,
    3.9000000581145287,
    0.4000000059604645,
    -1.5000000223517418,
    2.7000000402331352,
    7.200000107288361,
    6.900000102818012,
    0.9000000134110451,
    -2.8000000417232513,
    -5.4000000804662704,
    0.4000000059604645
  ]
}