{
  "time": [
    1767225600000000000,
    1767312000000000000,
    1767398400000000000,
    1767484800000000000,
    1767571200000000000,
    1767657600000000000,
    1767744000000000000,
    1767830400000000000,
    1767916800000000000,
    1768003200000000000,
    1768089600000000000,
    1768176000000000000,
    1768262400000000000,
    1768348800000000000,
    1768435200000000000,
    1768521600000000000,
    1768608000000000000,
    1768694400000000000,
    1768780800000000000,
    1768867200000000000,
    1768953600000000000,
    1769040000000000000,
    1769126400000000000,
    1769212800000000000,
    1769299200000000000,
    1769385600000000000,
    1769472000000000000,
    1769558400000000000,
    1769644800000000000,
    1769731200000000000,
    1769817600000000000,
    1769904000000000000,
    1769990400000000000,
    1770076800000000000,
    1770163200000000000,
    1770249600000000000,
    1770336000000000000,
    1770422400000000000,
    1770508800000000000,
    1770595200000000000
  ],
  "hurs": [
    79.00000117719173,
    90.00000134110451,
    90.20000134408474,
    88.00000131130219,
    81.70000121742487,
    86.50000128895044,
    78.90000117570162,
    83.70000124722719,
    89.00000132620335,
    83.90000125020742,
    80.70000120252371,
    90.00000134110451,
    87.5000013038516,
    92.00000137090683,
    82.70000123232603,
    78.70000117272139,
    76.70000114291906,
    88.90000132471323,
    85.40000127255917,
    75.50000112503767,
    65.90000098198652,
    68.00000101327896,
    74.20000110566616,
    85.50000127404928,
    83.20000123977661,
    92.90000138431787,
    90.50000134855509,
    93.20000138878822,
    92.20000137388706,
    83.90000125020742,
    83.20000123977661,
    85.40000127255917,
    73.90000110119581,
    81.00000120699406,
    81.20000120997429,
    81.70000121742487,
    86.70000129193068,
    84.90000126510859,
    88.20000131428242,
    79.50000118464231
  ],
  "pr": [
    3.0,
    1.7999999523162842,
    2.0999999046325684,
    0.20000000298023224,
    0.8999999761581421,
    0.0,
    0.8999999761581421,
    8.0,
    8.899999618530273,
    0.10000000149011612,
    1.899999976158142,
    9.0,
    2.9000000953674316,
    3.0,
    0.0,
    0.0,
    0.0,
    0.0,
    0.0,
    0.0,
    0.0,
    0.10000000149011612,
    0.30000001192092896,
    0.5,
    0.10000000149011612,
    1.899999976158142,
    4.800000190734863,
    2.5,
    1.2000000476837158,
    0.0,
    0.20000000298023224,
    0.0,
    0.0,
    2.4000000953674316,
    0.0,
    0.0,
    0.699999988079071,
    0.0,
    0.0,
    0.0
  ],
  "tas": [
    3.200000047683716,
    1.1000000163912773,
    0.5000000074505806,
    0.20000000298023224,
    -1.3000000193715096,
    -0.5000000074505806,
    -1.1000000163912773,
    2.1000000312924385,
    3.400000050663948,
    -2.8000000417232513,
    -3.7000000551342964,
    3.6000000536441803,
    8.600000128149986,
    8.00000011920929,
    9.500000141561031,
    10.400000154972076,
    8.50000012665987,
    2.3000000342726707,
    0.6000000089406967,
    2.2000000327825546,
    4.90000007301569,
    2.500000037252903,
    4.700000070035458,
    1.600000023841858,
    -0.9000000134110451,
    -0.20000000298023224,
    1.8000000268220901,
    2.0000000298023224,
    0.5000000074505806,
    2.1000000312924385,
    5.000000074505806,
    4.500000067055225,
    3.400000050663948,
    0.800000011920929,
    5.200000077486038,
    3.0000000447034836,
    4.000000059604645,
    7.700000114738941,
    4.700000070035458,
    3.400000050663948
  ],
  "tasmax": [
    4.400000065565109,
    3.500000052154064,
    1.5000000223517418,
    0.800000011920929,
    0.20000000298023224,
    0.5000000074505806,
    0.800000011920929,
    3.6000000536441803,
    6.900000102818012,
    1.3000000193715096,
    0.20000000298023224,
    8.00000011920929,
    10.500000156462193,
    10.30000015348196,
    11.500000171363354,
    11.900000177323818,
    13.600000202655792,
    6.500000096857548,
    5.000000074505806,
    8.400000125169754,
    9.500000141561031,
    6.70000009983778,
    9.300000138580799,
    4.400000065565109,
    0.9000000134110451,
    0.5000000074505806,
    4.000000059604645,
    4.000000059604645,
    1.1000000163912773,
    5.700000084936619,
    8.00000011920929,
    7.400000110268593,
    7.500000111758709,
    4.500000067055225,
    11.60000017285347,
    6.900000102818012,
    7.300000108778477,
    13.100000195205212,
    10.600000157952309,
    8.800000131130219
  ],
  "tasmin": [
    2.1000000312924385,
    0.20000000298023224,
    -0.20000000298023224,
    -2.2000000327825546,
    -3.0000000447034836,
    -2.2000000327825546,
    -2.600000038743019,
    0.4000000059604645,
    1.0000000149011612,
    -6.800000101327896,
    -8.50000012665987,
    0.0,
    7.300000108778477,
    5.700000084936619,
    7.000000104308128,
    7.000000104308128,
    3.200000047683716,
    -1.3000000193715096,
    -2.2000000327825546,
    -1.600000023841858,
    1.1000000163912773,
    -1.700000025331974,
    2.2000000327825546,
    -1.700000025331974,
    -3.0000000447034836,
    -1.0000000149011612,
    -0.20000000298023224,
    0.0,
    -0.10000000149011612,
    -0.20000000298023224,
    2.2000000327825546,
    1.3000000193715096,
    -0.10000000149011612,
    -1.8000000268220901,
    0.10000000149011612,
    0.20000000298023224,
    0.4000000059604645,
    3.9000000581145287,
    0.4000000059604645,
    -1.5000000223517418
  ]
}