{
  "time": [
    1767268800000000000
  ],
  "hurs": [
    79.50000118464231
  ],
  "pr": [
    3.0
  ],
  "tas": [
    3.1000000461935997
  ],
  "tasmax": [
    4.200000062584877
  ],
  "tasmin": [
    2.0000000298023224
  ]
}