{
  "time": [
    1767225600000000000,
    1767312000000000000,
    1767398400000000000,
    1767484800000000000,
    1767571200000000000,
    1767657600000000000,
    1767744000000000000,
    1767830400000000000,
    1767916800000000000,
    1768003200000000000,
    1768089600000000000,
    1768176000000000000,
    1768262400000000000,
    1768348800000000000,
    1768435200000000000,
    1768521600000000000,
    1768608000000000000,
    1768694400000000000,
    1768780800000000000,
    1768867200000000000,
    1768953600000000000,
    1769040000000000000,
    1769126400000000000,
    1769212800000000000,
    1769299200000000000,
    1769385600000000000,
    1769472000000000000,
    1769558400000000000,
    1769644800000000000,
    1769731200000000000,
    1769817600000000000,
    1769904000000000000,
    1769990400000000000,
    1770076800000000000,
    1770163200000000000,
    1770249600000000000,
    1770336000000000000,
    1770422400000000000,
    1770508800000000000,
    1770595200000000000,
    1770681600000000000,
    1770768000000000000,
    1770854400000000000,
    1770940800000000000,
    1771027200000000000,
    1771113600000000000
  ],
  "hurs": [
    79.20000118017197,
    90.50000134855509,
    91.00000135600567,
    87.20000129938126,
    80.70000120252371,
    85.90000128000975,
    80.0000011920929,
    85.50000127404928,
    89.70000133663416,
    82.90000123530626,
    80.70000120252371,
    90.20000134408474,
    87.00000129640102,
    90.70000135153532,
    83.00000123679638,
    78.2000011652708,
    76.9000011458993,
    88.90000132471323,
    85.20000126957893,
    75.7000011280179,
    65.50000097602606,
    68.50000102072954,
    74.00000110268593,
    85.50000127404928,
    83.00000123679638,
    91.70000136643648,
    90.20000134408474,
    95.90000142902136,
    93.00000138580799,
    84.50000125914812,
    84.70000126212835,
    85.40000127255917,
    73.90000110119581,
    81.00000120699406,
    81.20000120997429,
    81.70000121742487,
    86.70000129193068,
    84.90000126510859,
    88.20000131428242,
    79.50000118464231,
    79.90000119060278,
    95.70000142604113,
    94.50000140815973,
    80.50000119954348,
    82.5000012293458,
    79.4000011831522
  ]
}