{
  "time": [
    1767225600000000000,
    1767312000000000000,
    1767398400000000000,
    1767484800000000000,
    1767571200000000000,
    1767657600000000000,
    1767744000000000000,
    1767830400000000000,
    1767916800000000000,
    1768003200000000000,
    1768089600000000000,
    1768176000000000000,
    1768262400000000000,
    1768348800000000000,
    1768435200000000000,
    1768521600000000000,
    1768608000000000000,
    1768694400000000000,
    1768780800000000000,
    1768867200000000000,
    1768953600000000000,
    1769040000000000000,
    1769126400000000000,
    1769212800000000000,
    1769299200000000000,
    1769385600000000000,
    1769472000000000000,
    1769558400000000000,
    1769644800000000000,
    1769731200000000000,
    1769817600000000000,
    1769904000000000000,
    1769990400000000000,
    1770076800000000000,
    1770163200000000000,
    1770249600000000000,
    1770336000000000000,
    1770422400000000000,
    1770508800000000000,
    1770595200000000000,
    1770681600000000000,
    1770768000000000000,
    1770854400000000000,
    1770940800000000000,
    1771027200000000000,
    1771113600000000000,
    1771200000000000000,
    1771286400000000000,
    1771372800000000000,
    1771459200000000000,
    1771545600000000000,
    1771632000000000000,
    1771718400000000000,
    1771804800000000000,
    1771891200000000000,
    1771977600000000000,
    1772064000000000000,
    1772150400000000000,
    1772236800000000000,
    1772323200000000000,
    1772409600000000000,
    1772496000000000000,
    1772582400000000000,
    1772668800000000000,
    1772755200000000000,
    1772841600000000000,
    1772928000000000000,
    1773014400000000000,
    1773100800000000000,
    1773187200000000000,
    1773273600000000000,
    1773360000000000000,
    1773446400000000000,
    1773532800000000000,
    1773619200000000000,
    1773705600000000000,
    1773792000000000000
  ],
  "hurs": [
    79.20000118017197,
    90.50000134855509,
    91.00000135600567,
    87.20000129938126,
    80.70000120252371,
    85.90000128000975,
    80.0000011920929,
    85.50000127404928,
    89.70000133663416,
    82.90000123530626,
    80.70000120252371,
    90.20000134408474,
    87.00000129640102,
    90.70000135153532,
    83.00000123679638,
    78.2000011652708,
    76.9000011458993,
    88.90000132471323,
    85.20000126957893,
    75.7000011280179,
    65.50000097602606,
    68.50000102072954,
    74.00000110268593,
    85.50000127404928,
    83.00000123679638,
    91.70000136643648,
    90.20000134408474,
    95.90000142902136,
    93.00000138580799,
    84.50000125914812,
    84.70000126212835,
    85.20000126957893,
    76.70000114291906,
    82.20000122487545,
    79.50000118464231,
    81.70000121742487,
    85.40000127255917,
    84.70000126212835,
    88.20000131428242,
    79.20000118017197,
    79.4000011831522,
    94.9000014141202,
    94.20000140368938,
    83.20000123977661,
    82.40000122785568,
    77.00000114738941,
    93.50000139325857,
    86.90000129491091,
    76.50000113993883,
    78.00000116229057,
    80.50000119954348,
    88.700001321733,
    93.00000138580799,
    84.20000125467777,
    92.70000138133764,
    80.70000120252371,
    74.20000110566616,
    66.90000099688768,
    73.00000108778477,
    67.0000009983778,
    60.200000897049904,
    63.500000946223736,
    77.40000115334988,
    58.20000086724758,
    57.100000850856304,
    67.20000100135803,
    66.50000099092722,
    64.90000096708536,
    72.50000108033419,
    82.90000123530626,
    70.7000010535121,
    80.40000119805336,
    92.70000138133764,
    77.40000115334988,
    75.00000111758709,
    82.5000012293458,
    54.000000804662704
  ]
}