{
  "time": [
    1767268800000000000,
    1767355200000000000,
    1767441600000000000
  ],
  "hurs": [
    79.50000118464231,
    90.00000134110451,
    89.20000132918358
  ]
}