{
  "time": [
    1767225600000000000,
    1767312000000000000,
    1767398400000000000,
    1767484800000000000,
    1767571200000000000,
    1767657600000000000,
    1767744000000000000,
    1767830400000000000,
    1767916800000000000,
    1768003200000000000,
    1768089600000000000,
    1768176000000000000,
    1768262400000000000,
    1768348800000000000,
    1768435200000000000,
    1768521600000000000,
    1768608000000000000,
    1768694400000000000,
    1768780800000000000,
    1768867200000000000,
    1768953600000000000,
    1769040000000000000,
    1769126400000000000,
    1769212800000000000,
    1769299200000000000,
    1769385600000000000,
    1769472000000000000,
    1769558400000000000,
    1769644800000000000,
    1769731200000000000,
    1769817600000000000,
    1769904000000000000,
    1769990400000000000,
    1770076800000000000,
    1770163200000000000,
    1770249600000000000,
    1770336000000000000,
    1770422400000000000,
    1770508800000000000,
    1770595200000000000,
    1770681600000000000
  ],
  "tas": [
    3.200000047683716,
    1.1000000163912773,
    0.5000000074505806,
    0.20000000298023224,
    -1.3000000193715096,
    -0.5000000074505806,
    -1.1000000163912773,
    2.1000000312924385,
    3.400000050663948,
    -2.8000000417232513,
    -3.7000000551342964,
    3.6000000536441803,
    8.600000128149986,
    8.00000011920929,
    9.500000141561031,
    10.400000154972076,
    8.50000012665987,
    2.3000000342726707,
    0.6000000089406967,
    2.2000000327825546,
    4.90000007301569,
    2.500000037252903,
    4.700000070035458,
    1.600000023841858,
    -0.9000000134110451,
    -0.20000000298023224,
    1.8000000268220901,
    2.0000000298023224,
    0.5000000074505806,
    2.1000000312924385,
    5.000000074505806,
    4.500000067055225,
    3.400000050663948,
    0.800000011920929,
    5.200000077486038,
    3.0000000447034836,
    4.000000059604645,
    7.700000114738941,
    4.700000070035458,
    3.400000050663948,
    6.500000096857548
  ]
}