{
  "time": [
    1767225600000000000,
    1767312000000000000,
    1767398400000000000,
    1767484800000000000,
    1767571200000000000,
    1767657600000000000,
    1767744000000000000,
    1767830400000000000,
    1767916800000000000,
    1768003200000000000,
    1768089600000000000,
    1768176000000000000,
    1768262400000000000,
    1768348800000000000,
    1768435200000000000,
    1768521600000000000,
    1768608000000000000,
    1768694400000000000,
    1768780800000000000,
    1768867200000000000,
    1768953600000000000,
    1769040000000000000,
    1769126400000000000,
    1769212800000000000,
    1769299200000000000,
    1769385600000000000,
    1769472000000000000,
    1769558400000000000,
    1769644800000000000,
    1769731200000000000,
    1769817600000000000,
    1769904000000000000,
    1769990400000000000,
    1770076800000000000,
    1770163200000000000,
    1770249600000000000,
    1770336000000000000,
    1770422400000000000,
    1770508800000000000,
    1770595200000000000,
    1770681600000000000,
    1770768000000000000,
    1770854400000000000,
    1770940800000000000,
    1771027200000000000,
    1771113600000000000,
    1771200000000000000,
    1771286400000000000,
    1771372800000000000,
    1771459200000000000,
    1771545600000000000,
    1771632000000000000,
    1771718400000000000,
    1771804800000000000,
    1771891200000000000,
    1771977600000000000,
    1772064000000000000,
    1772150400000000000,
    1772236800000000000,
    1772323200000000000
  ],
  "tasmax": [
    4.200000062584877,
    3.6000000536441803,
    1.5000000223517418,
    1.0000000149011612,
    0.5000000074505806,
    0.5000000074505806,
    0.5000000074505806,
    3.400000050663948,
    6.800000101327896,
    1.3000000193715096,
    0.0,
    8.00000011920929,
    10.800000160932541,
    10.30000015348196,
    11.500000171363354,
    11.900000177323818,
    13.600000202655792,
    6.500000096857548,
    5.200000077486038,
    9.00000013411045,
    9.500000141561031,
    6.70000009983778,
    9.500000141561031,
    4.500000067055225,
    1.0000000149011612,
    0.5000000074505806,
    3.9000000581145287,
    3.9000000581145287,
    1.1000000163912773,
    5.700000084936619,
    8.00000011920929,
    7.400000110268593,
    7.200000107288361,
    4.200000062584877,
    11.900000177323818,
    6.800000101327896,
    7.500000111758709,
    13.100000195205212,
    10.800000160932541,
    8.900000132620335,
    9.400000140070915,
    10.30000015348196,
    8.900000132620335,
    7.200000107288361,
    0.5000000074505806,
    4.500000067055225,
    7.500000111758709,
    6.200000092387199,
    4.000000059604645,
    4.000000059604645,
    6.800000101327896,
    11.10000016540289,
    12.300000183284283,
    10.500000156462193,
    12.000000178813934,
    17.600000262260437,
    18.500000275671482,
    20.000000298023224,
    14.500000216066837,
    14.400000214576721
  ]
}