{
  "time": [
    1767225600000000000,
    1767312000000000000,
    1767398400000000000,
    1767484800000000000,
    1767571200000000000,
    1767657600000000000,
    1767744000000000000,
    1767830400000000000,
    1767916800000000000,
    1768003200000000000,
    1768089600000000000,
    1768176000000000000,
    1768262400000000000,
    1768348800000000000,
    1768435200000000000,
    1768521600000000000,
    1768608000000000000,
    1768694400000000000,
    1768780800000000000,
    1768867200000000000,
    1768953600000000000,
    1769040000000000000,
    1769126400000000000,
    1769212800000000000,
    1769299200000000000,
    1769385600000000000,
    1769472000000000000,
    1769558400000000000,
    1769644800000000000,
    1769731200000000000,
    1769817600000000000,
    1769904000000000000,
    1769990400000000000,
    1770076800000000000,
    1770163200000000000,
    1770249600000000000
  ],
  "tasmin": [
    2.1000000312924385,
    0.20000000298023224,
    -0.20000000298023224,
    -2.2000000327825546,
    -3.0000000447034836,
    -2.2000000327825546,
    -2.600000038743019,
    0.4000000059604645,
    1.0000000149011612,
    -6.800000101327896,
    -8.50000012665987,
    0.0,
    7.300000108778477,
    5.700000084936619,
    7.000000104308128,
    7.000000104308128,
    3.200000047683716,
    -1.3000000193715096,
    -2.2000000327825546,
    -1.600000023841858,
    1.1000000163912773,
    -1.700000025331974,
    2.2000000327825546,
    -1.700000025331974,
    -3.0000000447034836,
    -1.0000000149011612,
    -0.20000000298023224,
    0.0,
    -0.10000000149011612,
    -0.20000000298023224,
    2.2000000327825546,
    1.3000000193715096,
    -0.10000000149011612,
    -1.8000000268220901,
    0.10000000149011612,
    0.20000000298023224
  ]
}