{
  "time": [
    1767225600000000000,
    1767312000000000000,
    1767398400000000000,
    1767484800000000000,
    1767571200000000000,
    1767657600000000000,
    1767744000000000000,
    1767830400000000000,
    1767916800000000000,
    1768003200000000000,
    1768089600000000000,
    1768176000000000000,
    1768262400000000000,
    1768348800000000000,
    1768435200000000000,
    1768521600000000000,
    1768608000000000000,
    1768694400000000000,
    1768780800000000000,
    1768867200000000000,
    1768953600000000000,
    1769040000000000000,
    1769126400000000000,
    1769212800000000000,
    1769299200000000000,
    1769385600000000000,
    1769472000000000000,
    1769558400000000000,
    1769644800000000000,
    1769731200000000000,
    1769817600000000000,
    1769904000000000000,
    1769990400000000000,
    1770076800000000000,
    1770163200000000000,
    1770249600000000000,
    1770336000000000000
  ],
  "tasmax": [
    4.400000065565109,
    3.500000052154064,
    1.5000000223517418,
    0.800000011920929,
    0.20000000298023224,
    0.5000000074505806,
    0.800000011920929,
    3.6000000536441803,
    6.900000102818012,
    1.3000000193715096,
    0.20000000298023224,
    8.00000011920929,
    10.500000156462193,
    10.30000015348196,
    11.500000171363354,
    11.900000177323818,
    13.600000202655792,
    6.500000096857548,
    5.000000074505806,
    8.400000125169754,
    9.500000141561031,
    6.70000009983778,
    9.300000138580799,
    4.400000065565109,
    0.9000000134110451,
    0.5000000074505806,
    4.000000059604645,
    4.000000059604645,
    1.1000000163912773,
    5.700000084936619,
    8.00000011920929,
    7.400000110268593,
    7.500000111758709,
    4.500000067055225,
    11.60000017285347,
    6.900000102818012,
    7.300000108778477
  ]
}