{
  "time": [
    1767225600000000000,
    1767312000000000000,
    1767398400000000000,
    1767484800000000000,
    1767571200000000000,
    1767657600000000000,
    1767744000000000000,
    1767830400000000000,
    1767916800000000000,
    1768003200000000000,
    1768089600000000000,
    1768176000000000000,
    1768262400000000000,
    1768348800000000000,
    1768435200000000000,
    1768521600000000000,
    1768608000000000000,
    1768694400000000000,
    1768780800000000000,
    1768867200000000000,
    1768953600000000000,
    1769040000000000000,
    1769126400000000000,
    1769212800000000000,
    1769299200000000000,
    1769385600000000000,
    1769472000000000000,
    1769558400000000000,
    1769644800000000000,
    1769731200000000000,
    1769817600000000000,
    1769904000000000000,
    1769990400000000000,
    1770076800000000000,
    1770163200000000000,
    1770249600000000000,
    1770336000000000000,
    1770422400000000000,
    1770508800000000000,
    1770595200000000000,
    1770681600000000000,
    1770768000000000000,
    1770854400000000000,
    1770940800000000000,
    1771027200000000000,
    1771113600000000000,
    1771200000000000000,
    1771286400000000000,
    1771372800000000000,
    1771459200000000000,
    1771545600000000000,
    1771632000000000000,
    1771718400000000000,
    1771804800000000000,
    1771891200000000000,
    1771977600000000000,
    1772064000000000000,
    1772150400000000000,
    1772236800000000000,
    1772323200000000000,
    1772409600000000000,
    1772496000000000000,
    1772582400000000000,
    1772668800000000000,
    1772755200000000000,
    1772841600000000000,
    1772928000000000000,
    1773014400000000000,
    1773100800000000000,
    1773187200000000000,
    1773273600000000000,
    1773360000000000000,
    1773446400000000000,
    1773532800000000000,
    1773619200000000000,
    1773705600000000000,
    1773792000000000000,
    1773878400000000000,
    1773964800000000000,
    1774051200000000000,
    1774137600000000000,
    1774224000000000000,
    1774310400000000000,
    1774396800000000000,
    1774483200000000000,
    1774569600000000000,
    1774656000000000000,
    1774742400000000000,
    1774828800000000000,
    1774915200000000000,
    1775001600000000000,
    1775088000000000000,
    1775174400000000000,
    1775260800000000000
  ],
  "hurs": [
    78.2000011652708,
    79.20000118017197,
    77.00000114738941,
    75.7000011280179,
    82.5000012293458,
    85.70000127702951,
    82.5000012293458,
    91.70000136643648,
    86.50000128895044,
    84.90000126510859,
    82.20000122487545,
    94.00000140070915,
    91.50000136345625,
    89.70000133663416,
    89.50000133365393,
    79.20000118017197,
    86.2000012844801,
    85.70000127702951,
    91.70000136643648,
    91.90000136941671,
    87.00000129640102,
    72.70000108331442,
    70.20000104606152,
    69.70000103861094,
    83.00000123679638,
    82.90000123530626,
    89.50000133365393,
    95.5000014230609,
    96.40000143647194,
    94.70000141113997,
    93.00000138580799,
    95.20000141859055,
    83.40000124275684,
    89.70000133663416,
    93.50000139325857,
    88.20000131428242,
    90.90000135451555,
    95.20000141859055,
    94.70000141113997,
    89.20000132918358,
    92.4000013768673,
    92.20000137388706,
    86.50000128895044,
    84.50000125914812,
    79.00000117719173,
    75.20000112056732,
    87.40000130236149,
    76.70000114291906,
    70.7000010535121,
    93.50000139325857,
    84.00000125169754,
    88.50000131875277,
    88.00000131130219,
    74.20000110566616,
    91.70000136643648,
    93.20000138878822,
    95.90000142902136,
    82.20000122487545,
    71.70000106841326,
    73.200001090765,
    72.20000107586384,
    75.50000112503767,
    74.50000111013651,
    67.90000101178885,
    70.90000105649233,
    67.0000009983778,
    66.90000099688768,
    74.70000111311674,
    72.50000108033419,
    87.90000130981207,
    74.50000111013651,
    72.50000108033419,
    84.20000125467777,
    72.0000010728836,
    72.70000108331442,
    80.20000119507313,
    62.500000931322575,
    56.50000084191561,
    57.20000085234642,
    61.700000919401646,
    60.200000897049904,
    51.400000765919685,
    56.70000084489584,
    71.50000106543303,
    69.00000102818012,
    65.00000096857548,
    82.00000122189522,
    71.70000106841326,
    72.40000107884407,
    72.40000107884407,
    68.00000101327896,
    65.00000096857548,
    64.5000009611249,
    73.200001090765
  ],
  "pr": [
    3.5999999046325684,
    1.2999999523162842,
    0.0,
    0.0,
    0.699999988079071,
    0.0,
    0.30000001192092896,
    15.0,
    4.300000190734863,
    1.100000023841858,
    1.2000000476837158,
    1.7000000476837158,
    0.10000000149011612,
    2.0,
    0.0,
    0.0,
    0.0,
    0.0,
    0.0,
    0.0,
    0.0,
    0.0,
    0.0,
    0.0,
    0.0,
    0.0,
    4.300000190734863,
    8.5,
    1.899999976158142,
    0.8999999761581421,
    0.4000000059604645,
    1.2000000476837158,
    1.0,
    11.100000381469727,
    1.399999976158142,
    0.0,
    0.699999988079071,
    0.0,
    0.0,
    0.0,
    4.300000190734863,
    11.300000190734863,
    3.5999999046325684,
    0.0,
    1.2999999523162842,
    6.400000095367432,
    4.900000095367432,
    1.7000000476837158,
    5.800000190734863,
    4.800000190734863,
    1.600000023841858,
    5.199999809265137,
    3.9000000953674316,
    2.200000047683716,
    0.699999988079071,
    0.0,
    0.0,
    0.0,
    0.0,
    0.0,
    0.0,
    0.0,
    0.0,
    0.0,
    0.0,
    0.0,
    0.0,
    0.0,
    0.0,
    4.900000095367432,
    0.0,
    3.700000047683716,
    0.10000000149011612,
    0.10000000149011612,
    1.100000023841858,
    0.10000000149011612,
    0.0,
    0.0,
    0.0,
    0.0,
    0.0,
    0.0,
    0.0,
    0.4000000059604645,
    0.8999999761581421,
    0.0,
    3.4000000953674316,
    2.299999952316284,
    0.6000000238418579,
    0.30000001192092896,
    0.0,
    0.0,
    0.0,
    0.0
  ],