{
  "time": [
    1767268800000000000,
    1767355200000000000,
    1767441600000000000
  ],
  "hurs": [
    77.20000115036964,
    78.70000117272139,
    77.20000115036964
  ],
  "pr": [
    3.5999999046325684,
    1.2999999523162842,
    0.0
  ],
  "tas": [
    1.8000000268220901,
    1.3000000193715096,
    -0.5000000074505806
  ],
  "tasmax": [
    3.1000000461935997,
    3.0000000447034836,
    0.6000000089406967
  ],
  "tasmin": [
    0.800000011920929,
    -1.1000000163912773,
    -2.1000000312924385
  ]
}