{
  "time": [
    1767225600000000000,
    1767312000000000000,
    1767398400000000000,
    1767484800000000000,
    1767571200000000000,
    1767657600000000000,
    1767744000000000000,
    1767830400000000000,
    1767916800000000000,
    1768003200000000000,
    1768089600000000000,
    1768176000000000000,
    1768262400000000000,
    1768348800000000000,
    1768435200000000000,
    1768521600000000000,
    1768608000000000000,
    1768694400000000000,
    1768780800000000000,
    1768867200000000000,
    1768953600000000000,
    1769040000000000000,
    1769126400000000000,
    1769212800000000000,
    1769299200000000000,
    1769385600000000000,
    1769472000000000000,
    1769558400000000000,
    1769644800000000000,
    1769731200000000000,
    1769817600000000000,
    1769904000000000000,
    1769990400000000000,
    1770076800000000000,
    1770163200000000000,
    1770249600000000000,
    1770336000000000000,
    1770422400000000000,
    1770508800000000000,
    1770595200000000000,
    1770681600000000000,
    1770768000000000000,
    1770854400000000000,
    1770940800000000000,
    1771027200000000000,
    1771113600000000000,
    1771200000000000000,
    1771286400000000000,
    1771372800000000000,
    1771459200000000000,
    1771545600000000000,
    1771632000000000000,
    1771718400000000000,
    1771804800000000000,
    1771891200000000000,
    1771977600000000000,
    1772064000000000000,
    1772150400000000000,
    1772236800000000000,
    1772323200000000000,
    1772409600000000000,
    1772496000000000000,
    1772582400000000000,
    1772668800000000000,
    1772755200000000000,
    1772841600000000000,
    1772928000000000000,
    1773014400000000000,
    1773100800000000000,
    1773187200000000000,
    1773273600000000000,
    1773360000000000000,
    1773446400000000000,
    1773532800000000000,
    1773619200000000000,
    1773705600000000000,
    1773792000000000000
  ],
  "hurs": [
    78.2000011652708,
    79.20000118017197,
    77.00000114738941,
    75.7000011280179,
    82.5000012293458,
    85.70000127702951,
    82.5000012293458,
    91.70000136643648,
    86.50000128895044,
    84.90000126510859,
    82.20000122487545,
    94.00000140070915,
    91.50000136345625,
    89.70000133663416,
    89.50000133365393,
    79.20000118017197,
    86.2000012844801,
    85.70000127702951,
    91.70000136643648,
    91.90000136941671,
    87.00000129640102,
    72.70000108331442,
    70.20000104606152,
    69.70000103861094,
    83.00000123679638,
    82.90000123530626,
    89.50000133365393,
    95.5000014230609,
    96.40000143647194,
    94.70000141113997,
    93.00000138580799,
    95.20000141859055,
    83.40000124275684,
    89.70000133663416,
    93.50000139325857,
    88.20000131428242,
    90.90000135451555,
    95.20000141859055,
    94.70000141113997,
    89.20000132918358,
    92.4000013768673,
    92.20000137388706,
    86.50000128895044,
    84.50000125914812,
    79.00000117719173,
    75.20000112056732,
    87.40000130236149,
    76.70000114291906,
    70.7000010535121,
    93.50000139325857,
    84.00000125169754,
    88.50000131875277,
    88.00000131130219,
    74.20000110566616,
    91.70000136643648,
    93.20000138878822,
    95.90000142902136,
    82.20000122487545,
    71.70000106841326,
    72.90000108629465,
    72.50000108033419,
    75.40000112354755,
    74.50000111013651,
    69.00000102818012,
    71.00000105798244,
    67.20000100135803,
    66.20000098645687,
    76.00000113248825,
    72.90000108629465,
    87.20000129938126,
    74.70000111311674,
    72.50000108033419,
    82.20000122487545,
    72.20000107586384,
    73.90000110119581,
    80.20000119507313,
    62.70000093430281
  ],
  "pr": [
    3.5999999046325684,
    1.2999999523162842,
    0.0,
    0.0,
    0.699999988079071,
    0.0,
    0.30000001192092896,
    15.0,
    4.300000190734863,
    1.100000023841858,
    1.2000000476837158,
    1.7000000476837158,
    0.10000000149011612,
    2.0,
    0.0,
    0.0,
    0.0,
    0.0,
    0.0,
    0.0,
    0.0,
    0.0,
    0.0,
    0.0,
    0.0,
    0.0,
    4.300000190734863,
    8.5,
    1.899999976158142,
    0.8999999761581421,
    0.4000000059604645,
    1.2000000476837158,
    1.0,
    11.100000381469727,
    1.399999976158142,
    0.0,
    0.699999988079071,
    0.0,
    0.0,
    0.0,
    4.300000190734863,
    11.300000190734863,
    3.5999999046325684,
    0.0,
    1.2999999523162842,
    6.400000095367432,
    4.900000095367432,
    1.7000000476837158,
    5.800000190734863,
    4.800000190734863,
    1.600000023841858,
    5.199999809265137,
    3.9000000953674316,
    2.200000047683716,
    0.699999988079071,
    0.0,
    0.0,
    0.0,
    0.0,
    0.0,
    0.0,
    0.0,
    0.0,
    0.0,
    0.0,
    0.0,
    0.0,
    0.0,
    0.0,
    4.900000095367432,
    0.0,
    3.9000000953674316,
    0.10000000149011612,
    0.0,
    1.100000023841858,
    0.10000000149011612,
    0.0
  ],
  "tas": [
    1.700000025331974,
    1.3000000193715096,
    -0.5000000074505806,
    -1.3000000193715096,
    -4.200000062584877,
    -2.8000000417232513,
    -2.600000038743019,
    0.5000000074505806,
    4.000000059604645,
    -0.10000000149011612,
    -3.6000000536441803,
    1.0000000149011612,
    5.700000084936619,
    7.700000114738941,
    8.300000123679638,
    8.100000120699406,
    2.8000000417232513,
    2.1000000312924385,
    0.5000000074505806,
    -1.1000000163912773,
    -2.0000000298023224,
    -1.1000000163912773,
    -0.10000000149011612,
    0.10000000149011612,
    -2.0000000298023224,
    1.0000000149011612,
    2.2000000327825546,
    2.7000000402331352,
    0.9000000134110451,
    1.5000000223517418,
    2.8000000417232513,
    2.8000000417232513,
    2.0000000298023224,
    0.4000000059604645,
    1.8000000268220901,
    2.2000000327825546,
    2.2000000327825546,
    5.000000074505806,
    3.7000000551342964,
    3.200000047683716,
    4.000000059604645,
    9.00000013411045,
    8.50000012665987,
    7.500000111758709,
    3.200000047683716,
    1.600000023841858,
    3.6000000536441803,
    4.500000067055225,
    3.1000000461935997,
    1.0000000149011612,
    2.3000000342726707,
    8.300000123679638,
    11.300000168383121,
    10.800000160932541,
    9.80000014603138,
    9.600000143051147,
    8.00000011920929,
    10.400000154972076,
    10.000000149011612,
    7.500000111758709,
    7.700000114738941,
    8.50000012665987,
    9.00000013411045,
    9.300000138580799,
    9.00000013411045,
    10.000000149011612,
    9.900000147521496,
    9.600000143051147,
    11.400000169873238,
    9.600000143051147,
    7.700000114738941,
    9.400000140070915,
    6.000000089406967,
    5.700000084936619,
    6.500000096857548,
    8.400000125169754,
    8.800000131130219
  ],