{
  "time": [
    1767268800000000000
  ],
  "hurs": [
    77.20000115036964
  ],
  "pr": [
    3.5999999046325684
  ],
  "tas": [
    1.8000000268220901
  ],
  "tasmax": [
    3.1000000461935997
  ],
  "tasmin": [
    0.800000011920929
  ]
}