{
  "time": [
    1767268800000000000,
    1767355200000000000,
    1767441600000000000
  ],
  "hurs": [
    77.20000115036964,
    78.70000117272139,
    77.20000115036964
  ]
}