{
  "time": [
    1767225600000000000,
    1767312000000000000,
    1767398400000000000,
    1767484800000000000,
    1767571200000000000,
    1767657600000000000,
    1767744000000000000,
    1767830400000000000,
    1767916800000000000,
    1768003200000000000,
    1768089600000000000,
    1768176000000000000,
    1768262400000000000,
    1768348800000000000,
    1768435200000000000,
    1768521600000000000,
    1768608000000000000,
    1768694400000000000,
    1768780800000000000,
    1768867200000000000,
    1768953600000000000,
    1769040000000000000,
    1769126400000000000,
    1769212800000000000,
    1769299200000000000,
    1769385600000000000,
    1769472000000000000,
    1769558400000000000,
    1769644800000000000,
    1769731200000000000,
    1769817600000000000,
    1769904000000000000,
    1769990400000000000,
    1770076800000000000,
    1770163200000000000,
    1770249600000000000,
    1770336000000000000,
    1770422400000000000,
    1770508800000000000,
    1770595200000000000,
    1770681600000000000,
    1770768000000000000,
    1770854400000000000,
    1770940800000000000,
    1771027200000000000,
    1771113600000000000,
    1771200000000000000,
    1771286400000000000,
    1771372800000000000,
    1771459200000000000,
    1771545600000000000,
    1771632000000000000,
    1771718400000000000,
    1771804800000000000
  ],
  "hurs": [
    78.2000011652708,
    79.20000118017197,
    77.00000114738941,
    75.7000011280179,
    82.5000012293458,
    85.70000127702951,
    82.5000012293458,
    91.70000136643648,
    86.50000128895044,
    84.90000126510859,
    82.20000122487545,
    94.00000140070915,
    91.50000136345625,
    89.70000133663416,
    89.50000133365393,
    79.20000118017197,
    86.2000012844801,
    85.70000127702951,
    91.70000136643648,
    91.90000136941671,
    87.00000129640102,
    72.70000108331442,
    70.20000104606152,
    69.70000103861094,
    83.00000123679638,
    82.90000123530626,
    89.50000133365393,
    95.5000014230609,
    96.40000143647194,
    94.70000141113997,
    93.00000138580799,
    93.90000139921904,
    82.00000122189522,
    87.5000013038516,
    93.20000138878822,
    88.50000131875277,
    90.70000135153532,
    95.70000142604113,
    94.70000141113997,
    89.00000132620335,
    93.00000138580799,
    92.20000137388706,
    86.50000128895044,
    82.20000122487545,
    80.0000011920929,
    76.50000113993883,
    87.70000130683184,
    76.70000114291906,
    71.50000106543303,
    92.70000138133764,
    84.20000125467777,
    88.700001321733,
    88.90000132471323,
    74.40000110864639
  ]
}