{
  "time": [
    1767225600000000000,
    1767312000000000000,
    1767398400000000000,
    1767484800000000000,
    1767571200000000000,
    1767657600000000000,
    1767744000000000000,
    1767830400000000000,
    1767916800000000000,
    1768003200000000000,
    1768089600000000000,
    1768176000000000000,
    1768262400000000000,
    1768348800000000000,
    1768435200000000000,
    1768521600000000000,
    1768608000000000000,
    1768694400000000000,
    1768780800000000000,
    1768867200000000000,
    1768953600000000000,
    1769040000000000000,
    1769126400000000000,
    1769212800000000000,
    1769299200000000000,
    1769385600000000000,
    1769472000000000000,
    1769558400000000000,
    1769644800000000000,
    1769731200000000000,
    1769817600000000000,
    1769904000000000000,
    1769990400000000000,
    1770076800000000000,
    1770163200000000000,
    1770249600000000000,
    1770336000000000000,
    1770422400000000000,
    1770508800000000000,
    1770595200000000000,
    1770681600000000000,
    1770768000000000000,
    1770854400000000000,
    1770940800000000000,
    1771027200000000000,
    1771113600000000000,
    1771200000000000000,
    1771286400000000000,
    1771372800000000000,
    1771459200000000000,
    1771545600000000000,
    1771632000000000000,
    1771718400000000000,
    1771804800000000000,
    1771891200000000000,
    1771977600000000000,
    1772064000000000000,
    1772150400000000000,
    1772236800000000000,
    1772323200000000000,
    1772409600000000000,
    1772496000000000000,
    1772582400000000000,
    1772668800000000000,
    1772755200000000000,
    1772841600000000000,
    1772928000000000000,
    1773014400000000000,
    1773100800000000000,
    1773187200000000000,
    1773273600000000000,
    1773360000000000000,
    1773446400000000000,
    1773532800000000000,
    1773619200000000000,
    1773705600000000000,
    1773792000000000000,
    1773878400000000000,
    1773964800000000000,
    1774051200000000000,
    1774137600000000000,
    1774224000000000000
  ],
  "hurs": [
    78.2000011652708,
    79.20000118017197,
    77.00000114738941,
    75.7000011280179,
    82.5000012293458,
    85.70000127702951,
    82.5000012293458,
    91.70000136643648,
    86.50000128895044,
    84.90000126510859,
    82.20000122487545,
    94.00000140070915,
    91.50000136345625,
    89.70000133663416,
    89.50000133365393,
    79.20000118017197,
    86.2000012844801,
    85.70000127702951,
    91.70000136643648,
    91.90000136941671,
    87.00000129640102,
    72.70000108331442,
    70.20000104606152,
    69.70000103861094,
    83.00000123679638,
    82.90000123530626,
    89.50000133365393,
    95.5000014230609,
    96.40000143647194,
    94.70000141113997,
    93.00000138580799,
    95.20000141859055,
    83.40000124275684,
    89.70000133663416,
    93.50000139325857,
    88.20000131428242,
    90.90000135451555,
    95.20000141859055,
    94.70000141113997,
    89.20000132918358,
    92.4000013768673,
    92.20000137388706,
    86.50000128895044,
    84.50000125914812,
    79.00000117719173,
    75.20000112056732,
    87.40000130236149,
    76.70000114291906,
    70.7000010535121,
    93.50000139325857,
    84.00000125169754,
    88.50000131875277,
    88.00000131130219,
    74.20000110566616,
    91.70000136643648,
    93.20000138878822,
    95.90000142902136,
    82.20000122487545,
    71.70000106841326,
    72.90000108629465,
    72.50000108033419,
    75.40000112354755,
    74.50000111013651,
    69.00000102818012,
    71.00000105798244,
    67.20000100135803,
    66.20000098645687,
    76.00000113248825,
    72.90000108629465,
    87.20000129938126,
    74.70000111311674,
    72.50000108033419,
    82.20000122487545,
    72.20000107586384,
    73.90000110119581,
    80.20000119507313,
    62.70000093430281,
    56.50000084191561,
    58.400000870227814,
    62.70000093430281,
    60.00000089406967,
    51.5000007674098
  ]
}