{
  "time": [
    1767225600000000000,
    1767312000000000000,
    1767398400000000000,
    1767484800000000000,
    1767571200000000000,
    1767657600000000000,
    1767744000000000000,
    1767830400000000000,
    1767916800000000000,
    1768003200000000000,
    1768089600000000000,
    1768176000000000000,
    1768262400000000000,
    1768348800000000000,
    1768435200000000000,
    1768521600000000000,
    1768608000000000000,
    1768694400000000000,
    1768780800000000000,
    1768867200000000000,
    1768953600000000000,
    1769040000000000000,
    1769126400000000000,
    1769212800000000000,
    1769299200000000000,
    1769385600000000000,
    1769472000000000000,
    1769558400000000000,
    1769644800000000000,
    1769731200000000000,
    1769817600000000000,
    1769904000000000000,
    1769990400000000000,
    1770076800000000000,
    1770163200000000000
  ],
  "hurs": [
    77.20000115036964,
    79.20000118017197,
    77.20000115036964,
    75.7000011280179,
    82.40000122785568,
    85.50000127404928,
    82.20000122487545,
    92.20000137388706,
    85.50000127404928,
    84.90000126510859,
    81.70000121742487,
    93.7000013962388,
    92.00000137090683,
    89.20000132918358,
    89.20000132918358,
    79.50000118464231,
    86.2000012844801,
    85.70000127702951,
    90.70000135153532,
    92.20000137388706,
    86.90000129491091,
    72.90000108629465,
    69.00000102818012,
    69.00000102818012,
    83.50000124424696,
    83.00000123679638,
    89.20000132918358,
    95.20000141859055,
    95.5000014230609,
    96.2000014334917,
    91.40000136196613,
    93.90000139921904,
    82.00000122189522,
    87.5000013038516,
    93.20000138878822
  ]
}