{
  "time": [
    1767290400000000000,
    1767376800000000000,
    1767463200000000000
  ],
  "pr": [
    3.5999999046325684,
    1.2999999523162842,
    0.0
  ]
}