{
  "time": [
    1767268800000000000,
    1767355200000000000,
    1767441600000000000
  ],
  "tas": [
    1.8000000268220901,
    1.3000000193715096,
    -0.5000000074505806
  ]
}