{
  "time": [
    1767225600000000000,
    1767312000000000000,
    1767398400000000000,
    1767484800000000000,
    1767571200000000000,
    1767657600000000000,
    1767744000000000000,
    1767830400000000000,
    1767916800000000000,
    1768003200000000000,
    1768089600000000000,
    1768176000000000000,
    1768262400000000000,
    1768348800000000000,
    1768435200000000000,
    1768521600000000000,
    1768608000000000000,
    1768694400000000000,
    1768780800000000000,
    1768867200000000000,
    1768953600000000000,
    1769040000000000000,
    1769126400000000000,
    1769212800000000000,
    1769299200000000000,
    1769385600000000000,
    1769472000000000000,
    1769558400000000000,
    1769644800000000000,
    1769731200000000000,
    1769817600000000000,
    1769904000000000000,
    1769990400000000000,
    1770076800000000000,
    1770163200000000000,
    1770249600000000000,
    1770336000000000000,
    1770422400000000000,
    1770508800000000000,
    1770595200000000000,
    1770681600000000000,
    1770768000000000000,
    1770854400000000000,
    1770940800000000000,
    1771027200000000000,
    1771113600000000000,
    1771200000000000000,
    1771286400000000000,
    1771372800000000000,
    1771459200000000000,
    1771545600000000000,
    1771632000000000000,
    1771718400000000000,
    1771804800000000000,
    1771891200000000000,
    1771977600000000000,
    1772064000000000000,
    1772150400000000000,
    1772236800000000000,
    1772323200000000000,
    1772409600000000000,
    1772496000000000000,
    1772582400000000000,
    1772668800000000000,
    1772755200000000000,
    1772841600000000000,
    1772928000000000000,
    1773014400000000000,
    1773100800000000000,
    1773187200000000000,
    1773273600000000000,
    1773360000000000000,
    1773446400000000000,
    1773532800000000000,
    1773619200000000000,
    1773705600000000000,
    1773792000000000000,
    1773878400000000000,
    1773964800000000000,
    1774051200000000000,
    1774137600000000000,
    1774224000000000000,
    1774310400000000000
  ],
  "tasmax": [
    3.0000000447034836,
    3.0000000447034836,
    0.800000011920929,
    2.2000000327825546,
    -2.2000000327825546,
    -1.0000000149011612,
    -0.9000000134110451,
    1.8000000268220901,
    6.70000009983778,
    2.600000038743019,
    -0.6000000089406967,
    5.4000000804662704,
    8.100000120699406,
    10.400000154972076,
    11.500000171363354,
    13.000000193715096,
    5.700000084936619,
    4.200000062584877,
    1.3000000193715096,
    1.0000000149011612,
    0.4000000059604645,
    1.0000000149011612,
    2.0000000298023224,
    3.0000000447034836,
    -0.5000000074505806,
    3.400000050663948,
    4.90000007301569,
    4.500000067055225,
    1.600000023841858,
    2.7000000402331352,
    4.700000070035458,
    4.200000062584877,
    3.7000000551342964,
    1.3000000193715096,
    4.500000067055225,
    3.400000050663948,
    3.1000000461935997,
    10.100000150501728,
    5.700000084936619,
    5.000000074505806,
    8.00000011920929,
    11.60000017285347,
    10.500000156462193,
    9.500000141561031,
    5.900000087916851,
    4.000000059604645,
    7.200000107288361,
    7.500000111758709,
    5.700000084936619,
    2.500000037252903,
    5.700000084936619,
    10.400000154972076,
    13.600000202655792,
    13.40000019967556,
    11.60000017285347,
    13.600000202655792,
    10.500000156462193,
    18.80000028014183,
    14.900000222027302,
    13.90000020712614,
    14.900000222027302,
    16.100000239908695,
    16.100000239908695,
    16.300000242888927,
    15.000000223517418,
    17.600000262260437,
    17.30000025779009,
    17.50000026077032,
    18.80000028014183,
    13.40000019967556,
    12.500000186264515,
    13.90000020712614,
    8.900000132620335,
    8.900000132620335,
    11.500000171363354,
    12.000000178813934,
    14.400000214576721,
    16.100000239908695,
    16.00000023841858,
    14.500000216066837,
    15.100000225007534,
    16.600000247359276,
    17.100000254809856
  ]
}