{
  "time": [
    1767225600000000000,
    1767312000000000000,
    1767398400000000000,
    1767484800000000000,
    1767571200000000000,
    1767657600000000000,
    1767744000000000000,
    1767830400000000000,
    1767916800000000000,
    1768003200000000000,
    1768089600000000000,
    1768176000000000000,
    1768262400000000000,
    1768348800000000000,
    1768435200000000000,
    1768521600000000000,
    1768608000000000000,
    1768694400000000000,
    1768780800000000000,
    1768867200000000000,
    1768953600000000000,
    1769040000000000000,
    1769126400000000000,
    1769212800000000000,
    1769299200000000000,
    1769385600000000000,
    1769472000000000000,
    1769558400000000000,
    1769644800000000000,
    1769731200000000000,
    1769817600000000000,
    1769904000000000000,
    1769990400000000000,
    1770076800000000000,
    1770163200000000000,
    1770249600000000000,
    1770336000000000000,
    1770422400000000000,
    1770508800000000000,
    1770595200000000000,
    1770681600000000000,
    1770768000000000000
  ],
  "tasmax": [
    3.1000000461935997,
    3.0000000447034836,
    0.800000011920929,
    2.2000000327825546,
    -2.3000000342726707,
    -1.0000000149011612,
    -0.9000000134110451,
    1.8000000268220901,
    6.900000102818012,
    2.7000000402331352,
    -0.5000000074505806,
    5.4000000804662704,
    8.00000011920929,
    10.30000015348196,
    11.500000171363354,
    13.000000193715096,
    5.700000084936619,
    4.000000059604645,
    1.3000000193715096,
    0.9000000134110451,
    0.20000000298023224,
    1.1000000163912773,
    1.8000000268220901,
    3.0000000447034836,
    -0.5000000074505806,
    3.200000047683716,
    4.90000007301569,
    4.500000067055225,
    1.600000023841858,
    2.500000037252903,
    4.90000007301569,
    4.500000067055225,
    3.7000000551342964,
    1.600000023841858,
    4.500000067055225,
    3.500000052154064,
    3.1000000461935997,
    10.100000150501728,
    5.700000084936619,
    5.000000074505806,
    7.900000117719173,
    11.500000171363354
  ]
}