{
  "time": [
    1767268800000000000
  ],
  "hurs": [
    71.50000106543303
  ],
  "pr": [
    0.0
  ],
  "tas": [
    -0.9000000134110451
  ],
  "tasmax": [
    2.0000000298023224
  ],
  "tasmin": [
    -3.500000052154064
  ]
}