{
  "time": [
    1767225600000000000,
    1767312000000000000,
    1767398400000000000,
    1767484800000000000,
    1767571200000000000,
    1767657600000000000,
    1767744000000000000,
    1767830400000000000,
    1767916800000000000,
    1768003200000000000,
    1768089600000000000,
    1768176000000000000,
    1768262400000000000,
    1768348800000000000,
    1768435200000000000,
    1768521600000000000,
    1768608000000000000,
    1768694400000000000,
    1768780800000000000,
    1768867200000000000,
    1768953600000000000,
    1769040000000000000,
    1769126400000000000,
    1769212800000000000,
    1769299200000000000,
    1769385600000000000,
    1769472000000000000,
    1769558400000000000,
    1769644800000000000,
    1769731200000000000,
    1769817600000000000,
    1769904000000000000,
    1769990400000000000,
    1770076800000000000,
    1770163200000000000,
    1770249600000000000,
    1770336000000000000,
    1770422400000000000,
    1770508800000000000,
    1770595200000000000,
    1770681600000000000,
    1770768000000000000,
    1770854400000000000,
    1770940800000000000,
    1771027200000000000,
    1771113600000000000,
    1771200000000000000,
    1771286400000000000,
    1771372800000000000
  ],
  "hurs": [
    71.40000106394291,
    72.0000010728836,
    70.20000104606152,
    68.2000010162592,
    73.40000109374523,
    81.70000121742487,
    81.40000121295452,
    88.00000131130219,
    93.50000139325857,
    89.50000133365393,
    83.50000124424696,
    92.20000137388706,
    98.20000146329403,
    97.4000014513731,
    90.90000135451555,
    97.20000144839287,
    94.00000140070915,
    86.2000012844801,
    70.00000104308128,
    74.50000111013651,
    79.20000118017197,
    84.70000126212835,
    84.20000125467777,
    88.700001321733,
    87.70000130683184,
    92.00000137090683,
    88.700001321733,
    83.40000124275684,
    92.70000138133764,
    90.90000135451555,
    85.0000012665987,
    84.400001257658,
    77.90000116080046,
    82.40000122785568,
    87.00000129640102,
    91.90000136941671,
    93.50000139325857,
    94.20000140368938,
    94.00000140070915,
    87.70000130683184,
    84.00000125169754,
    91.50000136345625,
    92.90000138431787,
    83.00000123679638,
    90.70000135153532,
    77.20000115036964,
    91.50000136345625,
    90.50000134855509,
    77.00000114738941
  ],
  "pr": [
    0.0,
    0.10000000149011612,
    0.0,
    0.0,
    0.0,
    0.0,
    0.699999988079071,
    9.300000190734863,
    1.899999976158142,
    2.299999952316284,
    0.0,
    4.400000095367432,
    0.0,
    0.10000000149011612,
    0.0,
    0.0,
    0.0,
    0.0,
    0.0,
    0.0,
    0.0,
    0.0,
    0.0,
    0.0,
    6.400000095367432,
    4.300000190734863,
    0.0,
    4.599999904632568,
    0.8999999761581421,
    0.10000000149011612,
    0.0,
    0.0,
    0.0,
    0.30000001192092896,
    0.0,
    0.10000000149011612,
    1.899999976158142,
    0.4000000059604645,
    0.0,
    0.0,
    2.0,
    8.100000381469727,
    8.100000381469727,
    0.20000000298023224,
    2.299999952316284,
    4.0,
    10.100000381469727,
    2.799999952316284,
    1.600000023841858
  ],
  "tas": [
    -0.800000011920929,
    0.5000000074505806,
    -1.3000000193715096,
    -2.2000000327825546,
    -5.000000074505806,
    -7.400000110268593,
    -5.900000087916851,
    -5.000000074505806,
    0.10000000149011612,
    0.0,
    -7.800000116229057,
    -5.500000081956387,
    1.1000000163912773,
    0.800000011920929,
    1.8000000268220901,
    -1.3000000193715096,
    -0.800000011920929,
    0.20000000298023224,
    -1.1000000163912773,
    -4.400000065565109,
    -6.400000095367432,
    -8.00000011920929,
    -6.900000102818012,
    -5.900000087916851,
    -2.8000000417232513,
    0.20000000298023224,
    1.3000000193715096,
    1.1000000163912773,
    0.6000000089406967,
    -0.20000000298023224,
    0.0,
    0.800000011920929,
    0.20000000298023224,
    -0.5000000074505806,
    -0.6000000089406967,
    1.0000000149011612,
    1.0000000149011612,
    3.0000000447034836,
    2.8000000417232513,
    2.2000000327825546,
    2.500000037252903,
    5.200000077486038,
    5.500000081956387,
    5.700000084936619,
    2.3000000342726707,
    -1.0000000149011612,
    1.1000000163912773,
    2.0000000298023224,
    1.3000000193715096
  ],
  "tasmax": [
    2.1000000312924385,
    3.7000000551342964,
    0.0,
    2.3000000342726707,
    0.20000000298023224,
    -3.6000000536441803,
    -3.0000000447034836,
    -2.3000000342726707,
    2.600000038743019,
    2.3000000342726707,
    -0.9000000134110451,
    -0.20000000298023224,
    2.8000000417232513,
    2.2000000327825546,
    5.000000074505806,
    -0.20000000298023224,
    0.0,
    5.200000077486038,
    4.700000070035458,
    2.7000000402331352,
    -0.20000000298023224,
    -6.70000009983778,
    -3.500000052154064,
    -3.0000000447034836,
    0.20000000298023224,
    2.8000000417232513,
    4.90000007301569,
    5.200000077486038,
    2.7000000402331352,
    4.200000062584877,
    3.0000000447034836,
    2.2000000327825546,
    3.200000047683716,
    4.90000007301569,
    3.0000000447034836,
    2.2000000327825546,
    2.1000000312924385,
    5.700000084936619,
    8.600000128149986,
    4.90000007301569,
    4.200000062584877,
    9.500000141561031,
    7.800000116229057,
    10.900000162422657,
    6.000000089406967,
    0.0,
    6.500000096857548,
    5.500000081956387,
    6.900000102818012
  ],
  "tasmin": [
    -3.200000047683716,
    -2.0000000298023224,
    -2.8000000417232513,
    -6.000000089406967,
    -9.500000141561031,
    -10.900000162422657,
    -10.500000156462193,
    -11.300000168383121,
    -3.0000000447034836,
    -7.500000111758709,
    -11.900000177323818,
    -10.400000154972076,
    -0.5000000074505806,
    -0.5000000074505806,
    -1.3000000193715096,
    -2.8000000417232513,
    -1.700000025331974,
    -3.500000052154064,
    -5.000000074505806,
    -8.400000125169754,
    -10.000000149011612,
    -10.400000154972076,
    -8.300000123679638,
    -9.00000013411045,
    -6.70000009983778,
    -2.500000037252903,
    -0.800000011920929,
    -0.6000000089406967,
    -0.20000000298023224,
    -4.000000059604645,
    -2.8000000417232513,
    -0.4000000059604645,
    -2.2000000327825546,
    -4.400000065565109,
    -4.200000062584877,
    -0.5000000074505806,
    0.20000000298023224,
    1.1000000163912773,
    -0.5000000074505806,
    -0.4000000059604645,
    0.5000000074505806,
    1.3000000193715096,
    3.0000000447034836,
    1.8000000268220901,
    -0.6000000089406967,
    -2.2000000327825546,
    -2.7000000402331352,
    0.20000000298023224,
    -1.3000000193715096
  ]
}