{
  "time": [
    1767268800000000000,
    1767355200000000000,
    1767441600000000000
  ],
  "hurs": [
    71.50000106543303,
    72.0000010728836,
    70.50000105053186
  ],
  "pr": [
    0.0,
    0.10000000149011612,
    0.0
  ],
  "tas": [
    -0.9000000134110451,
    0.5000000074505806,
    -1.3000000193715096
  ],
  "tasmax": [
    2.0000000298023224,
    3.7000000551342964,
    -0.10000000149011612
  ],
  "tasmin": [
    -3.500000052154064,
    -2.0000000298023224,
    -2.7000000402331352
  ]
}