{
  "time": [
    1767225600000000000,
    1767312000000000000,
    1767398400000000000,
    1767484800000000000,
    1767571200000000000,
    1767657600000000000,
    1767744000000000000,
    1767830400000000000,
    1767916800000000000,
    1768003200000000000,
    1768089600000000000,
    1768176000000000000,
    1768262400000000000,
    1768348800000000000,
    1768435200000000000,
    1768521600000000000,
    1768608000000000000,
    1768694400000000000,
    1768780800000000000,
    1768867200000000000,
    1768953600000000000,
    1769040000000000000,
    1769126400000000000,
    1769212800000000000,
    1769299200000000000,
    1769385600000000000,
    1769472000000000000,
    1769558400000000000,
    1769644800000000000,
    1769731200000000000,
    1769817600000000000,
    1769904000000000000,
    1769990400000000000,
    1770076800000000000,
    1770163200000000000,
    1770249600000000000,
    1770336000000000000,
    1770422400000000000,
    1770508800000000000,
    1770595200000000000,
    1770681600000000000,
    1770768000000000000,
    1770854400000000000,
    1770940800000000000,
    1771027200000000000,
    1771113600000000000,
    1771200000000000000,
    1771286400000000000,
    1771372800000000000
  ],
  "hurs": [
    71.40000106394291,
    72.0000010728836,
    70.20000104606152,
    68.2000010162592,
    73.40000109374523,
    81.70000121742487,
    81.40000121295452,
    88.00000131130219,
    93.50000139325857,
    89.50000133365393,
    83.50000124424696,
    92.20000137388706,
    98.20000146329403,
    97.4000014513731,
    90.90000135451555,
    97.20000144839287,
    94.00000140070915,
    86.2000012844801,
    70.00000104308128,
    74.50000111013651,
    79.20000118017197,
    84.70000126212835,
    84.20000125467777,
    88.700001321733,
    87.70000130683184,
    92.00000137090683,
    88.700001321733,
    83.40000124275684,
    92.70000138133764,
    90.90000135451555,
    85.0000012665987,
    84.400001257658,
    77.90000116080046,
    82.40000122785568,
    87.00000129640102,
    91.90000136941671,
    93.50000139325857,
    94.20000140368938,
    94.00000140070915,
    87.70000130683184,
    84.00000125169754,
    91.50000136345625,
    92.90000138431787,
    83.00000123679638,
    90.70000135153532,
    77.20000115036964,
    91.50000136345625,
    90.50000134855509,
    77.00000114738941
  ]
}