{
  "time": [
    1767268800000000000,
    1767355200000000000,
    1767441600000000000
  ],
  "hurs": [
    71.50000106543303,
    72.0000010728836,
    70.50000105053186
  ]
}