{
  "time": [
    1767225600000000000,
    1767312000000000000,
    1767398400000000000,
    1767484800000000000,
    1767571200000000000,
    1767657600000000000,
    1767744000000000000,
    1767830400000000000,
    1767916800000000000,
    1768003200000000000,
    1768089600000000000,
    1768176000000000000,
    1768262400000000000,
    1768348800000000000,
    1768435200000000000,
    1768521600000000000,
    1768608000000000000,
    1768694400000000000,
    1768780800000000000,
    1768867200000000000,
    1768953600000000000,
    1769040000000000000,
    1769126400000000000,
    1769212800000000000,
    1769299200000000000,
    1769385600000000000,
    1769472000000000000,
    1769558400000000000,
    1769644800000000000,
    1769731200000000000,
    1769817600000000000,
    1769904000000000000,
    1769990400000000000,
    1770076800000000000,
    1770163200000000000,
    1770249600000000000,
    1770336000000000000,
    1770422400000000000,
    1770508800000000000,
    1770595200000000000,
    1770681600000000000
  ],
  "hurs": [
    71.70000106841326,
    72.0000010728836,
    70.50000105053186,
    68.50000102072954,
    73.00000108778477,
    82.20000122487545,
    81.00000120699406,
    86.70000129193068,
    93.40000139176846,
    90.00000134110451,
    84.50000125914812,
    92.00000137090683,
    98.0000014603138,
    96.40000143647194,
    91.00000135600567,
    95.70000142604113,
    93.20000138878822,
    85.90000128000975,
    71.50000106543303,
    73.70000109821558,
    79.20000118017197,
    83.50000124424696,
    84.00000125169754,
    87.20000129938126,
    87.40000130236149,
    91.90000136941671,
    88.700001321733,
    83.20000123977661,
    93.20000138878822,
    90.50000134855509,
    84.70000126212835,
    84.400001257658,
    77.90000116080046,
    82.40000122785568,
    87.00000129640102,
    91.90000136941671,
    93.50000139325857,
    94.20000140368938,
    94.00000140070915,
    87.70000130683184,
    84.00000125169754
  ]
}