{
  "time": [
    1767225600000000000,
    1767312000000000000,
    1767398400000000000,
    1767484800000000000,
    1767571200000000000,
    1767657600000000000,
    1767744000000000000,
    1767830400000000000,
    1767916800000000000,
    1768003200000000000,
    1768089600000000000,
    1768176000000000000,
    1768262400000000000,
    1768348800000000000,
    1768435200000000000,
    1768521600000000000,
    1768608000000000000,
    1768694400000000000,
    1768780800000000000,
    1768867200000000000,
    1768953600000000000,
    1769040000000000000,
    1769126400000000000,
    1769212800000000000,
    1769299200000000000,
    1769385600000000000,
    1769472000000000000,
    1769558400000000000,
    1769644800000000000,
    1769731200000000000,
    1769817600000000000,
    1769904000000000000,
    1769990400000000000,
    1770076800000000000,
    1770163200000000000,
    1770249600000000000,
    1770336000000000000,
    1770422400000000000
  ],
  "tas": [
    -0.9000000134110451,
    0.5000000074505806,
    -1.3000000193715096,
    -2.2000000327825546,
    -5.000000074505806,
    -7.400000110268593,
    -5.900000087916851,
    -5.000000074505806,
    0.10000000149011612,
    -0.10000000149011612,
    -7.900000117719173,
    -5.500000081956387,
    1.1000000163912773,
    0.9000000134110451,
    1.8000000268220901,
    -1.1000000163912773,
    -0.6000000089406967,
    0.20000000298023224,
    -1.1000000163912773,
    -4.200000062584877,
    -6.400000095367432,
    -7.900000117719173,
    -6.900000102818012,
    -5.700000084936619,
    -2.8000000417232513,
    0.20000000298023224,
    1.3000000193715096,
    1.1000000163912773,
    0.5000000074505806,
    -0.20000000298023224,
    0.0,
    0.800000011920929,
    0.20000000298023224,
    -0.5000000074505806,
    -0.6000000089406967,
    1.0000000149011612,
    1.0000000149011612,
    3.0000000447034836
  ]
}