{
  "time": [
    1767268800000000000,
    1767355200000000000,
    1767441600000000000
  ],
  "tas": [
    -0.9000000134110451,
    0.5000000074505806,
    -1.3000000193715096
  ]
}