{
  "time": [
    1767225600000000000,
    1767312000000000000,
    1767398400000000000,
    1767484800000000000,
    1767571200000000000,
    1767657600000000000,
    1767744000000000000,
    1767830400000000000,
    1767916800000000000,
    1768003200000000000,
    1768089600000000000,
    1768176000000000000,
    1768262400000000000,
    1768348800000000000,
    1768435200000000000,
    1768521600000000000,
    1768608000000000000,
    1768694400000000000,
    1768780800000000000,
    1768867200000000000,
    1768953600000000000,
    1769040000000000000,
    1769126400000000000,
    1769212800000000000,
    1769299200000000000,
    1769385600000000000,
    1769472000000000000,
    1769558400000000000,
    1769644800000000000,
    1769731200000000000,
    1769817600000000000,
    1769904000000000000,
    1769990400000000000,
    1770076800000000000,
    1770163200000000000,
    1770249600000000000,
    1770336000000000000,
    1770422400000000000,
    1770508800000000000,
    1770595200000000000,
    1770681600000000000,
    1770768000000000000,
    1770854400000000000,
    1770940800000000000,
    1771027200000000000
  ],
  "tasmin": [
    -3.500000052154064,
    -1.8000000268220901,
    -2.7000000402331352,
    -6.000000089406967,
    -9.500000141561031,
    -11.000000163912773,
    -10.500000156462193,
    -9.300000138580799,
    -3.0000000447034836,
    -7.700000114738941,
    -12.000000178813934,
    -10.400000154972076,
    -0.5000000074505806,
    -0.5000000074505806,
    -1.5000000223517418,
    -2.600000038743019,
    -1.3000000193715096,
    -3.500000052154064,
    -5.000000074505806,
    -8.100000120699406,
    -10.000000149011612,
    -10.30000015348196,
    -8.300000123679638,
    -8.800000131130219,
    -6.800000101327896,
    -2.600000038743019,
    -0.800000011920929,
    -0.9000000134110451,
    -0.4000000059604645,
    -4.000000059604645,
    -3.0000000447034836,
    -0.4000000059604645,
    -2.2000000327825546,
    -4.400000065565109,
    -4.200000062584877,
    -0.5000000074505806,
    0.20000000298023224,
    1.1000000163912773,
    -0.5000000074505806,
    -0.4000000059604645,
    0.5000000074505806,
    1.3000000193715096,
    3.0000000447034836,
    1.8000000268220901,
    -0.6000000089406967
  ]
}