{
  "time": [
    1767225600000000000,
    1767312000000000000,
    1767398400000000000,
    1767484800000000000,
    1767571200000000000,
    1767657600000000000,
    1767744000000000000,
    1767830400000000000,
    1767916800000000000,
    1768003200000000000,
    1768089600000000000,
    1768176000000000000,
    1768262400000000000,
    1768348800000000000,
    1768435200000000000,
    1768521600000000000,
    1768608000000000000,
    1768694400000000000,
    1768780800000000000,
    1768867200000000000,
    1768953600000000000,
    1769040000000000000,
    1769126400000000000,
    1769212800000000000,
    1769299200000000000,
    1769385600000000000,
    1769472000000000000,
    1769558400000000000,
    1769644800000000000,
    1769731200000000000,
    1769817600000000000,
    1769904000000000000,
    1769990400000000000,
    1770076800000000000,
    1770163200000000000,
    1770249600000000000,
    1770336000000000000
  ],
  "hurs": [
    78.50000116974115,
    78.70000117272139,
    90.20000134408474,
    92.20000137388706,
    85.0000012665987,
    91.2000013589859,
    85.20000126957893,
    85.90000128000975,
    80.0000011920929,
    76.40000113844872,
    90.50000134855509,
    89.50000133365393,
    98.50000146776438,
    96.90000144392252,
    97.20000144839287,
    93.50000139325857,
    99.00000147521496,
    89.00000132620335,
    66.70000099390745,
    73.50000109523535,
    80.70000120252371,
    83.90000125020742,
    86.00000128149986,
    87.40000130236149,
    87.70000130683184,
    94.70000141113997,
    92.90000138431787,
    86.50000128895044,
    86.2000012844801,
    87.90000130981207,
    79.90000119060278,
    74.20000110566616,
    72.50000108033419,
    56.90000084787607,
    81.9000012204051,
    91.50000136345625,
    97.90000145882368
  ],
  "pr": [
    0.0,
    0.800000011920929,
    5.599999904632568,
    0.6000000238418579,
    0.0,
    0.0,
    0.0,
    0.0,
    3.0,
    0.0,
    0.0,
    2.4000000953674316,
    0.10000000149011612,
    2.9000000953674316,
    0.0,
    0.0,
    0.0,
    0.0,
    0.0,
    0.0,
    0.0,
    0.0,
    0.0,
    0.0,
    5.300000190734863,
    1.2000000476837158,
    0.0,
    0.0,
    0.0,
    0.4000000059604645,
    0.0,
    0.0,
    0.0,
    0.10000000149011612,
    3.0,
    1.899999976158142,
    0.0
  ],
  "tas": [
    3.200000047683716,
    2.0000000298023224,
    -0.20000000298023224,
    -1.700000025331974,
    -2.0000000298023224,
    -5.200000077486038,
    -5.700000084936619,
    -6.70000009983778,
    -5.700000084936619,
    -5.200000077486038,
    -7.700000114738941,
    -6.200000092387199,
    1.700000025331974,
    3.400000050663948,
    3.0000000447034836,
    3.6000000536441803,
    1.1000000163912773,
    1.1000000163912773,
    -0.20000000298023224,
    -2.7000000402331352,
    -4.000000059604645,
    -4.400000065565109,
    -6.200000092387199,
    -3.400000050663948,
    -2.7000000402331352,
    -0.6000000089406967,
    -1.0000000149011612,
    -0.9000000134110451,
    -1.5000000223517418,
    -2.500000037252903,
    -4.200000062584877,
    -7.200000107288361,
    -8.400000125169754,
    -6.000000089406967,
    -5.700000084936619,
    -2.8000000417232513,
    0.10000000149011612
  ],
  "tasmax": [
    4.200000062584877,
    3.1000000461935997,
    0.800000011920929,
    0.20000000298023224,
    0.4000000059604645,
    -1.600000023841858,
    -2.7000000402331352,
    -3.7000000551342964,
    -4.000000059604645,
    -2.500000037252903,
    -3.7000000551342964,
    -0.5000000074505806,
    3.7000000551342964,
    6.000000089406967,
    5.900000087916851,
    8.50000012665987,
    3.1000000461935997,
    4.90000007301569,
    4.000000059604645,
    1.5000000223517418,
    1.3000000193715096,
    0.5000000074505806,
    -4.90000007301569,
    -2.2000000327825546,
    -1.8000000268220901,
    0.20000000298023224,
    0.10000000149011612,
    0.0,
    -0.5000000074505806,
    -1.3000000193715096,
    -2.1000000312924385,
    -6.400000095367432,
    -6.900000102818012,
    -4.000000059604645,
    -4.500000067055225,
    -0.6000000089406967,
    0.800000011920929
  ],
  "tasmin": [
    1.8000000268220901,
    -0.4000000059604645,
    -1.3000000193715096,
    -5.4000000804662704,
    -7.300000108778477,
    -8.300000123679638,
    -9.100000135600567,
    -10.500000156462193,
    -7.200000107288361,
    -7.200000107288361,
    -11.500000171363354,
    -12.90000019222498,
    -0.5000000074505806,
    -0.20000000298023224,
    -0.6000000089406967,
    -0.20000000298023224,
    -1.1000000163912773,
    -1.1000000163912773,
    -3.500000052154064,
    -6.000000089406967,
    -7.500000111758709,
    -7.500000111758709,
    -7.900000117719173,
    -4.700000070035458,
    -3.500000052154064,
    -1.600000023841858,
    -1.8000000268220901,
    -1.5000000223517418,
    -3.200000047683716,
    -3.7000000551342964,
    -6.400000095367432,
    -8.00000011920929,
    -9.400000140070915,
    -8.400000125169754,
    -7.000000104308128,
    -5.200000077486038,
    -1.1000000163912773
  ]
}