{
  "time": [
    1767225600000000000,
    1767312000000000000,
    1767398400000000000,
    1767484800000000000,
    1767571200000000000,
    1767657600000000000,
    1767744000000000000,
    1767830400000000000,
    1767916800000000000,
    1768003200000000000,
    1768089600000000000,
    1768176000000000000,
    1768262400000000000,
    1768348800000000000,
    1768435200000000000,
    1768521600000000000,
    1768608000000000000,
    1768694400000000000,
    1768780800000000000,
    1768867200000000000,
    1768953600000000000,
    1769040000000000000,
    1769126400000000000,
    1769212800000000000,
    1769299200000000000,
    1769385600000000000,
    1769472000000000000,
    1769558400000000000,
    1769644800000000000,
    1769731200000000000,
    1769817600000000000,
    1769904000000000000,
    1769990400000000000,
    1770076800000000000,
    1770163200000000000,
    1770249600000000000,
    1770336000000000000,
    1770422400000000000,
    1770508800000000000,
    1770595200000000000,
    1770681600000000000,
    1770768000000000000,
    1770854400000000000,
    1770940800000000000,
    1771027200000000000,
    1771113600000000000,
    1771200000000000000,
    1771286400000000000,
    1771372800000000000,
    1771459200000000000,
    1771545600000000000,
    1771632000000000000,
    1771718400000000000,
    1771804800000000000,
    1771891200000000000,
    1771977600000000000
  ],
  "hurs": [
    78.70000117272139,
    78.50000116974115,
    91.40000136196613,
    92.20000137388706,
    85.50000127404928,
    89.20000132918358,
    85.40000127255917,
    86.40000128746033,
    79.50000118464231,
    75.90000113099813,
    90.20000134408474,
    90.00000134110451,
    98.20000146329403,
    96.70000144094229,
    98.0000014603138,
    93.50000139325857,
    98.70000147074461,
    89.20000132918358,
    66.70000099390745,
    74.20000110566616,
    80.40000119805336,
    82.90000123530626,
    84.50000125914812,
    86.50000128895044,
    86.40000128746033,
    95.20000141859055,
    93.7000013962388,
    89.20000132918358,
    87.40000130236149,
    87.20000129938126,
    84.00000125169754,
    74.20000110566616,
    72.50000108033419,
    56.90000084787607,
    81.9000012204051,
    91.50000136345625,
    97.90000145882368,
    99.00000147521496,
    95.40000142157078,
    92.90000138431787,
    88.50000131875277,
    92.70000138133764,
    97.70000145584345,
    94.00000140070915,
    86.70000129193068,
    71.40000106394291,
    77.00000114738941,
    87.20000129938126,
    86.2000012844801,
    76.20000113546848,
    76.9000011458993,
    89.00000132620335,
    97.20000144839287,
    90.20000134408474,
    89.50000133365393,
    87.40000130236149
  ],
  "pr": [
    0.0,
    0.800000011920929,
    5.599999904632568,
    0.6000000238418579,
    0.0,
    0.0,
    0.0,
    0.0,
    3.0,
    0.0,
    0.0,
    2.4000000953674316,
    0.10000000149011612,
    2.9000000953674316,
    0.0,
    0.0,
    0.0,
    0.0,
    0.0,
    0.0,
    0.0,
    0.0,
    0.0,
    0.0,
    5.300000190734863,
    1.2000000476837158,
    0.0,
    0.0,
    0.0,
    0.4000000059604645,
    0.0,
    0.0,
    0.0,
    0.10000000149011612,
    3.0,
    1.899999976158142,
    0.0,
    0.20000000298023224,
    0.0,
    0.0,
    0.0,
    2.0999999046325684,
    7.699999809265137,
    2.5,
    0.20000000298023224,
    0.0,
    0.4000000059604645,
    1.399999976158142,
    0.0,
    0.0,
    1.100000023841858,
    2.0,
    7.099999904632568,
    9.699999809265137,
    0.0,
    0.0
  ],
  "tas": [
    3.200000047683716,
    2.1000000312924385,
    -0.20000000298023224,
    -1.700000025331974,
    -2.0000000298023224,
    -5.000000074505806,
    -5.700000084936619,
    -6.800000101327896,
    -5.700000084936619,
    -5.000000074505806,
    -7.700000114738941,
    -6.200000092387199,
    1.8000000268220901,
    3.400000050663948,
    3.0000000447034836,
    3.7000000551342964,
    1.1000000163912773,
    1.1000000163912773,
    -0.20000000298023224,
    -2.7000000402331352,
    -3.9000000581145287,
    -4.200000062584877,
    -6.000000089406967,
    -3.200000047683716,
    -2.600000038743019,
    -0.6000000089406967,
    -1.1000000163912773,
    -1.1000000163912773,
    -1.600000023841858,
    -2.500000037252903,
    -4.400000065565109,
    -7.200000107288361,
    -8.400000125169754,
    -6.000000089406967,
    -5.700000084936619,
    -2.8000000417232513,
    0.10000000149011612,
    1.1000000163912773,
    0.20000000298023224,
    0.10000000149011612,
    1.600000023841858,
    4.200000062584877,
    5.900000087916851,
    0.9000000134110451,
    -0.4000000059604645,
    -2.3000000342726707,
    -4.000000059604645,
    -2.2000000327825546,
    -2.600000038743019,
    -4.500000067055225,
    -3.500000052154064,
    5.000000074505806,
    8.400000125169754,
    7.200000107288361,
    6.000000089406967,
    5.500000081956387
  ],
  "tasmax": [
    4.200000062584877,
    3.200000047683716,
    0.6000000089406967,
    0.20000000298023224,
    0.4000000059604645,
    -1.3000000193715096,
    -2.7000000402331352,
    -3.9000000581145287,
    -4.000000059604645,
    -2.2000000327825546,
    -3.6000000536441803,
    -0.5000000074505806,
    3.9000000581145287,
    6.200000092387199,
    5.900000087916851,
    8.50000012665987,
    3.1000000461935997,
    4.700000070035458,
    4.000000059604645,
    1.600000023841858,
    1.3000000193715096,
    0.9000000134110451,
    -4.700000070035458,
    -2.0000000298023224,
    -1.700000025331974,
    0.20000000298023224,
    0.0,
    -0.10000000149011612,
    -0.5000000074505806,
    -1.3000000193715096,
    -2.2000000327825546,
    -6.400000095367432,
    -6.900000102818012,
    -4.000000059604645,
    -4.500000067055225,
    -0.6000000089406967,
    0.800000011920929,
    2.2000000327825546,
    0.6000000089406967,
    0.800000011920929,
    4.700000070035458,
    8.300000123679638,
    8.50000012665987,
    2.1000000312924385,
    1.0000000149011612,
    1.8000000268220901,
    -2.8000000417232513,
    -0.20000000298023224,
    -0.800000011920929,
    0.5000000074505806,
    1.3000000193715096,
    8.800000131130219,
    10.500000156462193,
    11.60000017285347,
    8.00000011920929,
    11.900000177323818
  ],
  "tasmin": [
    1.8000000268220901,
    -0.20000000298023224,
    -1.3000000193715096,
    -5.200000077486038,
    -7.300000108778477,
    -8.00000011920929,
    -9.100000135600567,
    -10.600000157952309,
    -7.000000104308128,
    -7.000000104308128,
    -11.400000169873238,
    -12.500000186264515,
    -0.5000000074505806,
    0.10000000149011612,
    -0.800000011920929,
    -0.10000000149011612,
    -1.3000000193715096,
    -1.3000000193715096,
    -3.6000000536441803,
    -6.000000089406967,
    -7.500000111758709,
    -7.300000108778477,
    -7.700000114738941,
    -4.500000067055225,
    -3.200000047683716,
    -1.5000000223517418,
    -1.8000000268220901,
    -1.700000025331974,
    -3.200000047683716,
    -3.7000000551342964,
    -6.70000009983778,
    -8.00000011920929,
    -9.400000140070915,
    -8.400000125169754,
    -7.000000104308128,
    -5.200000077486038,
    -1.1000000163912773,
    0.20000000298023224,
    -0.5000000074505806,
    -0.5000000074505806,
    0.10000000149011612,
    1.5000000223517418,
    2.0000000298023224,
    0.20000000298023224,
    -2.0000000298023224,
    -5.200000077486038,
    -4.90000007301569,
    -4.200000062584877,
    -7.400000110268593,
    -9.100000135600567,
    -8.800000131130219,
    0.0,
    5.700000084936619,
    4.90000007301569,
    2.2000000327825546,
    0.10000000149011612
  ]
}