{
  "time": [
    1767268800000000000
  ],
  "hurs": [
    78.70000117272139
  ],
  "pr": [
    0.0
  ],
  "tas": [
    3.200000047683716
  ],
  "tasmax": [
    4.200000062584877
  ],
  "tasmin": [
    1.8000000268220901
  ]
}