{
  "time": [
    1767225600000000000,
    1767312000000000000,
    1767398400000000000,
    1767484800000000000,
    1767571200000000000,
    1767657600000000000,
    1767744000000000000,
    1767830400000000000,
    1767916800000000000,
    1768003200000000000,
    1768089600000000000,
    1768176000000000000,
    1768262400000000000,
    1768348800000000000,
    1768435200000000000,
    1768521600000000000,
    1768608000000000000,
    1768694400000000000,
    1768780800000000000,
    1768867200000000000,
    1768953600000000000,
    1769040000000000000,
    1769126400000000000,
    1769212800000000000,
    1769299200000000000,
    1769385600000000000,
    1769472000000000000,
    1769558400000000000,
    1769644800000000000,
    1769731200000000000,
    1769817600000000000,
    1769904000000000000,
    1769990400000000000,
    1770076800000000000,
    1770163200000000000,
    1770249600000000000,
    1770336000000000000,
    1770422400000000000,
    1770508800000000000,
    1770595200000000000,
    1770681600000000000,
    1770768000000000000,
    1770854400000000000,
    1770940800000000000,
    1771027200000000000,
    1771113600000000000,
    1771200000000000000,
    1771286400000000000,
    1771372800000000000,
    1771459200000000000,
    1771545600000000000,
    1771632000000000000,
    1771718400000000000,
    1771804800000000000,
    1771891200000000000,
    1771977600000000000,
    1772064000000000000,
    1772150400000000000,
    1772236800000000000,
    1772323200000000000,
    1772409600000000000,
    1772496000000000000,
    1772582400000000000,
    1772668800000000000,
    1772755200000000000,
    1772841600000000000,
    1772928000000000000,
    1773014400000000000,
    1773100800000000000,
    1773187200000000000,
    1773273600000000000,
    1773360000000000000,
    1773446400000000000,
    1773532800000000000,
    1773619200000000000,
    1773705600000000000,
    1773792000000000000,
    1773878400000000000,
    1773964800000000000,
    1774051200000000000
  ],
  "hurs": [
    78.70000117272139,
    78.50000116974115,
    91.40000136196613,
    92.20000137388706,
    85.50000127404928,
    89.20000132918358,
    85.40000127255917,
    86.40000128746033,
    79.50000118464231,
    75.90000113099813,
    90.20000134408474,
    90.00000134110451,
    98.20000146329403,
    96.70000144094229,
    98.0000014603138,
    93.50000139325857,
    98.70000147074461,
    89.20000132918358,
    66.70000099390745,
    74.20000110566616,
    80.40000119805336,
    82.90000123530626,
    84.50000125914812,
    86.50000128895044,
    86.40000128746033,
    95.20000141859055,
    93.7000013962388,
    89.20000132918358,
    87.40000130236149,
    87.20000129938126,
    84.00000125169754,
    75.00000111758709,
    73.200001090765,
    58.70000087469816,
    79.70000118762255,
    90.20000134408474,
    96.70000144094229,
    99.20000147819519,
    94.9000014141202,
    91.50000136345625,
    88.40000131726265,
    90.90000135451555,
    98.20000146329403,
    92.00000137090683,
    84.50000125914812,
    70.50000105053186,
    77.50000115483999,
    87.20000129938126,
    80.40000119805336,
    77.20000115036964,
    75.90000113099813,
    88.40000131726265,
    97.20000144839287,
    90.20000134408474,
    89.50000133365393,
    86.50000128895044,
    85.20000126957893,
    77.40000115334988,
    65.00000096857548,
    64.00000095367432,
    63.10000094026327,
    65.00000096857548,
    67.40000100433826,
    57.700000859797,
    54.70000081509352,
    62.10000092536211,
    61.700000919401646,
    59.70000088959932,
    67.40000100433826,
    69.5000010356307,
    65.00000096857548,
    58.70000087469816,
    76.20000113546848,
    84.400001257658,
    89.70000133663416,
    73.40000109374523,
    66.90000099688768,
    63.70000094920397,
    75.40000112354755,
    78.00000116229057
  ]
}