{
  "time": [
    1767225600000000000,
    1767312000000000000,
    1767398400000000000,
    1767484800000000000,
    1767571200000000000,
    1767657600000000000,
    1767744000000000000,
    1767830400000000000,
    1767916800000000000,
    1768003200000000000,
    1768089600000000000,
    1768176000000000000,
    1768262400000000000,
    1768348800000000000,
    1768435200000000000,
    1768521600000000000,
    1768608000000000000,
    1768694400000000000,
    1768780800000000000,
    1768867200000000000,
    1768953600000000000,
    1769040000000000000,
    1769126400000000000,
    1769212800000000000,
    1769299200000000000,
    1769385600000000000,
    1769472000000000000,
    1769558400000000000,
    1769644800000000000,
    1769731200000000000,
    1769817600000000000,
    1769904000000000000,
    1769990400000000000,
    1770076800000000000,
    1770163200000000000,
    1770249600000000000,
    1770336000000000000,
    1770422400000000000,
    1770508800000000000,
    1770595200000000000,
    1770681600000000000,
    1770768000000000000,
    1770854400000000000,
    1770940800000000000,
    1771027200000000000,
    1771113600000000000,
    1771200000000000000,
    1771286400000000000,
    1771372800000000000,
    1771459200000000000,
    1771545600000000000,
    1771632000000000000,
    1771718400000000000,
    1771804800000000000,
    1771891200000000000,
    1771977600000000000,
    1772064000000000000
  ],
  "hurs": [
    78.70000117272139,
    78.50000116974115,
    91.40000136196613,
    92.20000137388706,
    85.50000127404928,
    89.20000132918358,
    85.40000127255917,
    86.40000128746033,
    79.50000118464231,
    75.90000113099813,
    90.20000134408474,
    90.00000134110451,
    98.20000146329403,
    96.70000144094229,
    98.0000014603138,
    93.50000139325857,
    98.70000147074461,
    89.20000132918358,
    66.70000099390745,
    74.20000110566616,
    80.40000119805336,
    82.90000123530626,
    84.50000125914812,
    86.50000128895044,
    86.40000128746033,
    95.20000141859055,
    93.7000013962388,
    89.20000132918358,
    87.40000130236149,
    87.20000129938126,
    84.00000125169754,
    74.20000110566616,
    72.50000108033419,
    56.90000084787607,
    81.9000012204051,
    91.50000136345625,
    97.90000145882368,
    99.00000147521496,
    95.40000142157078,
    92.90000138431787,
    88.50000131875277,
    92.70000138133764,
    97.70000145584345,
    94.00000140070915,
    86.70000129193068,
    71.40000106394291,
    77.00000114738941,
    87.20000129938126,
    86.2000012844801,
    76.20000113546848,
    76.9000011458993,
    89.00000132620335,
    97.20000144839287,
    90.20000134408474,
    89.50000133365393,
    87.40000130236149,
    84.50000125914812
  ]
}