{
  "time": [
    1767268800000000000,
    1767355200000000000,
    1767441600000000000
  ],
  "hurs": [
    78.70000117272139,
    79.20000118017197,
    89.40000133216381
  ]
}