{
  "time": [
    1767290400000000000,
    1767376800000000000,
    1767463200000000000
  ],
  "pr": [
    0.0,
    0.800000011920929,
    5.599999904632568
  ]
}