{
  "time": [
    1767225600000000000,
    1767312000000000000,
    1767398400000000000,
    1767484800000000000,
    1767571200000000000,
    1767657600000000000,
    1767744000000000000,
    1767830400000000000,
    1767916800000000000,
    1768003200000000000,
    1768089600000000000,
    1768176000000000000,
    1768262400000000000,
    1768348800000000000,
    1768435200000000000,
    1768521600000000000,
    1768608000000000000,
    1768694400000000000,
    1768780800000000000,
    1768867200000000000,
    1768953600000000000,
    1769040000000000000,
    1769126400000000000,
    1769212800000000000,
    1769299200000000000,
    1769385600000000000,
    1769472000000000000,
    1769558400000000000,
    1769644800000000000,
    1769731200000000000,
    1769817600000000000,
    1769904000000000000,
    1769990400000000000,
    1770076800000000000,
    1770163200000000000,
    1770249600000000000
  ],
  "tasmax": [
    4.200000062584877,
    3.1000000461935997,
    0.800000011920929,
    0.20000000298023224,
    0.4000000059604645,
    -1.600000023841858,
    -2.7000000402331352,
    -3.7000000551342964,
    -4.000000059604645,
    -2.500000037252903,
    -3.7000000551342964,
    -0.5000000074505806,
    3.7000000551342964,
    6.000000089406967,
    5.900000087916851,
    8.50000012665987,
    3.1000000461935997,
    4.90000007301569,
    4.000000059604645,
    1.5000000223517418,
    1.3000000193715096,
    0.5000000074505806,
    -4.90000007301569,
    -2.2000000327825546,
    -1.8000000268220901,
    0.20000000298023224,
    0.10000000149011612,
    0.0,
    -0.5000000074505806,
    -1.3000000193715096,
    -2.1000000312924385,
    -6.400000095367432,
    -6.900000102818012,
    -4.000000059604645,
    -4.500000067055225,
    -0.6000000089406967
  ]
}