{
  "time": [
    1767225600000000000,
    1767312000000000000,
    1767398400000000000,
    1767484800000000000,
    1767571200000000000,
    1767657600000000000,
    1767744000000000000,
    1767830400000000000,
    1767916800000000000,
    1768003200000000000,
    1768089600000000000,
    1768176000000000000,
    1768262400000000000,
    1768348800000000000,
    1768435200000000000,
    1768521600000000000,
    1768608000000000000,
    1768694400000000000,
    1768780800000000000,
    1768867200000000000,
    1768953600000000000,
    1769040000000000000,
    1769126400000000000,
    1769212800000000000,
    1769299200000000000,
    1769385600000000000,
    1769472000000000000,
    1769558400000000000,
    1769644800000000000,
    1769731200000000000,
    1769817600000000000,
    1769904000000000000,
    1769990400000000000,
    1770076800000000000,
    1770163200000000000,
    1770249600000000000,
    1770336000000000000,
    1770422400000000000,
    1770508800000000000
  ],
  "tasmin": [
    1.8000000268220901,
    -0.4000000059604645,
    -1.3000000193715096,
    -5.4000000804662704,
    -7.300000108778477,
    -8.300000123679638,
    -9.100000135600567,
    -10.500000156462193,
    -7.200000107288361,
    -7.200000107288361,
    -11.500000171363354,
    -12.90000019222498,
    -0.5000000074505806,
    -0.20000000298023224,
    -0.6000000089406967,
    -0.20000000298023224,
    -1.1000000163912773,
    -1.1000000163912773,
    -3.500000052154064,
    -6.000000089406967,
    -7.500000111758709,
    -7.500000111758709,
    -7.900000117719173,
    -4.700000070035458,
    -3.500000052154064,
    -1.600000023841858,
    -1.8000000268220901,
    -1.5000000223517418,
    -3.200000047683716,
    -3.7000000551342964,
    -6.400000095367432,
    -8.00000011920929,
    -9.400000140070915,
    -8.400000125169754,
    -7.000000104308128,
    -5.200000077486038,
    -1.1000000163912773,
    0.20000000298023224,
    -0.5000000074505806
  ]
}