{
  "time": [
    1767268800000000000,
    1767355200000000000,
    1767441600000000000
  ],
  "hurs": [
    78.00000116229057,
    79.70000118762255,
    81.50000121444464
  ],
  "pr": [
    0.0,
    0.4000000059604645,
    0.20000000298023224
  ],
  "tas": [
    1.1000000163912773,
    1.600000023841858,
    -1.1000000163912773
  ],
  "tasmax": [
    2.7000000402331352,
    4.500000067055225,
    0.20000000298023224
  ],
  "tasmin": [
    -0.20000000298023224,
    -1.3000000193715096,
    -3.7000000551342964
  ]
}