{
  "time": [
    1767268800000000000
  ],
  "hurs": [
    78.00000116229057
  ],
  "pr": [
    0.0
  ],
  "tas": [
    1.1000000163912773
  ],
  "tasmax": [
    2.7000000402331352
  ],
  "tasmin": [
    -0.20000000298023224
  ]
}