{
  "time": [
    1767225600000000000,
    1767312000000000000,
    1767398400000000000,
    1767484800000000000,
    1767571200000000000,
    1767657600000000000,
    1767744000000000000,
    1767830400000000000,
    1767916800000000000,
    1768003200000000000,
    1768089600000000000,
    1768176000000000000,
    1768262400000000000,
    1768348800000000000,
    1768435200000000000,
    1768521600000000000,
    1768608000000000000,
    1768694400000000000,
    1768780800000000000,
    1768867200000000000,
    1768953600000000000,
    1769040000000000000,
    1769126400000000000,
    1769212800000000000,
    1769299200000000000,
    1769385600000000000,
    1769472000000000000,
    1769558400000000000,
    1769644800000000000,
    1769731200000000000,
    1769817600000000000,
    1769904000000000000,
    1769990400000000000,
    1770076800000000000,
    1770163200000000000,
    1770249600000000000,
    1770336000000000000
  ],
  "hurs": [
    78.00000116229057,
    80.0000011920929,
    81.00000120699406,
    76.9000011458993,
    85.90000128000975,
    88.40000131726265,
    83.90000125020742,
    90.00000134110451,
    80.40000119805336,
    86.70000129193068,
    81.9000012204051,
    90.50000134855509,
    84.20000125467777,
    82.20000122487545,
    87.40000130236149,
    80.0000011920929,
    88.700001321733,
    86.90000129491091,
    88.00000131130219,
    91.2000013589859,
    95.90000142902136,
    87.00000129640102,
    78.2000011652708,
    76.00000113248825,
    84.20000125467777,
    84.70000126212835,
    85.90000128000975,
    95.40000142157078,
    93.90000139921904,
    93.7000013962388,
    89.40000133216381,
    90.40000134706497,
    85.0000012665987,
    89.00000132620335,
    95.70000142604113,
    88.40000131726265,
    93.00000138580799
  ],
  "pr": [
    0.0,
    0.5,
    0.20000000298023224,
    0.0,
    1.0,
    0.10000000149011612,
    1.899999976158142,
    11.399999618530273,
    2.9000000953674316,
    1.600000023841858,
    0.20000000298023224,
    1.399999976158142,
    0.0,
    3.9000000953674316,
    0.0,
    0.0,
    0.0,
    0.0,
    0.0,
    0.0,
    0.0,
    0.0,
    0.0,
    0.0,
    0.20000000298023224,
    0.699999988079071,
    5.0,
    7.0,
    0.5,
    0.4000000059604645,
    0.0,
    0.699999988079071,
    0.5,
    9.600000381469727,
    0.0,
    0.0,
    1.7999999523162842
  ],
  "tas": [
    1.1000000163912773,
    1.600000023841858,
    -1.0000000149011612,
    -1.600000023841858,
    -5.200000077486038,
    -3.400000050663948,
    -3.7000000551342964,
    0.9000000134110451,
    6.000000089406967,
    1.0000000149011612,
    -2.2000000327825546,
    2.3000000342726707,
    7.500000111758709,
    8.600000128149986,
    8.50000012665987,
    7.000000104308128,
    2.2000000327825546,
    1.8000000268220901,
    1.3000000193715096,
    -0.4000000059604645,
    -2.0000000298023224,
    -2.1000000312924385,
    0.20000000298023224,
    -0.20000000298023224,
    -1.700000025331974,
    2.1000000312924385,
    4.000000059604645,
    3.500000052154064,
    2.1000000312924385,
    2.1000000312924385,
    4.000000059604645,
    3.7000000551342964,
    2.600000038743019,
    1.3000000193715096,
    1.3000000193715096,
    2.0000000298023224,
    2.3000000342726707
  ],
  "tasmax": [
    2.7000000402331352,
    4.500000067055225,
    0.5000000074505806,
    1.600000023841858,
    -2.7000000402331352,
    -1.8000000268220901,
    -1.1000000163912773,
    3.500000052154064,
    9.00000013411045,
    3.6000000536441803,
    0.10000000149011612,
    6.500000096857548,
    10.000000149011612,
    11.300000168383121,
    12.90000019222498,
    13.600000202655792,
    5.4000000804662704,
    4.500000067055225,
    2.0000000298023224,
    1.1000000163912773,
    0.0,
    1.700000025331974,
    3.200000047683716,
    4.000000059604645,
    0.5000000074505806,
    5.700000084936619,
    7.200000107288361,
    4.90000007301569,
    2.8000000417232513,
    3.9000000581145287,
    7.200000107288361,
    7.000000104308128,
    4.200000062584877,
    2.7000000402331352,
    4.700000070035458,
    4.500000067055225,
    4.400000065565109
  ],
  "tasmin": [
    -0.20000000298023224,
    -1.3000000193715096,
    -3.6000000536441803,
    -7.300000108778477,
    -8.00000011920929,
    -6.800000101327896,
    -8.300000123679638,
    -1.3000000193715096,
    2.7000000402331352,
    -2.2000000327825546,
    -6.500000096857548,
    -1.1000000163912773,
    4.90000007301569,
    6.000000089406967,
    3.7000000551342964,
    1.3000000193715096,
    -0.20000000298023224,
    -1.3000000193715096,
    -0.10000000149011612,
    -3.0000000447034836,
    -4.200000062584877,
    -5.900000087916851,
    -2.2000000327825546,
    -4.700000070035458,
    -4.500000067055225,
    -0.800000011920929,
    -0.20000000298023224,
    1.700000025331974,
    0.9000000134110451,
    -0.20000000298023224,
    1.8000000268220901,
    -0.20000000298023224,
    -0.6000000089406967,
    -1.0000000149011612,
    -1.1000000163912773,
    -0.6000000089406967,
    -0.5000000074505806
  ]
}