{
  "time": [
    1767225600000000000,
    1767312000000000000,
    1767398400000000000,
    1767484800000000000,
    1767571200000000000,
    1767657600000000000,
    1767744000000000000,
    1767830400000000000,
    1767916800000000000,
    1768003200000000000,
    1768089600000000000,
    1768176000000000000,
    1768262400000000000,
    1768348800000000000,
    1768435200000000000,
    1768521600000000000,
    1768608000000000000,
    1768694400000000000,
    1768780800000000000,
    1768867200000000000,
    1768953600000000000,
    1769040000000000000,
    1769126400000000000,
    1769212800000000000,
    1769299200000000000,
    1769385600000000000,
    1769472000000000000,
    1769558400000000000,
    1769644800000000000,
    1769731200000000000,
    1769817600000000000,
    1769904000000000000,
    1769990400000000000,
    1770076800000000000,
    1770163200000000000,
    1770249600000000000,
    1770336000000000000,
    1770422400000000000,
    1770508800000000000,
    1770595200000000000,
    1770681600000000000,
    1770768000000000000,
    1770854400000000000,
    1770940800000000000,
    1771027200000000000,
    1771113600000000000,
    1771200000000000000,
    1771286400000000000,
    1771372800000000000,
    1771459200000000000,
    1771545600000000000,
    1771632000000000000,
    1771718400000000000
  ],
  "hurs": [
    77.70000115782022,
    79.50000118464231,
    82.00000122189522,
    77.00000114738941,
    85.70000127702951,
    88.700001321733,
    83.70000124722719,
    90.50000134855509,
    80.0000011920929,
    86.70000129193068,
    81.70000121742487,
    90.70000135153532,
    84.50000125914812,
    82.70000123232603,
    87.00000129640102,
    80.50000119954348,
    89.40000133216381,
    87.40000130236149,
    88.00000131130219,
    90.70000135153532,
    95.70000142604113,
    86.70000129193068,
    77.40000115334988,
    76.20000113546848,
    83.90000125020742,
    84.50000125914812,
    85.50000127404928,
    95.40000142157078,
    94.00000140070915,
    93.7000013962388,
    89.20000132918358,
    90.40000134706497,
    85.0000012665987,
    89.00000132620335,
    95.70000142604113,
    88.40000131726265,
    93.00000138580799,
    90.50000134855509,
    94.20000140368938,
    90.00000134110451,
    90.00000134110451,
    87.5000013038516,
    85.0000012665987,
    77.70000115782022,
    83.40000124275684,
    77.20000115036964,
    85.0000012665987,
    70.7000010535121,
    72.20000107586384,
    86.00000128149986,
    82.70000123232603,
    90.50000134855509,
    87.90000130981207
  ],
  "pr": [
    0.0,
    0.5,
    0.20000000298023224,
    0.0,
    1.0,
    0.10000000149011612,
    1.899999976158142,
    11.399999618530273,
    2.9000000953674316,
    1.600000023841858,
    0.20000000298023224,
    1.399999976158142,
    0.0,
    3.9000000953674316,
    0.0,
    0.0,
    0.0,
    0.0,
    0.0,
    0.0,
    0.0,
    0.0,
    0.0,
    0.0,
    0.20000000298023224,
    0.699999988079071,
    5.0,
    7.0,
    0.4000000059604645,
    0.30000001192092896,
    0.0,
    0.699999988079071,
    0.5,
    9.600000381469727,
    0.0,
    0.0,
    1.7999999523162842,
    0.10000000149011612,
    0.0,
    0.0,
    7.300000190734863,
    3.799999952316284,
    1.899999976158142,
    0.0,
    1.2999999523162842,
    4.900000095367432,
    5.800000190734863,
    0.0,
    6.800000190734863,
    0.6000000238418579,
    1.100000023841858,
    5.400000095367432,
    2.0999999046325684
  ],
  "tas": [
    1.1000000163912773,
    1.600000023841858,
    -1.1000000163912773,
    -1.600000023841858,
    -5.200000077486038,
    -3.400000050663948,
    -3.7000000551342964,
    0.9000000134110451,
    6.000000089406967,
    1.0000000149011612,
    -2.2000000327825546,
    2.3000000342726707,
    7.500000111758709,
    8.50000012665987,
    8.50000012665987,
    7.000000104308128,
    2.2000000327825546,
    1.8000000268220901,
    1.3000000193715096,
    -0.4000000059604645,
    -2.0000000298023224,
    -2.1000000312924385,
    0.20000000298023224,
    -0.20000000298023224,
    -1.700000025331974,
    2.1000000312924385,
    4.000000059604645,
    3.6000000536441803,
    2.1000000312924385,
    2.0000000298023224,
    4.000000059604645,
    3.7000000551342964,
    2.600000038743019,
    1.3000000193715096,
    1.3000000193715096,
    2.0000000298023224,
    2.3000000342726707,
    5.900000087916851,
    3.0000000447034836,
    2.7000000402331352,
    4.500000067055225,
    9.900000147521496,
    9.00000013411045,
    8.50000012665987,
    3.9000000581145287,
    2.3000000342726707,
    5.4000000804662704,
    5.700000084936619,
    3.200000047683716,
    3.500000052154064,
    3.7000000551342964,
    8.300000123679638,
    10.900000162422657
  ],
  "tasmax": [
    2.7000000402331352,
    4.500000067055225,
    0.20000000298023224,
    1.600000023841858,
    -2.600000038743019,
    -1.8000000268220901,
    -1.1000000163912773,
    3.500000052154064,
    9.00000013411045,
    3.6000000536441803,
    0.10000000149011612,
    6.500000096857548,
    10.000000149011612,
    11.10000016540289,
    13.000000193715096,
    13.800000205636024,
    5.4000000804662704,
    4.500000067055225,
    2.0000000298023224,
    1.3000000193715096,
    0.10000000149011612,
    1.8000000268220901,
    3.200000047683716,
    4.000000059604645,
    0.5000000074505806,
    5.700000084936619,
    7.200000107288361,
    4.90000007301569,
    2.8000000417232513,
    3.7000000551342964,
    7.200000107288361,
    7.000000104308128,
    4.200000062584877,
    2.7000000402331352,
    4.700000070035458,
    4.500000067055225,
    4.400000065565109,
    11.300000168383121,
    5.900000087916851,
    6.000000089406967,
    9.00000013411045,
    12.600000187754631,
    11.400000169873238,
    10.400000154972076,
    6.500000096857548,
    4.500000067055225,
    8.400000125169754,
    9.100000135600567,
    6.500000096857548,
    5.500000081956387,
    6.400000095367432,
    10.500000156462193,
    12.500000186264515
  ],
  "tasmin": [
    -0.20000000298023224,
    -1.5000000223517418,
    -3.7000000551342964,
    -7.300000108778477,
    -8.00000011920929,
    -6.800000101327896,
    -8.300000123679638,
    -1.3000000193715096,
    2.7000000402331352,
    -2.2000000327825546,
    -6.500000096857548,
    -1.1000000163912773,
    4.90000007301569,
    6.000000089406967,
    3.6000000536441803,
    1.3000000193715096,
    -0.20000000298023224,
    -1.3000000193715096,
    0.0,
    -3.1000000461935997,
    -4.200000062584877,
    -6.000000089406967,
    -2.2000000327825546,
    -4.90000007301569,
    -4.500000067055225,
    -0.9000000134110451,
    -0.20000000298023224,
    1.8000000268220901,
    1.0000000149011612,
    -0.20000000298023224,
    1.8000000268220901,
    -0.20000000298023224,
    -0.6000000089406967,
    -1.0000000149011612,
    -1.1000000163912773,
    -0.6000000089406967,
    -0.5000000074505806,
    0.4000000059604645,
    -0.800000011920929,
    -1.0000000149011612,
    -1.8000000268220901,
    7.400000110268593,
    7.200000107288361,
    6.000000089406967,
    1.8000000268220901,
    0.4000000059604645,
    1.600000023841858,
    2.8000000417232513,
    -0.5000000074505806,
    2.1000000312924385,
    -0.5000000074505806,
    6.000000089406967,
    9.300000138580799
  ]
}