{
  "time": [
    1767225600000000000,
    1767312000000000000,
    1767398400000000000,
    1767484800000000000,
    1767571200000000000,
    1767657600000000000,
    1767744000000000000,
    1767830400000000000,
    1767916800000000000,
    1768003200000000000,
    1768089600000000000,
    1768176000000000000,
    1768262400000000000,
    1768348800000000000,
    1768435200000000000,
    1768521600000000000,
    1768608000000000000,
    1768694400000000000,
    1768780800000000000,
    1768867200000000000,
    1768953600000000000,
    1769040000000000000,
    1769126400000000000,
    1769212800000000000,
    1769299200000000000,
    1769385600000000000,
    1769472000000000000,
    1769558400000000000,
    1769644800000000000,
    1769731200000000000,
    1769817600000000000,
    1769904000000000000,
    1769990400000000000,
    1770076800000000000,
    1770163200000000000,
    1770249600000000000,
    1770336000000000000,
    1770422400000000000,
    1770508800000000000,
    1770595200000000000,
    1770681600000000000,
    1770768000000000000,
    1770854400000000000,
    1770940800000000000,
    1771027200000000000
  ],
  "hurs": [
    78.00000116229057,
    80.0000011920929,
    81.00000120699406,
    76.9000011458993,
    85.90000128000975,
    88.40000131726265,
    83.90000125020742,
    90.00000134110451,
    80.40000119805336,
    86.70000129193068,
    81.9000012204051,
    90.50000134855509,
    84.20000125467777,
    82.20000122487545,
    87.40000130236149,
    80.0000011920929,
    88.700001321733,
    86.90000129491091,
    88.00000131130219,
    91.2000013589859,
    95.90000142902136,
    87.00000129640102,
    78.2000011652708,
    76.00000113248825,
    84.20000125467777,
    84.70000126212835,
    85.90000128000975,
    95.40000142157078,
    93.90000139921904,
    93.7000013962388,
    89.40000133216381,
    90.40000134706497,
    85.0000012665987,
    89.00000132620335,
    95.70000142604113,
    88.40000131726265,
    93.00000138580799,
    90.50000134855509,
    94.20000140368938,
    90.00000134110451,
    90.00000134110451,
    87.5000013038516,
    85.0000012665987,
    77.70000115782022,
    83.40000124275684
  ]
}