{
  "time": [
    1767225600000000000,
    1767312000000000000,
    1767398400000000000,
    1767484800000000000,
    1767571200000000000,
    1767657600000000000,
    1767744000000000000,
    1767830400000000000,
    1767916800000000000,
    1768003200000000000,
    1768089600000000000,
    1768176000000000000,
    1768262400000000000,
    1768348800000000000,
    1768435200000000000,
    1768521600000000000,
    1768608000000000000,
    1768694400000000000,
    1768780800000000000,
    1768867200000000000,
    1768953600000000000,
    1769040000000000000,
    1769126400000000000,
    1769212800000000000,
    1769299200000000000,
    1769385600000000000,
    1769472000000000000,
    1769558400000000000,
    1769644800000000000,
    1769731200000000000,
    1769817600000000000,
    1769904000000000000,
    1769990400000000000,
    1770076800000000000,
    1770163200000000000,
    1770249600000000000,
    1770336000000000000,
    1770422400000000000,
    1770508800000000000,
    1770595200000000000,
    1770681600000000000,
    1770768000000000000,
    1770854400000000000,
    1770940800000000000,
    1771027200000000000,
    1771113600000000000,
    1771200000000000000,
    1771286400000000000,
    1771372800000000000,
    1771459200000000000,
    1771545600000000000,
    1771632000000000000,
    1771718400000000000,
    1771804800000000000,
    1771891200000000000
  ],
  "hurs": [
    77.70000115782022,
    79.50000118464231,
    82.00000122189522,
    77.00000114738941,
    85.70000127702951,
    88.700001321733,
    83.70000124722719,
    90.50000134855509,
    80.0000011920929,
    86.70000129193068,
    81.70000121742487,
    90.70000135153532,
    84.50000125914812,
    82.70000123232603,
    87.00000129640102,
    80.50000119954348,
    89.40000133216381,
    87.40000130236149,
    88.00000131130219,
    90.70000135153532,
    95.70000142604113,
    86.70000129193068,
    77.40000115334988,
    76.20000113546848,
    83.90000125020742,
    84.50000125914812,
    85.50000127404928,
    95.40000142157078,
    94.00000140070915,
    93.7000013962388,
    89.20000132918358,
    90.40000134706497,
    85.0000012665987,
    89.00000132620335,
    95.70000142604113,
    88.40000131726265,
    93.00000138580799,
    90.50000134855509,
    94.20000140368938,
    90.00000134110451,
    90.00000134110451,
    87.5000013038516,
    85.0000012665987,
    77.70000115782022,
    83.40000124275684,
    77.20000115036964,
    85.0000012665987,
    70.7000010535121,
    72.20000107586384,
    86.00000128149986,
    82.70000123232603,
    90.50000134855509,
    87.90000130981207,
    77.00000114738941,
    92.50000137835741
  ]
}