{
  "time": [
    1767225600000000000,
    1767312000000000000,
    1767398400000000000,
    1767484800000000000,
    1767571200000000000,
    1767657600000000000,
    1767744000000000000,
    1767830400000000000,
    1767916800000000000,
    1768003200000000000,
    1768089600000000000,
    1768176000000000000,
    1768262400000000000,
    1768348800000000000,
    1768435200000000000,
    1768521600000000000,
    1768608000000000000,
    1768694400000000000,
    1768780800000000000,
    1768867200000000000,
    1768953600000000000,
    1769040000000000000,
    1769126400000000000,
    1769212800000000000,
    1769299200000000000,
    1769385600000000000,
    1769472000000000000,
    1769558400000000000,
    1769644800000000000,
    1769731200000000000,
    1769817600000000000,
    1769904000000000000,
    1769990400000000000,
    1770076800000000000,
    1770163200000000000,
    1770249600000000000,
    1770336000000000000,
    1770422400000000000,
    1770508800000000000,
    1770595200000000000,
    1770681600000000000,
    1770768000000000000,
    1770854400000000000,
    1770940800000000000,
    1771027200000000000,
    1771113600000000000,
    1771200000000000000,
    1771286400000000000,
    1771372800000000000,
    1771459200000000000,
    1771545600000000000,
    1771632000000000000,
    1771718400000000000,
    1771804800000000000,
    1771891200000000000,
    1771977600000000000,
    1772064000000000000,
    1772150400000000000,
    1772236800000000000,
    1772323200000000000,
    1772409600000000000,
    1772496000000000000,
    1772582400000000000,
    1772668800000000000,
    1772755200000000000,
    1772841600000000000,
    1772928000000000000,
    1773014400000000000,
    1773100800000000000,
    1773187200000000000,
    1773273600000000000,
    1773360000000000000,
    1773446400000000000,
    1773532800000000000,
    1773619200000000000,
    1773705600000000000,
    1773792000000000000,
    1773878400000000000,
    1773964800000000000,
    1774051200000000000,
    1774137600000000000,
    1774224000000000000
  ],
  "hurs": [
    77.70000115782022,
    79.50000118464231,
    82.00000122189522,
    77.00000114738941,
    85.70000127702951,
    88.700001321733,
    83.70000124722719,
    90.50000134855509,
    80.0000011920929,
    86.70000129193068,
    81.70000121742487,
    90.70000135153532,
    84.50000125914812,
    82.70000123232603,
    87.00000129640102,
    80.50000119954348,
    89.40000133216381,
    87.40000130236149,
    88.00000131130219,
    90.70000135153532,
    95.70000142604113,
    86.70000129193068,
    77.40000115334988,
    76.20000113546848,
    83.90000125020742,
    84.50000125914812,
    85.50000127404928,
    95.40000142157078,
    94.00000140070915,
    93.7000013962388,
    89.20000132918358,
    90.20000134408474,
    85.40000127255917,
    88.90000132471323,
    95.20000141859055,
    88.50000131875277,
    94.00000140070915,
    90.00000134110451,
    95.20000141859055,
    90.50000134855509,
    89.70000133663416,
    87.90000130981207,
    85.0000012665987,
    78.00000116229057,
    83.00000123679638,
    77.20000115036964,
    86.40000128746033,
    71.70000106841326,
    71.90000107139349,
    86.40000128746033,
    83.00000123679638,
    90.20000134408474,
    87.70000130683184,
    77.20000115036964,
    93.00000138580799,
    90.00000134110451,
    91.50000136345625,
    77.00000114738941,
    72.50000108033419,
    76.70000114291906,
    75.40000112354755,
    77.00000114738941,
    76.00000113248825,
    68.50000102072954,
    75.50000112503767,
    71.50000106543303,
    74.20000110566616,
    77.40000115334988,
    73.200001090765,
    86.50000128895044,
    75.7000011280179,
    68.90000102669,
    76.20000113546848,
    73.40000109374523,
    74.00000110268593,
    74.70000111311674,
    59.50000088661909,
    55.40000082552433,
    60.700000904500484,
    67.20000100135803,
    61.700000919401646,
    58.70000087469816
  ]
}