{
  "time": [
    1767268800000000000,
    1767355200000000000,
    1767441600000000000
  ],
  "hurs": [
    78.00000116229057,
    79.70000118762255,
    81.50000121444464
  ]
}