{
  "time": [
    1767268800000000000,
    1767355200000000000,
    1767441600000000000
  ],
  "tas": [
    1.1000000163912773,
    1.600000023841858,
    -1.1000000163912773
  ]
}