{
  "time": [
    1767268800000000000,
    1767355200000000000,
    1767441600000000000
  ],
  "tasmin": [
    -0.20000000298023224,
    -1.3000000193715096,
    -3.7000000551342964
  ]
}