{
  "time": [
    1767225600000000000,
    1767312000000000000,
    1767398400000000000,
    1767484800000000000,
    1767571200000000000,
    1767657600000000000,
    1767744000000000000,
    1767830400000000000,
    1767916800000000000,
    1768003200000000000,
    1768089600000000000,
    1768176000000000000,
    1768262400000000000,
    1768348800000000000,
    1768435200000000000,
    1768521600000000000,
    1768608000000000000,
    1768694400000000000,
    1768780800000000000,
    1768867200000000000,
    1768953600000000000,
    1769040000000000000,
    1769126400000000000,
    1769212800000000000,
    1769299200000000000,
    1769385600000000000,
    1769472000000000000,
    1769558400000000000,
    1769644800000000000,
    1769731200000000000,
    1769817600000000000,
    1769904000000000000,
    1769990400000000000,
    1770076800000000000,
    1770163200000000000,
    1770249600000000000,
    1770336000000000000
  ],
  "tasmin": [
    -0.20000000298023224,
    -1.3000000193715096,
    -3.6000000536441803,
    -7.300000108778477,
    -8.00000011920929,
    -6.800000101327896,
    -8.300000123679638,
    -1.3000000193715096,
    2.7000000402331352,
    -2.2000000327825546,
    -6.500000096857548,
    -1.1000000163912773,
    4.90000007301569,
    6.000000089406967,
    3.7000000551342964,
    1.3000000193715096,
    -0.20000000298023224,
    -1.3000000193715096,
    -0.10000000149011612,
    -3.0000000447034836,
    -4.200000062584877,
    -5.900000087916851,
    -2.2000000327825546,
    -4.700000070035458,
    -4.500000067055225,
    -0.800000011920929,
    -0.20000000298023224,
    1.700000025331974,
    0.9000000134110451,
    -0.20000000298023224,
    1.8000000268220901,
    -0.20000000298023224,
    -0.6000000089406967,
    -1.0000000149011612,
    -1.1000000163912773,
    -0.6000000089406967,
    -0.5000000074505806
  ]
}