{
  "time": [
    1767225600000000000,
    1767312000000000000,
    1767398400000000000,
    1767484800000000000,
    1767571200000000000,
    1767657600000000000,
    1767744000000000000,
    1767830400000000000,
    1767916800000000000,
    1768003200000000000,
    1768089600000000000,
    1768176000000000000,
    1768262400000000000,
    1768348800000000000,
    1768435200000000000,
    1768521600000000000,
    1768608000000000000,
    1768694400000000000,
    1768780800000000000,
    1768867200000000000,
    1768953600000000000,
    1769040000000000000,
    1769126400000000000,
    1769212800000000000,
    1769299200000000000,
    1769385600000000000,
    1769472000000000000,
    1769558400000000000,
    1769644800000000000,
    1769731200000000000,
    1769817600000000000,
    1769904000000000000,
    1769990400000000000,
    1770076800000000000,
    1770163200000000000,
    1770249600000000000,
    1770336000000000000,
    1770422400000000000,
    1770508800000000000,
    1770595200000000000,
    1770681600000000000,
    1770768000000000000,
    1770854400000000000,
    1770940800000000000,
    1771027200000000000,
    1771113600000000000,
    1771200000000000000,
    1771286400000000000,
    1771372800000000000,
    1771459200000000000,
    1771545600000000000,
    1771632000000000000,
    1771718400000000000,
    1771804800000000000,
    1771891200000000000,
    1771977600000000000,
    1772064000000000000
  ],
  "tasmax": [
    2.7000000402331352,
    4.500000067055225,
    0.20000000298023224,
    1.600000023841858,
    -2.600000038743019,
    -1.8000000268220901,
    -1.1000000163912773,
    3.500000052154064,
    9.00000013411045,
    3.6000000536441803,
    0.10000000149011612,
    6.500000096857548,
    10.000000149011612,
    11.10000016540289,
    13.000000193715096,
    13.800000205636024,
    5.4000000804662704,
    4.500000067055225,
    2.0000000298023224,
    1.3000000193715096,
    0.10000000149011612,
    1.8000000268220901,
    3.200000047683716,
    4.000000059604645,
    0.5000000074505806,
    5.700000084936619,
    7.200000107288361,
    4.90000007301569,
    2.8000000417232513,
    3.7000000551342964,
    7.200000107288361,
    7.000000104308128,
    4.200000062584877,
    2.7000000402331352,
    4.700000070035458,
    4.500000067055225,
    4.400000065565109,
    11.300000168383121,
    5.900000087916851,
    6.000000089406967,
    9.00000013411045,
    12.600000187754631,
    11.400000169873238,
    10.400000154972076,
    6.500000096857548,
    4.500000067055225,
    8.400000125169754,
    9.100000135600567,
    6.500000096857548,
    5.500000081956387,
    6.400000095367432,
    10.500000156462193,
    12.500000186264515,
    13.800000205636024,
    12.500000186264515,
    15.900000236928463,
    16.600000247359276
  ]
}