{
  "time": [
    1767225600000000000,
    1767312000000000000,
    1767398400000000000,
    1767484800000000000,
    1767571200000000000,
    1767657600000000000,
    1767744000000000000,
    1767830400000000000,
    1767916800000000000,
    1768003200000000000,
    1768089600000000000,
    1768176000000000000,
    1768262400000000000,
    1768348800000000000,
    1768435200000000000,
    1768521600000000000,
    1768608000000000000,
    1768694400000000000,
    1768780800000000000,
    1768867200000000000,
    1768953600000000000,
    1769040000000000000,
    1769126400000000000,
    1769212800000000000,
    1769299200000000000,
    1769385600000000000,
    1769472000000000000,
    1769558400000000000,
    1769644800000000000,
    1769731200000000000,
    1769817600000000000,
    1769904000000000000,
    1769990400000000000,
    1770076800000000000,
    1770163200000000000,
    1770249600000000000,
    1770336000000000000,
    1770422400000000000,
    1770508800000000000,
    1770595200000000000,
    1770681600000000000,
    1770768000000000000,
    1770854400000000000,
    1770940800000000000,
    1771027200000000000,
    1771113600000000000,
    1771200000000000000,
    1771286400000000000,
    1771372800000000000
  ],
  "hurs": [
    74.70000111311674,
    72.90000108629465,
    73.70000109821558,
    72.90000108629465,
    72.50000108033419,
    79.4000011831522,
    77.00000114738941,
    81.20000120997429,
    88.50000131875277,
    84.70000126212835,
    84.50000125914812,
    88.700001321733,
    90.40000134706497,
    86.50000128895044,
    90.50000134855509,
    78.40000116825104,
    91.70000136643648,
    86.50000128895044,
    72.50000108033419,
    77.40000115334988,
    77.40000115334988,
    84.400001257658,
    83.00000123679638,
    85.70000127702951,
    91.00000135600567,
    89.40000133216381,
    87.90000130981207,
    94.50000140815973,
    92.50000137835741,
    94.00000140070915,
    90.40000134706497,
    89.70000133663416,
    83.50000124424696,
    85.40000127255917,
    92.70000138133764,
    93.20000138878822,
    93.7000013962388,
    95.90000142902136,
    98.70000147074461,
    98.0000014603138,
    81.70000121742487,
    90.40000134706497,
    86.90000129491091,
    86.40000128746033,
    89.40000133216381,
    71.20000106096268,
    89.20000132918358,
    85.0000012665987,
    84.90000126510859
  ],
  "pr": [
    0.0,
    0.8999999761581421,
    0.0,
    0.0,
    0.0,
    0.0,
    0.0,
    2.5,
    2.799999952316284,
    0.30000001192092896,
    0.0,
    1.899999976158142,
    0.0,
    0.20000000298023224,
    0.30000001192092896,
    0.0,
    0.0,
    0.0,
    0.0,
    0.0,
    0.0,
    0.0,
    0.0,
    0.0,
    5.900000095367432,
    1.399999976158142,
    1.7999999523162842,
    0.5,
    2.700000047683716,
    0.0,
    0.0,
    0.5,
    0.0,
    2.799999952316284,
    0.10000000149011612,
    0.0,
    0.0,
    0.10000000149011612,
    0.10000000149011612,
    0.0,
    0.0,
    3.0,
    3.4000000953674316,
    0.4000000059604645,
    0.0,
    2.700000047683716,
    4.300000190734863,
    0.699999988079071,
    0.0
  ],
  "tas": [
    1.8000000268220901,
    1.1000000163912773,
    -0.20000000298023224,
    -0.20000000298023224,
    -3.400000050663948,
    -4.200000062584877,
    -6.200000092387199,
    -2.2000000327825546,
    1.700000025331974,
    -5.900000087916851,
    -8.400000125169754,
    -2.0000000298023224,
    4.90000007301569,
    6.400000095367432,
    6.000000089406967,
    6.000000089406967,
    -0.20000000298023224,
    0.4000000059604645,
    -0.10000000149011612,
    -1.700000025331974,
    -2.3000000342726707,
    -5.700000084936619,
    -5.500000081956387,
    -5.000000074505806,
    -2.600000038743019,
    -2.0000000298023224,
    -0.20000000298023224,
    -0.800000011920929,
    -1.8000000268220901,
    -1.5000000223517418,
    -0.5000000074505806,
    -2.7000000402331352,
    -4.400000065565109,
    -4.500000067055225,
    -3.0000000447034836,
    -2.3000000342726707,
    -0.10000000149011612,
    2.2000000327825546,
    1.1000000163912773,
    0.5000000074505806,
    3.0000000447034836,
    6.200000092387199,
    7.300000108778477,
    5.200000077486038,
    -0.10000000149011612,
    -1.700000025331974,
    0.10000000149011612,
    2.7000000402331352,
    0.6000000089406967
  ],
  "tasmax": [
    2.500000037252903,
    2.500000037252903,
    1.1000000163912773,
    1.0000000149011612,
    -0.10000000149011612,
    -1.1000000163912773,
    -1.3000000193715096,
    1.1000000163912773,
    4.200000062584877,
    0.6000000089406967,
    -3.200000047683716,
    3.7000000551342964,
    7.400000110268593,
    8.50000012665987,
    10.000000149011612,
    12.10000018030405,
    3.0000000447034836,
    4.700000070035458,
    5.000000074505806,
    3.7000000551342964,
    2.8000000417232513,
    -2.500000037252903,
    -2.7000000402331352,
    -1.8000000268220901,
    -1.0000000149011612,
    -0.20000000298023224,
    1.3000000193715096,
    -0.10000000149011612,
    -1.1000000163912773,
    0.5000000074505806,
    1.3000000193715096,
    -0.6000000089406967,
    -3.200000047683716,
    -3.200000047683716,
    -0.20000000298023224,
    -0.9000000134110451,
    1.5000000223517418,
    5.200000077486038,
    2.500000037252903,
    2.2000000327825546,
    7.300000108778477,
    8.600000128149986,
    11.300000168383121,
    7.400000110268593,
    0.9000000134110451,
    0.5000000074505806,
    4.200000062584877,
    5.900000087916851,
    2.7000000402331352
  ],
  "tasmin": [
    0.9000000134110451,
    -1.0000000149011612,
    -1.5000000223517418,
    -1.8000000268220901,
    -8.300000123679638,
    -8.00000011920929,
    -10.500000156462193,
    -5.200000077486038,
    -1.0000000149011612,
    -11.300000168383121,
    -12.90000019222498,
    -9.900000147521496,
    2.3000000342726707,
    4.000000059604645,
    2.7000000402331352,
    -0.20000000298023224,
    -3.200000047683716,
    -3.7000000551342964,
    -3.7000000551342964,
    -5.500000081956387,
    -6.500000096857548,
    -9.100000135600567,
    -9.400000140070915,
    -7.800000116229057,
    -5.500000081956387,
    -3.200000047683716,
    -1.600000023841858,
    -1.5000000223517418,
    -2.600000038743019,
    -3.200000047683716,
    -2.600000038743019,
    -4.200000062584877,
    -5.500000081956387,
    -5.500000081956387,
    -5.200000077486038,
    -3.500000052154064,
    -1.5000000223517418,
    -0.20000000298023224,
    0.10000000149011612,
    -0.10000000149011612,
    -1.3000000193715096,
    3.7000000551342964,
    4.400000065565109,
    0.6000000089406967,
    -1.3000000193715096,
    -3.400000050663948,
    -3.1000000461935997,
    0.5000000074505806,
    -2.0000000298023224
  ]
}