{
  "time": [
    1767268800000000000
  ],
  "hurs": [
    74.70000111311674
  ],
  "pr": [
    0.0
  ],
  "tas": [
    1.8000000268220901
  ],
  "tasmax": [
    2.600000038743019
  ],
  "tasmin": [
    1.0000000149011612
  ]
}