{
  "time": [
    1767225600000000000,
    1767312000000000000,
    1767398400000000000,
    1767484800000000000,
    1767571200000000000,
    1767657600000000000,
    1767744000000000000,
    1767830400000000000,
    1767916800000000000,
    1768003200000000000,
    1768089600000000000,
    1768176000000000000,
    1768262400000000000,
    1768348800000000000,
    1768435200000000000,
    1768521600000000000,
    1768608000000000000,
    1768694400000000000,
    1768780800000000000,
    1768867200000000000,
    1768953600000000000,
    1769040000000000000,
    1769126400000000000,
    1769212800000000000,
    1769299200000000000,
    1769385600000000000,
    1769472000000000000,
    1769558400000000000,
    1769644800000000000,
    1769731200000000000,
    1769817600000000000,
    1769904000000000000,
    1769990400000000000,
    1770076800000000000
  ],
  "hurs": [
    74.70000111311674,
    73.00000108778477,
    73.70000109821558,
    72.90000108629465,
    71.90000107139349,
    79.20000118017197,
    76.70000114291906,
    81.50000121444464,
    89.20000132918358,
    85.20000126957893,
    84.50000125914812,
    88.20000131428242,
    89.70000133663416,
    86.40000128746033,
    90.50000134855509,
    78.40000116825104,
    93.50000139325857,
    86.00000128149986,
    72.40000107884407,
    78.40000116825104,
    77.50000115483999,
    84.400001257658,
    81.70000121742487,
    84.20000125467777,
    91.00000135600567,
    89.00000132620335,
    87.20000129938126,
    96.00000143051147,
    93.50000139325857,
    94.00000140070915,
    92.70000138133764,
    89.70000133663416,
    83.50000124424696,
    85.40000127255917
  ],
  "pr": [
    0.0,
    0.8999999761581421,
    0.0,
    0.0,
    0.0,
    0.0,
    0.0,
    2.5,
    2.799999952316284,
    0.30000001192092896,
    0.0,
    1.899999976158142,
    0.0,
    0.20000000298023224,
    0.30000001192092896,
    0.0,
    0.0,
    0.0,
    0.0,
    0.0,
    0.0,
    0.0,
    0.0,
    0.0,
    5.900000095367432,
    1.399999976158142,
    1.7999999523162842,
    0.5,
    2.700000047683716,
    0.0,
    0.0,
    0.5,
    0.0,
    2.799999952316284
  ],
  "tas": [
    1.8000000268220901,
    1.1000000163912773,
    -0.20000000298023224,
    -0.20000000298023224,
    -3.200000047683716,
    -4.200000062584877,
    -6.200000092387199,
    -2.2000000327825546,
    1.600000023841858,
    -5.900000087916851,
    -8.400000125169754,
    -2.0000000298023224,
    5.000000074505806,
    6.400000095367432,
    6.000000089406967,
    6.000000089406967,
    -0.4000000059604645,
    0.4000000059604645,
    -0.10000000149011612,
    -1.8000000268220901,
    -2.3000000342726707,
    -5.700000084936619,
    -5.500000081956387,
    -5.000000074505806,
    -2.7000000402331352,
    -2.0000000298023224,
    -0.20000000298023224,
    -1.1000000163912773,
    -2.1000000312924385,
    -1.700000025331974,
    -0.800000011920929,
    -2.7000000402331352,
    -4.400000065565109,
    -4.500000067055225
  ],
  "tasmax": [
    2.600000038743019,
    2.500000037252903,
    1.1000000163912773,
    1.0000000149011612,
    0.10000000149011612,
    -1.1000000163912773,
    -1.3000000193715096,
    1.1000000163912773,
    4.200000062584877,
    0.9000000134110451,
    -3.0000000447034836,
    3.6000000536441803,
    7.500000111758709,
    8.50000012665987,
    10.000000149011612,
    12.10000018030405,
    2.8000000417232513,
    4.700000070035458,
    5.000000074505806,
    3.6000000536441803,
    2.8000000417232513,
    -2.500000037252903,
    -2.7000000402331352,
    -1.700000025331974,
    -1.1000000163912773,
    -0.20000000298023224,
    1.3000000193715096,
    -0.5000000074505806,
    -1.3000000193715096,
    0.20000000298023224,
    1.1000000163912773,
    -0.6000000089406967,
    -3.200000047683716,
    -3.200000047683716
  ],
  "tasmin": [
    0.9000000134110451,
    -1.0000000149011612,
    -1.600000023841858,
    -1.8000000268220901,
    -8.100000120699406,
    -8.00000011920929,
    -10.500000156462193,
    -5.000000074505806,
    -1.1000000163912773,
    -11.300000168383121,
    -13.100000195205212,
    -9.900000147521496,
    2.3000000342726707,
    4.000000059604645,
    2.600000038743019,
    -0.20000000298023224,
    -3.400000050663948,
    -3.7000000551342964,
    -3.7000000551342964,
    -5.500000081956387,
    -6.500000096857548,
    -9.100000135600567,
    -9.300000138580799,
    -7.800000116229057,
    -5.500000081956387,
    -3.200000047683716,
    -1.5000000223517418,
    -1.8000000268220901,
    -3.0000000447034836,
    -3.500000052154064,
    -3.0000000447034836,
    -4.200000062584877,
    -5.500000081956387,
    -5.500000081956387
  ]
}