{
  "time": [
    1767225600000000000,
    1767312000000000000,
    1767398400000000000,
    1767484800000000000,
    1767571200000000000,
    1767657600000000000,
    1767744000000000000,
    1767830400000000000,
    1767916800000000000,
    1768003200000000000,
    1768089600000000000,
    1768176000000000000,
    1768262400000000000,
    1768348800000000000,
    1768435200000000000,
    1768521600000000000,
    1768608000000000000,
    1768694400000000000,
    1768780800000000000,
    1768867200000000000,
    1768953600000000000,
    1769040000000000000,
    1769126400000000000,
    1769212800000000000,
    1769299200000000000,
    1769385600000000000,
    1769472000000000000,
    1769558400000000000,
    1769644800000000000,
    1769731200000000000,
    1769817600000000000,
    1769904000000000000,
    1769990400000000000,
    1770076800000000000,
    1770163200000000000,
    1770249600000000000,
    1770336000000000000,
    1770422400000000000,
    1770508800000000000,
    1770595200000000000,
    1770681600000000000,
    1770768000000000000,
    1770854400000000000,
    1770940800000000000,
    1771027200000000000,
    1771113600000000000,
    1771200000000000000,
    1771286400000000000,
    1771372800000000000,
    1771459200000000000,
    1771545600000000000,
    1771632000000000000,
    1771718400000000000,
    1771804800000000000,
    1771891200000000000,
    1771977600000000000,
    1772064000000000000,
    1772150400000000000,
    1772236800000000000,
    1772323200000000000,
    1772409600000000000,
    1772496000000000000,
    1772582400000000000,
    1772668800000000000,
    1772755200000000000,
    1772841600000000000,
    1772928000000000000,
    1773014400000000000,
    1773100800000000000,
    1773187200000000000,
    1773273600000000000,
    1773360000000000000,
    1773446400000000000,
    1773532800000000000
  ],
  "hurs": [
    74.70000111311674,
    72.90000108629465,
    73.70000109821558,
    72.90000108629465,
    72.50000108033419,
    79.4000011831522,
    77.00000114738941,
    81.20000120997429,
    88.50000131875277,
    84.70000126212835,
    84.50000125914812,
    88.700001321733,
    90.40000134706497,
    86.50000128895044,
    90.50000134855509,
    78.40000116825104,
    91.70000136643648,
    86.50000128895044,
    72.50000108033419,
    77.40000115334988,
    77.40000115334988,
    84.400001257658,
    83.00000123679638,
    85.70000127702951,
    91.00000135600567,
    89.40000133216381,
    87.90000130981207,
    94.50000140815973,
    92.50000137835741,
    94.00000140070915,
    90.40000134706497,
    90.20000134408474,
    83.90000125020742,
    84.20000125467777,
    92.50000137835741,
    93.00000138580799,
    92.70000138133764,
    96.00000143051147,
    98.0000014603138,
    97.90000145882368,
    81.20000120997429,
    91.2000013589859,
    86.00000128149986,
    85.70000127702951,
    90.00000134110451,
    70.7000010535121,
    89.40000133216381,
    85.0000012665987,
    84.00000125169754,
    81.70000121742487,
    76.20000113546848,
    79.50000118464231,
    85.0000012665987,
    78.50000116974115,
    82.20000122487545,
    84.00000125169754,
    81.20000120997429,
    71.70000106841326,
    63.70000094920397,
    64.5000009611249,
    68.2000010162592,
    72.40000107884407,
    81.70000121742487,
    81.00000120699406,
    67.20000100135803,
    68.70000102370977,
    71.00000105798244,
    71.20000106096268,
    68.00000101327896,
    77.00000114738941,
    69.20000103116035,
    61.50000091642141,
    78.50000116974115,
    85.0000012665987
  ],
  "pr": [
    0.0,
    0.8999999761581421,
    0.0,
    0.0,
    0.0,
    0.0,
    0.0,
    2.5,
    2.799999952316284,
    0.30000001192092896,
    0.0,
    1.899999976158142,
    0.0,
    0.20000000298023224,
    0.30000001192092896,
    0.0,
    0.0,
    0.0,
    0.0,
    0.0,
    0.0,
    0.0,
    0.0,
    0.0,
    5.900000095367432,
    1.399999976158142,
    1.7999999523162842,
    0.5,
    2.700000047683716,
    0.0,
    0.0,
    0.4000000059604645,
    0.0,
    2.5999999046325684,
    0.0,
    0.0,
    0.0,
    0.10000000149011612,
    0.10000000149011612,
    0.0,
    0.0,
    3.0,
    3.299999952316284,
    0.30000001192092896,
    0.0,
    2.200000047683716,
    4.300000190734863,
    0.6000000238418579,
    0.0,
    0.0,
    0.20000000298023224,
    0.10000000149011612,
    4.300000190734863,
    4.099999904632568,
    0.0,
    0.0,
    0.0,
    0.0,
    0.0,
    0.0,
    0.0,
    0.0,
    0.0,
    0.0,
    0.0,
    0.0,
    0.0,
    0.0,
    0.5,
    1.100000023841858,
    0.0,
    0.0,
    1.7000000476837158,
    0.0
  ],
  "tas": [
    1.8000000268220901,
    1.1000000163912773,
    -0.20000000298023224,
    -0.20000000298023224,
    -3.400000050663948,
    -4.200000062584877,
    -6.200000092387199,
    -2.2000000327825546,
    1.700000025331974,
    -5.900000087916851,
    -8.400000125169754,
    -2.0000000298023224,
    4.90000007301569,
    6.400000095367432,
    6.000000089406967,
    6.000000089406967,
    -0.20000000298023224,
    0.4000000059604645,
    -0.10000000149011612,
    -1.700000025331974,
    -2.3000000342726707,
    -5.700000084936619,
    -5.500000081956387,
    -5.000000074505806,
    -2.600000038743019,
    -2.0000000298023224,
    -0.20000000298023224,
    -0.800000011920929,
    -1.8000000268220901,
    -1.5000000223517418,
    -0.5000000074505806,
    -2.7000000402331352,
    -4.400000065565109,
    -4.500000067055225,
    -3.0000000447034836,
    -2.3000000342726707,
    0.0,
    2.2000000327825546,
    1.3000000193715096,
    0.5000000074505806,
    3.1000000461935997,
    6.200000092387199,
    7.400000110268593,
    5.4000000804662704,
    -0.10000000149011612,
    -1.600000023841858,
    0.10000000149011612,
    2.7000000402331352,
    0.800000011920929,
    -1.600000023841858,
    -1.1000000163912773,
    7.000000104308128,
    10.600000157952309,
    8.50000012665987,
    6.500000096857548,
    7.000000104308128,
    7.400000110268593,
    10.900000162422657,
    11.10000016540289,
    6.70000009983778,
    6.400000095367432,
    6.500000096857548,
    6.000000089406967,
    6.000000089406967,
    7.000000104308128,
    7.000000104308128,
    7.400000110268593,
    7.500000111758709,
    10.000000149011612,
    10.400000154972076,
    8.00000011920929,
    10.000000149011612,
    7.800000116229057,
    4.500000067055225
  ],