{
  "time": [
    1767268800000000000,
    1767355200000000000,
    1767441600000000000
  ],
  "hurs": [
    74.70000111311674,
    72.90000108629465,
    73.70000109821558
  ]
}