{
  "time": [
    1767225600000000000,
    1767312000000000000,
    1767398400000000000,
    1767484800000000000,
    1767571200000000000,
    1767657600000000000,
    1767744000000000000,
    1767830400000000000,
    1767916800000000000,
    1768003200000000000,
    1768089600000000000,
    1768176000000000000,
    1768262400000000000,
    1768348800000000000,
    1768435200000000000,
    1768521600000000000,
    1768608000000000000,
    1768694400000000000,
    1768780800000000000,
    1768867200000000000,
    1768953600000000000,
    1769040000000000000,
    1769126400000000000,
    1769212800000000000,
    1769299200000000000,
    1769385600000000000,
    1769472000000000000,
    1769558400000000000,
    1769644800000000000,
    1769731200000000000,
    1769817600000000000,
    1769904000000000000,
    1769990400000000000,
    1770076800000000000,
    1770163200000000000,
    1770249600000000000,
    1770336000000000000,
    1770422400000000000,
    1770508800000000000,
    1770595200000000000,
    1770681600000000000,
    1770768000000000000,
    1770854400000000000,
    1770940800000000000,
    1771027200000000000,
    1771113600000000000,
    1771200000000000000,
    1771286400000000000,
    1771372800000000000,
    1771459200000000000,
    1771545600000000000,
    1771632000000000000,
    1771718400000000000,
    1771804800000000000,
    1771891200000000000,
    1771977600000000000,
    1772064000000000000,
    1772150400000000000,
    1772236800000000000,
    1772323200000000000,
    1772409600000000000,
    1772496000000000000,
    1772582400000000000,
    1772668800000000000,
    1772755200000000000,
    1772841600000000000,
    1772928000000000000,
    1773014400000000000,
    1773100800000000000,
    1773187200000000000,
    1773273600000000000,
    1773360000000000000,
    1773446400000000000,
    1773532800000000000
  ],
  "hurs": [
    74.70000111311674,
    72.90000108629465,
    73.70000109821558,
    72.90000108629465,
    72.50000108033419,
    79.4000011831522,
    77.00000114738941,
    81.20000120997429,
    88.50000131875277,
    84.70000126212835,
    84.50000125914812,
    88.700001321733,
    90.40000134706497,
    86.50000128895044,
    90.50000134855509,
    78.40000116825104,
    91.70000136643648,
    86.50000128895044,
    72.50000108033419,
    77.40000115334988,
    77.40000115334988,
    84.400001257658,
    83.00000123679638,
    85.70000127702951,
    91.00000135600567,
    89.40000133216381,
    87.90000130981207,
    94.50000140815973,
    92.50000137835741,
    94.00000140070915,
    90.40000134706497,
    90.20000134408474,
    83.90000125020742,
    84.20000125467777,
    92.50000137835741,
    93.00000138580799,
    92.70000138133764,
    96.00000143051147,
    98.0000014603138,
    97.90000145882368,
    81.20000120997429,
    91.2000013589859,
    86.00000128149986,
    85.70000127702951,
    90.00000134110451,
    70.7000010535121,
    89.40000133216381,
    85.0000012665987,
    84.00000125169754,
    81.70000121742487,
    76.20000113546848,
    79.50000118464231,
    85.0000012665987,
    78.50000116974115,
    82.20000122487545,
    84.00000125169754,
    81.20000120997429,
    71.70000106841326,
    63.70000094920397,
    64.5000009611249,
    68.2000010162592,
    72.40000107884407,
    81.70000121742487,
    81.00000120699406,
    67.20000100135803,
    68.70000102370977,
    71.00000105798244,
    71.20000106096268,
    68.00000101327896,
    77.00000114738941,
    69.20000103116035,
    61.50000091642141,
    78.50000116974115,
    85.0000012665987
  ]
}