{
  "time": [
    1767225600000000000,
    1767312000000000000,
    1767398400000000000,
    1767484800000000000,
    1767571200000000000,
    1767657600000000000,
    1767744000000000000,
    1767830400000000000,
    1767916800000000000,
    1768003200000000000,
    1768089600000000000,
    1768176000000000000,
    1768262400000000000,
    1768348800000000000,
    1768435200000000000,
    1768521600000000000,
    1768608000000000000,
    1768694400000000000,
    1768780800000000000,
    1768867200000000000,
    1768953600000000000,
    1769040000000000000,
    1769126400000000000,
    1769212800000000000,
    1769299200000000000,
    1769385600000000000,
    1769472000000000000,
    1769558400000000000,
    1769644800000000000,
    1769731200000000000,
    1769817600000000000,
    1769904000000000000,
    1769990400000000000,
    1770076800000000000,
    1770163200000000000,
    1770249600000000000,
    1770336000000000000,
    1770422400000000000,
    1770508800000000000,
    1770595200000000000,
    1770681600000000000,
    1770768000000000000,
    1770854400000000000,
    1770940800000000000
  ],
  "hurs": [
    74.70000111311674,
    73.00000108778477,
    73.70000109821558,
    72.90000108629465,
    71.90000107139349,
    79.20000118017197,
    76.70000114291906,
    81.50000121444464,
    89.20000132918358,
    85.20000126957893,
    84.50000125914812,
    88.20000131428242,
    89.70000133663416,
    86.40000128746033,
    90.50000134855509,
    78.40000116825104,
    93.50000139325857,
    86.00000128149986,
    72.40000107884407,
    78.40000116825104,
    77.50000115483999,
    84.400001257658,
    81.70000121742487,
    84.20000125467777,
    91.00000135600567,
    89.00000132620335,
    87.20000129938126,
    96.00000143051147,
    93.50000139325857,
    94.00000140070915,
    92.70000138133764,
    89.70000133663416,
    83.50000124424696,
    85.40000127255917,
    92.70000138133764,
    93.20000138878822,
    93.7000013962388,
    95.90000142902136,
    98.70000147074461,
    98.0000014603138,
    81.70000121742487,
    90.40000134706497,
    86.90000129491091,
    86.40000128746033
  ]
}