{
  "time": [
    1767268800000000000,
    1767355200000000000,
    1767441600000000000
  ],
  "tas": [
    1.8000000268220901,
    1.1000000163912773,
    -0.20000000298023224
  ]
}