{
  "time": [
    1767268800000000000,
    1767355200000000000,
    1767441600000000000
  ],
  "tasmax": [
    2.600000038743019,
    2.500000037252903,
    1.1000000163912773
  ]
}