{
  "time": [
    1767225600000000000,
    1767312000000000000,
    1767398400000000000,
    1767484800000000000,
    1767571200000000000,
    1767657600000000000,
    1767744000000000000,
    1767830400000000000,
    1767916800000000000,
    1768003200000000000,
    1768089600000000000,
    1768176000000000000,
    1768262400000000000,
    1768348800000000000,
    1768435200000000000,
    1768521600000000000,
    1768608000000000000,
    1768694400000000000,
    1768780800000000000,
    1768867200000000000,
    1768953600000000000,
    1769040000000000000,
    1769126400000000000,
    1769212800000000000,
    1769299200000000000,
    1769385600000000000,
    1769472000000000000,
    1769558400000000000,
    1769644800000000000,
    1769731200000000000,
    1769817600000000000,
    1769904000000000000,
    1769990400000000000,
    1770076800000000000,
    1770163200000000000,
    1770249600000000000,
    1770336000000000000,
    1770422400000000000,
    1770508800000000000,
    1770595200000000000,
    1770681600000000000,
    1770768000000000000,
    1770854400000000000,
    1770940800000000000
  ],
  "tasmin": [
    0.9000000134110451,
    -1.0000000149011612,
    -1.600000023841858,
    -1.8000000268220901,
    -8.100000120699406,
    -8.00000011920929,
    -10.500000156462193,
    -5.000000074505806,
    -1.1000000163912773,
    -11.300000168383121,
    -13.100000195205212,
    -9.900000147521496,
    2.3000000342726707,
    4.000000059604645,
    2.600000038743019,
    -0.20000000298023224,
    -3.400000050663948,
    -3.7000000551342964,
    -3.7000000551342964,
    -5.500000081956387,
    -6.500000096857548,
    -9.100000135600567,
    -9.300000138580799,
    -7.800000116229057,
    -5.500000081956387,
    -3.200000047683716,
    -1.5000000223517418,
    -1.8000000268220901,
    -3.0000000447034836,
    -3.500000052154064,
    -3.0000000447034836,
    -4.200000062584877,
    -5.500000081956387,
    -5.500000081956387,
    -5.200000077486038,
    -3.500000052154064,
    -1.5000000223517418,
    -0.20000000298023224,
    0.10000000149011612,
    -0.10000000149011612,
    -1.3000000193715096,
    3.7000000551342964,
    4.400000065565109,
    0.6000000089406967
  ]
}