{
  "time": [
    1767225600000000000,
    1767312000000000000,
    1767398400000000000,
    1767484800000000000,
    1767571200000000000,
    1767657600000000000,
    1767744000000000000,
    1767830400000000000,
    1767916800000000000,
    1768003200000000000,
    1768089600000000000,
    1768176000000000000,
    1768262400000000000,
    1768348800000000000,
    1768435200000000000,
    1768521600000000000,
    1768608000000000000,
    1768694400000000000,
    1768780800000000000,
    1768867200000000000,
    1768953600000000000,
    1769040000000000000,
    1769126400000000000,
    1769212800000000000,
    1769299200000000000,
    1769385600000000000,
    1769472000000000000,
    1769558400000000000,
    1769644800000000000,
    1769731200000000000,
    1769817600000000000,
    1769904000000000000,
    1769990400000000000,
    1770076800000000000,
    1770163200000000000,
    1770249600000000000,
    1770336000000000000,
    1770422400000000000,
    1770508800000000000,
    1770595200000000000,
    1770681600000000000,
    1770768000000000000,
    1770854400000000000,
    1770940800000000000,
    1771027200000000000,
    1771113600000000000,
    1771200000000000000,
    1771286400000000000,
    1771372800000000000,
    1771459200000000000,
    1771545600000000000,
    1771632000000000000,
    1771718400000000000,
    1771804800000000000,
    1771891200000000000,
    1771977600000000000,
    1772064000000000000,
    1772150400000000000,
    1772236800000000000,
    1772323200000000000,
    1772409600000000000,
    1772496000000000000,
    1772582400000000000,
    1772668800000000000,
    1772755200000000000,
    1772841600000000000,
    1772928000000000000,
    1773014400000000000,
    1773100800000000000,
    1773187200000000000
  ],
  "tasmax": [
    2.500000037252903,
    2.500000037252903,
    1.1000000163912773,
    1.0000000149011612,
    -0.10000000149011612,
    -1.1000000163912773,
    -1.3000000193715096,
    1.1000000163912773,
    4.200000062584877,
    0.6000000089406967,
    -3.200000047683716,
    3.7000000551342964,
    7.400000110268593,
    8.50000012665987,
    10.000000149011612,
    12.10000018030405,
    3.0000000447034836,
    4.700000070035458,
    5.000000074505806,
    3.7000000551342964,
    2.8000000417232513,
    -2.500000037252903,
    -2.7000000402331352,
    -1.8000000268220901,
    -1.0000000149011612,
    -0.20000000298023224,
    1.3000000193715096,
    -0.10000000149011612,
    -1.1000000163912773,
    0.5000000074505806,
    1.3000000193715096,
    -0.6000000089406967,
    -3.1000000461935997,
    -3.200000047683716,
    -0.20000000298023224,
    -1.0000000149011612,
    1.600000023841858,
    5.200000077486038,
    2.8000000417232513,
    2.3000000342726707,
    7.400000110268593,
    8.50000012665987,
    11.400000169873238,
    7.500000111758709,
    1.0000000149011612,
    0.5000000074505806,
    4.000000059604645,
    5.900000087916851,
    3.0000000447034836,
    0.6000000089406967,
    4.500000067055225,
    10.600000157952309,
    12.400000184774399,
    11.900000177323818,
    11.500000171363354,
    14.100000210106373,
    15.800000235438347,
    20.000000298023224,
    17.50000026077032,
    13.500000201165676,
    14.600000217556953,
    16.100000239908695,
    14.100000210106373,
    15.000000223517418,
    17.00000025331974,
    17.30000025779009,
    17.00000025331974,
    16.800000250339508,
    17.80000026524067,
    14.800000220537186
  ]
}