{
  "time": [
    1767268800000000000
  ],
  "hurs": [
    77.00000114738941
  ],
  "pr": [
    1.100000023841858
  ],
  "tas": [
    2.2000000327825546
  ],
  "tasmax": [
    3.200000047683716
  ],
  "tasmin": [
    0.9000000134110451
  ]
}