{
  "time": [
    1767225600000000000,
    1767312000000000000,
    1767398400000000000,
    1767484800000000000,
    1767571200000000000,
    1767657600000000000,
    1767744000000000000,
    1767830400000000000,
    1767916800000000000,
    1768003200000000000,
    1768089600000000000,
    1768176000000000000,
    1768262400000000000,
    1768348800000000000,
    1768435200000000000,
    1768521600000000000,
    1768608000000000000,
    1768694400000000000,
    1768780800000000000,
    1768867200000000000,
    1768953600000000000,
    1769040000000000000,
    1769126400000000000,
    1769212800000000000,
    1769299200000000000,
    1769385600000000000,
    1769472000000000000,
    1769558400000000000,
    1769644800000000000,
    1769731200000000000,
    1769817600000000000,
    1769904000000000000,
    1769990400000000000,
    1770076800000000000,
    1770163200000000000,
    1770249600000000000,
    1770336000000000000,
    1770422400000000000,
    1770508800000000000,
    1770595200000000000,
    1770681600000000000,
    1770768000000000000,
    1770854400000000000,
    1770940800000000000,
    1771027200000000000,
    1771113600000000000,
    1771200000000000000,
    1771286400000000000,
    1771372800000000000,
    1771459200000000000,
    1771545600000000000,
    1771632000000000000,
    1771718400000000000,
    1771804800000000000
  ],
  "hurs": [
    77.20000115036964,
    78.90000117570162,
    78.40000116825104,
    77.20000115036964,
    79.20000118017197,
    85.50000127404928,
    77.00000114738941,
    84.00000125169754,
    90.90000135451555,
    79.20000118017197,
    83.00000123679638,
    90.20000134408474,
    95.40000142157078,
    93.00000138580799,
    90.20000134408474,
    80.0000011920929,
    90.50000134855509,
    91.00000135600567,
    83.50000124424696,
    80.0000011920929,
    77.50000115483999,
    79.00000117719173,
    75.00000111758709,
    78.90000117570162,
    84.90000126510859,
    88.00000131130219,
    88.20000131428242,
    91.00000135600567,
    90.20000134408474,
    88.20000131428242,
    86.90000129491091,
    87.5000013038516,
    78.00000116229057,
    82.90000123530626,
    90.50000134855509,
    87.00000129640102,
    90.70000135153532,
    94.00000140070915,
    95.5000014230609,
    86.90000129491091,
    83.90000125020742,
    94.20000140368938,
    90.50000134855509,
    83.20000123977661,
    83.50000124424696,
    70.90000105649233,
    89.50000133365393,
    84.90000126510859,
    80.0000011920929,
    71.40000106394291,
    75.50000112503767,
    85.70000127702951,
    89.90000133961439,
    79.00000117719173
  ],
  "pr": [
    2.0,
    1.600000023841858,
    2.299999952316284,
    0.30000001192092896,
    0.8999999761581421,
    0.0,
    0.10000000149011612,
    6.900000095367432,
    9.0,
    0.20000000298023224,
    1.7999999523162842,
    4.5,
    0.10000000149011612,
    0.699999988079071,
    0.0,
    0.0,
    0.0,
    0.0,
    0.0,
    0.0,
    0.0,
    0.0,
    0.0,
    0.0,
    4.900000095367432,
    4.900000095367432,
    4.599999904632568,
    3.200000047683716,
    6.099999904632568,
    0.10000000149011612,
    0.10000000149011612,
    9.100000381469727,
    0.10000000149011612,
    2.700000047683716,
    8.100000381469727,
    0.10000000149011612,
    0.6000000238418579,
    0.10000000149011612,
    0.0,
    0.0,
    0.800000011920929,
    4.699999809265137,
    6.900000095367432,
    0.10000000149011612,
    0.10000000149011612,
    5.300000190734863,
    4.300000190734863,
    2.5,
    0.20000000298023224,
    0.20000000298023224,
    2.5,
    2.0,
    11.399999618530273,
    5.800000190734863
  ],
  "tas": [
    2.2000000327825546,
    1.1000000163912773,
    0.20000000298023224,
    0.10000000149011612,
    -3.400000050663948,
    -3.9000000581145287,
    -3.0000000447034836,
    -0.5000000074505806,
    1.8000000268220901,
    -3.7000000551342964,
    -7.300000108778477,
    -0.10000000149011612,
    4.200000062584877,
    5.700000084936619,
    7.400000110268593,
    7.000000104308128,
    1.8000000268220901,
    0.5000000074505806,
    -0.5000000074505806,
    -1.1000000163912773,
    -1.600000023841858,
    -3.400000050663948,
    -1.5000000223517418,
    -2.8000000417232513,
    -2.3000000342726707,
    -1.1000000163912773,
    0.10000000149011612,
    0.0,
    -1.3000000193715096,
    -0.5000000074505806,
    1.3000000193715096,
    0.4000000059604645,
    -1.1000000163912773,
    -3.400000050663948,
    -0.5000000074505806,
    -0.6000000089406967,
    0.6000000089406967,
    2.600000038743019,
    1.8000000268220901,
    2.2000000327825546,
    3.500000052154064,
    6.400000095367432,
    7.400000110268593,
    4.90000007301569,
    0.5000000074505806,
    -0.5000000074505806,
    1.0000000149011612,
    3.0000000447034836,
    1.1000000163912773,
    0.10000000149011612,
    0.0,
    7.200000107288361,
    10.500000156462193,
    8.600000128149986
  ],
  "tasmax": [
    3.200000047683716,
    2.2000000327825546,
    1.3000000193715096,
    1.1000000163912773,
    -1.1000000163912773,
    -1.700000025331974,
    -1.600000023841858,
    1.1000000163912773,
    4.000000059604645,
    1.3000000193715096,
    -2.8000000417232513,
    3.6000000536441803,
    6.500000096857548,
    7.900000117719173,
    10.100000150501728,
    11.500000171363354,
    6.000000089406967,
    2.7000000402331352,
    4.500000067055225,
    4.700000070035458,
    3.6000000536441803,
    1.1000000163912773,
    1.600000023841858,
    0.10000000149011612,
    -0.6000000089406967,
    0.4000000059604645,
    1.8000000268220901,
    0.6000000089406967,
    -0.5000000074505806,
    1.600000023841858,
    3.1000000461935997,
    2.1000000312924385,
    1.700000025331974,
    -1.8000000268220901,
    1.600000023841858,
    0.9000000134110451,
    1.8000000268220901,
    6.000000089406967,
    3.6000000536441803,
    4.000000059604645,
    6.200000092387199,
    9.100000135600567,
    10.000000149011612,
    7.700000114738941,
    1.5000000223517418,
    3.1000000461935997,
    4.90000007301569,
    5.4000000804662704,
    3.200000047683716,
    2.600000038743019,
    5.200000077486038,
    9.900000147521496,
    12.400000184774399,
    10.800000160932541
  ],
  "tasmin": [
    0.9000000134110451,
    -0.20000000298023224,
    -1.600000023841858,
    -1.700000025331974,
    -5.700000084936619,
    -7.400000110268593,
    -5.700000084936619,
    -2.7000000402331352,
    -0.4000000059604645,
    -9.600000143051147,
    -11.900000177323818,
    -4.200000062584877,
    2.0000000298023224,
    3.1000000461935997,
    4.000000059604645,
    1.8000000268220901,
    -1.1000000163912773,
    -1.8000000268220901,
    -3.7000000551342964,
    -4.500000067055225,
    -5.200000077486038,
    -7.300000108778477,
    -4.000000059604645,
    -5.500000081956387,
    -6.000000089406967,
    -2.600000038743019,
    -1.700000025331974,
    -0.800000011920929,
    -2.3000000342726707,
    -2.2000000327825546,
    0.0,
    -0.800000011920929,
    -4.200000062584877,
    -4.700000070035458,
    -2.500000037252903,
    -2.2000000327825546,
    -0.5000000074505806,
    0.9000000134110451,
    0.6000000089406967,
    0.9000000134110451,
    -0.5000000074505806,
    4.000000059604645,
    5.700000084936619,
    1.8000000268220901,
    -0.9000000134110451,
    -4.500000067055225,
    -1.8000000268220901,
    1.3000000193715096,
    -1.0000000149011612,
    -2.3000000342726707,
    -5.500000081956387,
    3.400000050663948,
    8.00000011920929,
    6.000000089406967
  ]
}