{
  "time": [
    1767268800000000000,
    1767355200000000000,
    1767441600000000000
  ],
  "hurs": [
    77.00000114738941,
    79.20000118017197,
    78.00000116229057
  ],
  "pr": [
    1.100000023841858,
    1.0,
    1.0
  ],
  "tas": [
    2.2000000327825546,
    1.1000000163912773,
    0.20000000298023224
  ],
  "tasmax": [
    3.200000047683716,
    2.2000000327825546,
    1.3000000193715096
  ],
  "tasmin": [
    0.9000000134110451,
    -0.20000000298023224,
    -1.3000000193715096
  ]
}