{
  "time": [
    1767225600000000000,
    1767312000000000000,
    1767398400000000000,
    1767484800000000000,
    1767571200000000000,
    1767657600000000000,
    1767744000000000000,
    1767830400000000000,
    1767916800000000000,
    1768003200000000000,
    1768089600000000000,
    1768176000000000000,
    1768262400000000000,
    1768348800000000000,
    1768435200000000000,
    1768521600000000000,
    1768608000000000000,
    1768694400000000000,
    1768780800000000000,
    1768867200000000000,
    1768953600000000000,
    1769040000000000000,
    1769126400000000000,
    1769212800000000000,
    1769299200000000000,
    1769385600000000000,
    1769472000000000000,
    1769558400000000000,
    1769644800000000000,
    1769731200000000000,
    1769817600000000000,
    1769904000000000000,
    1769990400000000000,
    1770076800000000000,
    1770163200000000000,
    1770249600000000000,
    1770336000000000000,
    1770422400000000000,
    1770508800000000000,
    1770595200000000000,
    1770681600000000000,
    1770768000000000000,
    1770854400000000000
  ],
  "hurs": [
    77.00000114738941,
    79.20000118017197,
    78.50000116974115,
    77.50000115483999,
    78.90000117570162,
    84.00000125169754,
    77.50000115483999,
    83.50000124424696,
    91.40000136196613,
    80.50000119954348,
    84.00000125169754,
    90.20000134408474,
    94.9000014141202,
    93.00000138580799,
    90.20000134408474,
    80.20000119507313,
    89.90000133961439,
    91.40000136196613,
    82.20000122487545,
    81.20000120997429,
    78.00000116229057,
    78.70000117272139,
    75.40000112354755,
    80.0000011920929,
    86.00000128149986,
    89.00000132620335,
    87.70000130683184,
    90.50000134855509,
    89.20000132918358,
    88.00000131130219,
    86.2000012844801,
    87.5000013038516,
    78.00000116229057,
    82.90000123530626,
    90.50000134855509,
    87.00000129640102,
    90.70000135153532,
    94.00000140070915,
    95.5000014230609,
    86.90000129491091,
    83.90000125020742,
    94.20000140368938,
    90.50000134855509
  ],
  "pr": [
    1.7999999523162842,
    1.2999999523162842,
    2.0999999046325684,
    0.30000001192092896,
    1.0,
    0.0,
    0.10000000149011612,
    7.199999809265137,
    8.0,
    0.20000000298023224,
    2.200000047683716,
    4.0,
    0.10000000149011612,
    0.699999988079071,
    0.0,
    0.0,
    0.0,
    0.0,
    0.0,
    0.0,
    0.0,
    0.0,
    0.0,
    0.0,
    5.099999904632568,
    4.900000095367432,
    4.5,
    3.200000047683716,
    5.5,
    0.10000000149011612,
    0.0,
    9.100000381469727,
    0.10000000149011612,
    2.700000047683716,
    8.100000381469727,
    0.10000000149011612,
    0.6000000238418579,
    0.10000000149011612,
    0.0,
    0.0,
    0.800000011920929,
    4.699999809265137,
    6.900000095367432
  ],
  "tas": [
    2.2000000327825546,
    1.1000000163912773,
    0.20000000298023224,
    0.0,
    -3.400000050663948,
    -3.7000000551342964,
    -3.1000000461935997,
    -0.4000000059604645,
    1.8000000268220901,
    -3.7000000551342964,
    -7.400000110268593,
    -0.10000000149011612,
    4.200000062584877,
    5.700000084936619,
    7.400000110268593,
    7.000000104308128,
    1.8000000268220901,
    0.5000000074505806,
    -0.4000000059604645,
    -1.3000000193715096,
    -1.700000025331974,
    -3.400000050663948,
    -1.700000025331974,
    -3.1000000461935997,
    -2.500000037252903,
    -1.3000000193715096,
    0.20000000298023224,
    0.0,
    -1.3000000193715096,
    -0.6000000089406967,
    1.3000000193715096,
    0.4000000059604645,
    -1.1000000163912773,
    -3.400000050663948,
    -0.5000000074505806,
    -0.6000000089406967,
    0.6000000089406967,
    2.600000038743019,
    1.8000000268220901,
    2.2000000327825546,
    3.500000052154064,
    6.400000095367432,
    7.400000110268593
  ],
  "tasmax": [
    3.200000047683716,
    2.2000000327825546,
    1.3000000193715096,
    1.0000000149011612,
    -1.1000000163912773,
    -1.600000023841858,
    -1.8000000268220901,
    1.1000000163912773,
    4.000000059604645,
    1.5000000223517418,
    -3.1000000461935997,
    3.7000000551342964,
    6.500000096857548,
    7.900000117719173,
    10.30000015348196,
    11.500000171363354,
    6.200000092387199,
    2.7000000402331352,
    4.700000070035458,
    4.200000062584877,
    3.400000050663948,
    1.1000000163912773,
    1.3000000193715096,
    -0.20000000298023224,
    -0.9000000134110451,
    0.20000000298023224,
    2.0000000298023224,
    0.5000000074505806,
    -0.5000000074505806,
    1.3000000193715096,
    3.1000000461935997,
    2.1000000312924385,
    1.700000025331974,
    -1.8000000268220901,
    1.600000023841858,
    0.9000000134110451,
    1.8000000268220901,
    6.000000089406967,
    3.6000000536441803,
    4.000000059604645,
    6.200000092387199,
    9.100000135600567,
    10.000000149011612
  ],
  "tasmin": [
    0.9000000134110451,
    -0.20000000298023224,
    -1.5000000223517418,
    -1.8000000268220901,
    -5.700000084936619,
    -7.400000110268593,
    -6.200000092387199,
    -2.600000038743019,
    -0.4000000059604645,
    -9.600000143051147,
    -11.800000175833702,
    -4.200000062584877,
    2.1000000312924385,
    3.1000000461935997,
    4.000000059604645,
    1.8000000268220901,
    -1.1000000163912773,
    -2.0000000298023224,
    -3.6000000536441803,
    -4.90000007301569,
    -5.000000074505806,
    -7.000000104308128,
    -4.200000062584877,
    -5.900000087916851,
    -6.000000089406967,
    -2.7000000402331352,
    -1.600000023841858,
    -0.800000011920929,
    -2.3000000342726707,
    -2.3000000342726707,
    0.0,
    -0.800000011920929,
    -4.200000062584877,
    -4.700000070035458,
    -2.500000037252903,
    -2.2000000327825546,
    -0.5000000074505806,
    0.9000000134110451,
    0.6000000089406967,
    0.9000000134110451,
    -0.5000000074505806,
    4.000000059604645,
    5.700000084936619
  ]
}