{
  "time": [
    1767225600000000000,
    1767312000000000000,
    1767398400000000000,
    1767484800000000000,
    1767571200000000000,
    1767657600000000000,
    1767744000000000000,
    1767830400000000000,
    1767916800000000000,
    1768003200000000000,
    1768089600000000000,
    1768176000000000000,
    1768262400000000000,
    1768348800000000000,
    1768435200000000000,
    1768521600000000000,
    1768608000000000000,
    1768694400000000000,
    1768780800000000000,
    1768867200000000000,
    1768953600000000000,
    1769040000000000000,
    1769126400000000000,
    1769212800000000000,
    1769299200000000000,
    1769385600000000000,
    1769472000000000000,
    1769558400000000000,
    1769644800000000000,
    1769731200000000000,
    1769817600000000000,
    1769904000000000000,
    1769990400000000000,
    1770076800000000000,
    1770163200000000000,
    1770249600000000000,
    1770336000000000000,
    1770422400000000000,
    1770508800000000000,
    1770595200000000000,
    1770681600000000000,
    1770768000000000000,
    1770854400000000000,
    1770940800000000000,
    1771027200000000000,
    1771113600000000000,
    1771200000000000000,
    1771286400000000000,
    1771372800000000000,
    1771459200000000000,
    1771545600000000000,
    1771632000000000000,
    1771718400000000000,
    1771804800000000000,
    1771891200000000000,
    1771977600000000000,
    1772064000000000000,
    1772150400000000000,
    1772236800000000000,
    1772323200000000000,
    1772409600000000000,
    1772496000000000000,
    1772582400000000000,
    1772668800000000000,
    1772755200000000000,
    1772841600000000000,
    1772928000000000000
  ],
  "hurs": [
    77.20000115036964,
    78.90000117570162,
    78.40000116825104,
    77.20000115036964,
    79.20000118017197,
    85.50000127404928,
    77.00000114738941,
    84.00000125169754,
    90.90000135451555,
    79.20000118017197,
    83.00000123679638,
    90.20000134408474,
    95.40000142157078,
    93.00000138580799,
    90.20000134408474,
    80.0000011920929,
    90.50000134855509,
    91.00000135600567,
    83.50000124424696,
    80.0000011920929,
    77.50000115483999,
    79.00000117719173,
    75.00000111758709,
    78.90000117570162,
    84.90000126510859,
    88.00000131130219,
    88.20000131428242,
    91.00000135600567,
    90.20000134408474,
    88.20000131428242,
    86.90000129491091,
    86.00000128149986,
    78.00000116229057,
    82.00000122189522,
    90.40000134706497,
    88.50000131875277,
    90.50000134855509,
    94.00000140070915,
    95.20000141859055,
    86.90000129491091,
    83.20000123977661,
    94.70000141113997,
    90.00000134110451,
    84.00000125169754,
    83.50000124424696,
    69.70000103861094,
    89.50000133365393,
    85.70000127702951,
    80.20000119507313,
    72.0000010728836,
    75.20000112056732,
    85.70000127702951,
    89.70000133663416,
    78.90000117570162,
    85.50000127404928,
    86.70000129193068,
    91.2000013589859,
    79.20000118017197,
    70.50000105053186,
    67.90000101178885,
    73.50000109523535,
    77.50000115483999,
    81.00000120699406,
    78.00000116229057,
    72.50000108033419,
    70.20000104606152,
    73.200001090765
  ],
  "pr": [
    2.0,
    1.600000023841858,
    2.299999952316284,
    0.30000001192092896,
    0.8999999761581421,
    0.0,
    0.10000000149011612,
    6.900000095367432,
    9.0,
    0.20000000298023224,
    1.7999999523162842,
    4.5,
    0.10000000149011612,
    0.699999988079071,
    0.0,
    0.0,
    0.0,
    0.0,
    0.0,
    0.0,
    0.0,
    0.0,
    0.0,
    0.0,
    4.900000095367432,
    4.900000095367432,
    4.599999904632568,
    3.200000047683716,
    6.099999904632568,
    0.10000000149011612,
    0.10000000149011612,
    0.0,
    0.0,
    7.199999809265137,
    0.0,
    0.0,
    0.6000000238418579,
    0.20000000298023224,
    0.0,
    0.0,
    0.8999999761581421,
    5.199999809265137,
    6.5,
    0.10000000149011612,
    0.10000000149011612,
    5.300000190734863,
    4.300000190734863,
    2.5,
    0.20000000298023224,
    0.20000000298023224,
    2.5,
    2.0,
    11.399999618530273,
    4.400000095367432,
    0.0,
    0.0,
    0.0,
    0.0,
    0.0,
    0.0,
    0.0,
    0.0,
    0.0,
    0.0,
    0.0,
    0.0,
    0.0
  ],
  "tas": [
    2.2000000327825546,
    1.1000000163912773,
    0.20000000298023224,
    0.10000000149011612,
    -3.400000050663948,
    -3.9000000581145287,
    -3.0000000447034836,
    -0.5000000074505806,
    1.8000000268220901,
    -3.7000000551342964,
    -7.300000108778477,
    -0.10000000149011612,
    4.200000062584877,
    5.700000084936619,
    7.400000110268593,
    7.000000104308128,
    1.8000000268220901,
    0.5000000074505806,
    -0.5000000074505806,
    -1.1000000163912773,
    -1.600000023841858,
    -3.400000050663948,
    -1.5000000223517418,
    -2.8000000417232513,
    -2.3000000342726707,
    -1.1000000163912773,
    0.10000000149011612,
    0.0,
    -1.3000000193715096,
    -0.5000000074505806,
    1.3000000193715096,
    0.5000000074505806,
    -1.0000000149011612,
    -3.400000050663948,
    -0.5000000074505806,
    -0.800000011920929,
    0.6000000089406967,
    2.600000038743019,
    1.8000000268220901,
    2.2000000327825546,
    3.6000000536441803,
    6.400000095367432,
    7.500000111758709,
    4.90000007301569,
    0.5000000074505806,
    -0.20000000298023224,
    1.0000000149011612,
    2.8000000417232513,
    1.1000000163912773,
    0.10000000149011612,
    0.0,
    7.200000107288361,
    10.500000156462193,
    8.600000128149986,
    7.900000117719173,
    8.800000131130219,
    7.500000111758709,
    10.600000157952309,
    10.000000149011612,
    7.200000107288361,
    6.500000096857548,
    7.000000104308128,
    6.70000009983778,
    7.000000104308128,
    7.700000114738941,
    8.00000011920929,
    7.900000117719173
  ],
  "tasmax": [
    3.200000047683716,
    2.2000000327825546,
    1.3000000193715096,
    1.1000000163912773,
    -1.1000000163912773,
    -1.700000025331974,
    -1.600000023841858,
    1.1000000163912773,
    4.000000059604645,
    1.3000000193715096,
    -2.8000000417232513,
    3.6000000536441803,
    6.500000096857548,
    7.900000117719173,
    10.100000150501728,
    11.500000171363354,
    6.000000089406967,
    2.7000000402331352,
    4.500000067055225,
    4.700000070035458,
    3.6000000536441803,
    1.1000000163912773,
    1.600000023841858,
    0.10000000149011612,
    -0.6000000089406967,
    0.4000000059604645,
    1.8000000268220901,
    0.6000000089406967,
    -0.5000000074505806,
    1.600000023841858,
    3.1000000461935997,
    2.1000000312924385,
    1.8000000268220901,
    -1.8000000268220901,
    1.600000023841858,
    0.5000000074505806,
    1.8000000268220901,
    6.000000089406967,
    3.7000000551342964,
    4.200000062584877,
    6.500000096857548,
    9.100000135600567,
    10.000000149011612,
    7.700000114738941,
    1.5000000223517418,
    3.400000050663948,
    4.90000007301569,
    5.200000077486038,
    3.200000047683716,
    2.600000038743019,
    5.000000074505806,
    9.900000147521496,
    12.400000184774399,
    10.800000160932541,
    12.500000186264515,
    14.900000222027302,
    11.500000171363354,
    18.100000269711018,
    14.500000216066837,
    13.000000193715096,
    14.900000222027302,
    16.300000242888927,
    15.500000230967999,
    16.300000242888927,
    18.100000269711018,
    18.100000269711018,
    17.100000254809856
  ],