{
  "time": [
    1767225600000000000,
    1767312000000000000,
    1767398400000000000,
    1767484800000000000,
    1767571200000000000,
    1767657600000000000,
    1767744000000000000,
    1767830400000000000,
    1767916800000000000,
    1768003200000000000,
    1768089600000000000,
    1768176000000000000,
    1768262400000000000,
    1768348800000000000,
    1768435200000000000,
    1768521600000000000,
    1768608000000000000,
    1768694400000000000,
    1768780800000000000,
    1768867200000000000,
    1768953600000000000,
    1769040000000000000,
    1769126400000000000,
    1769212800000000000,
    1769299200000000000,
    1769385600000000000,
    1769472000000000000,
    1769558400000000000,
    1769644800000000000,
    1769731200000000000,
    1769817600000000000,
    1769904000000000000,
    1769990400000000000,
    1770076800000000000,
    1770163200000000000,
    1770249600000000000,
    1770336000000000000,
    1770422400000000000,
    1770508800000000000,
    1770595200000000000,
    1770681600000000000,
    1770768000000000000,
    1770854400000000000,
    1770940800000000000,
    1771027200000000000,
    1771113600000000000,
    1771200000000000000,
    1771286400000000000,
    1771372800000000000,
    1771459200000000000,
    1771545600000000000,
    1771632000000000000,
    1771718400000000000,
    1771804800000000000,
    1771891200000000000,
    1771977600000000000,
    1772064000000000000,
    1772150400000000000,
    1772236800000000000,
    1772323200000000000,
    1772409600000000000,
    1772496000000000000,
    1772582400000000000,
    1772668800000000000,
    1772755200000000000,
    1772841600000000000,
    1772928000000000000,
    1773014400000000000,
    1773100800000000000,
    1773187200000000000,
    1773273600000000000,
    1773360000000000000,
    1773446400000000000,
    1773532800000000000,
    1773619200000000000,
    1773705600000000000,
    1773792000000000000,
    1773878400000000000,
    1773964800000000000,
    1774051200000000000,
    1774137600000000000,
    1774224000000000000
  ],
  "hurs": [
    77.20000115036964,
    78.90000117570162,
    78.40000116825104,
    77.20000115036964,
    79.20000118017197,
    85.50000127404928,
    77.00000114738941,
    84.00000125169754,
    90.90000135451555,
    79.20000118017197,
    83.00000123679638,
    90.20000134408474,
    95.40000142157078,
    93.00000138580799,
    90.20000134408474,
    80.0000011920929,
    90.50000134855509,
    91.00000135600567,
    83.50000124424696,
    80.0000011920929,
    77.50000115483999,
    79.00000117719173,
    75.00000111758709,
    78.90000117570162,
    84.90000126510859,
    88.00000131130219,
    88.20000131428242,
    91.00000135600567,
    90.20000134408474,
    88.20000131428242,
    86.90000129491091,
    85.90000128000975,
    78.40000116825104,
    82.00000122189522,
    90.40000134706497,
    88.50000131875277,
    90.50000134855509,
    94.00000140070915,
    95.20000141859055,
    86.90000129491091,
    83.20000123977661,
    94.70000141113997,
    90.00000134110451,
    84.00000125169754,
    83.50000124424696,
    69.70000103861094,
    89.50000133365393,
    85.70000127702951,
    80.20000119507313,
    72.0000010728836,
    75.20000112056732,
    85.70000127702951,
    89.70000133663416,
    78.90000117570162,
    85.70000127702951,
    86.70000129193068,
    91.2000013589859,
    78.70000117272139,
    69.20000103116035,
    67.90000101178885,
    73.50000109523535,
    77.50000115483999,
    81.00000120699406,
    78.00000116229057,
    72.50000108033419,
    70.20000104606152,
    73.200001090765,
    74.50000111013651,
    77.20000115036964,
    81.70000121742487,
    72.50000108033419,
    71.20000106096268,
    88.50000131875277,
    80.0000011920929,
    77.50000115483999,
    83.00000123679638,
    68.70000102370977,
    68.40000101923943,
    73.70000109821558,
    79.20000118017197,
    67.0000009983778,
    64.90000096708536
  ]
}