{
  "time": [
    1767268800000000000,
    1767355200000000000,
    1767441600000000000
  ],
  "hurs": [
    77.00000114738941,
    79.20000118017197,
    78.00000116229057
  ]
}