{
  "time": [
    1767225600000000000,
    1767312000000000000,
    1767398400000000000,
    1767484800000000000,
    1767571200000000000,
    1767657600000000000,
    1767744000000000000,
    1767830400000000000,
    1767916800000000000,
    1768003200000000000,
    1768089600000000000,
    1768176000000000000,
    1768262400000000000,
    1768348800000000000,
    1768435200000000000,
    1768521600000000000,
    1768608000000000000,
    1768694400000000000,
    1768780800000000000,
    1768867200000000000,
    1768953600000000000,
    1769040000000000000,
    1769126400000000000,
    1769212800000000000,
    1769299200000000000,
    1769385600000000000,
    1769472000000000000,
    1769558400000000000,
    1769644800000000000,
    1769731200000000000,
    1769817600000000000,
    1769904000000000000,
    1769990400000000000,
    1770076800000000000,
    1770163200000000000,
    1770249600000000000,
    1770336000000000000,
    1770422400000000000,
    1770508800000000000,
    1770595200000000000,
    1770681600000000000,
    1770768000000000000,
    1770854400000000000,
    1770940800000000000,
    1771027200000000000,
    1771113600000000000,
    1771200000000000000,
    1771286400000000000,
    1771372800000000000,
    1771459200000000000,
    1771545600000000000,
    1771632000000000000,
    1771718400000000000,
    1771804800000000000,
    1771891200000000000,
    1771977600000000000,
    1772064000000000000
  ],
  "hurs": [
    77.20000115036964,
    78.90000117570162,
    78.40000116825104,
    77.20000115036964,
    79.20000118017197,
    85.50000127404928,
    77.00000114738941,
    84.00000125169754,
    90.90000135451555,
    79.20000118017197,
    83.00000123679638,
    90.20000134408474,
    95.40000142157078,
    93.00000138580799,
    90.20000134408474,
    80.0000011920929,
    90.50000134855509,
    91.00000135600567,
    83.50000124424696,
    80.0000011920929,
    77.50000115483999,
    79.00000117719173,
    75.00000111758709,
    78.90000117570162,
    84.90000126510859,
    88.00000131130219,
    88.20000131428242,
    91.00000135600567,
    90.20000134408474,
    88.20000131428242,
    86.90000129491091,
    87.5000013038516,
    78.00000116229057,
    82.90000123530626,
    90.50000134855509,
    87.00000129640102,
    90.70000135153532,
    94.00000140070915,
    95.5000014230609,
    86.90000129491091,
    83.90000125020742,
    94.20000140368938,
    90.50000134855509,
    83.20000123977661,
    83.50000124424696,
    70.90000105649233,
    89.50000133365393,
    84.90000126510859,
    80.0000011920929,
    71.40000106394291,
    75.50000112503767,
    85.70000127702951,
    89.90000133961439,
    79.00000117719173,
    84.50000125914812,
    86.2000012844801,
    91.90000136941671
  ]
}