{
  "time": [
    1767225600000000000,
    1767312000000000000,
    1767398400000000000,
    1767484800000000000,
    1767571200000000000,
    1767657600000000000,
    1767744000000000000,
    1767830400000000000,
    1767916800000000000,
    1768003200000000000,
    1768089600000000000,
    1768176000000000000,
    1768262400000000000,
    1768348800000000000,
    1768435200000000000,
    1768521600000000000,
    1768608000000000000,
    1768694400000000000,
    1768780800000000000,
    1768867200000000000,
    1768953600000000000,
    1769040000000000000,
    1769126400000000000,
    1769212800000000000,
    1769299200000000000,
    1769385600000000000,
    1769472000000000000,
    1769558400000000000,
    1769644800000000000,
    1769731200000000000,
    1769817600000000000,
    1769904000000000000,
    1769990400000000000,
    1770076800000000000,
    1770163200000000000,
    1770249600000000000,
    1770336000000000000,
    1770422400000000000,
    1770508800000000000,
    1770595200000000000,
    1770681600000000000
  ],
  "tas": [
    2.2000000327825546,
    1.1000000163912773,
    0.20000000298023224,
    0.0,
    -3.400000050663948,
    -3.7000000551342964,
    -3.1000000461935997,
    -0.4000000059604645,
    1.8000000268220901,
    -3.7000000551342964,
    -7.400000110268593,
    -0.10000000149011612,
    4.200000062584877,
    5.700000084936619,
    7.400000110268593,
    7.000000104308128,
    1.8000000268220901,
    0.5000000074505806,
    -0.4000000059604645,
    -1.3000000193715096,
    -1.700000025331974,
    -3.400000050663948,
    -1.700000025331974,
    -3.1000000461935997,
    -2.500000037252903,
    -1.3000000193715096,
    0.20000000298023224,
    0.0,
    -1.3000000193715096,
    -0.6000000089406967,
    1.3000000193715096,
    0.4000000059604645,
    -1.1000000163912773,
    -3.400000050663948,
    -0.5000000074505806,
    -0.6000000089406967,
    0.6000000089406967,
    2.600000038743019,
    1.8000000268220901,
    2.2000000327825546,
    3.500000052154064
  ]
}