{
  "time": [
    1767268800000000000,
    1767355200000000000,
    1767441600000000000
  ],
  "tas": [
    2.2000000327825546,
    1.1000000163912773,
    0.20000000298023224
  ]
}