{
  "time": [
    1767268800000000000,
    1767355200000000000,
    1767441600000000000
  ],
  "tasmax": [
    3.200000047683716,
    2.2000000327825546,
    1.3000000193715096
  ]
}