{
  "time": [
    1767225600000000000,
    1767312000000000000,
    1767398400000000000,
    1767484800000000000,
    1767571200000000000,
    1767657600000000000,
    1767744000000000000,
    1767830400000000000,
    1767916800000000000,
    1768003200000000000,
    1768089600000000000,
    1768176000000000000,
    1768262400000000000,
    1768348800000000000,
    1768435200000000000,
    1768521600000000000,
    1768608000000000000,
    1768694400000000000,
    1768780800000000000,
    1768867200000000000,
    1768953600000000000,
    1769040000000000000,
    1769126400000000000,
    1769212800000000000,
    1769299200000000000,
    1769385600000000000,
    1769472000000000000,
    1769558400000000000,
    1769644800000000000,
    1769731200000000000,
    1769817600000000000,
    1769904000000000000,
    1769990400000000000,
    1770076800000000000,
    1770163200000000000,
    1770249600000000000,
    1770336000000000000,
    1770422400000000000,
    1770508800000000000,
    1770595200000000000,
    1770681600000000000,
    1770768000000000000,
    1770854400000000000,
    1770940800000000000,
    1771027200000000000,
    1771113600000000000
  ],
  "tasmax": [
    3.200000047683716,
    2.2000000327825546,
    1.3000000193715096,
    1.1000000163912773,
    -1.1000000163912773,
    -1.700000025331974,
    -1.600000023841858,
    1.1000000163912773,
    4.000000059604645,
    1.3000000193715096,
    -2.8000000417232513,
    3.6000000536441803,
    6.500000096857548,
    7.900000117719173,
    10.100000150501728,
    11.500000171363354,
    6.000000089406967,
    2.7000000402331352,
    4.500000067055225,
    4.700000070035458,
    3.6000000536441803,
    1.1000000163912773,
    1.600000023841858,
    0.10000000149011612,
    -0.6000000089406967,
    0.4000000059604645,
    1.8000000268220901,
    0.6000000089406967,
    -0.5000000074505806,
    1.600000023841858,
    3.1000000461935997,
    2.1000000312924385,
    1.700000025331974,
    -1.8000000268220901,
    1.600000023841858,
    0.9000000134110451,
    1.8000000268220901,
    6.000000089406967,
    3.6000000536441803,
    4.000000059604645,
    6.200000092387199,
    9.100000135600567,
    10.000000149011612,
    7.700000114738941,
    1.5000000223517418,
    3.1000000461935997
  ]
}