{
  "time": [
    1767225600000000000,
    1767312000000000000,
    1767398400000000000,
    1767484800000000000,
    1767571200000000000,
    1767657600000000000,
    1767744000000000000,
    1767830400000000000,
    1767916800000000000,
    1768003200000000000,
    1768089600000000000,
    1768176000000000000,
    1768262400000000000,
    1768348800000000000,
    1768435200000000000,
    1768521600000000000,
    1768608000000000000,
    1768694400000000000,
    1768780800000000000,
    1768867200000000000,
    1768953600000000000,
    1769040000000000000,
    1769126400000000000,
    1769212800000000000,
    1769299200000000000,
    1769385600000000000,
    1769472000000000000,
    1769558400000000000,
    1769644800000000000,
    1769731200000000000,
    1769817600000000000,
    1769904000000000000,
    1769990400000000000,
    1770076800000000000,
    1770163200000000000,
    1770249600000000000,
    1770336000000000000,
    1770422400000000000,
    1770508800000000000,
    1770595200000000000,
    1770681600000000000,
    1770768000000000000,
    1770854400000000000,
    1770940800000000000,
    1771027200000000000,
    1771113600000000000,
    1771200000000000000,
    1771286400000000000,
    1771372800000000000,
    1771459200000000000,
    1771545600000000000,
    1771632000000000000,
    1771718400000000000,
    1771804800000000000,
    1771891200000000000,
    1771977600000000000,
    1772064000000000000,
    1772150400000000000,
    1772236800000000000,
    1772323200000000000,
    1772409600000000000,
    1772496000000000000,
    1772582400000000000,
    1772668800000000000,
    1772755200000000000,
    1772841600000000000,
    1772928000000000000,
    1773014400000000000,
    1773100800000000000,
    1773187200000000000,
    1773273600000000000,
    1773360000000000000,
    1773446400000000000,
    1773532800000000000,
    1773619200000000000,
    1773705600000000000,
    1773792000000000000,
    1773878400000000000,
    1773964800000000000,
    1774051200000000000,
    1774137600000000000,
    1774224000000000000,
    1774310400000000000,
    1774396800000000000,
    1774483200000000000,
    1774569600000000000,
    1774656000000000000,
    1774742400000000000,
    1774828800000000000
  ],
  "tasmax": [
    3.200000047683716,
    2.2000000327825546,
    1.3000000193715096,
    1.1000000163912773,
    -1.1000000163912773,
    -1.700000025331974,
    -1.600000023841858,
    1.1000000163912773,
    4.000000059604645,
    1.3000000193715096,
    -2.8000000417232513,
    3.6000000536441803,
    6.500000096857548,
    7.900000117719173,
    10.100000150501728,
    11.500000171363354,
    6.000000089406967,
    2.7000000402331352,
    4.500000067055225,
    4.700000070035458,
    3.6000000536441803,
    1.1000000163912773,
    1.600000023841858,
    0.10000000149011612,
    -0.6000000089406967,
    0.4000000059604645,
    1.8000000268220901,
    0.6000000089406967,
    -0.5000000074505806,
    1.600000023841858,
    3.1000000461935997,
    2.1000000312924385,
    1.8000000268220901,
    -1.8000000268220901,
    1.600000023841858,
    0.5000000074505806,
    1.8000000268220901,
    6.000000089406967,
    3.7000000551342964,
    4.200000062584877,
    6.500000096857548,
    9.100000135600567,
    10.000000149011612,
    7.700000114738941,
    1.5000000223517418,
    3.400000050663948,
    4.90000007301569,
    5.200000077486038,
    3.200000047683716,
    2.600000038743019,
    5.000000074505806,
    9.900000147521496,
    12.400000184774399,
    10.800000160932541,
    12.500000186264515,
    14.900000222027302,
    11.60000017285347,
    18.100000269711018,
    14.800000220537186,
    13.000000193715096,
    14.900000222027302,
    16.300000242888927,
    15.500000230967999,
    16.300000242888927,
    18.100000269711018,
    18.100000269711018,
    17.100000254809856,
    17.50000026077032,
    17.50000026077032,
    13.000000193715096,
    12.300000183284283,
    13.40000019967556,
    6.900000102818012,
    7.700000114738941,
    9.00000013411045,
    10.500000156462193,
    13.600000202655792,
    15.600000232458115,
    14.000000208616257,
    10.600000157952309,
    14.800000220537186,
    16.300000242888927,
    16.50000024586916,
    11.300000168383121,
    7.000000104308128,
    8.400000125169754,
    4.000000059604645,
    9.300000138580799,
    8.400000125169754
  ]
}