{
  "time": [
    1767225600000000000,
    1767312000000000000,
    1767398400000000000,
    1767484800000000000,
    1767571200000000000,
    1767657600000000000,
    1767744000000000000,
    1767830400000000000,
    1767916800000000000,
    1768003200000000000,
    1768089600000000000,
    1768176000000000000,
    1768262400000000000,
    1768348800000000000,
    1768435200000000000,
    1768521600000000000,
    1768608000000000000,
    1768694400000000000,
    1768780800000000000,
    1768867200000000000,
    1768953600000000000,
    1769040000000000000,
    1769126400000000000,
    1769212800000000000,
    1769299200000000000,
    1769385600000000000,
    1769472000000000000,
    1769558400000000000,
    1769644800000000000,
    1769731200000000000,
    1769817600000000000,
    1769904000000000000,
    1769990400000000000,
    1770076800000000000
  ],
  "hurs": [
    79.50000118464231,
    89.50000133365393,
    89.70000133663416,
    88.20000131428242,
    82.70000123232603,
    86.50000128895044,
    80.70000120252371,
    83.50000124424696,
    89.00000132620335,
    84.50000125914812,
    81.00000120699406,
    90.40000134706497,
    87.5000013038516,
    92.70000138133764,
    82.5000012293458,
    81.00000120699406,
    78.00000116229057,
    86.90000129491091,
    84.00000125169754,
    74.00000110268593,
    65.70000097900629,
    68.00000101327896,
    73.50000109523535,
    83.70000124722719,
    81.00000120699406,
    91.90000136941671,
    89.40000133216381,
    93.50000139325857,
    92.50000137835741,
    85.20000126957893,
    82.00000122189522,
    84.70000126212835,
    74.50000111013651,
    79.70000118762255
  ],
  "pr": [
    3.700000047683716,
    2.0,
    2.799999952316284,
    0.20000000298023224,
    1.2999999523162842,
    0.0,
    1.7000000476837158,
    8.5,
    10.699999809265137,
    0.10000000149011612,
    1.899999976158142,
    9.699999809265137,
    3.299999952316284,
    3.0999999046325684,
    0.0,
    0.20000000298023224,
    0.0,
    0.0,
    0.0,
    0.0,
    0.0,
    0.0,
    0.20000000298023224,
    0.30000001192092896,
    0.10000000149011612,
    1.2999999523162842,
    4.900000095367432,
    3.4000000953674316,
    0.8999999761581421,
    0.0,
    0.20000000298023224,
    0.0,
    0.0,
    3.0999999046325684
  ],
  "tas": [
    3.200000047683716,
    1.3000000193715096,
    0.6000000089406967,
    0.20000000298023224,
    -1.3000000193715096,
    -0.5000000074505806,
    -1.3000000193715096,
    2.1000000312924385,
    3.200000047683716,
    -2.7000000402331352,
    -3.6000000536441803,
    3.500000052154064,
    8.50000012665987,
    8.00000011920929,
    9.600000143051147,
    10.100000150501728,
    8.50000012665987,
    2.7000000402331352,
    1.0000000149011612,
    2.600000038743019,
    5.000000074505806,
    2.8000000417232513,
    5.000000074505806,
    2.2000000327825546,
    -0.5000000074505806,
    -0.10000000149011612,
    2.1000000312924385,
    2.2000000327825546,
    0.800000011920929,
    2.2000000327825546,
    5.4000000804662704,
    4.500000067055225,
    3.200000047683716,
    1.3000000193715096
  ],
  "tasmax": [
    4.400000065565109,
    3.7000000551342964,
    1.5000000223517418,
    1.0000000149011612,
    0.10000000149011612,
    0.6000000089406967,
    0.6000000089406967,
    3.400000050663948,
    6.400000095367432,
    0.800000011920929,
    0.20000000298023224,
    8.00000011920929,
    10.500000156462193,
    10.000000149011612,
    11.500000171363354,
    11.500000171363354,
    13.500000201165676,
    7.000000104308128,
    4.700000070035458,
    7.900000117719173,
    9.00000013411045,
    7.200000107288361,
    9.100000135600567,
    5.500000081956387,
    1.3000000193715096,
    0.5000000074505806,
    4.500000067055225,
    4.000000059604645,
    1.3000000193715096,
    5.500000081956387,
    8.300000123679638,
    7.400000110268593,
    7.000000104308128,
    4.700000070035458
  ],
  "tasmin": [
    2.2000000327825546,
    0.5000000074505806,
    -0.10000000149011612,
    -2.3000000342726707,
    -3.1000000461935997,
    -2.500000037252903,
    -2.7000000402331352,
    0.4000000059604645,
    0.800000011920929,
    -6.500000096857548,
    -8.400000125169754,
    -0.10000000149011612,
    7.000000104308128,
    6.000000089406967,
    7.500000111758709,
    6.500000096857548,
    3.500000052154064,
    -0.6000000089406967,
    -1.5000000223517418,
    -1.3000000193715096,
    1.3000000193715096,
    -1.700000025331974,
    2.7000000402331352,
    -1.5000000223517418,
    -2.600000038743019,
    -0.9000000134110451,
    -0.20000000298023224,
    0.0,
    0.10000000149011612,
    -0.20000000298023224,
    3.1000000461935997,
    1.700000025331974,
    -0.20000000298023224,
    -1.600000023841858
  ]
}