{
  "time": [
    1767225600000000000,
    1767312000000000000,
    1767398400000000000,
    1767484800000000000,
    1767571200000000000,
    1767657600000000000,
    1767744000000000000,
    1767830400000000000,
    1767916800000000000,
    1768003200000000000,
    1768089600000000000,
    1768176000000000000,
    1768262400000000000,
    1768348800000000000,
    1768435200000000000,
    1768521600000000000,
    1768608000000000000,
    1768694400000000000,
    1768780800000000000,
    1768867200000000000,
    1768953600000000000,
    1769040000000000000,
    1769126400000000000,
    1769212800000000000,
    1769299200000000000,
    1769385600000000000,
    1769472000000000000,
    1769558400000000000,
    1769644800000000000,
    1769731200000000000,
    1769817600000000000,
    1769904000000000000,
    1769990400000000000,
    1770076800000000000,
    1770163200000000000,
    1770249600000000000,
    1770336000000000000,
    1770422400000000000,
    1770508800000000000,
    1770595200000000000,
    1770681600000000000,
    1770768000000000000,
    1770854400000000000,
    1770940800000000000,
    1771027200000000000,
    1771113600000000000,
    1771200000000000000,
    1771286400000000000,
    1771372800000000000,
    1771459200000000000,
    1771545600000000000,
    1771632000000000000,
    1771718400000000000,
    1771804800000000000
  ],
  "hurs": [
    79.70000118762255,
    89.90000133961439,
    90.50000134855509,
    88.700001321733,
    82.40000122785568,
    85.40000127255917,
    80.50000119954348,
    84.00000125169754,
    89.50000133365393,
    81.50000121444464,
    81.50000121444464,
    90.50000134855509,
    88.700001321733,
    90.70000135153532,
    82.70000123232603,
    80.0000011920929,
    77.70000115782022,
    86.90000129491091,
    84.400001257658,
    73.50000109523535,
    64.90000096708536,
    67.20000100135803,
    72.70000108331442,
    84.70000126212835,
    80.90000120550394,
    91.50000136345625,
    89.70000133663416,
    94.70000141113997,
    94.00000140070915,
    84.50000125914812,
    86.40000128746033,
    84.70000126212835,
    74.50000111013651,
    79.70000118762255,
    80.20000119507313,
    81.70000121742487,
    86.40000128746033,
    84.50000125914812,
    89.70000133663416,
    79.4000011831522,
    79.70000118762255,
    96.2000014334917,
    94.20000140368938,
    78.70000117272139,
    82.20000122487545,
    79.70000118762255,
    93.00000138580799,
    88.20000131428242,
    75.90000113099813,
    77.20000115036964,
    82.00000122189522,
    89.90000133961439,
    93.40000139176846,
    83.70000124722719
  ],
  "pr": [
    3.700000047683716,
    2.0,
    2.799999952316284,
    0.20000000298023224,
    1.2999999523162842,
    0.0,
    1.7000000476837158,
    8.5,
    10.699999809265137,
    0.10000000149011612,
    1.899999976158142,
    9.699999809265137,
    3.299999952316284,
    3.0999999046325684,
    0.0,
    0.20000000298023224,
    0.0,
    0.0,
    0.0,
    0.0,
    0.0,
    0.0,
    0.20000000298023224,
    0.30000001192092896,
    0.10000000149011612,
    1.2999999523162842,
    4.900000095367432,
    3.4000000953674316,
    0.8999999761581421,
    0.0,
    0.20000000298023224,
    0.0,
    0.0,
    3.0999999046325684,
    0.0,
    0.10000000149011612,
    1.0,
    0.0,
    0.0,
    0.0,
    2.0,
    8.0,
    4.0,
    0.0,
    0.0,
    6.0,
    5.400000095367432,
    3.4000000953674316,
    2.700000047683716,
    1.7000000476837158,
    3.0,
    2.799999952316284,
    10.600000381469727,
    12.300000190734863
  ],
  "tas": [
    3.200000047683716,
    1.3000000193715096,
    0.6000000089406967,
    0.20000000298023224,
    -1.3000000193715096,
    -0.5000000074505806,
    -1.3000000193715096,
    2.0000000298023224,
    3.1000000461935997,
    -2.3000000342726707,
    -3.6000000536441803,
    3.500000052154064,
    8.50000012665987,
    8.300000123679638,
    9.600000143051147,
    10.400000154972076,
    8.50000012665987,
    2.7000000402331352,
    1.1000000163912773,
    2.7000000402331352,
    5.200000077486038,
    3.0000000447034836,
    5.200000077486038,
    2.3000000342726707,
    -0.4000000059604645,
    0.0,
    2.0000000298023224,
    2.2000000327825546,
    0.6000000089406967,
    2.2000000327825546,
    5.000000074505806,
    4.500000067055225,
    3.200000047683716,
    1.3000000193715096,
    5.4000000804662704,
    3.400000050663948,
    4.200000062584877,
    7.800000116229057,
    4.700000070035458,
    3.500000052154064,
    6.70000009983778,
    8.800000131130219,
    8.100000120699406,
    3.9000000581145287,
    -0.20000000298023224,
    -0.5000000074505806,
    3.200000047683716,
    3.9000000581145287,
    2.0000000298023224,
    2.3000000342726707,
    2.8000000417232513,
    9.00000013411045,
    11.400000169873238,
    9.300000138580799
  ],
  "tasmax": [
    4.200000062584877,
    3.7000000551342964,
    1.5000000223517418,
    0.9000000134110451,
    0.10000000149011612,
    0.6000000089406967,
    0.6000000089406967,
    3.400000050663948,
    6.200000092387199,
    1.3000000193715096,
    0.10000000149011612,
    8.00000011920929,
    10.500000156462193,
    10.400000154972076,
    11.500000171363354,
    11.800000175833702,
    13.500000201165676,
    7.000000104308128,
    4.700000070035458,
    8.50000012665987,
    9.300000138580799,
    7.500000111758709,
    9.500000141561031,
    5.700000084936619,
    1.5000000223517418,
    0.5000000074505806,
    4.400000065565109,
    4.200000062584877,
    1.3000000193715096,
    5.500000081956387,
    7.800000116229057,
    7.400000110268593,
    7.000000104308128,
    4.700000070035458,
    11.500000171363354,
    7.400000110268593,
    7.200000107288361,
    12.90000019222498,
    9.500000141561031,
    8.300000123679638,
    9.400000140070915,
    10.400000154972076,
    9.00000013411045,
    7.400000110268593,
    0.6000000089406967,
    4.200000062584877,
    7.300000108778477,
    6.200000092387199,
    4.400000065565109,
    4.700000070035458,
    6.900000102818012,
    10.900000162422657,
    12.400000184774399,
    10.900000162422657
  ],
  "tasmin": [
    2.1000000312924385,
    0.5000000074505806,
    0.0,
    -2.0000000298023224,
    -3.200000047683716,
    -2.500000037252903,
    -2.7000000402331352,
    0.20000000298023224,
    0.6000000089406967,
    -6.200000092387199,
    -8.100000120699406,
    -0.10000000149011612,
    7.000000104308128,
    6.200000092387199,
    7.400000110268593,
    6.800000101327896,
    3.200000047683716,
    -0.800000011920929,
    -1.5000000223517418,
    -1.1000000163912773,
    1.3000000193715096,
    -1.5000000223517418,
    2.8000000417232513,
    -1.3000000193715096,
    -2.2000000327825546,
    -0.800000011920929,
    -0.20000000298023224,
    0.0,
    0.0,
    -0.20000000298023224,
    2.600000038743019,
    1.700000025331974,
    -0.20000000298023224,
    -1.600000023841858,
    0.20000000298023224,
    0.20000000298023224,
    1.1000000163912773,
    4.000000059604645,
    0.5000000074505806,
    -1.3000000193715096,
    3.400000050663948,
    7.200000107288361,
    7.000000104308128,
    1.1000000163912773,
    -3.1000000461935997,
    -5.500000081956387,
    0.4000000059604645,
    2.500000037252903,
    0.5000000074505806,
    0.20000000298023224,
    -1.8000000268220901,
    6.800000101327896,
    10.000000149011612,
    7.500000111758709
  ]
}