{
  "time": [
    1767268800000000000,
    1767355200000000000,
    1767441600000000000
  ],
  "hurs": [
    79.50000118464231,
    89.40000133216381,
    90.70000135153532
  ]
}