{
  "time": [
    1767225600000000000,
    1767312000000000000,
    1767398400000000000,
    1767484800000000000,
    1767571200000000000,
    1767657600000000000,
    1767744000000000000,
    1767830400000000000,
    1767916800000000000,
    1768003200000000000,
    1768089600000000000,
    1768176000000000000,
    1768262400000000000,
    1768348800000000000,
    1768435200000000000,
    1768521600000000000,
    1768608000000000000,
    1768694400000000000,
    1768780800000000000,
    1768867200000000000,
    1768953600000000000,
    1769040000000000000,
    1769126400000000000,
    1769212800000000000,
    1769299200000000000,
    1769385600000000000,
    1769472000000000000,
    1769558400000000000,
    1769644800000000000,
    1769731200000000000,
    1769817600000000000,
    1769904000000000000,
    1769990400000000000,
    1770076800000000000,
    1770163200000000000,
    1770249600000000000,
    1770336000000000000,
    1770422400000000000,
    1770508800000000000,
    1770595200000000000
  ],
  "hurs": [
    79.50000118464231,
    89.50000133365393,
    89.70000133663416,
    88.20000131428242,
    82.70000123232603,
    86.50000128895044,
    80.70000120252371,
    83.50000124424696,
    89.00000132620335,
    84.50000125914812,
    81.00000120699406,
    90.40000134706497,
    87.5000013038516,
    92.70000138133764,
    82.5000012293458,
    81.00000120699406,
    78.00000116229057,
    86.90000129491091,
    84.00000125169754,
    74.00000110268593,
    65.70000097900629,
    68.00000101327896,
    73.50000109523535,
    83.70000124722719,
    81.00000120699406,
    91.90000136941671,
    89.40000133216381,
    93.50000139325857,
    92.50000137835741,
    85.20000126957893,
    82.00000122189522,
    84.70000126212835,
    74.50000111013651,
    79.70000118762255,
    80.20000119507313,
    81.70000121742487,
    86.40000128746033,
    84.50000125914812,
    89.70000133663416,
    79.4000011831522
  ]
}