{
  "time": [
    1767225600000000000,
    1767312000000000000,
    1767398400000000000,
    1767484800000000000,
    1767571200000000000,
    1767657600000000000,
    1767744000000000000,
    1767830400000000000,
    1767916800000000000,
    1768003200000000000,
    1768089600000000000,
    1768176000000000000,
    1768262400000000000,
    1768348800000000000,
    1768435200000000000,
    1768521600000000000,
    1768608000000000000,
    1768694400000000000,
    1768780800000000000,
    1768867200000000000,
    1768953600000000000,
    1769040000000000000,
    1769126400000000000,
    1769212800000000000,
    1769299200000000000,
    1769385600000000000,
    1769472000000000000,
    1769558400000000000,
    1769644800000000000,
    1769731200000000000,
    1769817600000000000,
    1769904000000000000,
    1769990400000000000,
    1770076800000000000,
    1770163200000000000,
    1770249600000000000,
    1770336000000000000,
    1770422400000000000,
    1770508800000000000,
    1770595200000000000,
    1770681600000000000,
    1770768000000000000,
    1770854400000000000,
    1770940800000000000,
    1771027200000000000,
    1771113600000000000,
    1771200000000000000,
    1771286400000000000,
    1771372800000000000,
    1771459200000000000,
    1771545600000000000,
    1771632000000000000,
    1771718400000000000,
    1771804800000000000,
    1771891200000000000,
    1771977600000000000,
    1772064000000000000,
    1772150400000000000,
    1772236800000000000,
    1772323200000000000,
    1772409600000000000,
    1772496000000000000
  ],
  "hurs": [
    79.70000118762255,
    89.90000133961439,
    90.50000134855509,
    88.700001321733,
    82.40000122785568,
    85.40000127255917,
    80.50000119954348,
    84.00000125169754,
    89.50000133365393,
    81.50000121444464,
    81.50000121444464,
    90.50000134855509,
    88.700001321733,
    90.70000135153532,
    82.70000123232603,
    80.0000011920929,
    77.70000115782022,
    86.90000129491091,
    84.400001257658,
    73.50000109523535,
    64.90000096708536,
    67.20000100135803,
    72.70000108331442,
    84.70000126212835,
    80.90000120550394,
    91.50000136345625,
    89.70000133663416,
    94.70000141113997,
    94.00000140070915,
    84.50000125914812,
    86.40000128746033,
    84.70000126212835,
    76.50000113993883,
    81.20000120997429,
    79.50000118464231,
    81.50000121444464,
    85.0000012665987,
    84.50000125914812,
    88.40000131726265,
    79.50000118464231,
    79.70000118762255,
    95.40000142157078,
    93.7000013962388,
    82.00000122189522,
    81.50000121444464,
    76.9000011458993,
    92.70000138133764,
    86.50000128895044,
    74.00000110268593,
    79.50000118464231,
    80.0000011920929,
    89.00000132620335,
    93.20000138878822,
    84.70000126212835,
    94.00000140070915,
    81.00000120699406,
    74.40000110864639,
    67.50000100582838,
    73.40000109374523,
    67.0000009983778,
    61.4000009149313,
    64.00000095367432
  ]
}