{
  "time": [
    1767225600000000000,
    1767312000000000000,
    1767398400000000000,
    1767484800000000000,
    1767571200000000000,
    1767657600000000000,
    1767744000000000000,
    1767830400000000000,
    1767916800000000000,
    1768003200000000000,
    1768089600000000000,
    1768176000000000000,
    1768262400000000000,
    1768348800000000000,
    1768435200000000000,
    1768521600000000000,
    1768608000000000000,
    1768694400000000000,
    1768780800000000000,
    1768867200000000000,
    1768953600000000000,
    1769040000000000000,
    1769126400000000000,
    1769212800000000000,
    1769299200000000000,
    1769385600000000000,
    1769472000000000000,
    1769558400000000000,
    1769644800000000000,
    1769731200000000000,
    1769817600000000000,
    1769904000000000000,
    1769990400000000000,
    1770076800000000000,
    1770163200000000000,
    1770249600000000000,
    1770336000000000000,
    1770422400000000000,
    1770508800000000000,
    1770595200000000000,
    1770681600000000000,
    1770768000000000000,
    1770854400000000000,
    1770940800000000000,
    1771027200000000000,
    1771113600000000000,
    1771200000000000000,
    1771286400000000000,
    1771372800000000000,
    1771459200000000000,
    1771545600000000000,
    1771632000000000000,
    1771718400000000000,
    1771804800000000000,
    1771891200000000000,
    1771977600000000000,
    1772064000000000000,
    1772150400000000000,
    1772236800000000000,
    1772323200000000000,
    1772409600000000000,
    1772496000000000000,
    1772582400000000000,
    1772668800000000000,
    1772755200000000000,
    1772841600000000000,
    1772928000000000000,
    1773014400000000000,
    1773100800000000000,
    1773187200000000000,
    1773273600000000000
  ],
  "tas": [
    3.200000047683716,
    1.3000000193715096,
    0.6000000089406967,
    0.20000000298023224,
    -1.3000000193715096,
    -0.5000000074505806,
    -1.3000000193715096,
    2.0000000298023224,
    3.1000000461935997,
    -2.3000000342726707,
    -3.6000000536441803,
    3.500000052154064,
    8.50000012665987,
    8.300000123679638,
    9.600000143051147,
    10.400000154972076,
    8.50000012665987,
    2.7000000402331352,
    1.1000000163912773,
    2.7000000402331352,
    5.200000077486038,
    3.0000000447034836,
    5.200000077486038,
    2.3000000342726707,
    -0.4000000059604645,
    0.0,
    2.0000000298023224,
    2.2000000327825546,
    0.6000000089406967,
    2.2000000327825546,
    5.000000074505806,
    4.400000065565109,
    3.200000047683716,
    1.1000000163912773,
    5.500000081956387,
    3.400000050663948,
    4.500000067055225,
    7.800000116229057,
    4.90000007301569,
    3.6000000536441803,
    6.70000009983778,
    8.800000131130219,
    8.100000120699406,
    3.9000000581145287,
    -0.20000000298023224,
    0.0,
    3.400000050663948,
    4.000000059604645,
    2.0000000298023224,
    1.8000000268220901,
    3.0000000447034836,
    9.00000013411045,
    11.400000169873238,
    9.100000135600567,
    9.80000014603138,
    12.000000178813934,
    13.500000201165676,
    14.400000214576721,
    11.000000163912773,
    9.00000013411045,
    10.500000156462193,
    11.400000169873238,
    9.500000141561031,
    11.500000171363354,
    12.000000178813934,
    10.900000162422657,
    11.000000163912773,
    11.500000171363354,
    11.500000171363354,
    9.80000014603138,
    8.800000131130219
  ]
}