{
  "time": [
    1767225600000000000,
    1767312000000000000,
    1767398400000000000,
    1767484800000000000,
    1767571200000000000,
    1767657600000000000,
    1767744000000000000,
    1767830400000000000,
    1767916800000000000,
    1768003200000000000,
    1768089600000000000,
    1768176000000000000,
    1768262400000000000,
    1768348800000000000,
    1768435200000000000,
    1768521600000000000,
    1768608000000000000,
    1768694400000000000,
    1768780800000000000,
    1768867200000000000,
    1768953600000000000,
    1769040000000000000,
    1769126400000000000,
    1769212800000000000,
    1769299200000000000,
    1769385600000000000,
    1769472000000000000,
    1769558400000000000,
    1769644800000000000,
    1769731200000000000,
    1769817600000000000,
    1769904000000000000,
    1769990400000000000,
    1770076800000000000,
    1770163200000000000,
    1770249600000000000,
    1770336000000000000,
    1770422400000000000,
    1770508800000000000,
    1770595200000000000
  ],
  "tas": [
    3.200000047683716,
    1.3000000193715096,
    0.6000000089406967,
    0.20000000298023224,
    -1.3000000193715096,
    -0.5000000074505806,
    -1.3000000193715096,
    2.1000000312924385,
    3.200000047683716,
    -2.7000000402331352,
    -3.6000000536441803,
    3.500000052154064,
    8.50000012665987,
    8.00000011920929,
    9.600000143051147,
    10.100000150501728,
    8.50000012665987,
    2.7000000402331352,
    1.0000000149011612,
    2.600000038743019,
    5.000000074505806,
    2.8000000417232513,
    5.000000074505806,
    2.2000000327825546,
    -0.5000000074505806,
    -0.10000000149011612,
    2.1000000312924385,
    2.2000000327825546,
    0.800000011920929,
    2.2000000327825546,
    5.4000000804662704,
    4.500000067055225,
    3.200000047683716,
    1.3000000193715096,
    5.4000000804662704,
    3.400000050663948,
    4.200000062584877,
    7.800000116229057,
    4.700000070035458,
    3.500000052154064
  ]
}