{
  "time": [
    1767268800000000000,
    1767355200000000000,
    1767441600000000000
  ],
  "tasmax": [
    4.200000062584877,
    3.7000000551342964,
    1.3000000193715096
  ]
}