{
  "time": [
    1767225600000000000,
    1767312000000000000,
    1767398400000000000,
    1767484800000000000,
    1767571200000000000,
    1767657600000000000,
    1767744000000000000,
    1767830400000000000,
    1767916800000000000,
    1768003200000000000,
    1768089600000000000,
    1768176000000000000,
    1768262400000000000,
    1768348800000000000,
    1768435200000000000,
    1768521600000000000,
    1768608000000000000,
    1768694400000000000,
    1768780800000000000,
    1768867200000000000,
    1768953600000000000,
    1769040000000000000,
    1769126400000000000,
    1769212800000000000,
    1769299200000000000,
    1769385600000000000,
    1769472000000000000,
    1769558400000000000,
    1769644800000000000,
    1769731200000000000,
    1769817600000000000,
    1769904000000000000,
    1769990400000000000,
    1770076800000000000,
    1770163200000000000,
    1770249600000000000,
    1770336000000000000,
    1770422400000000000,
    1770508800000000000,
    1770595200000000000,
    1770681600000000000,
    1770768000000000000,
    1770854400000000000,
    1770940800000000000
  ],
  "tasmax": [
    4.400000065565109,
    3.7000000551342964,
    1.5000000223517418,
    1.0000000149011612,
    0.10000000149011612,
    0.6000000089406967,
    0.6000000089406967,
    3.400000050663948,
    6.400000095367432,
    0.800000011920929,
    0.20000000298023224,
    8.00000011920929,
    10.500000156462193,
    10.000000149011612,
    11.500000171363354,
    11.500000171363354,
    13.500000201165676,
    7.000000104308128,
    4.700000070035458,
    7.900000117719173,
    9.00000013411045,
    7.200000107288361,
    9.100000135600567,
    5.500000081956387,
    1.3000000193715096,
    0.5000000074505806,
    4.500000067055225,
    4.000000059604645,
    1.3000000193715096,
    5.500000081956387,
    8.300000123679638,
    7.400000110268593,
    7.000000104308128,
    4.700000070035458,
    11.500000171363354,
    7.400000110268593,
    7.200000107288361,
    12.90000019222498,
    9.500000141561031,
    8.300000123679638,
    9.400000140070915,
    10.400000154972076,
    9.00000013411045,
    7.400000110268593
  ]
}