{
  "time": [
    1767225600000000000,
    1767312000000000000,
    1767398400000000000,
    1767484800000000000,
    1767571200000000000,
    1767657600000000000,
    1767744000000000000,
    1767830400000000000,
    1767916800000000000,
    1768003200000000000,
    1768089600000000000,
    1768176000000000000,
    1768262400000000000,
    1768348800000000000,
    1768435200000000000,
    1768521600000000000,
    1768608000000000000,
    1768694400000000000,
    1768780800000000000,
    1768867200000000000,
    1768953600000000000,
    1769040000000000000,
    1769126400000000000,
    1769212800000000000,
    1769299200000000000,
    1769385600000000000,
    1769472000000000000,
    1769558400000000000,
    1769644800000000000,
    1769731200000000000,
    1769817600000000000,
    1769904000000000000,
    1769990400000000000,
    1770076800000000000,
    1770163200000000000,
    1770249600000000000,
    1770336000000000000,
    1770422400000000000,
    1770508800000000000,
    1770595200000000000,
    1770681600000000000,
    1770768000000000000,
    1770854400000000000,
    1770940800000000000,
    1771027200000000000,
    1771113600000000000,
    1771200000000000000,
    1771286400000000000,
    1771372800000000000,
    1771459200000000000,
    1771545600000000000,
    1771632000000000000,
    1771718400000000000,
    1771804800000000000,
    1771891200000000000,
    1771977600000000000,
    1772064000000000000,
    1772150400000000000,
    1772236800000000000,
    1772323200000000000,
    1772409600000000000,
    1772496000000000000
  ],
  "tasmax": [
    4.200000062584877,
    3.7000000551342964,
    1.5000000223517418,
    0.9000000134110451,
    0.10000000149011612,
    0.6000000089406967,
    0.6000000089406967,
    3.400000050663948,
    6.200000092387199,
    1.3000000193715096,
    0.10000000149011612,
    8.00000011920929,
    10.500000156462193,
    10.400000154972076,
    11.500000171363354,
    11.800000175833702,
    13.500000201165676,
    7.000000104308128,
    4.700000070035458,
    8.50000012665987,
    9.300000138580799,
    7.500000111758709,
    9.500000141561031,
    5.700000084936619,
    1.5000000223517418,
    0.5000000074505806,
    4.400000065565109,
    4.200000062584877,
    1.3000000193715096,
    5.500000081956387,
    7.800000116229057,
    7.300000108778477,
    7.000000104308128,
    4.500000067055225,
    11.500000171363354,
    7.300000108778477,
    7.500000111758709,
    13.100000195205212,
    10.000000149011612,
    8.50000012665987,
    9.400000140070915,
    10.30000015348196,
    9.00000013411045,
    7.400000110268593,
    0.5000000074505806,
    4.700000070035458,
    7.400000110268593,
    6.200000092387199,
    4.400000065565109,
    4.200000062584877,
    7.000000104308128,
    11.000000163912773,
    12.400000184774399,
    10.600000157952309,
    11.800000175833702,
    17.600000262260437,
    18.600000277161598,
    20.000000298023224,
    14.300000213086605,
    14.100000210106373,
    16.800000250339508,
    18.30000027269125
  ]
}