{
  "time": [
    1767225600000000000,
    1767312000000000000,
    1767398400000000000,
    1767484800000000000,
    1767571200000000000,
    1767657600000000000,
    1767744000000000000,
    1767830400000000000,
    1767916800000000000,
    1768003200000000000,
    1768089600000000000,
    1768176000000000000,
    1768262400000000000,
    1768348800000000000,
    1768435200000000000,
    1768521600000000000,
    1768608000000000000,
    1768694400000000000,
    1768780800000000000,
    1768867200000000000,
    1768953600000000000,
    1769040000000000000,
    1769126400000000000,
    1769212800000000000,
    1769299200000000000,
    1769385600000000000,
    1769472000000000000,
    1769558400000000000,
    1769644800000000000,
    1769731200000000000,
    1769817600000000000,
    1769904000000000000,
    1769990400000000000,
    1770076800000000000,
    1770163200000000000,
    1770249600000000000,
    1770336000000000000,
    1770422400000000000,
    1770508800000000000,
    1770595200000000000,
    1770681600000000000
  ],
  "tasmin": [
    2.2000000327825546,
    0.5000000074505806,
    -0.10000000149011612,
    -2.3000000342726707,
    -3.1000000461935997,
    -2.500000037252903,
    -2.7000000402331352,
    0.4000000059604645,
    0.800000011920929,
    -6.500000096857548,
    -8.400000125169754,
    -0.10000000149011612,
    7.000000104308128,
    6.000000089406967,
    7.500000111758709,
    6.500000096857548,
    3.500000052154064,
    -0.6000000089406967,
    -1.5000000223517418,
    -1.3000000193715096,
    1.3000000193715096,
    -1.700000025331974,
    2.7000000402331352,
    -1.5000000223517418,
    -2.600000038743019,
    -0.9000000134110451,
    -0.20000000298023224,
    0.0,
    0.10000000149011612,
    -0.20000000298023224,
    3.1000000461935997,
    1.700000025331974,
    -0.20000000298023224,
    -1.600000023841858,
    0.20000000298023224,
    0.20000000298023224,
    1.1000000163912773,
    4.000000059604645,
    0.5000000074505806,
    -1.3000000193715096,
    3.400000050663948
  ]
}