{
  "time": [
    1767225600000000000,
    1767312000000000000,
    1767398400000000000,
    1767484800000000000,
    1767571200000000000,
    1767657600000000000,
    1767744000000000000,
    1767830400000000000,
    1767916800000000000,
    1768003200000000000,
    1768089600000000000,
    1768176000000000000,
    1768262400000000000,
    1768348800000000000,
    1768435200000000000,
    1768521600000000000,
    1768608000000000000,
    1768694400000000000,
    1768780800000000000,
    1768867200000000000,
    1768953600000000000,
    1769040000000000000,
    1769126400000000000,
    1769212800000000000,
    1769299200000000000,
    1769385600000000000,
    1769472000000000000,
    1769558400000000000,
    1769644800000000000,
    1769731200000000000,
    1769817600000000000,
    1769904000000000000,
    1769990400000000000,
    1770076800000000000,
    1770163200000000000,
    1770249600000000000,
    1770336000000000000,
    1770422400000000000,
    1770508800000000000,
    1770595200000000000,
    1770681600000000000,
    1770768000000000000,
    1770854400000000000,
    1770940800000000000,
    1771027200000000000,
    1771113600000000000,
    1771200000000000000,
    1771286400000000000,
    1771372800000000000,
    1771459200000000000,
    1771545600000000000,
    1771632000000000000,
    1771718400000000000,
    1771804800000000000,
    1771891200000000000,
    1771977600000000000,
    1772064000000000000,
    1772150400000000000,
    1772236800000000000,
    1772323200000000000,
    1772409600000000000,
    1772496000000000000,
    1772582400000000000,
    1772668800000000000,
    1772755200000000000,
    1772841600000000000,
    1772928000000000000,
    1773014400000000000,
    1773100800000000000,
    1773187200000000000,
    1773273600000000000,
    1773360000000000000,
    1773446400000000000,
    1773532800000000000,
    1773619200000000000,
    1773705600000000000,
    1773792000000000000,
    1773878400000000000,
    1773964800000000000
  ],
  "hurs": [
    75.00000111758709,
    77.50000115483999,
    74.50000111013651,
    72.0000010728836,
    80.40000119805336,
    85.0000012665987,
    79.70000118762255,
    88.90000132471323,
    83.70000124722719,
    84.00000125169754,
    78.50000116974115,
    91.90000136941671,
    91.2000013589859,
    88.50000131875277,
    88.00000131130219,
    79.50000118464231,
    82.5000012293458,
    82.70000123232603,
    87.90000130981207,
    85.40000127255917,
    75.20000112056732,
    69.70000103861094,
    64.90000096708536,
    69.5000010356307,
    81.50000121444464,
    89.40000133216381,
    88.50000131875277,
    92.50000137835741,
    94.40000140666962,
    89.40000133216381,
    85.70000127702951,
    88.20000131428242,
    74.00000110268593,
    87.70000130683184,
    92.20000137388706,
    84.00000125169754,
    83.90000125020742,
    92.20000137388706,
    91.2000013589859,
    83.20000123977661,
    87.5000013038516,
    90.20000134408474,
    84.00000125169754,
    81.00000120699406,
    78.00000116229057,
    70.40000104904175,
    86.50000128895044,
    78.90000117570162,
    66.50000099092722,
    89.70000133663416,
    79.20000118017197,
    87.90000130981207,
    88.700001321733,
    73.200001090765,
    85.70000127702951,
    83.20000123977661,
    93.20000138878822,
    76.50000113993883,
    70.00000104308128,
    69.5000010356307,
    72.40000107884407,
    74.90000111609697,
    73.00000108778477,
    67.50000100582838,
    69.00000102818012,
    66.50000099092722,
    66.70000099390745,
    72.90000108629465,
    69.20000103116035,
    85.90000128000975,
    71.70000106841326,
    68.50000102072954,
    78.70000117272139,
    68.00000101327896,
    72.50000108033419,
    76.70000114291906,
    62.200000926852226,
    57.40000085532665,
    58.600000873208046
  ],
  "pr": [
    2.0999999046325684,
    0.10000000149011612,
    0.10000000149011612,
    0.0,
    0.5,
    0.0,
    1.0,
    17.399999618530273,
    7.900000095367432,
    1.899999976158142,
    1.2000000476837158,
    6.5,
    0.0,
    2.700000047683716,
    0.0,
    0.0,
    0.0,
    0.0,
    0.0,
    0.0,
    0.0,
    0.0,
    0.0,
    0.0,
    7.199999809265137,
    0.8999999761581421,
    4.800000190734863,
    3.5,
    5.900000095367432,
    0.6000000238418579,
    0.30000001192092896,
    0.10000000149011612,
    0.0,
    9.300000190734863,
    0.0,
    0.10000000149011612,
    0.20000000298023224,
    0.0,
    0.0,
    0.0,
    5.300000190734863,
    12.899999618530273,
    3.200000047683716,
    1.5,
    0.4000000059604645,
    9.5,
    5.300000190734863,
    0.20000000298023224,
    8.399999618530273,
    5.099999904632568,
    3.299999952316284,
    5.400000095367432,
    8.600000381469727,
    0.6000000238418579,
    0.20000000298023224,
    0.0,
    0.0,
    0.0,
    0.0,
    0.0,
    0.0,
    0.0,
    0.0,
    0.0,
    0.0,
    0.0,
    0.0,
    0.0,
    0.10000000149011612,
    12.5,
    0.0,
    7.300000190734863,
    0.6000000238418579,
    0.5,
    0.800000011920929,
    0.0,
    0.0,
    0.0,
    0.0
  ],
  "tas": [
    2.0000000298023224,
    1.600000023841858,
    0.0,
    -0.5000000074505806,
    -3.6000000536441803,
    -3.1000000461935997,
    -2.600000038743019,
    0.5000000074505806,
    4.500000067055225,
    -0.20000000298023224,
    -3.500000052154064,
    1.3000000193715096,
    6.200000092387199,
    7.800000116229057,
    8.800000131130219,
    8.00000011920929,
    3.1000000461935997,
    2.500000037252903,
    0.10000000149011612,
    -0.9000000134110451,
    -0.9000000134110451,
    -1.3000000193715096,
    0.0,
    0.0,
    -1.600000023841858,
    0.0,
    2.2000000327825546,
    2.2000000327825546,
    0.5000000074505806,
    1.700000025331974,
    3.200000047683716,
    3.200000047683716,
    2.7000000402331352,
    0.6000000089406967,
    1.1000000163912773,
    2.7000000402331352,
    3.200000047683716,
    5.500000081956387,
    3.400000050663948,
    3.6000000536441803,
    4.700000070035458,
    9.300000138580799,
    9.00000013411045,
    8.100000120699406,
    3.1000000461935997,
    1.8000000268220901,
    4.000000059604645,
    4.400000065565109,
    3.7000000551342964,
    1.3000000193715096,
    2.1000000312924385,
    8.300000123679638,
    11.000000163912773,
    10.900000162422657,
    10.30000015348196,
    11.000000163912773,
    8.00000011920929,
    11.000000163912773,
    10.500000156462193,
    8.50000012665987,
    8.100000120699406,
    8.600000128149986,
    9.400000140070915,
    9.300000138580799,
    9.100000135600567,
    10.30000015348196,
    10.000000149011612,
    9.80000014603138,
    12.000000178813934,
    10.400000154972076,
    8.800000131130219,
    10.100000150501728,
    6.900000102818012,
    6.500000096857548,
    6.500000096857548,
    8.50000012665987,
    9.100000135600567,
    10.400000154972076,
    10.100000150501728
  ],