{
  "time": [
    1767268800000000000,
    1767355200000000000,
    1767441600000000000
  ],
  "hurs": [
    75.20000112056732,
    77.00000114738941,
    74.70000111311674
  ],
  "pr": [
    2.0999999046325684,
    0.10000000149011612,
    0.10000000149011612
  ],
  "tas": [
    2.0000000298023224,
    1.700000025331974,
    -0.10000000149011612
  ],
  "tasmax": [
    3.400000050663948,
    3.200000047683716,
    1.1000000163912773
  ],
  "tasmin": [
    1.1000000163912773,
    0.20000000298023224,
    -1.5000000223517418
  ]
}