{
  "time": [
    1767268800000000000
  ],
  "hurs": [
    75.20000112056732
  ],
  "pr": [
    2.0999999046325684
  ],
  "tas": [
    2.0000000298023224
  ],
  "tasmax": [
    3.400000050663948
  ],
  "tasmin": [
    1.1000000163912773
  ]
}