{
  "time": [
    1767225600000000000,
    1767312000000000000,
    1767398400000000000,
    1767484800000000000,
    1767571200000000000,
    1767657600000000000,
    1767744000000000000,
    1767830400000000000,
    1767916800000000000,
    1768003200000000000,
    1768089600000000000,
    1768176000000000000,
    1768262400000000000,
    1768348800000000000,
    1768435200000000000,
    1768521600000000000,
    1768608000000000000,
    1768694400000000000,
    1768780800000000000,
    1768867200000000000,
    1768953600000000000,
    1769040000000000000,
    1769126400000000000,
    1769212800000000000,
    1769299200000000000,
    1769385600000000000,
    1769472000000000000,
    1769558400000000000,
    1769644800000000000,
    1769731200000000000,
    1769817600000000000,
    1769904000000000000,
    1769990400000000000,
    1770076800000000000,
    1770163200000000000,
    1770249600000000000
  ],
  "hurs": [
    76.20000113546848,
    78.00000116229057,
    74.70000111311674,
    71.50000106543303,
    80.0000011920929,
    85.50000127404928,
    80.0000011920929,
    90.00000134110451,
    83.70000124722719,
    83.70000124722719,
    78.00000116229057,
    92.00000137090683,
    92.00000137090683,
    88.700001321733,
    87.20000129938126,
    79.70000118762255,
    82.70000123232603,
    82.70000123232603,
    88.20000131428242,
    85.70000127702951,
    75.00000111758709,
    69.5000010356307,
    64.20000095665455,
    69.70000103861094,
    82.70000123232603,
    89.70000133663416,
    88.50000131875277,
    91.70000136643648,
    94.70000141113997,
    89.20000132918358,
    84.20000125467777,
    87.5000013038516,
    73.200001090765,
    86.90000129491091,
    91.90000136941671,
    84.00000125169754
  ],
  "pr": [
    2.0999999046325684,
    0.10000000149011612,
    0.10000000149011612,
    0.0,
    0.5,
    0.0,
    1.0,
    17.399999618530273,
    7.900000095367432,
    1.899999976158142,
    1.2000000476837158,
    6.5,
    0.0,
    2.700000047683716,
    0.0,
    0.0,
    0.0,
    0.0,
    0.0,
    0.0,
    0.0,
    0.0,
    0.0,
    0.0,
    7.199999809265137,
    0.8999999761581421,
    4.800000190734863,
    3.5,
    5.900000095367432,
    0.6000000238418579,
    0.30000001192092896,
    0.10000000149011612,
    0.0,
    9.399999618530273,
    0.0,
    0.10000000149011612
  ],
  "tas": [
    1.8000000268220901,
    1.600000023841858,
    0.0,
    -0.4000000059604645,
    -3.6000000536441803,
    -3.200000047683716,
    -2.600000038743019,
    0.4000000059604645,
    4.500000067055225,
    -0.20000000298023224,
    -3.400000050663948,
    1.3000000193715096,
    6.000000089406967,
    7.800000116229057,
    8.900000132620335,
    8.00000011920929,
    3.1000000461935997,
    2.500000037252903,
    0.10000000149011612,
    -0.9000000134110451,
    -0.800000011920929,
    -1.3000000193715096,
    0.0,
    -0.10000000149011612,
    -1.700000025331974,
    0.0,
    2.2000000327825546,
    2.2000000327825546,
    0.5000000074505806,
    1.8000000268220901,
    3.400000050663948,
    3.200000047683716,
    2.7000000402331352,
    0.6000000089406967,
    1.1000000163912773,
    2.7000000402331352
  ],
  "tasmax": [
    3.200000047683716,
    3.200000047683716,
    1.3000000193715096,
    2.2000000327825546,
    -2.7000000402331352,
    -1.8000000268220901,
    -0.4000000059604645,
    1.8000000268220901,
    7.500000111758709,
    2.7000000402331352,
    -0.20000000298023224,
    5.500000081956387,
    8.800000131130219,
    10.400000154972076,
    12.000000178813934,
    13.600000202655792,
    5.500000081956387,
    5.000000074505806,
    3.500000052154064,
    3.9000000581145287,
    3.9000000581145287,
    1.8000000268220901,
    3.500000052154064,
    3.7000000551342964,
    0.0,
    1.1000000163912773,
    5.200000077486038,
    3.500000052154064,
    0.800000011920929,
    3.500000052154064,
    5.500000081956387,
    4.700000070035458,
    4.700000070035458,
    2.2000000327825546,
    3.200000047683716,
    4.200000062584877
  ],
  "tasmin": [
    0.9000000134110451,
    0.20000000298023224,
    -1.3000000193715096,
    -3.400000050663948,
    -4.90000007301569,
    -4.700000070035458,
    -4.500000067055225,
    -1.8000000268220901,
    1.8000000268220901,
    -4.90000007301569,
    -7.400000110268593,
    -1.0000000149011612,
    3.7000000551342964,
    4.90000007301569,
    6.800000101327896,
    3.7000000551342964,
    1.700000025331974,
    -1.0000000149011612,
    -2.3000000342726707,
    -3.7000000551342964,
    -4.500000067055225,
    -4.700000070035458,
    -2.600000038743019,
    -3.200000047683716,
    -4.000000059604645,
    -1.1000000163912773,
    0.20000000298023224,
    0.800000011920929,
    0.20000000298023224,
    0.5000000074505806,
    2.1000000312924385,
    2.0000000298023224,
    1.3000000193715096,
    -1.0000000149011612,
    -1.0000000149011612,
    1.1000000163912773
  ]
}