{
  "time": [
    1767225600000000000,
    1767312000000000000,
    1767398400000000000,
    1767484800000000000,
    1767571200000000000,
    1767657600000000000,
    1767744000000000000,
    1767830400000000000,
    1767916800000000000,
    1768003200000000000,
    1768089600000000000,
    1768176000000000000,
    1768262400000000000,
    1768348800000000000,
    1768435200000000000,
    1768521600000000000,
    1768608000000000000,
    1768694400000000000,
    1768780800000000000,
    1768867200000000000,
    1768953600000000000,
    1769040000000000000,
    1769126400000000000,
    1769212800000000000,
    1769299200000000000,
    1769385600000000000,
    1769472000000000000,
    1769558400000000000,
    1769644800000000000,
    1769731200000000000,
    1769817600000000000,
    1769904000000000000,
    1769990400000000000,
    1770076800000000000,
    1770163200000000000,
    1770249600000000000,
    1770336000000000000,
    1770422400000000000,
    1770508800000000000,
    1770595200000000000,
    1770681600000000000,
    1770768000000000000,
    1770854400000000000,
    1770940800000000000,
    1771027200000000000,
    1771113600000000000,
    1771200000000000000,
    1771286400000000000,
    1771372800000000000,
    1771459200000000000,
    1771545600000000000,
    1771632000000000000,
    1771718400000000000,
    1771804800000000000,
    1771891200000000000
  ],
  "hurs": [
    75.00000111758709,
    77.50000115483999,
    74.50000111013651,
    72.0000010728836,
    80.40000119805336,
    85.0000012665987,
    79.70000118762255,
    88.90000132471323,
    83.70000124722719,
    84.00000125169754,
    78.50000116974115,
    91.90000136941671,
    91.2000013589859,
    88.50000131875277,
    88.00000131130219,
    79.50000118464231,
    82.5000012293458,
    82.70000123232603,
    87.90000130981207,
    85.40000127255917,
    75.20000112056732,
    69.70000103861094,
    64.90000096708536,
    69.5000010356307,
    81.50000121444464,
    89.40000133216381,
    88.50000131875277,
    92.50000137835741,
    94.40000140666962,
    89.40000133216381,
    85.70000127702951,
    87.5000013038516,
    73.200001090765,
    86.90000129491091,
    91.90000136941671,
    84.00000125169754,
    83.70000124722719,
    92.20000137388706,
    91.40000136196613,
    83.40000124275684,
    88.00000131130219,
    92.00000137090683,
    84.00000125169754,
    80.70000120252371,
    78.90000117570162,
    70.50000105053186,
    86.90000129491091,
    78.2000011652708,
    66.90000099688768,
    88.00000131130219,
    79.50000118464231,
    89.40000133216381,
    88.20000131428242,
    72.70000108331442,
    85.70000127702951
  ],
  "pr": [
    2.0999999046325684,
    0.10000000149011612,
    0.10000000149011612,
    0.0,
    0.5,
    0.0,
    1.0,
    17.399999618530273,
    7.900000095367432,
    1.899999976158142,
    1.2000000476837158,
    6.5,
    0.0,
    2.700000047683716,
    0.0,
    0.0,
    0.0,
    0.0,
    0.0,
    0.0,
    0.0,
    0.0,
    0.0,
    0.0,
    7.199999809265137,
    0.8999999761581421,
    4.800000190734863,
    3.5,
    5.900000095367432,
    0.6000000238418579,
    0.30000001192092896,
    0.10000000149011612,
    0.0,
    9.399999618530273,
    0.0,
    0.10000000149011612,
    0.20000000298023224,
    0.0,
    0.0,
    0.0,
    5.300000190734863,
    12.899999618530273,
    3.0999999046325684,
    1.5,
    0.4000000059604645,
    9.5,
    5.300000190734863,
    0.20000000298023224,
    8.399999618530273,
    5.099999904632568,
    3.299999952316284,
    5.400000095367432,
    8.600000381469727,
    0.6000000238418579,
    0.20000000298023224
  ],
  "tas": [
    2.0000000298023224,
    1.600000023841858,
    0.0,
    -0.5000000074505806,
    -3.6000000536441803,
    -3.1000000461935997,
    -2.600000038743019,
    0.5000000074505806,
    4.500000067055225,
    -0.20000000298023224,
    -3.500000052154064,
    1.3000000193715096,
    6.200000092387199,
    7.800000116229057,
    8.800000131130219,
    8.00000011920929,
    3.1000000461935997,
    2.500000037252903,
    0.10000000149011612,
    -0.9000000134110451,
    -0.9000000134110451,
    -1.3000000193715096,
    0.0,
    0.0,
    -1.600000023841858,
    0.0,
    2.2000000327825546,
    2.2000000327825546,
    0.5000000074505806,
    1.700000025331974,
    3.200000047683716,
    3.200000047683716,
    2.7000000402331352,
    0.6000000089406967,
    1.1000000163912773,
    2.7000000402331352,
    3.200000047683716,
    5.500000081956387,
    3.400000050663948,
    3.500000052154064,
    4.700000070035458,
    9.100000135600567,
    9.00000013411045,
    8.100000120699406,
    3.0000000447034836,
    1.8000000268220901,
    4.000000059604645,
    4.500000067055225,
    3.7000000551342964,
    1.5000000223517418,
    2.1000000312924385,
    8.100000120699406,
    11.10000016540289,
    11.000000163912773,
    10.30000015348196
  ],
  "tasmax": [
    3.400000050663948,
    3.200000047683716,
    1.3000000193715096,
    2.1000000312924385,
    -2.7000000402331352,
    -1.700000025331974,
    -0.4000000059604645,
    2.0000000298023224,
    7.500000111758709,
    2.8000000417232513,
    -0.5000000074505806,
    5.500000081956387,
    8.900000132620335,
    10.30000015348196,
    12.000000178813934,
    13.600000202655792,
    5.500000081956387,
    5.000000074505806,
    3.400000050663948,
    3.9000000581145287,
    3.7000000551342964,
    1.8000000268220901,
    3.500000052154064,
    3.9000000581145287,
    0.20000000298023224,
    1.1000000163912773,
    5.200000077486038,
    3.500000052154064,
    0.800000011920929,
    3.400000050663948,
    5.4000000804662704,
    4.700000070035458,
    4.700000070035458,
    2.2000000327825546,
    3.200000047683716,
    4.200000062584877,
    4.500000067055225,
    9.500000141561031,
    7.700000114738941,
    5.700000084936619,
    7.800000116229057,
    11.400000169873238,
    10.30000015348196,
    10.600000157952309,
    4.90000007301569,
    4.400000065565109,
    7.800000116229057,
    6.900000102818012,
    6.000000089406967,
    3.9000000581145287,
    5.500000081956387,
    10.000000149011612,
    13.40000019967556,
    13.000000193715096,
    12.10000018030405
  ],
  "tasmin": [
    1.1000000163912773,
    0.10000000149011612,
    -1.3000000193715096,
    -3.400000050663948,
    -4.90000007301569,
    -4.500000067055225,
    -4.400000065565109,
    -1.8000000268220901,
    1.8000000268220901,
    -4.700000070035458,
    -7.400000110268593,
    -1.0000000149011612,
    4.000000059604645,
    4.700000070035458,
    6.800000101327896,
    3.7000000551342964,
    1.8000000268220901,
    -1.1000000163912773,
    -2.500000037252903,
    -3.7000000551342964,
    -4.700000070035458,
    -4.700000070035458,
    -2.7000000402331352,
    -3.200000047683716,
    -4.000000059604645,
    -1.1000000163912773,
    0.20000000298023224,
    0.800000011920929,
    0.20000000298023224,
    0.5000000074505806,
    2.0000000298023224,
    2.0000000298023224,
    1.3000000193715096,
    -1.0000000149011612,
    -1.0000000149011612,
    1.1000000163912773,
    1.8000000268220901,
    2.600000038743019,
    0.5000000074505806,
    0.6000000089406967,
    1.0000000149011612,
    6.70000009983778,
    7.500000111758709,
    5.000000074505806,
    1.5000000223517418,
    -1.3000000193715096,
    0.10000000149011612,
    2.500000037252903,
    1.8000000268220901,
    0.20000000298023224,
    -2.7000000402331352,
    5.4000000804662704,
    9.00000013411045,
    8.600000128149986,
    8.400000125169754
  ]
}