{
  "time": [
    1767225600000000000,
    1767312000000000000,
    1767398400000000000,
    1767484800000000000,
    1767571200000000000,
    1767657600000000000,
    1767744000000000000,
    1767830400000000000,
    1767916800000000000,
    1768003200000000000,
    1768089600000000000,
    1768176000000000000,
    1768262400000000000,
    1768348800000000000,
    1768435200000000000,
    1768521600000000000,
    1768608000000000000,
    1768694400000000000,
    1768780800000000000,
    1768867200000000000,
    1768953600000000000,
    1769040000000000000,
    1769126400000000000,
    1769212800000000000,
    1769299200000000000,
    1769385600000000000,
    1769472000000000000,
    1769558400000000000,
    1769644800000000000,
    1769731200000000000,
    1769817600000000000,
    1769904000000000000,
    1769990400000000000,
    1770076800000000000,
    1770163200000000000,
    1770249600000000000,
    1770336000000000000,
    1770422400000000000,
    1770508800000000000,
    1770595200000000000,
    1770681600000000000,
    1770768000000000000,
    1770854400000000000,
    1770940800000000000,
    1771027200000000000,
    1771113600000000000,
    1771200000000000000,
    1771286400000000000,
    1771372800000000000,
    1771459200000000000,
    1771545600000000000,
    1771632000000000000,
    1771718400000000000,
    1771804800000000000,
    1771891200000000000,
    1771977600000000000,
    1772064000000000000
  ],
  "hurs": [
    75.00000111758709,
    77.50000115483999,
    74.50000111013651,
    72.0000010728836,
    80.40000119805336,
    85.0000012665987,
    79.70000118762255,
    88.90000132471323,
    83.70000124722719,
    84.00000125169754,
    78.50000116974115,
    91.90000136941671,
    91.2000013589859,
    88.50000131875277,
    88.00000131130219,
    79.50000118464231,
    82.5000012293458,
    82.70000123232603,
    87.90000130981207,
    85.40000127255917,
    75.20000112056732,
    69.70000103861094,
    64.90000096708536,
    69.5000010356307,
    81.50000121444464,
    89.40000133216381,
    88.50000131875277,
    92.50000137835741,
    94.40000140666962,
    89.40000133216381,
    85.70000127702951,
    87.5000013038516,
    73.200001090765,
    86.90000129491091,
    91.90000136941671,
    84.00000125169754,
    83.70000124722719,
    92.20000137388706,
    91.40000136196613,
    83.40000124275684,
    88.00000131130219,
    92.00000137090683,
    84.00000125169754,
    80.70000120252371,
    78.90000117570162,
    70.50000105053186,
    86.90000129491091,
    78.2000011652708,
    66.90000099688768,
    88.00000131130219,
    79.50000118464231,
    89.40000133216381,
    88.20000131428242,
    72.70000108331442,
    85.70000127702951,
    83.20000123977661,
    93.00000138580799
  ]
}