{
  "time": [
    1767268800000000000,
    1767355200000000000,
    1767441600000000000
  ],
  "hurs": [
    75.20000112056732,
    77.00000114738941,
    74.70000111311674
  ]
}