{
  "time": [
    1767225600000000000,
    1767312000000000000,
    1767398400000000000,
    1767484800000000000,
    1767571200000000000,
    1767657600000000000,
    1767744000000000000,
    1767830400000000000,
    1767916800000000000,
    1768003200000000000,
    1768089600000000000,
    1768176000000000000,
    1768262400000000000,
    1768348800000000000,
    1768435200000000000,
    1768521600000000000,
    1768608000000000000,
    1768694400000000000,
    1768780800000000000,
    1768867200000000000,
    1768953600000000000,
    1769040000000000000,
    1769126400000000000,
    1769212800000000000,
    1769299200000000000,
    1769385600000000000,
    1769472000000000000,
    1769558400000000000,
    1769644800000000000,
    1769731200000000000,
    1769817600000000000,
    1769904000000000000,
    1769990400000000000,
    1770076800000000000,
    1770163200000000000,
    1770249600000000000,
    1770336000000000000,
    1770422400000000000,
    1770508800000000000,
    1770595200000000000,
    1770681600000000000,
    1770768000000000000
  ],
  "hurs": [
    76.20000113546848,
    78.00000116229057,
    74.70000111311674,
    71.50000106543303,
    80.0000011920929,
    85.50000127404928,
    80.0000011920929,
    90.00000134110451,
    83.70000124722719,
    83.70000124722719,
    78.00000116229057,
    92.00000137090683,
    92.00000137090683,
    88.700001321733,
    87.20000129938126,
    79.70000118762255,
    82.70000123232603,
    82.70000123232603,
    88.20000131428242,
    85.70000127702951,
    75.00000111758709,
    69.5000010356307,
    64.20000095665455,
    69.70000103861094,
    82.70000123232603,
    89.70000133663416,
    88.50000131875277,
    91.70000136643648,
    94.70000141113997,
    89.20000132918358,
    84.20000125467777,
    87.5000013038516,
    73.200001090765,
    86.90000129491091,
    91.90000136941671,
    84.00000125169754,
    83.70000124722719,
    92.20000137388706,
    91.40000136196613,
    83.40000124275684,
    88.00000131130219,
    92.00000137090683
  ]
}