{
  "time": [
    1767290400000000000,
    1767376800000000000,
    1767463200000000000
  ],
  "pr": [
    2.0999999046325684,
    0.10000000149011612,
    0.10000000149011612
  ]
}