{
  "time": [
    1767268800000000000,
    1767355200000000000,
    1767441600000000000
  ],
  "tas": [
    2.0000000298023224,
    1.700000025331974,
    -0.10000000149011612
  ]
}