{
  "time": [
    1767225600000000000,
    1767312000000000000,
    1767398400000000000,
    1767484800000000000,
    1767571200000000000,
    1767657600000000000,
    1767744000000000000,
    1767830400000000000,
    1767916800000000000,
    1768003200000000000,
    1768089600000000000,
    1768176000000000000,
    1768262400000000000,
    1768348800000000000,
    1768435200000000000,
    1768521600000000000,
    1768608000000000000,
    1768694400000000000,
    1768780800000000000,
    1768867200000000000,
    1768953600000000000,
    1769040000000000000,
    1769126400000000000,
    1769212800000000000,
    1769299200000000000,
    1769385600000000000,
    1769472000000000000,
    1769558400000000000,
    1769644800000000000,
    1769731200000000000,
    1769817600000000000,
    1769904000000000000,
    1769990400000000000,
    1770076800000000000,
    1770163200000000000,
    1770249600000000000,
    1770336000000000000,
    1770422400000000000,
    1770508800000000000,
    1770595200000000000,
    1770681600000000000,
    1770768000000000000,
    1770854400000000000,
    1770940800000000000,
    1771027200000000000,
    1771113600000000000,
    1771200000000000000,
    1771286400000000000,
    1771372800000000000,
    1771459200000000000,
    1771545600000000000,
    1771632000000000000,
    1771718400000000000,
    1771804800000000000,
    1771891200000000000,
    1771977600000000000,
    1772064000000000000,
    1772150400000000000
  ],
  "tasmax": [
    3.400000050663948,
    3.200000047683716,
    1.3000000193715096,
    2.1000000312924385,
    -2.7000000402331352,
    -1.700000025331974,
    -0.4000000059604645,
    2.0000000298023224,
    7.500000111758709,
    2.8000000417232513,
    -0.5000000074505806,
    5.500000081956387,
    8.900000132620335,
    10.30000015348196,
    12.000000178813934,
    13.600000202655792,
    5.500000081956387,
    5.000000074505806,
    3.400000050663948,
    3.9000000581145287,
    3.7000000551342964,
    1.8000000268220901,
    3.500000052154064,
    3.9000000581145287,
    0.20000000298023224,
    1.1000000163912773,
    5.200000077486038,
    3.500000052154064,
    0.800000011920929,
    3.400000050663948,
    5.4000000804662704,
    4.700000070035458,
    4.700000070035458,
    2.2000000327825546,
    3.200000047683716,
    4.200000062584877,
    4.500000067055225,
    9.500000141561031,
    7.700000114738941,
    5.700000084936619,
    7.800000116229057,
    11.400000169873238,
    10.30000015348196,
    10.600000157952309,
    4.90000007301569,
    4.400000065565109,
    7.800000116229057,
    6.900000102818012,
    6.000000089406967,
    3.9000000581145287,
    5.500000081956387,
    10.000000149011612,
    13.40000019967556,
    13.000000193715096,
    12.10000018030405,
    16.50000024586916,
    10.400000154972076,
    19.60000029206276
  ]
}