{
  "time": [
    1767268800000000000,
    1767355200000000000,
    1767441600000000000
  ],
  "tasmin": [
    1.1000000163912773,
    0.20000000298023224,
    -1.5000000223517418
  ]
}