{
  "time": [
    1767225600000000000,
    1767312000000000000,
    1767398400000000000,
    1767484800000000000,
    1767571200000000000,
    1767657600000000000,
    1767744000000000000,
    1767830400000000000,
    1767916800000000000,
    1768003200000000000,
    1768089600000000000,
    1768176000000000000,
    1768262400000000000,
    1768348800000000000,
    1768435200000000000,
    1768521600000000000,
    1768608000000000000,
    1768694400000000000,
    1768780800000000000,
    1768867200000000000,
    1768953600000000000,
    1769040000000000000,
    1769126400000000000,
    1769212800000000000,
    1769299200000000000,
    1769385600000000000,
    1769472000000000000,
    1769558400000000000,
    1769644800000000000,
    1769731200000000000,
    1769817600000000000,
    1769904000000000000,
    1769990400000000000,
    1770076800000000000,
    1770163200000000000,
    1770249600000000000
  ],
  "tasmax": [
    3.200000047683716,
    3.200000047683716,
    1.3000000193715096,
    2.2000000327825546,
    -2.7000000402331352,
    -1.8000000268220901,
    -0.4000000059604645,
    1.8000000268220901,
    7.500000111758709,
    2.7000000402331352,
    -0.20000000298023224,
    5.500000081956387,
    8.800000131130219,
    10.400000154972076,
    12.000000178813934,
    13.600000202655792,
    5.500000081956387,
    5.000000074505806,
    3.500000052154064,
    3.9000000581145287,
    3.9000000581145287,
    1.8000000268220901,
    3.500000052154064,
    3.7000000551342964,
    0.0,
    1.1000000163912773,
    5.200000077486038,
    3.500000052154064,
    0.800000011920929,
    3.500000052154064,
    5.500000081956387,
    4.700000070035458,
    4.700000070035458,
    2.2000000327825546,
    3.200000047683716,
    4.200000062584877
  ]
}