{
  "time": [
    1767268800000000000,
    1767355200000000000,
    1767441600000000000
  ],
  "tasmax": [
    3.400000050663948,
    3.200000047683716,
    1.1000000163912773
  ]
}