{
  "time": [
    1767225600000000000,
    1767312000000000000,
    1767398400000000000,
    1767484800000000000,
    1767571200000000000,
    1767657600000000000,
    1767744000000000000,
    1767830400000000000,
    1767916800000000000,
    1768003200000000000,
    1768089600000000000,
    1768176000000000000,
    1768262400000000000,
    1768348800000000000,
    1768435200000000000,
    1768521600000000000,
    1768608000000000000,
    1768694400000000000,
    1768780800000000000,
    1768867200000000000,
    1768953600000000000,
    1769040000000000000,
    1769126400000000000,
    1769212800000000000,
    1769299200000000000,
    1769385600000000000,
    1769472000000000000,
    1769558400000000000,
    1769644800000000000,
    1769731200000000000,
    1769817600000000000,
    1769904000000000000,
    1769990400000000000,
    1770076800000000000,
    1770163200000000000,
    1770249600000000000,
    1770336000000000000,
    1770422400000000000,
    1770508800000000000
  ],
  "hurs": [
    74.90000111609697,
    80.50000119954348,
    75.20000112056732,
    72.20000107586384,
    75.00000111758709,
    80.90000120550394,
    79.20000118017197,
    87.70000130683184,
    83.20000123977661,
    90.20000134408474,
    85.0000012665987,
    91.70000136643648,
    95.90000142902136,
    94.00000140070915,
    92.50000137835741,
    83.90000125020742,
    88.40000131726265,
    81.50000121444464,
    61.50000091642141,
    65.50000097602606,
    70.20000104606152,
    82.40000122785568,
    74.70000111311674,
    80.20000119507313,
    85.50000127404928,
    95.00000141561031,
    93.50000139325857,
    87.70000130683184,
    94.9000014141202,
    91.90000136941671,
    84.70000126212835,
    85.0000012665987,
    78.40000116825104,
    81.50000121444464,
    84.90000126510859,
    86.90000129491091,
    90.50000134855509,
    100.00000149011612,
    94.00000140070915
  ],
  "pr": [
    0.800000011920929,
    2.299999952316284,
    0.0,
    0.0,
    0.0,
    0.10000000149011612,
    1.0,
    7.400000095367432,
    2.5999999046325684,
    2.5999999046325684,
    0.0,
    4.5,
    0.0,
    1.2000000476837158,
    0.800000011920929,
    0.0,
    0.0,
    0.0,
    0.0,
    0.0,
    0.0,
    0.0,
    0.0,
    0.0,
    18.299999237060547,
    14.100000381469727,
    0.4000000059604645,
    3.4000000953674316,
    2.5999999046325684,
    0.0,
    0.0,
    0.0,
    0.0,
    0.20000000298023224,
    0.0,
    0.0,
    0.8999999761581421,
    0.0,
    0.0
  ],
  "tas": [
    0.20000000298023224,
    0.20000000298023224,
    -1.3000000193715096,
    -1.8000000268220901,
    -4.700000070035458,
    -7.000000104308128,
    -5.500000081956387,
    -2.1000000312924385,
    3.6000000536441803,
    -0.5000000074505806,
    -7.300000108778477,
    -1.700000025331974,
    3.7000000551342964,
    3.500000052154064,
    4.400000065565109,
    3.0000000447034836,
    0.6000000089406967,
    1.600000023841858,
    1.3000000193715096,
    -1.600000023841858,
    -3.7000000551342964,
    -6.900000102818012,
    -4.700000070035458,
    -4.500000067055225,
    -1.3000000193715096,
    -0.5000000074505806,
    0.6000000089406967,
    1.8000000268220901,
    0.5000000074505806,
    0.6000000089406967,
    1.3000000193715096,
    1.5000000223517418,
    0.4000000059604645,
    0.5000000074505806,
    0.9000000134110451,
    1.700000025331974,
    1.5000000223517418,
    3.500000052154064,
    3.400000050663948
  ],
  "tasmax": [
    1.3000000193715096,
    1.700000025331974,
    -0.10000000149011612,
    0.20000000298023224,
    -1.600000023841858,
    -3.7000000551342964,
    -2.2000000327825546,
    0.5000000074505806,
    8.00000011920929,
    2.7000000402331352,
    0.10000000149011612,
    3.0000000447034836,
    6.400000095367432,
    7.800000116229057,
    9.900000147521496,
    10.100000150501728,
    1.3000000193715096,
    5.500000081956387,
    7.200000107288361,
    4.500000067055225,
    2.2000000327825546,
    -3.6000000536441803,
    -0.10000000149011612,
    -1.3000000193715096,
    0.5000000074505806,
    0.800000011920929,
    3.200000047683716,
    4.400000065565109,
    1.600000023841858,
    2.7000000402331352,
    2.7000000402331352,
    3.400000050663948,
    2.500000037252903,
    3.0000000447034836,
    5.000000074505806,
    3.200000047683716,
    2.500000037252903,
    6.500000096857548,
    6.400000095367432
  ],
  "tasmin": [
    -0.4000000059604645,
    -2.0000000298023224,
    -2.2000000327825546,
    -4.200000062584877,
    -11.800000175833702,
    -12.000000178813934,
    -10.000000149011612,
    -6.500000096857548,
    0.0,
    -8.00000011920929,
    -11.500000171363354,
    -6.500000096857548,
    1.0000000149011612,
    -0.6000000089406967,
    0.10000000149011612,
    -1.600000023841858,
    -0.9000000134110451,
    -2.7000000402331352,
    -2.8000000417232513,
    -5.900000087916851,
    -7.900000117719173,
    -9.500000141561031,
    -7.700000114738941,
    -7.400000110268593,
    -3.200000047683716,
    -1.8000000268220901,
    -1.3000000193715096,
    0.20000000298023224,
    -0.20000000298023224,
    -1.3000000193715096,
    0.20000000298023224,
    0.0,
    -1.8000000268220901,
    -2.2000000327825546,
    -4.000000059604645,
    0.800000011920929,
    0.5000000074505806,
    1.1000000163912773,
    1.0000000149011612
  ]
}