{
  "time": [
    1767268800000000000,
    1767355200000000000,
    1767441600000000000
  ],
  "hurs": [
    74.50000111013651,
    80.70000120252371,
    75.7000011280179
  ],
  "pr": [
    0.800000011920929,
    2.4000000953674316,
    0.0
  ],
  "tas": [
    0.20000000298023224,
    0.20000000298023224,
    -1.3000000193715096
  ],
  "tasmax": [
    1.3000000193715096,
    1.8000000268220901,
    -0.10000000149011612
  ],
  "tasmin": [
    -0.4000000059604645,
    -2.1000000312924385,
    -2.2000000327825546
  ]
}