{
  "time": [
    1767268800000000000
  ],
  "hurs": [
    74.50000111013651
  ],
  "pr": [
    0.800000011920929
  ],
  "tas": [
    0.20000000298023224
  ],
  "tasmax": [
    1.3000000193715096
  ],
  "tasmin": [
    -0.4000000059604645
  ]
}