{
  "time": [
    1767225600000000000,
    1767312000000000000,
    1767398400000000000,
    1767484800000000000,
    1767571200000000000,
    1767657600000000000,
    1767744000000000000,
    1767830400000000000,
    1767916800000000000,
    1768003200000000000,
    1768089600000000000,
    1768176000000000000,
    1768262400000000000,
    1768348800000000000,
    1768435200000000000,
    1768521600000000000,
    1768608000000000000,
    1768694400000000000,
    1768780800000000000,
    1768867200000000000,
    1768953600000000000,
    1769040000000000000,
    1769126400000000000,
    1769212800000000000,
    1769299200000000000,
    1769385600000000000,
    1769472000000000000,
    1769558400000000000,
    1769644800000000000,
    1769731200000000000,
    1769817600000000000,
    1769904000000000000,
    1769990400000000000,
    1770076800000000000,
    1770163200000000000,
    1770249600000000000,
    1770336000000000000,
    1770422400000000000,
    1770508800000000000,
    1770595200000000000,
    1770681600000000000,
    1770768000000000000,
    1770854400000000000,
    1770940800000000000,
    1771027200000000000,
    1771113600000000000,
    1771200000000000000,
    1771286400000000000,
    1771372800000000000,
    1771459200000000000,
    1771545600000000000,
    1771632000000000000,
    1771718400000000000,
    1771804800000000000,
    1771891200000000000,
    1771977600000000000,
    1772064000000000000,
    1772150400000000000,
    1772236800000000000,
    1772323200000000000,
    1772409600000000000,
    1772496000000000000,
    1772582400000000000,
    1772668800000000000,
    1772755200000000000,
    1772841600000000000,
    1772928000000000000,
    1773014400000000000,
    1773100800000000000,
    1773187200000000000,
    1773273600000000000,
    1773360000000000000,
    1773446400000000000,
    1773532800000000000,
    1773619200000000000,
    1773705600000000000,
    1773792000000000000,
    1773878400000000000,
    1773964800000000000,
    1774051200000000000,
    1774137600000000000,
    1774224000000000000,
    1774310400000000000,
    1774396800000000000,
    1774483200000000000,
    1774569600000000000,
    1774656000000000000,
    1774742400000000000,
    1774828800000000000,
    1774915200000000000,
    1775001600000000000,
    1775088000000000000
  ],
  "hurs": [
    74.90000111609697,
    80.70000120252371,
    75.7000011280179,
    72.90000108629465,
    76.00000113248825,
    80.90000120550394,
    79.00000117719173,
    88.700001321733,
    83.50000124424696,
    90.70000135153532,
    84.00000125169754,
    92.70000138133764,
    96.40000143647194,
    93.00000138580799,
    93.20000138878822,
    82.90000123530626,
    88.50000131875277,
    81.20000120997429,
    61.200000911951065,
    64.90000096708536,
    70.00000104308128,
    83.00000123679638,
    76.50000113993883,
    82.5000012293458,
    87.20000129938126,
    94.70000141113997,
    92.20000137388706,
    87.40000130236149,
    95.00000141561031,
    90.90000135451555,
    85.0000012665987,
    86.2000012844801,
    78.50000116974115,
    81.20000120997429,
    85.70000127702951,
    87.00000129640102,
    90.70000135153532,
    99.00000147521496,
    95.00000141561031,
    85.40000127255917,
    80.70000120252371,
    92.70000138133764,
    89.20000132918358,
    83.90000125020742,
    83.20000123977661,
    66.50000099092722,
    92.20000137388706,
    88.20000131428242,
    73.50000109523535,
    85.50000127404928,
    82.20000122487545,
    89.20000132918358,
    89.00000132620335,
    82.5000012293458,
    84.50000125914812,
    93.20000138878822,
    91.2000013589859,
    77.50000115483999,
    74.50000111013651,
    72.0000010728836,
    78.50000116974115,
    79.00000117719173,
    80.0000011920929,
    69.00000102818012,
    69.5000010356307,
    72.90000108629465,
    74.90000111609697,
    73.90000110119581,
    75.20000112056732,
    82.70000123232603,
    77.90000116080046,
    68.70000102370977,
    71.70000106841326,
    73.200001090765,
    85.0000012665987,
    84.00000125169754,
    67.50000100582838,
    60.200000897049904,
    65.70000097900629,
    74.50000111013651,
    61.60000091791153,
    63.60000094771385,
    61.90000092238188,
    71.50000106543303,
    77.70000115782022,
    67.50000100582838,
    70.20000104606152,
    73.40000109374523,
    78.90000117570162,
    75.00000111758709,
    77.00000114738941,
    67.90000101178885
  ],
  "pr": [
    0.800000011920929,
    2.299999952316284,
    0.0,
    0.0,
    0.0,
    0.10000000149011612,
    1.0,
    7.400000095367432,
    2.5999999046325684,
    2.5999999046325684,
    0.0,
    4.5,
    0.0,
    1.2000000476837158,
    0.800000011920929,
    0.0,
    0.0,
    0.0,
    0.0,
    0.0,
    0.0,
    0.0,
    0.0,
    0.0,
    18.299999237060547,
    14.100000381469727,
    0.4000000059604645,
    3.4000000953674316,
    2.5999999046325684,
    0.0,
    0.0,
    0.0,
    0.0,
    0.30000001192092896,
    0.0,
    0.0,
    0.8999999761581421,
    0.0,
    0.0,
    0.0,
    3.299999952316284,
    12.0,
    10.0,
    0.20000000298023224,
    0.10000000149011612,
    3.700000047683716,
    14.899999618530273,
    2.299999952316284,
    1.600000023841858,
    8.800000190734863,
    0.699999988079071,
    2.799999952316284,
    4.400000095367432,
    3.700000047683716,
    0.10000000149011612,
    0.0,
    0.0,
    0.0,
    0.10000000149011612,
    0.0,
    0.0,
    0.0,
    0.0,
    0.0,
    0.0,
    0.0,
    0.0,
    0.0,
    0.800000011920929,
    5.099999904632568,
    0.0,
    0.0,
    0.5,
    0.0,
    2.5999999046325684,
    0.0,
    0.0,
    0.0,
    0.0,
    6.5,
    0.0,
    0.0,
    0.0,
    2.0,
    0.6000000238418579,
    0.0,
    3.4000000953674316,
    0.4000000059604645,
    2.5,
    1.7000000476837158,
    0.0,
    0.0
  ],
  "tas": [
    0.20000000298023224,
    0.20000000298023224,
    -1.3000000193715096,
    -1.8000000268220901,
    -4.90000007301569,
    -7.000000104308128,
    -5.500000081956387,
    -2.2000000327825546,
    3.500000052154064,
    -0.5000000074505806,
    -7.300000108778477,
    -1.8000000268220901,
    3.7000000551342964,
    3.6000000536441803,
    4.200000062584877,
    3.1000000461935997,
    0.6000000089406967,
    1.600000023841858,
    1.3000000193715096,
    -1.5000000223517418,
    -3.7000000551342964,
    -7.000000104308128,
    -4.700000070035458,
    -4.700000070035458,
    -1.5000000223517418,
    -0.5000000074505806,
    0.800000011920929,
    1.8000000268220901,
    0.5000000074505806,
    0.800000011920929,
    1.3000000193715096,
    1.3000000193715096,
    0.4000000059604645,
    0.5000000074505806,
    0.800000011920929,
    1.700000025331974,
    1.5000000223517418,
    3.6000000536441803,
    3.200000047683716,
    3.200000047683716,
    3.200000047683716,
    7.000000104308128,
    6.70000009983778,
    5.900000087916851,
    2.600000038743019,
    -0.20000000298023224,
    2.3000000342726707,
    2.500000037252903,
    1.8000000268220901,
    0.4000000059604645,
    0.5000000074505806,
    5.900000087916851,
    9.400000140070915,
    9.300000138580799,
    7.400000110268593,
    5.500000081956387,
    7.000000104308128,
    8.800000131130219,
    9.400000140070915,
    7.300000108778477,
    5.000000074505806,
    5.500000081956387,
    5.900000087916851,
    7.200000107288361,
    7.200000107288361,
    6.800000101327896,
    7.200000107288361,
    7.700000114738941,
    8.50000012665987,
    9.80000014603138,
    7.700000114738941,
    8.00000011920929,
    7.200000107288361,
    5.200000077486038,
    3.200000047683716,
    3.200000047683716,
    6.000000089406967,
    7.000000104308128,
    6.800000101327896,
    7.000000104308128,
    7.700000114738941,
    6.500000096857548,
    7.500000111758709,
    6.70000009983778,
    3.200000047683716,
    1.5000000223517418,
    1.700000025331974,
    4.200000062584877,
    3.7000000551342964,
    4.000000059604645,
    4.000000059604645,
    4.400000065565109
  ],