{
  "time": [
    1767225600000000000,
    1767312000000000000,
    1767398400000000000,
    1767484800000000000,
    1767571200000000000,
    1767657600000000000,
    1767744000000000000,
    1767830400000000000,
    1767916800000000000,
    1768003200000000000,
    1768089600000000000,
    1768176000000000000,
    1768262400000000000,
    1768348800000000000,
    1768435200000000000,
    1768521600000000000,
    1768608000000000000,
    1768694400000000000,
    1768780800000000000,
    1768867200000000000,
    1768953600000000000,
    1769040000000000000,
    1769126400000000000,
    1769212800000000000,
    1769299200000000000,
    1769385600000000000,
    1769472000000000000,
    1769558400000000000,
    1769644800000000000,
    1769731200000000000,
    1769817600000000000,
    1769904000000000000,
    1769990400000000000,
    1770076800000000000,
    1770163200000000000,
    1770249600000000000,
    1770336000000000000,
    1770422400000000000,
    1770508800000000000,
    1770595200000000000,
    1770681600000000000,
    1770768000000000000,
    1770854400000000000,
    1770940800000000000,
    1771027200000000000,
    1771113600000000000,
    1771200000000000000,
    1771286400000000000,
    1771372800000000000,
    1771459200000000000,
    1771545600000000000,
    1771632000000000000,
    1771718400000000000,
    1771804800000000000,
    1771891200000000000,
    1771977600000000000,
    1772064000000000000,
    1772150400000000000
  ],
  "hurs": [
    74.90000111609697,
    80.70000120252371,
    75.7000011280179,
    72.90000108629465,
    76.00000113248825,
    80.90000120550394,
    79.00000117719173,
    88.700001321733,
    83.50000124424696,
    90.70000135153532,
    84.00000125169754,
    92.70000138133764,
    96.40000143647194,
    93.00000138580799,
    93.20000138878822,
    82.90000123530626,
    88.50000131875277,
    81.20000120997429,
    61.200000911951065,
    64.90000096708536,
    70.00000104308128,
    83.00000123679638,
    76.50000113993883,
    82.5000012293458,
    87.20000129938126,
    94.70000141113997,
    92.20000137388706,
    87.40000130236149,
    95.00000141561031,
    90.90000135451555,
    85.0000012665987,
    85.0000012665987,
    78.40000116825104,
    81.50000121444464,
    84.90000126510859,
    86.90000129491091,
    90.50000134855509,
    100.00000149011612,
    94.00000140070915,
    85.20000126957893,
    81.70000121742487,
    92.90000138431787,
    88.40000131726265,
    84.50000125914812,
    83.20000123977661,
    67.20000100135803,
    92.4000013768673,
    88.20000131428242,
    73.40000109374523,
    85.20000126957893,
    82.20000122487545,
    89.50000133365393,
    89.50000133365393,
    83.00000123679638,
    84.50000125914812,
    93.50000139325857,
    91.50000136345625,
    76.50000113993883
  ],
  "pr": [
    0.800000011920929,
    2.299999952316284,
    0.0,
    0.0,
    0.0,
    0.10000000149011612,
    1.0,
    7.400000095367432,
    2.5999999046325684,
    2.5999999046325684,
    0.0,
    4.5,
    0.0,
    1.2000000476837158,
    0.800000011920929,
    0.0,
    0.0,
    0.0,
    0.0,
    0.0,
    0.0,
    0.0,
    0.0,
    0.0,
    18.299999237060547,
    14.100000381469727,
    0.4000000059604645,
    3.4000000953674316,
    2.5999999046325684,
    0.0,
    0.0,
    0.0,
    0.0,
    0.20000000298023224,
    0.0,
    0.0,
    0.8999999761581421,
    0.0,
    0.0,
    0.0,
    3.299999952316284,
    12.199999809265137,
    10.0,
    0.20000000298023224,
    0.10000000149011612,
    3.700000047683716,
    14.899999618530273,
    2.299999952316284,
    1.600000023841858,
    8.800000190734863,
    0.699999988079071,
    2.799999952316284,
    4.400000095367432,
    3.700000047683716,
    0.10000000149011612,
    0.0,
    0.0,
    0.0
  ],
  "tas": [
    0.20000000298023224,
    0.20000000298023224,
    -1.3000000193715096,
    -1.8000000268220901,
    -4.90000007301569,
    -7.000000104308128,
    -5.500000081956387,
    -2.2000000327825546,
    3.500000052154064,
    -0.5000000074505806,
    -7.300000108778477,
    -1.8000000268220901,
    3.7000000551342964,
    3.6000000536441803,
    4.200000062584877,
    3.1000000461935997,
    0.6000000089406967,
    1.600000023841858,
    1.3000000193715096,
    -1.5000000223517418,
    -3.7000000551342964,
    -7.000000104308128,
    -4.700000070035458,
    -4.700000070035458,
    -1.5000000223517418,
    -0.5000000074505806,
    0.800000011920929,
    1.8000000268220901,
    0.5000000074505806,
    0.800000011920929,
    1.3000000193715096,
    1.5000000223517418,
    0.4000000059604645,
    0.5000000074505806,
    0.9000000134110451,
    1.700000025331974,
    1.5000000223517418,
    3.500000052154064,
    3.400000050663948,
    3.200000047683716,
    3.1000000461935997,
    7.000000104308128,
    6.800000101327896,
    6.000000089406967,
    2.600000038743019,
    -0.4000000059604645,
    2.3000000342726707,
    2.500000037252903,
    1.8000000268220901,
    0.5000000074505806,
    0.5000000074505806,
    5.900000087916851,
    9.300000138580799,
    9.400000140070915,
    7.500000111758709,
    5.500000081956387,
    7.000000104308128,
    8.900000132620335
  ],
  "tasmax": [
    1.3000000193715096,
    1.8000000268220901,
    0.0,
    0.20000000298023224,
    -1.8000000268220901,
    -3.7000000551342964,
    -2.2000000327825546,
    0.4000000059604645,
    7.900000117719173,
    2.7000000402331352,
    -1.700000025331974,
    2.8000000417232513,
    6.400000095367432,
    7.800000116229057,
    9.80000014603138,
    10.30000015348196,
    1.3000000193715096,
    5.500000081956387,
    7.200000107288361,
    4.700000070035458,
    2.2000000327825546,
    -3.6000000536441803,
    -0.10000000149011612,
    -1.5000000223517418,
    0.20000000298023224,
    0.800000011920929,
    3.200000047683716,
    4.400000065565109,
    1.600000023841858,
    2.8000000417232513,
    2.7000000402331352,
    3.400000050663948,
    2.500000037252903,
    3.0000000447034836,
    5.000000074505806,
    3.200000047683716,
    2.500000037252903,
    6.500000096857548,
    6.400000095367432,
    5.4000000804662704,
    6.400000095367432,
    9.300000138580799,
    9.80000014603138,
    8.800000131130219,
    5.000000074505806,
    1.3000000193715096,
    7.000000104308128,
    5.000000074505806,
    4.700000070035458,
    1.600000023841858,
    2.8000000417232513,
    9.00000013411045,
    11.000000163912773,
    11.300000168383121,
    11.800000175833702,
    9.100000135600567,
    13.500000201165676,
    19.10000028461218
  ],
  "tasmin": [
    -0.5000000074505806,
    -2.1000000312924385,
    -2.2000000327825546,
    -4.200000062584877,
    -11.900000177323818,
    -12.10000018030405,
    -10.000000149011612,
    -6.70000009983778,
    -0.10000000149011612,
    -8.00000011920929,
    -11.500000171363354,
    -6.500000096857548,
    1.0000000149011612,
    -0.5000000074505806,
    -0.10000000149011612,
    -1.3000000193715096,
    -0.800000011920929,
    -2.7000000402331352,
    -2.8000000417232513,
    -5.700000084936619,
    -7.900000117719173,
    -9.600000143051147,
    -7.700000114738941,
    -7.500000111758709,
    -3.500000052154064,
    -1.700000025331974,
    -1.1000000163912773,
    0.20000000298023224,
    -0.4000000059604645,
    -1.0000000149011612,
    0.20000000298023224,
    0.0,
    -1.8000000268220901,
    -2.2000000327825546,
    -4.000000059604645,
    0.800000011920929,
    0.5000000074505806,
    1.1000000163912773,
    1.0000000149011612,
    1.3000000193715096,
    -1.8000000268220901,
    4.000000059604645,
    4.400000065565109,
    1.1000000163912773,
    0.10000000149011612,
    -2.1000000312924385,
    -1.700000025331974,
    0.4000000059604645,
    -0.5000000074505806,
    -0.5000000074505806,
    -3.6000000536441803,
    2.2000000327825546,
    7.800000116229057,
    7.800000116229057,
    1.8000000268220901,
    1.1000000163912773,
    2.8000000417232513,
    1.5000000223517418
  ]
}