{
  "time": [
    1767225600000000000,
    1767312000000000000,
    1767398400000000000,
    1767484800000000000,
    1767571200000000000,
    1767657600000000000,
    1767744000000000000,
    1767830400000000000,
    1767916800000000000,
    1768003200000000000,
    1768089600000000000,
    1768176000000000000,
    1768262400000000000,
    1768348800000000000,
    1768435200000000000,
    1768521600000000000,
    1768608000000000000,
    1768694400000000000,
    1768780800000000000,
    1768867200000000000,
    1768953600000000000,
    1769040000000000000,
    1769126400000000000,
    1769212800000000000,
    1769299200000000000,
    1769385600000000000,
    1769472000000000000,
    1769558400000000000,
    1769644800000000000,
    1769731200000000000,
    1769817600000000000,
    1769904000000000000,
    1769990400000000000,
    1770076800000000000,
    1770163200000000000,
    1770249600000000000,
    1770336000000000000,
    1770422400000000000,
    1770508800000000000,
    1770595200000000000,
    1770681600000000000
  ],
  "hurs": [
    74.90000111609697,
    80.50000119954348,
    75.20000112056732,
    72.20000107586384,
    75.00000111758709,
    80.90000120550394,
    79.20000118017197,
    87.70000130683184,
    83.20000123977661,
    90.20000134408474,
    85.0000012665987,
    91.70000136643648,
    95.90000142902136,
    94.00000140070915,
    92.50000137835741,
    83.90000125020742,
    88.40000131726265,
    81.50000121444464,
    61.50000091642141,
    65.50000097602606,
    70.20000104606152,
    82.40000122785568,
    74.70000111311674,
    80.20000119507313,
    85.50000127404928,
    95.00000141561031,
    93.50000139325857,
    87.70000130683184,
    94.9000014141202,
    91.90000136941671,
    84.70000126212835,
    85.0000012665987,
    78.40000116825104,
    81.50000121444464,
    84.90000126510859,
    86.90000129491091,
    90.50000134855509,
    100.00000149011612,
    94.00000140070915,
    85.20000126957893,
    81.70000121742487
  ]
}