{
  "time": [
    1767268800000000000,
    1767355200000000000,
    1767441600000000000
  ],
  "hurs": [
    74.50000111013651,
    80.70000120252371,
    75.7000011280179
  ]
}