{
  "time": [
    1767268800000000000,
    1767355200000000000,
    1767441600000000000
  ],
  "tasmin": [
    -0.4000000059604645,
    -2.1000000312924385,
    -2.2000000327825546
  ]
}