{
  "time": [
    1767225600000000000,
    1767312000000000000,
    1767398400000000000,
    1767484800000000000,
    1767571200000000000,
    1767657600000000000,
    1767744000000000000,
    1767830400000000000,
    1767916800000000000,
    1768003200000000000,
    1768089600000000000,
    1768176000000000000,
    1768262400000000000,
    1768348800000000000,
    1768435200000000000,
    1768521600000000000,
    1768608000000000000,
    1768694400000000000,
    1768780800000000000,
    1768867200000000000,
    1768953600000000000,
    1769040000000000000,
    1769126400000000000,
    1769212800000000000,
    1769299200000000000,
    1769385600000000000,
    1769472000000000000,
    1769558400000000000,
    1769644800000000000,
    1769731200000000000,
    1769817600000000000,
    1769904000000000000,
    1769990400000000000,
    1770076800000000000,
    1770163200000000000,
    1770249600000000000,
    1770336000000000000,
    1770422400000000000,
    1770508800000000000,
    1770595200000000000,
    1770681600000000000,
    1770768000000000000,
    1770854400000000000,
    1770940800000000000,
    1771027200000000000,
    1771113600000000000,
    1771200000000000000,
    1771286400000000000,
    1771372800000000000,
    1771459200000000000,
    1771545600000000000,
    1771632000000000000,
    1771718400000000000,
    1771804800000000000,
    1771891200000000000,
    1771977600000000000,
    1772064000000000000,
    1772150400000000000,
    1772236800000000000,
    1772323200000000000,
    1772409600000000000,
    1772496000000000000,
    1772582400000000000,
    1772668800000000000,
    1772755200000000000,
    1772841600000000000,
    1772928000000000000,
    1773014400000000000,
    1773100800000000000,
    1773187200000000000,
    1773273600000000000,
    1773360000000000000
  ],
  "tasmax": [
    1.3000000193715096,
    1.8000000268220901,
    0.0,
    0.20000000298023224,
    -1.8000000268220901,
    -3.7000000551342964,
    -2.2000000327825546,
    0.4000000059604645,
    7.900000117719173,
    2.7000000402331352,
    -1.700000025331974,
    2.8000000417232513,
    6.400000095367432,
    7.800000116229057,
    9.80000014603138,
    10.30000015348196,
    1.3000000193715096,
    5.500000081956387,
    7.200000107288361,
    4.700000070035458,
    2.2000000327825546,
    -3.6000000536441803,
    -0.10000000149011612,
    -1.5000000223517418,
    0.20000000298023224,
    0.800000011920929,
    3.200000047683716,
    4.400000065565109,
    1.600000023841858,
    2.8000000417232513,
    2.7000000402331352,
    3.200000047683716,
    2.500000037252903,
    3.0000000447034836,
    5.000000074505806,
    3.200000047683716,
    2.500000037252903,
    6.70000009983778,
    6.200000092387199,
    5.4000000804662704,
    6.500000096857548,
    9.300000138580799,
    9.500000141561031,
    8.50000012665987,
    5.000000074505806,
    1.5000000223517418,
    7.000000104308128,
    5.200000077486038,
    4.700000070035458,
    1.600000023841858,
    2.8000000417232513,
    9.00000013411045,
    11.10000016540289,
    11.10000016540289,
    11.60000017285347,
    9.100000135600567,
    13.500000201165676,
    19.000000283122063,
    15.800000235438347,
    12.800000190734863,
    13.100000195205212,
    13.600000202655792,
    14.600000217556953,
    15.800000235438347,
    16.50000024586916,
    16.800000250339508,
    16.100000239908695,
    16.50000024586916,
    16.600000247359276,
    14.400000214576721,
    12.400000184774399,
    15.300000227987766
  ]
}