{
  "time": [
    1767225600000000000,
    1767312000000000000,
    1767398400000000000,
    1767484800000000000,
    1767571200000000000,
    1767657600000000000,
    1767744000000000000,
    1767830400000000000,
    1767916800000000000,
    1768003200000000000,
    1768089600000000000,
    1768176000000000000,
    1768262400000000000,
    1768348800000000000,
    1768435200000000000,
    1768521600000000000,
    1768608000000000000,
    1768694400000000000,
    1768780800000000000,
    1768867200000000000,
    1768953600000000000,
    1769040000000000000,
    1769126400000000000,
    1769212800000000000,
    1769299200000000000,
    1769385600000000000,
    1769472000000000000,
    1769558400000000000,
    1769644800000000000,
    1769731200000000000,
    1769817600000000000,
    1769904000000000000,
    1769990400000000000,
    1770076800000000000,
    1770163200000000000,
    1770249600000000000,
    1770336000000000000,
    1770422400000000000,
    1770508800000000000,
    1770595200000000000,
    1770681600000000000,
    1770768000000000000,
    1770854400000000000,
    1770940800000000000,
    1771027200000000000,
    1771113600000000000,
    1771200000000000000,
    1771286400000000000,
    1771372800000000000,
    1771459200000000000,
    1771545600000000000,
    1771632000000000000,
    1771718400000000000,
    1771804800000000000,
    1771891200000000000,
    1771977600000000000,
    1772064000000000000
  ],
  "tasmin": [
    -0.5000000074505806,
    -2.1000000312924385,
    -2.2000000327825546,
    -4.200000062584877,
    -11.900000177323818,
    -12.10000018030405,
    -10.000000149011612,
    -6.70000009983778,
    -0.10000000149011612,
    -8.00000011920929,
    -11.500000171363354,
    -6.500000096857548,
    1.0000000149011612,
    -0.5000000074505806,
    -0.10000000149011612,
    -1.3000000193715096,
    -0.800000011920929,
    -2.7000000402331352,
    -2.8000000417232513,
    -5.700000084936619,
    -7.900000117719173,
    -9.600000143051147,
    -7.700000114738941,
    -7.500000111758709,
    -3.500000052154064,
    -1.700000025331974,
    -1.1000000163912773,
    0.20000000298023224,
    -0.4000000059604645,
    -1.0000000149011612,
    0.20000000298023224,
    0.0,
    -1.8000000268220901,
    -2.2000000327825546,
    -4.000000059604645,
    0.800000011920929,
    0.5000000074505806,
    1.1000000163912773,
    1.0000000149011612,
    1.3000000193715096,
    -1.8000000268220901,
    4.000000059604645,
    4.400000065565109,
    1.1000000163912773,
    0.10000000149011612,
    -2.1000000312924385,
    -1.700000025331974,
    0.4000000059604645,
    -0.5000000074505806,
    -0.5000000074505806,
    -3.6000000536441803,
    2.2000000327825546,
    7.800000116229057,
    7.800000116229057,
    1.8000000268220901,
    1.1000000163912773,
    2.8000000417232513
  ]
}