{
  "time": [
    1767225600000000000,
    1767312000000000000,
    1767398400000000000,
    1767484800000000000,
    1767571200000000000,
    1767657600000000000,
    1767744000000000000,
    1767830400000000000,
    1767916800000000000,
    1768003200000000000,
    1768089600000000000,
    1768176000000000000,
    1768262400000000000,
    1768348800000000000,
    1768435200000000000,
    1768521600000000000,
    1768608000000000000,
    1768694400000000000,
    1768780800000000000,
    1768867200000000000,
    1768953600000000000,
    1769040000000000000,
    1769126400000000000,
    1769212800000000000,
    1769299200000000000,
    1769385600000000000,
    1769472000000000000,
    1769558400000000000,
    1769644800000000000,
    1769731200000000000,
    1769817600000000000,
    1769904000000000000,
    1769990400000000000,
    1770076800000000000,
    1770163200000000000,
    1770249600000000000,
    1770336000000000000,
    1770422400000000000,
    1770508800000000000,
    1770595200000000000,
    1770681600000000000
  ],
  "tasmax": [
    1.3000000193715096,
    1.700000025331974,
    -0.10000000149011612,
    0.20000000298023224,
    -1.600000023841858,
    -3.7000000551342964,
    -2.2000000327825546,
    0.5000000074505806,
    8.00000011920929,
    2.7000000402331352,
    0.10000000149011612,
    3.0000000447034836,
    6.400000095367432,
    7.800000116229057,
    9.900000147521496,
    10.100000150501728,
    1.3000000193715096,
    5.500000081956387,
    7.200000107288361,
    4.500000067055225,
    2.2000000327825546,
    -3.6000000536441803,
    -0.10000000149011612,
    -1.3000000193715096,
    0.5000000074505806,
    0.800000011920929,
    3.200000047683716,
    4.400000065565109,
    1.600000023841858,
    2.7000000402331352,
    2.7000000402331352,
    3.400000050663948,
    2.500000037252903,
    3.0000000447034836,
    5.000000074505806,
    3.200000047683716,
    2.500000037252903,
    6.500000096857548,
    6.400000095367432,
    5.4000000804662704,
    6.400000095367432
  ]
}