{
  "time": [
    1767225600000000000,
    1767312000000000000,
    1767398400000000000,
    1767484800000000000,
    1767571200000000000,
    1767657600000000000,
    1767744000000000000,
    1767830400000000000,
    1767916800000000000,
    1768003200000000000,
    1768089600000000000,
    1768176000000000000,
    1768262400000000000,
    1768348800000000000,
    1768435200000000000,
    1768521600000000000,
    1768608000000000000,
    1768694400000000000,
    1768780800000000000,
    1768867200000000000,
    1768953600000000000,
    1769040000000000000,
    1769126400000000000,
    1769212800000000000,
    1769299200000000000,
    1769385600000000000,
    1769472000000000000,
    1769558400000000000,
    1769644800000000000,
    1769731200000000000,
    1769817600000000000,
    1769904000000000000,
    1769990400000000000,
    1770076800000000000,
    1770163200000000000,
    1770249600000000000,
    1770336000000000000,
    1770422400000000000,
    1770508800000000000,
    1770595200000000000,
    1770681600000000000,
    1770768000000000000,
    1770854400000000000,
    1770940800000000000,
    1771027200000000000,
    1771113600000000000,
    1771200000000000000,
    1771286400000000000,
    1771372800000000000,
    1771459200000000000,
    1771545600000000000,
    1771632000000000000,
    1771718400000000000,
    1771804800000000000,
    1771891200000000000,
    1771977600000000000
  ],
  "hurs": [
    80.20000119507313,
    89.70000133663416,
    88.50000131875277,
    85.20000126957893,
    79.00000117719173,
    83.90000125020742,
    76.00000113248825,
    82.5000012293458,
    85.70000127702951,
    82.00000122189522,
    80.20000119507313,
    88.50000131875277,
    85.90000128000975,
    89.40000133216381,
    82.00000122189522,
    75.50000112503767,
    85.20000126957893,
    91.00000135600567,
    85.90000128000975,
    84.400001257658,
    73.70000109821558,
    73.50000109523535,
    79.20000118017197,
    85.70000127702951,
    83.70000124722719,
    91.70000136643648,
    90.00000134110451,
    94.20000140368938,
    92.70000138133764,
    84.70000126212835,
    85.0000012665987,
    83.50000124424696,
    78.2000011652708,
    79.90000119060278,
    85.50000127404928,
    85.0000012665987,
    90.00000134110451,
    86.90000129491091,
    90.70000135153532,
    82.70000123232603,
    79.50000118464231,
    94.9000014141202,
    93.40000139176846,
    84.50000125914812,
    86.00000128149986,
    78.00000116229057,
    91.50000136345625,
    87.20000129938126,
    82.70000123232603,
    69.20000103116035,
    77.50000115483999,
    88.00000131130219,
    92.70000138133764,
    82.70000123232603,
    89.50000133365393,
    79.90000119060278
  ],
  "pr": [
    8.199999809265137,
    1.5,
    1.7000000476837158,
    0.30000001192092896,
    0.30000001192092896,
    0.0,
    1.2000000476837158,
    7.5,
    5.400000095367432,
    0.0,
    2.0999999046325684,
    7.0,
    2.4000000953674316,
    2.799999952316284,
    0.0,
    0.10000000149011612,
    0.0,
    0.0,
    0.0,
    0.0,
    0.0,
    0.10000000149011612,
    0.6000000238418579,
    0.30000001192092896,
    0.10000000149011612,
    3.0999999046325684,
    4.300000190734863,
    4.0,
    4.0,
    0.30000001192092896,
    0.4000000059604645,
    0.10000000149011612,
    0.0,
    1.7000000476837158,
    0.0,
    0.0,
    1.600000023841858,
    0.0,
    0.0,
    0.20000000298023224,
    0.800000011920929,
    7.599999904632568,
    3.5999999046325684,
    0.0,
    0.0,
    6.199999809265137,
    5.800000190734863,
    7.199999809265137,
    0.0,
    0.0,
    3.4000000953674316,
    2.5999999046325684,
    8.399999618530273,
    7.199999809265137,
    0.0,
    0.0
  ],
  "tas": [
    2.8000000417232513,
    1.1000000163912773,
    0.6000000089406967,
    0.5000000074505806,
    -1.3000000193715096,
    -0.6000000089406967,
    -1.1000000163912773,
    1.8000000268220901,
    3.7000000551342964,
    -3.400000050663948,
    -5.000000074505806,
    3.200000047683716,
    8.800000131130219,
    7.700000114738941,
    9.500000141561031,
    10.600000157952309,
    6.200000092387199,
    0.6000000089406967,
    -0.20000000298023224,
    0.20000000298023224,
    2.600000038743019,
    0.20000000298023224,
    2.500000037252903,
    0.10000000149011612,
    -1.1000000163912773,
    -0.20000000298023224,
    1.1000000163912773,
    1.0000000149011612,
    -0.20000000298023224,
    0.5000000074505806,
    3.500000052154064,
    4.500000067055225,
    2.3000000342726707,
    -0.10000000149011612,
    3.6000000536441803,
    1.5000000223517418,
    2.1000000312924385,
    6.900000102818012,
    2.7000000402331352,
    2.7000000402331352,
    5.900000087916851,
    8.50000012665987,
    8.00000011920929,
    3.6000000536441803,
    -0.20000000298023224,
    -0.6000000089406967,
    3.1000000461935997,
    3.9000000581145287,
    1.1000000163912773,
    2.0000000298023224,
    2.0000000298023224,
    8.900000132620335,
    11.300000168383121,
    9.300000138580799,
    9.600000143051147,
    11.500000171363354
  ],
  "tasmax": [
    4.000000059604645,
    2.8000000417232513,
    1.5000000223517418,
    1.0000000149011612,
    0.20000000298023224,
    0.5000000074505806,
    0.6000000089406967,
    3.1000000461935997,
    6.800000101327896,
    1.3000000193715096,
    0.5000000074505806,
    7.500000111758709,
    10.600000157952309,
    10.400000154972076,
    11.60000017285347,
    12.300000183284283,
    12.400000184774399,
    4.400000065565109,
    5.200000077486038,
    6.500000096857548,
    8.600000128149986,
    5.000000074505806,
    6.200000092387199,
    2.2000000327825546,
    1.0000000149011612,
    0.6000000089406967,
    2.7000000402331352,
    2.0000000298023224,
    0.5000000074505806,
    3.6000000536441803,
    6.500000096857548,
    7.300000108778477,
    5.500000081956387,
    2.7000000402331352,
    8.600000128149986,
    5.000000074505806,
    6.400000095367432,
    12.600000187754631,
    8.900000132620335,
    8.50000012665987,
    9.00000013411045,
    10.500000156462193,
    9.00000013411045,
    7.400000110268593,
    0.6000000089406967,
    4.000000059604645,
    6.70000009983778,
    6.400000095367432,
    2.7000000402331352,
    4.200000062584877,
    6.900000102818012,
    10.900000162422657,
    12.300000183284283,
    10.600000157952309,
    12.500000186264515,
    17.30000025779009
  ],
  "tasmin": [
    0.9000000134110451,
    0.20000000298023224,
    -0.20000000298023224,
    -1.600000023841858,
    -3.200000047683716,
    -2.8000000417232513,
    -3.7000000551342964,
    0.10000000149011612,
    0.800000011920929,
    -8.800000131130219,
    -11.000000163912773,
    -1.0000000149011612,
    7.000000104308128,
    4.500000067055225,
    5.500000081956387,
    6.500000096857548,
    0.5000000074505806,
    -2.3000000342726707,
    -4.200000062584877,
    -4.200000062584877,
    -2.0000000298023224,
    -3.9000000581145287,
    0.10000000149011612,
    -2.1000000312924385,
    -3.6000000536441803,
    -1.3000000193715096,
    -0.6000000089406967,
    -0.20000000298023224,
    -0.800000011920929,
    -3.1000000461935997,
    0.5000000074505806,
    2.2000000327825546,
    -1.600000023841858,
    -2.2000000327825546,
    -0.20000000298023224,
    -1.1000000163912773,
    -1.0000000149011612,
    0.6000000089406967,
    -1.3000000193715096,
    -1.8000000268220901,
    1.5000000223517418,
    6.000000089406967,
    6.800000101327896,
    0.800000011920929,
    -3.1000000461935997,
    -5.900000087916851,
    -0.10000000149011612,
    1.8000000268220901,
    -0.20000000298023224,
    0.10000000149011612,
    -4.000000059604645,
    6.70000009983778,
    9.80000014603138,
    7.300000108778477,
    6.200000092387199,
    5.700000084936619
  ]
}