{
  "time": [
    1767225600000000000,
    1767312000000000000,
    1767398400000000000,
    1767484800000000000,
    1767571200000000000,
    1767657600000000000,
    1767744000000000000,
    1767830400000000000,
    1767916800000000000,
    1768003200000000000,
    1768089600000000000,
    1768176000000000000,
    1768262400000000000,
    1768348800000000000,
    1768435200000000000,
    1768521600000000000,
    1768608000000000000,
    1768694400000000000,
    1768780800000000000,
    1768867200000000000,
    1768953600000000000,
    1769040000000000000,
    1769126400000000000,
    1769212800000000000,
    1769299200000000000,
    1769385600000000000,
    1769472000000000000,
    1769558400000000000,
    1769644800000000000,
    1769731200000000000,
    1769817600000000000,
    1769904000000000000,
    1769990400000000000,
    1770076800000000000,
    1770163200000000000,
    1770249600000000000,
    1770336000000000000,
    1770422400000000000,
    1770508800000000000,
    1770595200000000000,
    1770681600000000000,
    1770768000000000000,
    1770854400000000000,
    1770940800000000000,
    1771027200000000000
  ],
  "hurs": [
    80.70000120252371,
    89.20000132918358,
    88.700001321733,
    85.0000012665987,
    78.90000117570162,
    83.40000124275684,
    75.50000112503767,
    82.40000122785568,
    86.2000012844801,
    83.00000123679638,
    81.00000120699406,
    88.40000131726265,
    86.2000012844801,
    89.90000133961439,
    81.9000012204051,
    75.50000112503767,
    85.0000012665987,
    91.70000136643648,
    85.20000126957893,
    84.400001257658,
    75.20000112056732,
    73.70000109821558,
    80.20000119507313,
    85.20000126957893,
    84.70000126212835,
    93.7000013962388,
    89.00000132620335,
    93.50000139325857,
    92.70000138133764,
    85.0000012665987,
    83.40000124275684,
    83.50000124424696,
    78.2000011652708,
    79.90000119060278,
    85.50000127404928,
    85.0000012665987,
    90.00000134110451,
    86.90000129491091,
    90.70000135153532,
    82.70000123232603,
    79.50000118464231,
    94.9000014141202,
    93.40000139176846,
    84.50000125914812,
    86.00000128149986
  ],
  "pr": [
    8.199999809265137,
    1.5,
    1.7000000476837158,
    0.30000001192092896,
    0.30000001192092896,
    0.0,
    1.2000000476837158,
    7.5,
    5.400000095367432,
    0.0,
    2.0999999046325684,
    7.0,
    2.4000000953674316,
    2.799999952316284,
    0.0,
    0.10000000149011612,
    0.0,
    0.0,
    0.0,
    0.0,
    0.0,
    0.10000000149011612,
    0.6000000238418579,
    0.30000001192092896,
    0.10000000149011612,
    3.0999999046325684,
    4.300000190734863,
    4.0,
    4.0,
    0.30000001192092896,
    0.4000000059604645,
    0.10000000149011612,
    0.0,
    1.7000000476837158,
    0.0,
    0.0,
    1.600000023841858,
    0.0,
    0.0,
    0.20000000298023224,
    0.800000011920929,
    7.599999904632568,
    3.5999999046325684,
    0.0,
    0.0
  ],
  "tas": [
    2.7000000402331352,
    1.1000000163912773,
    0.6000000089406967,
    0.6000000089406967,
    -1.3000000193715096,
    -0.5000000074505806,
    -1.1000000163912773,
    1.8000000268220901,
    3.7000000551342964,
    -3.500000052154064,
    -5.200000077486038,
    3.200000047683716,
    8.600000128149986,
    7.700000114738941,
    9.500000141561031,
    10.500000156462193,
    6.200000092387199,
    0.5000000074505806,
    -0.20000000298023224,
    0.20000000298023224,
    2.3000000342726707,
    0.20000000298023224,
    2.3000000342726707,
    0.0,
    -1.3000000193715096,
    -0.4000000059604645,
    1.3000000193715096,
    1.1000000163912773,
    -0.20000000298023224,
    0.5000000074505806,
    3.6000000536441803,
    4.500000067055225,
    2.3000000342726707,
    -0.10000000149011612,
    3.6000000536441803,
    1.5000000223517418,
    2.1000000312924385,
    6.900000102818012,
    2.7000000402331352,
    2.7000000402331352,
    5.900000087916851,
    8.50000012665987,
    8.00000011920929,
    3.6000000536441803,
    -0.20000000298023224
  ],
  "tasmax": [
    4.000000059604645,
    2.7000000402331352,
    1.5000000223517418,
    1.1000000163912773,
    0.10000000149011612,
    0.5000000074505806,
    0.6000000089406967,
    3.1000000461935997,
    6.800000101327896,
    1.1000000163912773,
    0.20000000298023224,
    7.500000111758709,
    10.500000156462193,
    10.500000156462193,
    11.60000017285347,
    12.10000018030405,
    12.500000186264515,
    4.200000062584877,
    5.200000077486038,
    6.200000092387199,
    8.400000125169754,
    5.000000074505806,
    6.000000089406967,
    2.0000000298023224,
    0.800000011920929,
    0.5000000074505806,
    3.1000000461935997,
    2.1000000312924385,
    0.5000000074505806,
    3.6000000536441803,
    6.70000009983778,
    7.300000108778477,
    5.500000081956387,
    2.7000000402331352,
    8.600000128149986,
    5.000000074505806,
    6.400000095367432,
    12.600000187754631,
    8.900000132620335,
    8.50000012665987,
    9.00000013411045,
    10.500000156462193,
    9.00000013411045,
    7.400000110268593,
    0.6000000089406967
  ],
  "tasmin": [
    0.9000000134110451,
    0.20000000298023224,
    -0.20000000298023224,
    -1.700000025331974,
    -3.400000050663948,
    -2.8000000417232513,
    -3.7000000551342964,
    0.10000000149011612,
    0.6000000089406967,
    -8.800000131130219,
    -11.300000168383121,
    -0.9000000134110451,
    6.800000101327896,
    4.400000065565109,
    5.500000081956387,
    6.400000095367432,
    0.5000000074505806,
    -2.500000037252903,
    -4.400000065565109,
    -4.200000062584877,
    -1.8000000268220901,
    -3.9000000581145287,
    -0.10000000149011612,
    -2.2000000327825546,
    -3.7000000551342964,
    -1.5000000223517418,
    -0.5000000074505806,
    -0.10000000149011612,
    -0.800000011920929,
    -3.0000000447034836,
    0.5000000074505806,
    2.2000000327825546,
    -1.600000023841858,
    -2.2000000327825546,
    -0.20000000298023224,
    -1.1000000163912773,
    -1.0000000149011612,
    0.6000000089406967,
    -1.3000000193715096,
    -1.8000000268220901,
    1.5000000223517418,
    6.000000089406967,
    6.800000101327896,
    0.800000011920929,
    -3.1000000461935997
  ]
}