{
  "time": [
    1767268800000000000,
    1767355200000000000,
    1767441600000000000
  ],
  "hurs": [
    80.70000120252371,
    89.40000133216381,
    89.00000132620335
  ],
  "pr": [
    8.300000190734863,
    1.600000023841858,
    1.7000000476837158
  ],
  "tas": [
    2.7000000402331352,
    1.1000000163912773,
    0.5000000074505806
  ],
  "tasmax": [
    4.000000059604645,
    2.7000000402331352,
    1.3000000193715096
  ],
  "tasmin": [
    0.9000000134110451,
    0.20000000298023224,
    -0.4000000059604645
  ]
}