{
  "time": [
    1767268800000000000,
    1767355200000000000,
    1767441600000000000
  ],
  "hurs": [
    80.70000120252371,
    89.40000133216381,
    89.00000132620335
  ]
}