{
  "time": [
    1767225600000000000,
    1767312000000000000,
    1767398400000000000,
    1767484800000000000,
    1767571200000000000,
    1767657600000000000,
    1767744000000000000,
    1767830400000000000,
    1767916800000000000,
    1768003200000000000,
    1768089600000000000,
    1768176000000000000,
    1768262400000000000,
    1768348800000000000,
    1768435200000000000,
    1768521600000000000,
    1768608000000000000,
    1768694400000000000,
    1768780800000000000,
    1768867200000000000,
    1768953600000000000,
    1769040000000000000,
    1769126400000000000,
    1769212800000000000,
    1769299200000000000,
    1769385600000000000,
    1769472000000000000,
    1769558400000000000,
    1769644800000000000,
    1769731200000000000,
    1769817600000000000,
    1769904000000000000,
    1769990400000000000,
    1770076800000000000,
    1770163200000000000,
    1770249600000000000,
    1770336000000000000,
    1770422400000000000,
    1770508800000000000,
    1770595200000000000,
    1770681600000000000,
    1770768000000000000,
    1770854400000000000,
    1770940800000000000,
    1771027200000000000,
    1771113600000000000,
    1771200000000000000,
    1771286400000000000,
    1771372800000000000,
    1771459200000000000,
    1771545600000000000,
    1771632000000000000,
    1771718400000000000,
    1771804800000000000,
    1771891200000000000,
    1771977600000000000,
    1772064000000000000,
    1772150400000000000,
    1772236800000000000,
    1772323200000000000,
    1772409600000000000,
    1772496000000000000,
    1772582400000000000,
    1772668800000000000,
    1772755200000000000,
    1772841600000000000,
    1772928000000000000,
    1773014400000000000,
    1773100800000000000,
    1773187200000000000,
    1773273600000000000,
    1773360000000000000,
    1773446400000000000,
    1773532800000000000,
    1773619200000000000,
    1773705600000000000,
    1773792000000000000,
    1773878400000000000,
    1773964800000000000,
    1774051200000000000,
    1774137600000000000,
    1774224000000000000
  ],
  "hurs": [
    80.20000119507313,
    89.70000133663416,
    88.50000131875277,
    85.20000126957893,
    79.00000117719173,
    83.90000125020742,
    76.00000113248825,
    82.5000012293458,
    85.70000127702951,
    82.00000122189522,
    80.20000119507313,
    88.50000131875277,
    85.90000128000975,
    89.40000133216381,
    82.00000122189522,
    75.50000112503767,
    85.20000126957893,
    91.00000135600567,
    85.90000128000975,
    84.400001257658,
    73.70000109821558,
    73.50000109523535,
    79.20000118017197,
    85.70000127702951,
    83.70000124722719,
    91.70000136643648,
    90.00000134110451,
    94.20000140368938,
    92.70000138133764,
    84.70000126212835,
    85.0000012665987,
    83.20000123977661,
    78.50000116974115,
    80.40000119805336,
    84.50000125914812,
    84.90000126510859,
    90.40000134706497,
    87.5000013038516,
    90.90000135451555,
    82.70000123232603,
    79.70000118762255,
    94.50000140815973,
    92.50000137835741,
    86.2000012844801,
    86.00000128149986,
    78.00000116229057,
    91.70000136643648,
    87.00000129640102,
    82.40000122785568,
    70.00000104308128,
    76.9000011458993,
    87.5000013038516,
    91.90000136941671,
    82.70000123232603,
    90.00000134110451,
    80.20000119507313,
    73.70000109821558,
    66.50000099092722,
    68.40000101923943,
    67.90000101178885,
    62.500000931322575,
    69.90000104159117,
    82.20000122487545,
    68.2000010162592,
    71.70000106841326,
    76.70000114291906,
    73.70000109821558,
    72.0000010728836,
    78.00000116229057,
    80.50000119954348,
    73.00000108778477,
    79.20000118017197,
    93.20000138878822,
    79.90000119060278,
    76.20000113546848,
    80.70000120252371,
    62.40000092983246,
    70.7000010535121,
    75.7000011280179,
    81.00000120699406,
    66.00000098347664,
    67.50000100582838
  ]
}