{
  "time": [
    1767290400000000000,
    1767376800000000000,
    1767463200000000000
  ],
  "pr": [
    8.300000190734863,
    1.600000023841858,
    1.7000000476837158
  ]
}