{
  "time": [
    1767225600000000000,
    1767312000000000000,
    1767398400000000000,
    1767484800000000000,
    1767571200000000000,
    1767657600000000000,
    1767744000000000000,
    1767830400000000000,
    1767916800000000000,
    1768003200000000000,
    1768089600000000000,
    1768176000000000000,
    1768262400000000000,
    1768348800000000000,
    1768435200000000000,
    1768521600000000000,
    1768608000000000000,
    1768694400000000000,
    1768780800000000000,
    1768867200000000000,
    1768953600000000000,
    1769040000000000000,
    1769126400000000000,
    1769212800000000000,
    1769299200000000000,
    1769385600000000000,
    1769472000000000000,
    1769558400000000000,
    1769644800000000000,
    1769731200000000000,
    1769817600000000000,
    1769904000000000000,
    1769990400000000000,
    1770076800000000000,
    1770163200000000000,
    1770249600000000000
  ],
  "tas": [
    2.7000000402331352,
    1.1000000163912773,
    0.6000000089406967,
    0.6000000089406967,
    -1.3000000193715096,
    -0.5000000074505806,
    -1.1000000163912773,
    1.8000000268220901,
    3.7000000551342964,
    -3.500000052154064,
    -5.200000077486038,
    3.200000047683716,
    8.600000128149986,
    7.700000114738941,
    9.500000141561031,
    10.500000156462193,
    6.200000092387199,
    0.5000000074505806,
    -0.20000000298023224,
    0.20000000298023224,
    2.3000000342726707,
    0.20000000298023224,
    2.3000000342726707,
    0.0,
    -1.3000000193715096,
    -0.4000000059604645,
    1.3000000193715096,
    1.1000000163912773,
    -0.20000000298023224,
    0.5000000074505806,
    3.6000000536441803,
    4.500000067055225,
    2.3000000342726707,
    -0.10000000149011612,
    3.6000000536441803,
    1.5000000223517418
  ]
}