{
  "time": [
    1767225600000000000,
    1767312000000000000,
    1767398400000000000,
    1767484800000000000,
    1767571200000000000,
    1767657600000000000,
    1767744000000000000,
    1767830400000000000,
    1767916800000000000,
    1768003200000000000,
    1768089600000000000,
    1768176000000000000,
    1768262400000000000,
    1768348800000000000,
    1768435200000000000,
    1768521600000000000,
    1768608000000000000,
    1768694400000000000,
    1768780800000000000,
    1768867200000000000,
    1768953600000000000,
    1769040000000000000,
    1769126400000000000,
    1769212800000000000,
    1769299200000000000,
    1769385600000000000,
    1769472000000000000,
    1769558400000000000,
    1769644800000000000,
    1769731200000000000,
    1769817600000000000,
    1769904000000000000,
    1769990400000000000,
    1770076800000000000,
    1770163200000000000,
    1770249600000000000,
    1770336000000000000,
    1770422400000000000,
    1770508800000000000,
    1770595200000000000,
    1770681600000000000,
    1770768000000000000,
    1770854400000000000,
    1770940800000000000,
    1771027200000000000,
    1771113600000000000,
    1771200000000000000,
    1771286400000000000,
    1771372800000000000,
    1771459200000000000,
    1771545600000000000,
    1771632000000000000,
    1771718400000000000
  ],
  "tasmax": [
    4.000000059604645,
    2.8000000417232513,
    1.5000000223517418,
    1.0000000149011612,
    0.20000000298023224,
    0.5000000074505806,
    0.6000000089406967,
    3.1000000461935997,
    6.800000101327896,
    1.3000000193715096,
    0.5000000074505806,
    7.500000111758709,
    10.600000157952309,
    10.400000154972076,
    11.60000017285347,
    12.300000183284283,
    12.400000184774399,
    4.400000065565109,
    5.200000077486038,
    6.500000096857548,
    8.600000128149986,
    5.000000074505806,
    6.200000092387199,
    2.2000000327825546,
    1.0000000149011612,
    0.6000000089406967,
    2.7000000402331352,
    2.0000000298023224,
    0.5000000074505806,
    3.6000000536441803,
    6.500000096857548,
    7.300000108778477,
    5.500000081956387,
    2.7000000402331352,
    8.600000128149986,
    5.000000074505806,
    6.400000095367432,
    12.600000187754631,
    8.900000132620335,
    8.50000012665987,
    9.00000013411045,
    10.500000156462193,
    9.00000013411045,
    7.400000110268593,
    0.6000000089406967,
    4.000000059604645,
    6.70000009983778,
    6.400000095367432,
    2.7000000402331352,
    4.200000062584877,
    6.900000102818012,
    10.900000162422657,
    12.300000183284283
  ]
}