{
  "time": [
    1767225600000000000,
    1767312000000000000,
    1767398400000000000,
    1767484800000000000,
    1767571200000000000,
    1767657600000000000,
    1767744000000000000,
    1767830400000000000,
    1767916800000000000,
    1768003200000000000,
    1768089600000000000,
    1768176000000000000,
    1768262400000000000,
    1768348800000000000,
    1768435200000000000,
    1768521600000000000,
    1768608000000000000,
    1768694400000000000,
    1768780800000000000,
    1768867200000000000,
    1768953600000000000,
    1769040000000000000,
    1769126400000000000,
    1769212800000000000,
    1769299200000000000,
    1769385600000000000,
    1769472000000000000,
    1769558400000000000,
    1769644800000000000,
    1769731200000000000,
    1769817600000000000,
    1769904000000000000,
    1769990400000000000,
    1770076800000000000,
    1770163200000000000,
    1770249600000000000
  ],
  "tasmin": [
    0.9000000134110451,
    0.20000000298023224,
    -0.20000000298023224,
    -1.700000025331974,
    -3.400000050663948,
    -2.8000000417232513,
    -3.7000000551342964,
    0.10000000149011612,
    0.6000000089406967,
    -8.800000131130219,
    -11.300000168383121,
    -0.9000000134110451,
    6.800000101327896,
    4.400000065565109,
    5.500000081956387,
    6.400000095367432,
    0.5000000074505806,
    -2.500000037252903,
    -4.400000065565109,
    -4.200000062584877,
    -1.8000000268220901,
    -3.9000000581145287,
    -0.10000000149011612,
    -2.2000000327825546,
    -3.7000000551342964,
    -1.5000000223517418,
    -0.5000000074505806,
    -0.10000000149011612,
    -0.800000011920929,
    -3.0000000447034836,
    0.5000000074505806,
    2.2000000327825546,
    -1.600000023841858,
    -2.2000000327825546,
    -0.20000000298023224,
    -1.1000000163912773
  ]
}