{
  "time": [
    1767225600000000000,
    1767312000000000000,
    1767398400000000000,
    1767484800000000000,
    1767571200000000000,
    1767657600000000000,
    1767744000000000000,
    1767830400000000000,
    1767916800000000000,
    1768003200000000000,
    1768089600000000000,
    1768176000000000000,
    1768262400000000000,
    1768348800000000000,
    1768435200000000000,
    1768521600000000000,
    1768608000000000000,
    1768694400000000000,
    1768780800000000000,
    1768867200000000000,
    1768953600000000000,
    1769040000000000000,
    1769126400000000000,
    1769212800000000000,
    1769299200000000000,
    1769385600000000000,
    1769472000000000000,
    1769558400000000000,
    1769644800000000000,
    1769731200000000000,
    1769817600000000000,
    1769904000000000000,
    1769990400000000000,
    1770076800000000000,
    1770163200000000000,
    1770249600000000000,
    1770336000000000000,
    1770422400000000000,
    1770508800000000000,
    1770595200000000000,
    1770681600000000000,
    1770768000000000000,
    1770854400000000000,
    1770940800000000000,
    1771027200000000000,
    1771113600000000000,
    1771200000000000000,
    1771286400000000000,
    1771372800000000000,
    1771459200000000000,
    1771545600000000000,
    1771632000000000000,
    1771718400000000000,
    1771804800000000000,
    1771891200000000000,
    1771977600000000000,
    1772064000000000000,
    1772150400000000000,
    1772236800000000000,
    1772323200000000000,
    1772409600000000000,
    1772496000000000000,
    1772582400000000000,
    1772668800000000000,
    1772755200000000000,
    1772841600000000000,
    1772928000000000000,
    1773014400000000000,
    1773100800000000000,
    1773187200000000000,
    1773273600000000000,
    1773360000000000000,
    1773446400000000000,
    1773532800000000000,
    1773619200000000000,
    1773705600000000000,
    1773792000000000000,
    1773878400000000000,
    1773964800000000000,
    1774051200000000000
  ],
  "tasmax": [
    4.000000059604645,
    2.8000000417232513,
    1.5000000223517418,
    1.0000000149011612,
    0.20000000298023224,
    0.5000000074505806,
    0.6000000089406967,
    3.1000000461935997,
    6.800000101327896,
    1.3000000193715096,
    0.5000000074505806,
    7.500000111758709,
    10.600000157952309,
    10.400000154972076,
    11.60000017285347,
    12.300000183284283,
    12.400000184774399,
    4.400000065565109,
    5.200000077486038,
    6.500000096857548,
    8.600000128149986,
    5.000000074505806,
    6.200000092387199,
    2.2000000327825546,
    1.0000000149011612,
    0.6000000089406967,
    2.7000000402331352,
    2.0000000298023224,
    0.5000000074505806,
    3.6000000536441803,
    6.500000096857548,
    7.200000107288361,
    5.4000000804662704,
    2.7000000402331352,
    8.600000128149986,
    5.000000074505806,
    6.400000095367432,
    12.500000186264515,
    8.900000132620335,
    8.50000012665987,
    9.100000135600567,
    10.400000154972076,
    9.00000013411045,
    7.300000108778477,
    0.6000000089406967,
    4.200000062584877,
    6.70000009983778,
    6.400000095367432,
    2.8000000417232513,
    4.000000059604645,
    7.000000104308128,
    11.000000163912773,
    12.500000186264515,
    10.600000157952309,
    12.500000186264515,
    17.30000025779009,
    18.100000269711018,
    19.60000029206276,
    14.800000220537186,
    13.600000202655792,
    16.50000024586916,
    17.600000262260437,
    16.100000239908695,
    18.30000027269125,
    18.30000027269125,
    17.100000254809856,
    18.500000275671482,
    18.100000269711018,
    17.80000026524067,
    12.600000187754631,
    12.000000178813934,
    12.600000187754631,
    4.700000070035458,
    10.000000149011612,
    10.500000156462193,
    11.800000175833702,
    15.100000225007534,
    15.800000235438347,
    13.90000020712614,
    11.900000177323818
  ]
}