{
  "time": [
    1767268800000000000,
    1767355200000000000,
    1767441600000000000
  ],
  "tasmax": [
    4.000000059604645,
    2.7000000402331352,
    1.3000000193715096
  ]
}