{
  "time": [
    1767268800000000000,
    1767355200000000000,
    1767441600000000000
  ],
  "tasmin": [
    0.9000000134110451,
    0.20000000298023224,
    -0.4000000059604645
  ]
}