{
  "time": [
    1767225600000000000,
    1767312000000000000,
    1767398400000000000,
    1767484800000000000,
    1767571200000000000,
    1767657600000000000,
    1767744000000000000,
    1767830400000000000,
    1767916800000000000,
    1768003200000000000,
    1768089600000000000,
    1768176000000000000,
    1768262400000000000,
    1768348800000000000,
    1768435200000000000,
    1768521600000000000,
    1768608000000000000,
    1768694400000000000,
    1768780800000000000,
    1768867200000000000,
    1768953600000000000,
    1769040000000000000,
    1769126400000000000,
    1769212800000000000,
    1769299200000000000,
    1769385600000000000,
    1769472000000000000,
    1769558400000000000,
    1769644800000000000,
    1769731200000000000,
    1769817600000000000,
    1769904000000000000,
    1769990400000000000,
    1770076800000000000,
    1770163200000000000,
    1770249600000000000,
    1770336000000000000,
    1770422400000000000,
    1770508800000000000,
    1770595200000000000,
    1770681600000000000
  ],
  "hurs": [
    78.00000116229057,
    80.0000011920929,
    80.40000119805336,
    76.70000114291906,
    86.00000128149986,
    88.00000131130219,
    83.70000124722719,
    90.00000134110451,
    80.0000011920929,
    86.2000012844801,
    81.70000121742487,
    89.90000133961439,
    84.20000125467777,
    81.40000121295452,
    87.70000130683184,
    81.70000121742487,
    88.40000131726265,
    86.70000129193068,
    88.20000131428242,
    90.90000135451555,
    94.20000140368938,
    86.00000128149986,
    77.70000115782022,
    75.50000112503767,
    84.50000125914812,
    84.00000125169754,
    86.2000012844801,
    95.00000141561031,
    94.20000140368938,
    94.00000140070915,
    89.20000132918358,
    90.20000134408474,
    85.50000127404928,
    89.00000132620335,
    95.5000014230609,
    87.90000130981207,
    93.00000138580799,
    90.40000134706497,
    93.90000139921904,
    90.00000134110451,
    89.00000132620335
  ],
  "pr": [
    0.0,
    0.20000000298023224,
    0.10000000149011612,
    0.0,
    0.699999988079071,
    0.20000000298023224,
    2.0999999046325684,
    10.800000190734863,
    2.299999952316284,
    1.2999999523162842,
    0.20000000298023224,
    1.100000023841858,
    0.0,
    3.0999999046325684,
    0.0,
    0.0,
    0.0,
    0.0,
    0.0,
    0.0,
    0.0,
    0.0,
    0.0,
    0.0,
    0.10000000149011612,
    0.6000000238418579,
    4.699999809265137,
    7.199999809265137,
    0.4000000059604645,
    0.4000000059604645,
    0.0,
    0.800000011920929,
    0.4000000059604645,
    9.600000381469727,
    0.0,
    0.0,
    1.7000000476837158,
    0.10000000149011612,
    0.0,
    0.0,
    6.699999809265137
  ],
  "tas": [
    1.1000000163912773,
    1.600000023841858,
    -0.9000000134110451,
    -1.600000023841858,
    -5.200000077486038,
    -3.400000050663948,
    -3.6000000536441803,
    0.9000000134110451,
    6.000000089406967,
    1.0000000149011612,
    -2.2000000327825546,
    2.500000037252903,
    7.500000111758709,
    8.800000131130219,
    8.400000125169754,
    6.800000101327896,
    2.2000000327825546,
    1.8000000268220901,
    1.3000000193715096,
    -0.4000000059604645,
    -1.8000000268220901,
    -2.1000000312924385,
    0.20000000298023224,
    -0.20000000298023224,
    -1.8000000268220901,
    2.2000000327825546,
    3.9000000581145287,
    3.500000052154064,
    2.0000000298023224,
    2.1000000312924385,
    4.000000059604645,
    3.7000000551342964,
    2.500000037252903,
    1.3000000193715096,
    1.3000000193715096,
    2.1000000312924385,
    2.3000000342726707,
    5.900000087916851,
    3.0000000447034836,
    2.7000000402331352,
    4.700000070035458
  ],
  "tasmax": [
    2.500000037252903,
    4.400000065565109,
    0.5000000074505806,
    1.700000025331974,
    -2.600000038743019,
    -1.600000023841858,
    -0.9000000134110451,
    3.400000050663948,
    9.00000013411045,
    3.6000000536441803,
    0.10000000149011612,
    6.70000009983778,
    10.000000149011612,
    11.500000171363354,
    13.000000193715096,
    13.500000201165676,
    5.200000077486038,
    4.400000065565109,
    2.0000000298023224,
    1.3000000193715096,
    0.20000000298023224,
    1.700000025331974,
    3.1000000461935997,
    3.9000000581145287,
    0.20000000298023224,
    5.700000084936619,
    7.000000104308128,
    4.90000007301569,
    2.7000000402331352,
    3.7000000551342964,
    6.900000102818012,
    7.000000104308128,
    4.200000062584877,
    2.600000038743019,
    4.700000070035458,
    4.700000070035458,
    4.400000065565109,
    11.400000169873238,
    5.700000084936619,
    5.900000087916851,
    9.100000135600567
  ],
  "tasmin": [
    -0.20000000298023224,
    -1.3000000193715096,
    -3.400000050663948,
    -7.000000104308128,
    -8.300000123679638,
    -7.000000104308128,
    -8.400000125169754,
    -1.3000000193715096,
    2.7000000402331352,
    -2.2000000327825546,
    -6.500000096857548,
    -1.0000000149011612,
    4.700000070035458,
    6.200000092387199,
    3.500000052154064,
    1.3000000193715096,
    -0.10000000149011612,
    -1.3000000193715096,
    -0.10000000149011612,
    -2.8000000417232513,
    -4.200000062584877,
    -6.000000089406967,
    -2.2000000327825546,
    -4.700000070035458,
    -4.500000067055225,
    -0.800000011920929,
    -0.4000000059604645,
    1.600000023841858,
    1.0000000149011612,
    0.0,
    2.0000000298023224,
    -0.20000000298023224,
    -0.6000000089406967,
    -1.0000000149011612,
    -1.1000000163912773,
    -0.5000000074505806,
    -0.5000000074505806,
    0.4000000059604645,
    -0.800000011920929,
    -1.1000000163912773,
    -1.5000000223517418
  ]
}