{
  "time": [
    1767268800000000000
  ],
  "hurs": [
    78.2000011652708
  ],
  "pr": [
    0.0
  ],
  "tas": [
    1.1000000163912773
  ],
  "tasmax": [
    2.600000038743019
  ],
  "tasmin": [
    -0.20000000298023224
  ]
}