{
  "time": [
    1767225600000000000,
    1767312000000000000,
    1767398400000000000,
    1767484800000000000,
    1767571200000000000,
    1767657600000000000,
    1767744000000000000,
    1767830400000000000,
    1767916800000000000,
    1768003200000000000,
    1768089600000000000,
    1768176000000000000,
    1768262400000000000,
    1768348800000000000,
    1768435200000000000,
    1768521600000000000,
    1768608000000000000,
    1768694400000000000,
    1768780800000000000,
    1768867200000000000,
    1768953600000000000,
    1769040000000000000,
    1769126400000000000,
    1769212800000000000,
    1769299200000000000,
    1769385600000000000,
    1769472000000000000,
    1769558400000000000,
    1769644800000000000,
    1769731200000000000,
    1769817600000000000,
    1769904000000000000,
    1769990400000000000,
    1770076800000000000,
    1770163200000000000,
    1770249600000000000,
    1770336000000000000,
    1770422400000000000,
    1770508800000000000,
    1770595200000000000,
    1770681600000000000,
    1770768000000000000,
    1770854400000000000,
    1770940800000000000,
    1771027200000000000,
    1771113600000000000,
    1771200000000000000
  ],
  "hurs": [
    77.90000116080046,
    80.20000119507313,
    80.70000120252371,
    77.00000114738941,
    86.2000012844801,
    88.50000131875277,
    83.50000124424696,
    90.00000134110451,
    79.70000118762255,
    85.50000127404928,
    82.20000122487545,
    90.70000135153532,
    84.50000125914812,
    82.40000122785568,
    87.5000013038516,
    81.50000121444464,
    89.00000132620335,
    87.20000129938126,
    88.00000131130219,
    89.00000132620335,
    94.00000140070915,
    85.70000127702951,
    76.50000113993883,
    75.7000011280179,
    83.50000124424696,
    84.20000125467777,
    86.00000128149986,
    95.00000141561031,
    93.7000013962388,
    93.20000138878822,
    89.70000133663416,
    90.20000134408474,
    85.50000127404928,
    89.00000132620335,
    95.5000014230609,
    87.90000130981207,
    93.00000138580799,
    90.40000134706497,
    93.90000139921904,
    90.00000134110451,
    89.00000132620335,
    87.5000013038516,
    85.0000012665987,
    78.00000116229057,
    83.00000123679638,
    77.70000115782022,
    85.0000012665987
  ],
  "pr": [
    0.0,
    0.20000000298023224,
    0.10000000149011612,
    0.0,
    0.699999988079071,
    0.20000000298023224,
    2.0999999046325684,
    10.800000190734863,
    2.299999952316284,
    1.2999999523162842,
    0.20000000298023224,
    1.100000023841858,
    0.0,
    3.0999999046325684,
    0.0,
    0.0,
    0.0,
    0.0,
    0.0,
    0.0,
    0.0,
    0.0,
    0.0,
    0.0,
    0.10000000149011612,
    0.6000000238418579,
    4.699999809265137,
    7.199999809265137,
    0.30000001192092896,
    0.30000001192092896,
    0.0,
    0.800000011920929,
    0.4000000059604645,
    9.600000381469727,
    0.0,
    0.0,
    1.7000000476837158,
    0.10000000149011612,
    0.0,
    0.0,
    6.699999809265137,
    3.4000000953674316,
    1.2000000476837158,
    0.0,
    1.600000023841858,
    5.0,
    5.400000095367432
  ],
  "tas": [
    1.1000000163912773,
    1.5000000223517418,
    -0.9000000134110451,
    -1.600000023841858,
    -5.200000077486038,
    -3.400000050663948,
    -3.6000000536441803,
    1.0000000149011612,
    6.000000089406967,
    1.1000000163912773,
    -2.3000000342726707,
    2.3000000342726707,
    7.500000111758709,
    8.600000128149986,
    8.400000125169754,
    6.800000101327896,
    2.2000000327825546,
    1.8000000268220901,
    1.3000000193715096,
    -0.20000000298023224,
    -1.8000000268220901,
    -2.1000000312924385,
    0.20000000298023224,
    -0.20000000298023224,
    -1.700000025331974,
    2.1000000312924385,
    3.9000000581145287,
    3.6000000536441803,
    2.1000000312924385,
    2.1000000312924385,
    3.9000000581145287,
    3.7000000551342964,
    2.500000037252903,
    1.3000000193715096,
    1.3000000193715096,
    2.1000000312924385,
    2.3000000342726707,
    5.900000087916851,
    3.0000000447034836,
    2.7000000402331352,
    4.700000070035458,
    9.900000147521496,
    9.00000013411045,
    8.50000012665987,
    3.9000000581145287,
    2.2000000327825546,
    5.4000000804662704
  ],
  "tasmax": [
    2.600000038743019,
    4.200000062584877,
    0.5000000074505806,
    1.700000025331974,
    -2.500000037252903,
    -1.700000025331974,
    -0.9000000134110451,
    3.500000052154064,
    9.00000013411045,
    3.7000000551342964,
    0.0,
    6.500000096857548,
    10.000000149011612,
    11.400000169873238,
    13.000000193715096,
    13.600000202655792,
    5.200000077486038,
    4.500000067055225,
    2.0000000298023224,
    1.5000000223517418,
    0.4000000059604645,
    1.700000025331974,
    3.1000000461935997,
    3.9000000581145287,
    0.4000000059604645,
    5.700000084936619,
    7.000000104308128,
    4.90000007301569,
    2.8000000417232513,
    3.7000000551342964,
    6.70000009983778,
    7.000000104308128,
    4.200000062584877,
    2.600000038743019,
    4.700000070035458,
    4.700000070035458,
    4.400000065565109,
    11.400000169873238,
    5.700000084936619,
    5.900000087916851,
    9.100000135600567,
    12.600000187754631,
    11.500000171363354,
    10.400000154972076,
    6.500000096857548,
    4.500000067055225,
    8.50000012665987
  ],
  "tasmin": [
    -0.20000000298023224,
    -1.3000000193715096,
    -3.200000047683716,
    -7.000000104308128,
    -8.300000123679638,
    -7.000000104308128,
    -8.300000123679638,
    -1.1000000163912773,
    2.7000000402331352,
    -2.1000000312924385,
    -6.500000096857548,
    -1.1000000163912773,
    4.700000070035458,
    6.000000089406967,
    3.500000052154064,
    1.3000000193715096,
    -0.10000000149011612,
    -1.3000000193715096,
    0.0,
    -2.7000000402331352,
    -4.200000062584877,
    -6.200000092387199,
    -2.2000000327825546,
    -4.90000007301569,
    -4.500000067055225,
    -0.800000011920929,
    -0.4000000059604645,
    1.8000000268220901,
    1.1000000163912773,
    0.10000000149011612,
    1.8000000268220901,
    -0.20000000298023224,
    -0.6000000089406967,
    -1.0000000149011612,
    -1.1000000163912773,
    -0.5000000074505806,
    -0.5000000074505806,
    0.4000000059604645,
    -0.800000011920929,
    -1.1000000163912773,
    -1.5000000223517418,
    7.300000108778477,
    7.200000107288361,
    6.000000089406967,
    1.8000000268220901,
    0.20000000298023224,
    1.3000000193715096
  ]
}