{
  "time": [
    1767268800000000000,
    1767355200000000000,
    1767441600000000000
  ],
  "hurs": [
    78.2000011652708,
    79.70000118762255,
    81.00000120699406
  ],
  "pr": [
    0.0,
    0.20000000298023224,
    0.10000000149011612
  ],
  "tas": [
    1.1000000163912773,
    1.600000023841858,
    -1.0000000149011612
  ],
  "tasmax": [
    2.600000038743019,
    4.400000065565109,
    0.4000000059604645
  ],
  "tasmin": [
    -0.20000000298023224,
    -1.1000000163912773,
    -3.400000050663948
  ]
}