{
  "time": [
    1767225600000000000,
    1767312000000000000,
    1767398400000000000,
    1767484800000000000,
    1767571200000000000,
    1767657600000000000,
    1767744000000000000,
    1767830400000000000,
    1767916800000000000,
    1768003200000000000,
    1768089600000000000,
    1768176000000000000,
    1768262400000000000,
    1768348800000000000,
    1768435200000000000,
    1768521600000000000,
    1768608000000000000,
    1768694400000000000,
    1768780800000000000,
    1768867200000000000,
    1768953600000000000,
    1769040000000000000,
    1769126400000000000,
    1769212800000000000,
    1769299200000000000,
    1769385600000000000,
    1769472000000000000,
    1769558400000000000,
    1769644800000000000,
    1769731200000000000,
    1769817600000000000,
    1769904000000000000,
    1769990400000000000,
    1770076800000000000,
    1770163200000000000,
    1770249600000000000,
    1770336000000000000,
    1770422400000000000,
    1770508800000000000,
    1770595200000000000,
    1770681600000000000,
    1770768000000000000,
    1770854400000000000,
    1770940800000000000,
    1771027200000000000,
    1771113600000000000,
    1771200000000000000,
    1771286400000000000,
    1771372800000000000,
    1771459200000000000,
    1771545600000000000,
    1771632000000000000,
    1771718400000000000,
    1771804800000000000,
    1771891200000000000,
    1771977600000000000,
    1772064000000000000,
    1772150400000000000,
    1772236800000000000,
    1772323200000000000,
    1772409600000000000,
    1772496000000000000,
    1772582400000000000,
    1772668800000000000,
    1772755200000000000,
    1772841600000000000,
    1772928000000000000,
    1773014400000000000,
    1773100800000000000,
    1773187200000000000,
    1773273600000000000,
    1773360000000000000,
    1773446400000000000,
    1773532800000000000,
    1773619200000000000,
    1773705600000000000,
    1773792000000000000,
    1773878400000000000,
    1773964800000000000,
    1774051200000000000,
    1774137600000000000,
    1774224000000000000,
    1774310400000000000
  ],
  "hurs": [
    77.90000116080046,
    80.20000119507313,
    80.70000120252371,
    77.00000114738941,
    86.2000012844801,
    88.50000131875277,
    83.50000124424696,
    90.00000134110451,
    79.70000118762255,
    85.50000127404928,
    82.20000122487545,
    90.70000135153532,
    84.50000125914812,
    82.40000122785568,
    87.5000013038516,
    81.50000121444464,
    89.00000132620335,
    87.20000129938126,
    88.00000131130219,
    89.00000132620335,
    94.00000140070915,
    85.70000127702951,
    76.50000113993883,
    75.7000011280179,
    83.50000124424696,
    84.20000125467777,
    86.00000128149986,
    95.00000141561031,
    93.7000013962388,
    93.20000138878822,
    89.70000133663416,
    90.00000134110451,
    87.00000129640102,
    90.00000134110451,
    95.00000141561031,
    88.700001321733,
    94.00000140070915,
    89.70000133663416,
    94.9000014141202,
    90.40000134706497,
    88.50000131875277,
    87.90000130981207,
    85.70000127702951,
    78.2000011652708,
    84.00000125169754,
    77.20000115036964,
    86.40000128746033,
    71.70000106841326,
    72.0000010728836,
    86.70000129193068,
    83.20000123977661,
    89.50000133365393,
    87.5000013038516,
    77.00000114738941,
    93.7000013962388,
    90.40000134706497,
    91.70000136643648,
    78.50000116974115,
    72.50000108033419,
    77.20000115036964,
    76.20000113546848,
    77.20000115036964,
    76.50000113993883,
    68.90000102669,
    75.7000011280179,
    71.40000106394291,
    73.40000109374523,
    77.70000115782022,
    73.200001090765,
    86.2000012844801,
    75.50000112503767,
    69.70000103861094,
    76.9000011458993,
    73.00000108778477,
    74.00000110268593,
    75.20000112056732,
    60.200000897049904,
    55.90000083297491,
    60.90000090748072,
    67.70000100880861,
    62.500000931322575,
    58.70000087469816,
    59.70000088959932
  ]
}