{
  "time": [
    1767225600000000000,
    1767312000000000000,
    1767398400000000000,
    1767484800000000000,
    1767571200000000000,
    1767657600000000000,
    1767744000000000000,
    1767830400000000000,
    1767916800000000000,
    1768003200000000000,
    1768089600000000000,
    1768176000000000000,
    1768262400000000000,
    1768348800000000000,
    1768435200000000000,
    1768521600000000000,
    1768608000000000000,
    1768694400000000000,
    1768780800000000000,
    1768867200000000000,
    1768953600000000000,
    1769040000000000000,
    1769126400000000000,
    1769212800000000000,
    1769299200000000000,
    1769385600000000000,
    1769472000000000000,
    1769558400000000000,
    1769644800000000000,
    1769731200000000000,
    1769817600000000000,
    1769904000000000000,
    1769990400000000000,
    1770076800000000000,
    1770163200000000000,
    1770249600000000000,
    1770336000000000000,
    1770422400000000000,
    1770508800000000000,
    1770595200000000000,
    1770681600000000000,
    1770768000000000000,
    1770854400000000000,
    1770940800000000000,
    1771027200000000000,
    1771113600000000000
  ],
  "hurs": [
    77.90000116080046,
    80.20000119507313,
    80.70000120252371,
    77.00000114738941,
    86.2000012844801,
    88.50000131875277,
    83.50000124424696,
    90.00000134110451,
    79.70000118762255,
    85.50000127404928,
    82.20000122487545,
    90.70000135153532,
    84.50000125914812,
    82.40000122785568,
    87.5000013038516,
    81.50000121444464,
    89.00000132620335,
    87.20000129938126,
    88.00000131130219,
    89.00000132620335,
    94.00000140070915,
    85.70000127702951,
    76.50000113993883,
    75.7000011280179,
    83.50000124424696,
    84.20000125467777,
    86.00000128149986,
    95.00000141561031,
    93.7000013962388,
    93.20000138878822,
    89.70000133663416,
    90.20000134408474,
    85.50000127404928,
    89.00000132620335,
    95.5000014230609,
    87.90000130981207,
    93.00000138580799,
    90.40000134706497,
    93.90000139921904,
    90.00000134110451,
    89.00000132620335,
    87.5000013038516,
    85.0000012665987,
    78.00000116229057,
    83.00000123679638,
    77.70000115782022
  ]
}