{
  "time": [
    1767268800000000000,
    1767355200000000000,
    1767441600000000000
  ],
  "hurs": [
    78.2000011652708,
    79.70000118762255,
    81.00000120699406
  ]
}