{
  "time": [
    1767225600000000000,
    1767312000000000000,
    1767398400000000000,
    1767484800000000000,
    1767571200000000000,
    1767657600000000000,
    1767744000000000000,
    1767830400000000000,
    1767916800000000000,
    1768003200000000000,
    1768089600000000000,
    1768176000000000000,
    1768262400000000000,
    1768348800000000000,
    1768435200000000000,
    1768521600000000000,
    1768608000000000000,
    1768694400000000000,
    1768780800000000000,
    1768867200000000000,
    1768953600000000000,
    1769040000000000000,
    1769126400000000000,
    1769212800000000000,
    1769299200000000000,
    1769385600000000000,
    1769472000000000000,
    1769558400000000000,
    1769644800000000000,
    1769731200000000000,
    1769817600000000000,
    1769904000000000000,
    1769990400000000000,
    1770076800000000000,
    1770163200000000000
  ],
  "tas": [
    1.1000000163912773,
    1.600000023841858,
    -0.9000000134110451,
    -1.600000023841858,
    -5.200000077486038,
    -3.400000050663948,
    -3.6000000536441803,
    0.9000000134110451,
    6.000000089406967,
    1.0000000149011612,
    -2.2000000327825546,
    2.500000037252903,
    7.500000111758709,
    8.800000131130219,
    8.400000125169754,
    6.800000101327896,
    2.2000000327825546,
    1.8000000268220901,
    1.3000000193715096,
    -0.4000000059604645,
    -1.8000000268220901,
    -2.1000000312924385,
    0.20000000298023224,
    -0.20000000298023224,
    -1.8000000268220901,
    2.2000000327825546,
    3.9000000581145287,
    3.500000052154064,
    2.0000000298023224,
    2.1000000312924385,
    4.000000059604645,
    3.7000000551342964,
    2.500000037252903,
    1.3000000193715096,
    1.3000000193715096
  ]
}