{
  "time": [
    1767268800000000000,
    1767355200000000000,
    1767441600000000000
  ],
  "tasmin": [
    -0.20000000298023224,
    -1.1000000163912773,
    -3.400000050663948
  ]
}