{
  "time": [
    1767268800000000000,
    1767355200000000000,
    1767441600000000000
  ],
  "tasmax": [
    2.600000038743019,
    4.400000065565109,
    0.4000000059604645
  ]
}