{
  "time": [
    1767225600000000000,
    1767312000000000000,
    1767398400000000000,
    1767484800000000000,
    1767571200000000000,
    1767657600000000000,
    1767744000000000000,
    1767830400000000000,
    1767916800000000000,
    1768003200000000000,
    1768089600000000000,
    1768176000000000000,
    1768262400000000000,
    1768348800000000000,
    1768435200000000000,
    1768521600000000000,
    1768608000000000000,
    1768694400000000000,
    1768780800000000000,
    1768867200000000000,
    1768953600000000000,
    1769040000000000000,
    1769126400000000000,
    1769212800000000000,
    1769299200000000000,
    1769385600000000000,
    1769472000000000000,
    1769558400000000000,
    1769644800000000000,
    1769731200000000000,
    1769817600000000000,
    1769904000000000000,
    1769990400000000000,
    1770076800000000000,
    1770163200000000000,
    1770249600000000000,
    1770336000000000000,
    1770422400000000000,
    1770508800000000000,
    1770595200000000000,
    1770681600000000000,
    1770768000000000000,
    1770854400000000000,
    1770940800000000000,
    1771027200000000000,
    1771113600000000000,
    1771200000000000000,
    1771286400000000000,
    1771372800000000000,
    1771459200000000000,
    1771545600000000000
  ],
  "tasmax": [
    2.600000038743019,
    4.200000062584877,
    0.5000000074505806,
    1.700000025331974,
    -2.500000037252903,
    -1.700000025331974,
    -0.9000000134110451,
    3.500000052154064,
    9.00000013411045,
    3.7000000551342964,
    0.0,
    6.500000096857548,
    10.000000149011612,
    11.400000169873238,
    13.000000193715096,
    13.600000202655792,
    5.200000077486038,
    4.500000067055225,
    2.0000000298023224,
    1.5000000223517418,
    0.4000000059604645,
    1.700000025331974,
    3.1000000461935997,
    3.9000000581145287,
    0.4000000059604645,
    5.700000084936619,
    7.000000104308128,
    4.90000007301569,
    2.8000000417232513,
    3.7000000551342964,
    6.70000009983778,
    7.000000104308128,
    4.200000062584877,
    2.600000038743019,
    4.700000070035458,
    4.700000070035458,
    4.400000065565109,
    11.400000169873238,
    5.700000084936619,
    5.900000087916851,
    9.100000135600567,
    12.600000187754631,
    11.500000171363354,
    10.400000154972076,
    6.500000096857548,
    4.500000067055225,
    8.50000012665987,
    9.00000013411045,
    6.500000096857548,
    5.500000081956387,
    6.500000096857548
  ]
}