{
  "time": [
    1767268800000000000,
    1767355200000000000,
    1767441600000000000
  ],
  "hurs": [
    81.00000120699406,
    84.50000125914812,
    87.5000013038516
  ],
  "pr": [
    0.20000000298023224,
    1.5,
    5.699999809265137
  ],
  "tas": [
    2.7000000402331352,
    1.3000000193715096,
    0.4000000059604645
  ],
  "tasmax": [
    3.400000050663948,
    2.3000000342726707,
    1.1000000163912773
  ],
  "tasmin": [
    1.600000023841858,
    -0.20000000298023224,
    -1.0000000149011612
  ]
}