{
  "time": [
    1767225600000000000,
    1767312000000000000,
    1767398400000000000,
    1767484800000000000,
    1767571200000000000,
    1767657600000000000,
    1767744000000000000,
    1767830400000000000,
    1767916800000000000,
    1768003200000000000,
    1768089600000000000,
    1768176000000000000,
    1768262400000000000,
    1768348800000000000,
    1768435200000000000,
    1768521600000000000,
    1768608000000000000,
    1768694400000000000,
    1768780800000000000,
    1768867200000000000,
    1768953600000000000,
    1769040000000000000,
    1769126400000000000,
    1769212800000000000,
    1769299200000000000,
    1769385600000000000,
    1769472000000000000,
    1769558400000000000,
    1769644800000000000,
    1769731200000000000,
    1769817600000000000,
    1769904000000000000,
    1769990400000000000,
    1770076800000000000,
    1770163200000000000,
    1770249600000000000,
    1770336000000000000,
    1770422400000000000,
    1770508800000000000,
    1770595200000000000,
    1770681600000000000
  ],
  "hurs": [
    81.00000120699406,
    84.50000125914812,
    88.90000132471323,
    86.2000012844801,
    77.20000115036964,
    84.400001257658,
    75.40000112354755,
    82.00000122189522,
    86.90000129491091,
    79.00000117719173,
    90.70000135153532,
    89.40000133216381,
    92.00000137090683,
    91.00000135600567,
    88.00000131130219,
    74.90000111609697,
    90.70000135153532,
    89.90000133961439,
    80.0000011920929,
    78.70000117272139,
    75.20000112056732,
    81.00000120699406,
    75.7000011280179,
    79.50000118464231,
    85.40000127255917,
    93.20000138878822,
    90.70000135153532,
    86.2000012844801,
    86.50000128895044,
    88.40000131726265,
    85.40000127255917,
    78.50000116974115,
    76.00000113248825,
    72.20000107586384,
    86.70000129193068,
    90.70000135153532,
    95.20000141859055,
    96.2000014334917,
    97.20000144839287,
    92.4000013768673,
    88.50000131875277
  ],
  "pr": [
    0.20000000298023224,
    1.2999999523162842,
    5.900000095367432,
    1.7000000476837158,
    0.6000000238418579,
    0.0,
    1.0,
    4.0,
    3.0999999046325684,
    0.0,
    0.10000000149011612,
    2.0999999046325684,
    0.8999999761581421,
    4.599999904632568,
    0.0,
    0.0,
    0.0,
    0.0,
    0.0,
    0.0,
    0.0,
    0.0,
    0.0,
    0.30000001192092896,
    7.300000190734863,
    1.399999976158142,
    0.0,
    0.0,
    2.5999999046325684,
    0.0,
    0.0,
    0.0,
    0.0,
    0.10000000149011612,
    1.7999999523162842,
    0.0,
    0.10000000149011612,
    1.0,
    0.0,
    0.0,
    0.4000000059604645
  ],
  "tas": [
    2.7000000402331352,
    1.3000000193715096,
    0.20000000298023224,
    0.20000000298023224,
    -1.0000000149011612,
    -1.8000000268220901,
    -2.500000037252903,
    0.10000000149011612,
    -2.2000000327825546,
    -5.200000077486038,
    -8.00000011920929,
    0.10000000149011612,
    5.000000074505806,
    4.700000070035458,
    7.000000104308128,
    8.900000132620335,
    2.3000000342726707,
    1.3000000193715096,
    -0.20000000298023224,
    -0.5000000074505806,
    -0.10000000149011612,
    -3.6000000536441803,
    -3.200000047683716,
    -2.7000000402331352,
    -1.3000000193715096,
    -1.0000000149011612,
    -0.5000000074505806,
    -1.1000000163912773,
    -1.1000000163912773,
    -1.700000025331974,
    -0.5000000074505806,
    -3.400000050663948,
    -5.4000000804662704,
    -5.500000081956387,
    -4.000000059604645,
    -3.200000047683716,
    0.20000000298023224,
    1.600000023841858,
    0.9000000134110451,
    1.1000000163912773,
    2.500000037252903
  ],
  "tasmax": [
    3.400000050663948,
    2.3000000342726707,
    0.9000000134110451,
    1.1000000163912773,
    0.6000000089406967,
    -0.10000000149011612,
    -1.1000000163912773,
    2.500000037252903,
    -0.10000000149011612,
    -2.600000038743019,
    -4.500000067055225,
    2.7000000402331352,
    6.900000102818012,
    7.500000111758709,
    10.400000154972076,
    11.900000177323818,
    6.70000009983778,
    3.7000000551342964,
    4.500000067055225,
    5.500000081956387,
    6.000000089406967,
    -0.800000011920929,
    -1.5000000223517418,
    -1.1000000163912773,
    -0.4000000059604645,
    0.10000000149011612,
    0.800000011920929,
    0.0,
    -0.5000000074505806,
    -0.4000000059604645,
    0.20000000298023224,
    -2.3000000342726707,
    -4.200000062584877,
    -4.200000062584877,
    -2.500000037252903,
    -1.3000000193715096,
    1.3000000193715096,
    2.7000000402331352,
    1.5000000223517418,
    2.1000000312924385,
    5.700000084936619
  ],
  "tasmin": [
    1.600000023841858,
    -0.20000000298023224,
    -1.3000000193715096,
    -1.5000000223517418,
    -2.8000000417232513,
    -4.200000062584877,
    -4.90000007301569,
    -2.3000000342726707,
    -5.200000077486038,
    -10.100000150501728,
    -12.000000178813934,
    -4.500000067055225,
    1.8000000268220901,
    -0.5000000074505806,
    1.700000025331974,
    5.200000077486038,
    -0.4000000059604645,
    -1.700000025331974,
    -3.200000047683716,
    -4.200000062584877,
    -3.6000000536441803,
    -6.200000092387199,
    -5.000000074505806,
    -4.000000059604645,
    -2.7000000402331352,
    -2.2000000327825546,
    -1.8000000268220901,
    -1.8000000268220901,
    -2.0000000298023224,
    -2.7000000402331352,
    -2.600000038743019,
    -4.700000070035458,
    -7.500000111758709,
    -7.200000107288361,
    -4.700000070035458,
    -4.700000070035458,
    -1.5000000223517418,
    0.5000000074505806,
    0.4000000059604645,
    0.20000000298023224,
    -1.3000000193715096
  ]
}