{
  "time": [
    1767225600000000000,
    1767312000000000000,
    1767398400000000000,
    1767484800000000000,
    1767571200000000000,
    1767657600000000000,
    1767744000000000000,
    1767830400000000000,
    1767916800000000000,
    1768003200000000000,
    1768089600000000000,
    1768176000000000000,
    1768262400000000000,
    1768348800000000000,
    1768435200000000000,
    1768521600000000000,
    1768608000000000000,
    1768694400000000000,
    1768780800000000000,
    1768867200000000000,
    1768953600000000000,
    1769040000000000000,
    1769126400000000000,
    1769212800000000000,
    1769299200000000000,
    1769385600000000000,
    1769472000000000000,
    1769558400000000000,
    1769644800000000000,
    1769731200000000000,
    1769817600000000000,
    1769904000000000000,
    1769990400000000000,
    1770076800000000000,
    1770163200000000000,
    1770249600000000000,
    1770336000000000000,
    1770422400000000000,
    1770508800000000000,
    1770595200000000000,
    1770681600000000000,
    1770768000000000000,
    1770854400000000000,
    1770940800000000000,
    1771027200000000000,
    1771113600000000000,
    1771200000000000000,
    1771286400000000000,
    1771372800000000000,
    1771459200000000000,
    1771545600000000000,
    1771632000000000000,
    1771718400000000000,
    1771804800000000000,
    1771891200000000000,
    1771977600000000000,
    1772064000000000000,
    1772150400000000000,
    1772236800000000000,
    1772323200000000000,
    1772409600000000000,
    1772496000000000000,
    1772582400000000000,
    1772668800000000000,
    1772755200000000000,
    1772841600000000000,
    1772928000000000000,
    1773014400000000000,
    1773100800000000000,
    1773187200000000000,
    1773273600000000000,
    1773360000000000000,
    1773446400000000000,
    1773532800000000000,
    1773619200000000000,
    1773705600000000000,
    1773792000000000000,
    1773878400000000000,
    1773964800000000000,
    1774051200000000000,
    1774137600000000000,
    1774224000000000000,
    1774310400000000000,
    1774396800000000000,
    1774483200000000000,
    1774569600000000000,
    1774656000000000000,
    1774742400000000000,
    1774828800000000000,
    1774915200000000000,
    1775001600000000000,
    1775088000000000000,
    1775174400000000000,
    1775260800000000000
  ],
  "hurs": [
    81.40000121295452,
    84.70000126212835,
    87.5000013038516,
    86.2000012844801,
    76.40000113844872,
    84.90000126510859,
    75.7000011280179,
    83.00000123679638,
    88.00000131130219,
    79.50000118464231,
    90.50000134855509,
    89.20000132918358,
    93.20000138878822,
    90.90000135451555,
    88.20000131428242,
    75.00000111758709,
    91.00000135600567,
    89.70000133663416,
    80.0000011920929,
    78.2000011652708,
    75.20000112056732,
    80.20000119507313,
    76.70000114291906,
    79.4000011831522,
    85.50000127404928,
    93.00000138580799,
    90.70000135153532,
    86.50000128895044,
    86.90000129491091,
    88.40000131726265,
    85.50000127404928,
    79.20000118017197,
    76.70000114291906,
    72.20000107586384,
    86.90000129491091,
    90.70000135153532,
    94.70000141113997,
    96.40000143647194,
    97.70000145584345,
    92.20000137388706,
    88.40000131726265,
    95.5000014230609,
    96.50000143796206,
    95.70000142604113,
    87.20000129938126,
    75.7000011280179,
    90.50000134855509,
    92.50000137835741,
    84.400001257658,
    75.40000112354755,
    71.40000106394291,
    86.50000128895044,
    91.00000135600567,
    86.2000012844801,
    89.40000133216381,
    81.00000120699406,
    78.2000011652708,
    71.20000106096268,
    63.500000946223736,
    63.500000946223736,
    60.700000904500484,
    68.50000102072954,
    82.00000122189522,
    72.40000107884407,
    63.60000094771385,
    67.20000100135803,
    67.0000009983778,
    67.40000100433826,
    74.00000110268593,
    79.70000118762255,
    69.20000103116035,
    74.90000111609697,
    91.40000136196613,
    81.70000121742487,
    79.70000118762255,
    77.50000115483999,
    62.90000093728304,
    68.00000101327896,
    67.20000100135803,
    86.50000128895044,
    69.5000010356307,
    63.70000094920397,
    56.10000083595514,
    70.50000105053186,
    74.40000110864639,
    70.00000104308128,
    81.70000121742487,
    70.50000105053186,
    81.00000120699406,
    75.90000113099813,
    70.50000105053186,
    69.00000102818012,
    65.50000097602606,
    65.90000098198652
  ],
  "pr": [
    0.20000000298023224,
    1.2999999523162842,
    5.900000095367432,
    1.7000000476837158,
    0.6000000238418579,
    0.0,
    1.0,
    4.0,
    3.0999999046325684,
    0.0,
    0.10000000149011612,
    2.0999999046325684,
    0.8999999761581421,
    4.599999904632568,
    0.0,
    0.0,
    0.0,
    0.0,
    0.0,
    0.0,
    0.0,
    0.0,
    0.0,
    0.30000001192092896,
    7.300000190734863,
    1.399999976158142,
    0.0,
    0.0,
    2.5999999046325684,
    0.0,
    0.0,
    0.0,
    0.0,
    0.20000000298023224,
    1.7999999523162842,
    0.0,
    0.10000000149011612,
    1.0,
    0.0,
    0.0,
    0.4000000059604645,
    6.699999809265137,
    17.299999237060547,
    3.9000000953674316,
    0.10000000149011612,
    0.5,
    4.699999809265137,
    2.799999952316284,
    0.0,
    0.0,
    1.600000023841858,
    3.299999952316284,
    8.800000190734863,
    7.199999809265137,
    0.0,
    0.0,
    0.0,
    0.0,
    0.0,
    0.0,
    0.0,
    0.0,
    0.0,
    0.0,
    0.0,
    0.0,
    0.0,
    0.0,
    5.400000095367432,
    1.5,
    0.0,
    12.399999618530273,
    1.7999999523162842,
    0.30000001192092896,
    3.5999999046325684,
    0.0,
    0.0,
    0.0,
    0.0,
    0.0,
    0.0,
    0.0,
    0.4000000059604645,
    3.0999999046325684,
    1.2999999523162842,
    0.20000000298023224,
    5.5,
    0.30000001192092896,
    1.399999976158142,
    0.10000000149011612,
    0.0,
    0.0,
    1.100000023841858,
    0.0
  ],