{
  "time": [
    1767225600000000000,
    1767312000000000000,
    1767398400000000000,
    1767484800000000000,
    1767571200000000000,
    1767657600000000000,
    1767744000000000000,
    1767830400000000000,
    1767916800000000000,
    1768003200000000000,
    1768089600000000000,
    1768176000000000000,
    1768262400000000000,
    1768348800000000000,
    1768435200000000000,
    1768521600000000000,
    1768608000000000000,
    1768694400000000000,
    1768780800000000000,
    1768867200000000000,
    1768953600000000000,
    1769040000000000000,
    1769126400000000000,
    1769212800000000000,
    1769299200000000000,
    1769385600000000000,
    1769472000000000000,
    1769558400000000000,
    1769644800000000000,
    1769731200000000000,
    1769817600000000000,
    1769904000000000000,
    1769990400000000000,
    1770076800000000000,
    1770163200000000000,
    1770249600000000000,
    1770336000000000000,
    1770422400000000000,
    1770508800000000000,
    1770595200000000000,
    1770681600000000000,
    1770768000000000000,
    1770854400000000000,
    1770940800000000000,
    1771027200000000000,
    1771113600000000000,
    1771200000000000000,
    1771286400000000000,
    1771372800000000000,
    1771459200000000000,
    1771545600000000000,
    1771632000000000000,
    1771718400000000000
  ],
  "hurs": [
    81.40000121295452,
    84.70000126212835,
    87.5000013038516,
    86.2000012844801,
    76.40000113844872,
    84.90000126510859,
    75.7000011280179,
    83.00000123679638,
    88.00000131130219,
    79.50000118464231,
    90.50000134855509,
    89.20000132918358,
    93.20000138878822,
    90.90000135451555,
    88.20000131428242,
    75.00000111758709,
    91.00000135600567,
    89.70000133663416,
    80.0000011920929,
    78.2000011652708,
    75.20000112056732,
    80.20000119507313,
    76.70000114291906,
    79.4000011831522,
    85.50000127404928,
    93.00000138580799,
    90.70000135153532,
    86.50000128895044,
    86.90000129491091,
    88.40000131726265,
    85.50000127404928,
    78.50000116974115,
    76.00000113248825,
    72.20000107586384,
    86.70000129193068,
    90.70000135153532,
    95.20000141859055,
    96.2000014334917,
    97.20000144839287,
    92.4000013768673,
    88.50000131875277,
    94.70000141113997,
    97.00000144541264,
    95.5000014230609,
    89.00000132620335,
    75.20000112056732,
    90.90000135451555,
    92.50000137835741,
    85.20000126957893,
    74.20000110566616,
    71.70000106841326,
    86.90000129491091,
    91.00000135600567
  ],
  "pr": [
    0.20000000298023224,
    1.2999999523162842,
    5.900000095367432,
    1.7000000476837158,
    0.6000000238418579,
    0.0,
    1.0,
    4.0,
    3.0999999046325684,
    0.0,
    0.10000000149011612,
    2.0999999046325684,
    0.8999999761581421,
    4.599999904632568,
    0.0,
    0.0,
    0.0,
    0.0,
    0.0,
    0.0,
    0.0,
    0.0,
    0.0,
    0.30000001192092896,
    7.300000190734863,
    1.399999976158142,
    0.0,
    0.0,
    2.5999999046325684,
    0.0,
    0.0,
    0.0,
    0.0,
    0.10000000149011612,
    1.7999999523162842,
    0.0,
    0.10000000149011612,
    1.0,
    0.0,
    0.0,
    0.4000000059604645,
    6.699999809265137,
    17.100000381469727,
    3.9000000953674316,
    0.10000000149011612,
    0.4000000059604645,
    4.699999809265137,
    2.799999952316284,
    0.0,
    0.0,
    1.7000000476837158,
    3.299999952316284,
    8.699999809265137
  ],
  "tas": [
    2.7000000402331352,
    1.3000000193715096,
    0.4000000059604645,
    0.20000000298023224,
    -0.9000000134110451,
    -1.8000000268220901,
    -2.500000037252903,
    0.0,
    -2.2000000327825546,
    -5.200000077486038,
    -8.00000011920929,
    0.10000000149011612,
    4.90000007301569,
    4.700000070035458,
    7.000000104308128,
    8.900000132620335,
    2.3000000342726707,
    1.3000000193715096,
    -0.20000000298023224,
    -0.5000000074505806,
    -0.10000000149011612,
    -3.500000052154064,
    -3.400000050663948,
    -2.7000000402331352,
    -1.3000000193715096,
    -1.0000000149011612,
    -0.5000000074505806,
    -1.1000000163912773,
    -1.1000000163912773,
    -1.700000025331974,
    -0.5000000074505806,
    -3.400000050663948,
    -5.4000000804662704,
    -5.500000081956387,
    -4.000000059604645,
    -3.200000047683716,
    0.20000000298023224,
    1.600000023841858,
    0.9000000134110451,
    1.1000000163912773,
    2.500000037252903,
    5.900000087916851,
    6.000000089406967,
    1.1000000163912773,
    -0.800000011920929,
    -1.8000000268220901,
    -1.1000000163912773,
    2.500000037252903,
    -0.6000000089406967,
    -1.8000000268220901,
    0.10000000149011612,
    7.700000114738941,
    10.400000154972076
  ],
  "tasmax": [
    3.200000047683716,
    2.3000000342726707,
    1.1000000163912773,
    1.1000000163912773,
    0.800000011920929,
    -0.10000000149011612,
    -1.1000000163912773,
    2.2000000327825546,
    -0.20000000298023224,
    -2.600000038743019,
    -4.500000067055225,
    2.7000000402331352,
    6.800000101327896,
    7.500000111758709,
    10.400000154972076,
    11.900000177323818,
    6.70000009983778,
    3.7000000551342964,
    4.500000067055225,
    5.500000081956387,
    6.000000089406967,
    -0.5000000074505806,
    -1.700000025331974,
    -1.3000000193715096,
    -0.5000000074505806,
    0.20000000298023224,
    0.800000011920929,
    0.0,
    -0.4000000059604645,
    -0.4000000059604645,
    0.20000000298023224,
    -2.3000000342726707,
    -4.200000062584877,
    -4.200000062584877,
    -2.500000037252903,
    -1.3000000193715096,
    1.3000000193715096,
    2.7000000402331352,
    1.5000000223517418,
    2.1000000312924385,
    5.700000084936619,
    7.900000117719173,
    8.00000011920929,
    4.200000062584877,
    0.5000000074505806,
    2.1000000312924385,
    0.5000000074505806,
    5.500000081956387,
    1.8000000268220901,
    1.3000000193715096,
    4.200000062584877,
    9.80000014603138,
    11.800000175833702
  ],
  "tasmin": [
    1.600000023841858,
    -0.20000000298023224,
    -1.1000000163912773,
    -1.3000000193715096,
    -2.8000000417232513,
    -4.200000062584877,
    -5.000000074505806,
    -2.500000037252903,
    -5.200000077486038,
    -10.100000150501728,
    -11.900000177323818,
    -4.400000065565109,
    1.700000025331974,
    -1.0000000149011612,
    1.600000023841858,
    5.200000077486038,
    -0.20000000298023224,
    -1.600000023841858,
    -3.200000047683716,
    -4.000000059604645,
    -3.9000000581145287,
    -6.000000089406967,
    -5.200000077486038,
    -4.000000059604645,
    -2.7000000402331352,
    -2.2000000327825546,
    -1.8000000268220901,
    -1.8000000268220901,
    -2.1000000312924385,
    -2.600000038743019,
    -2.600000038743019,
    -4.700000070035458,
    -7.500000111758709,
    -7.200000107288361,
    -4.700000070035458,
    -4.700000070035458,
    -1.5000000223517418,
    0.5000000074505806,
    0.4000000059604645,
    0.20000000298023224,
    -1.3000000193715096,
    4.000000059604645,
    4.000000059604645,
    -0.6000000089406967,
    -3.9000000581145287,
    -6.200000092387199,
    -2.8000000417232513,
    0.0,
    -2.3000000342726707,
    -3.6000000536441803,
    -5.500000081956387,
    3.6000000536441803,
    8.00000011920929
  ]
}