{
  "time": [
    1767225600000000000,
    1767312000000000000,
    1767398400000000000,
    1767484800000000000,
    1767571200000000000,
    1767657600000000000,
    1767744000000000000,
    1767830400000000000,
    1767916800000000000,
    1768003200000000000,
    1768089600000000000,
    1768176000000000000,
    1768262400000000000,
    1768348800000000000,
    1768435200000000000,
    1768521600000000000,
    1768608000000000000,
    1768694400000000000,
    1768780800000000000,
    1768867200000000000,
    1768953600000000000,
    1769040000000000000,
    1769126400000000000,
    1769212800000000000,
    1769299200000000000,
    1769385600000000000,
    1769472000000000000,
    1769558400000000000,
    1769644800000000000,
    1769731200000000000,
    1769817600000000000,
    1769904000000000000,
    1769990400000000000,
    1770076800000000000,
    1770163200000000000,
    1770249600000000000,
    1770336000000000000,
    1770422400000000000,
    1770508800000000000,
    1770595200000000000,
    1770681600000000000,
    1770768000000000000,
    1770854400000000000,
    1770940800000000000,
    1771027200000000000,
    1771113600000000000,
    1771200000000000000,
    1771286400000000000,
    1771372800000000000,
    1771459200000000000,
    1771545600000000000,
    1771632000000000000,
    1771718400000000000,
    1771804800000000000,
    1771891200000000000,
    1771977600000000000,
    1772064000000000000,
    1772150400000000000,
    1772236800000000000,
    1772323200000000000,
    1772409600000000000,
    1772496000000000000,
    1772582400000000000,
    1772668800000000000,
    1772755200000000000,
    1772841600000000000,
    1772928000000000000,
    1773014400000000000,
    1773100800000000000,
    1773187200000000000,
    1773273600000000000,
    1773360000000000000,
    1773446400000000000,
    1773532800000000000,
    1773619200000000000,
    1773705600000000000,
    1773792000000000000,
    1773878400000000000,
    1773964800000000000,
    1774051200000000000,
    1774137600000000000,
    1774224000000000000,
    1774310400000000000,
    1774396800000000000,
    1774483200000000000,
    1774569600000000000,
    1774656000000000000,
    1774742400000000000,
    1774828800000000000
  ],
  "hurs": [
    81.40000121295452,
    84.70000126212835,
    87.5000013038516,
    86.2000012844801,
    76.40000113844872,
    84.90000126510859,
    75.7000011280179,
    83.00000123679638,
    88.00000131130219,
    79.50000118464231,
    90.50000134855509,
    89.20000132918358,
    93.20000138878822,
    90.90000135451555,
    88.20000131428242,
    75.00000111758709,
    91.00000135600567,
    89.70000133663416,
    80.0000011920929,
    78.2000011652708,
    75.20000112056732,
    80.20000119507313,
    76.70000114291906,
    79.4000011831522,
    85.50000127404928,
    93.00000138580799,
    90.70000135153532,
    86.50000128895044,
    86.90000129491091,
    88.40000131726265,
    85.50000127404928,
    79.20000118017197,
    76.70000114291906,
    72.20000107586384,
    86.90000129491091,
    90.70000135153532,
    94.70000141113997,
    96.40000143647194,
    97.70000145584345,
    92.20000137388706,
    88.40000131726265,
    95.5000014230609,
    96.50000143796206,
    95.70000142604113,
    87.20000129938126,
    75.7000011280179,
    90.50000134855509,
    92.50000137835741,
    84.400001257658,
    75.40000112354755,
    71.40000106394291,
    86.50000128895044,
    91.00000135600567,
    86.2000012844801,
    89.40000133216381,
    81.00000120699406,
    78.2000011652708,
    71.20000106096268,
    63.500000946223736,
    63.500000946223736,
    60.700000904500484,
    69.70000103861094,
    82.5000012293458,
    71.20000106096268,
    65.20000097155571,
    68.50000102072954,
    67.50000100582838,
    68.00000101327896,
    74.70000111311674,
    79.50000118464231,
    68.90000102669,
    74.20000110566616,
    91.50000136345625,
    81.40000121295452,
    79.50000118464231,
    76.70000114291906,
    63.000000938773155,
    68.00000101327896,
    67.50000100582838,
    86.50000128895044,
    68.50000102072954,
    63.40000094473362,
    56.20000083744526,
    70.50000105053186,
    74.50000111013651,
    70.20000104606152,
    82.90000123530626,
    69.40000103414059,
    81.20000120997429
  ],
  "pr": [
    0.20000000298023224,
    1.2999999523162842,
    5.900000095367432,
    1.7000000476837158,
    0.6000000238418579,
    0.0,
    1.0,
    4.0,
    3.0999999046325684,
    0.0,
    0.10000000149011612,
    2.0999999046325684,
    0.8999999761581421,
    4.599999904632568,
    0.0,
    0.0,
    0.0,
    0.0,
    0.0,
    0.0,
    0.0,
    0.0,
    0.0,
    0.30000001192092896,
    7.300000190734863,
    1.399999976158142,
    0.0,
    0.0,
    2.5999999046325684,
    0.0,
    0.0,
    0.0,
    0.0,
    0.20000000298023224,
    1.7999999523162842,
    0.0,
    0.10000000149011612,
    1.0,
    0.0,
    0.0,
    0.4000000059604645,
    6.699999809265137,
    17.299999237060547,
    3.9000000953674316,
    0.10000000149011612,
    0.5,
    4.699999809265137,
    2.799999952316284,
    0.0,
    0.0,
    1.600000023841858,
    3.299999952316284,
    8.800000190734863,
    7.199999809265137,
    0.0,
    0.0,
    0.0,
    0.0,
    0.0,
    0.0,
    0.0,
    0.0,
    0.0,
    0.0,
    0.0,
    0.0,
    0.0,
    0.0,
    5.400000095367432,
    1.5,
    0.0,
    12.199999809265137,
    1.7999999523162842,
    0.30000001192092896,
    3.5,
    0.0,
    0.0,
    0.0,
    0.0,
    0.0,
    0.0,
    0.0,
    0.4000000059604645,
    3.0999999046325684,
    1.2999999523162842,
    0.20000000298023224,
    5.5,
    0.30000001192092896,
    1.399999976158142
  ],
  "tas": [
    2.7000000402331352,
    1.3000000193715096,
    0.4000000059604645,
    0.20000000298023224,
    -0.9000000134110451,
    -1.8000000268220901,
    -2.500000037252903,
    0.0,
    -2.2000000327825546,
    -5.200000077486038,
    -8.00000011920929,
    0.10000000149011612,
    4.90000007301569,
    4.700000070035458,
    7.000000104308128,
    8.900000132620335,
    2.3000000342726707,
    1.3000000193715096,
    -0.20000000298023224,
    -0.5000000074505806,
    -0.10000000149011612,
    -3.500000052154064,
    -3.400000050663948,
    -2.7000000402331352,
    -1.3000000193715096,
    -1.0000000149011612,
    -0.5000000074505806,
    -1.1000000163912773,
    -1.1000000163912773,
    -1.700000025331974,
    -0.5000000074505806,
    -3.500000052154064,
    -5.500000081956387,
    -5.500000081956387,
    -4.000000059604645,
    -3.200000047683716,
    0.20000000298023224,
    1.600000023841858,
    0.9000000134110451,
    1.1000000163912773,
    2.500000037252903,
    5.700000084936619,
    6.000000089406967,
    1.1000000163912773,
    -0.6000000089406967,
    -1.8000000268220901,
    -1.1000000163912773,
    2.500000037252903,
    -0.6000000089406967,
    -2.0000000298023224,
    0.20000000298023224,
    7.700000114738941,
    10.400000154972076,
    8.300000123679638,
    7.000000104308128,
    9.900000147521496,
    10.900000162422657,
    13.100000195205212,
    12.400000184774399,
    7.900000117719173,
    9.900000147521496,
    9.600000143051147,
    6.400000095367432,
    8.800000131130219,
    9.100000135600567,
    8.800000131130219,
    9.900000147521496,
    9.300000138580799,
    10.000000149011612,
    10.30000015348196,
    8.600000128149986,
    8.50000012665987,
    4.000000059604645,
    5.200000077486038,
    5.000000074505806,
    6.200000092387199,
    7.800000116229057,
    7.800000116229057,
    8.400000125169754,
    5.4000000804662704,
    7.200000107288361,
    7.900000117719173,
    10.900000162422657,
    8.00000011920929,
    3.500000052154064,
    4.000000059604645,
    4.500000067055225,
    5.900000087916851,
    5.4000000804662704
  ],