{
  "time": [
    1767268800000000000,
    1767355200000000000,
    1767441600000000000
  ],
  "hurs": [
    81.00000120699406,
    84.50000125914812,
    87.5000013038516
  ]
}