{
  "time": [
    1767225600000000000,
    1767312000000000000,
    1767398400000000000,
    1767484800000000000,
    1767571200000000000,
    1767657600000000000,
    1767744000000000000,
    1767830400000000000,
    1767916800000000000,
    1768003200000000000,
    1768089600000000000,
    1768176000000000000,
    1768262400000000000,
    1768348800000000000,
    1768435200000000000,
    1768521600000000000,
    1768608000000000000,
    1768694400000000000,
    1768780800000000000,
    1768867200000000000,
    1768953600000000000,
    1769040000000000000,
    1769126400000000000,
    1769212800000000000,
    1769299200000000000,
    1769385600000000000,
    1769472000000000000,
    1769558400000000000,
    1769644800000000000,
    1769731200000000000,
    1769817600000000000,
    1769904000000000000,
    1769990400000000000,
    1770076800000000000,
    1770163200000000000,
    1770249600000000000,
    1770336000000000000,
    1770422400000000000,
    1770508800000000000,
    1770595200000000000,
    1770681600000000000,
    1770768000000000000,
    1770854400000000000,
    1770940800000000000,
    1771027200000000000,
    1771113600000000000,
    1771200000000000000,
    1771286400000000000,
    1771372800000000000,
    1771459200000000000,
    1771545600000000000,
    1771632000000000000,
    1771718400000000000
  ],
  "hurs": [
    81.40000121295452,
    84.70000126212835,
    87.5000013038516,
    86.2000012844801,
    76.40000113844872,
    84.90000126510859,
    75.7000011280179,
    83.00000123679638,
    88.00000131130219,
    79.50000118464231,
    90.50000134855509,
    89.20000132918358,
    93.20000138878822,
    90.90000135451555,
    88.20000131428242,
    75.00000111758709,
    91.00000135600567,
    89.70000133663416,
    80.0000011920929,
    78.2000011652708,
    75.20000112056732,
    80.20000119507313,
    76.70000114291906,
    79.4000011831522,
    85.50000127404928,
    93.00000138580799,
    90.70000135153532,
    86.50000128895044,
    86.90000129491091,
    88.40000131726265,
    85.50000127404928,
    78.50000116974115,
    76.00000113248825,
    72.20000107586384,
    86.70000129193068,
    90.70000135153532,
    95.20000141859055,
    96.2000014334917,
    97.20000144839287,
    92.4000013768673,
    88.50000131875277,
    94.70000141113997,
    97.00000144541264,
    95.5000014230609,
    89.00000132620335,
    75.20000112056732,
    90.90000135451555,
    92.50000137835741,
    85.20000126957893,
    74.20000110566616,
    71.70000106841326,
    86.90000129491091,
    91.00000135600567
  ]
}