{
  "time": [
    1767225600000000000,
    1767312000000000000,
    1767398400000000000,
    1767484800000000000,
    1767571200000000000,
    1767657600000000000,
    1767744000000000000,
    1767830400000000000,
    1767916800000000000,
    1768003200000000000,
    1768089600000000000,
    1768176000000000000,
    1768262400000000000,
    1768348800000000000,
    1768435200000000000,
    1768521600000000000,
    1768608000000000000,
    1768694400000000000,
    1768780800000000000,
    1768867200000000000,
    1768953600000000000,
    1769040000000000000,
    1769126400000000000,
    1769212800000000000,
    1769299200000000000,
    1769385600000000000,
    1769472000000000000,
    1769558400000000000,
    1769644800000000000,
    1769731200000000000,
    1769817600000000000,
    1769904000000000000,
    1769990400000000000,
    1770076800000000000,
    1770163200000000000
  ],
  "hurs": [
    81.00000120699406,
    84.50000125914812,
    88.90000132471323,
    86.2000012844801,
    77.20000115036964,
    84.400001257658,
    75.40000112354755,
    82.00000122189522,
    86.90000129491091,
    79.00000117719173,
    90.70000135153532,
    89.40000133216381,
    92.00000137090683,
    91.00000135600567,
    88.00000131130219,
    74.90000111609697,
    90.70000135153532,
    89.90000133961439,
    80.0000011920929,
    78.70000117272139,
    75.20000112056732,
    81.00000120699406,
    75.7000011280179,
    79.50000118464231,
    85.40000127255917,
    93.20000138878822,
    90.70000135153532,
    86.2000012844801,
    86.50000128895044,
    88.40000131726265,
    85.40000127255917,
    78.50000116974115,
    76.00000113248825,
    72.20000107586384,
    86.70000129193068
  ]
}