{
  "time": [
    1767225600000000000,
    1767312000000000000,
    1767398400000000000,
    1767484800000000000,
    1767571200000000000,
    1767657600000000000,
    1767744000000000000,
    1767830400000000000,
    1767916800000000000,
    1768003200000000000,
    1768089600000000000,
    1768176000000000000,
    1768262400000000000,
    1768348800000000000,
    1768435200000000000,
    1768521600000000000,
    1768608000000000000,
    1768694400000000000,
    1768780800000000000,
    1768867200000000000,
    1768953600000000000,
    1769040000000000000,
    1769126400000000000,
    1769212800000000000,
    1769299200000000000,
    1769385600000000000,
    1769472000000000000,
    1769558400000000000,
    1769644800000000000,
    1769731200000000000,
    1769817600000000000,
    1769904000000000000,
    1769990400000000000,
    1770076800000000000,
    1770163200000000000,
    1770249600000000000,
    1770336000000000000,
    1770422400000000000,
    1770508800000000000,
    1770595200000000000,
    1770681600000000000,
    1770768000000000000,
    1770854400000000000,
    1770940800000000000,
    1771027200000000000,
    1771113600000000000,
    1771200000000000000,
    1771286400000000000,
    1771372800000000000,
    1771459200000000000,
    1771545600000000000,
    1771632000000000000,
    1771718400000000000,
    1771804800000000000,
    1771891200000000000,
    1771977600000000000,
    1772064000000000000
  ],
  "tasmax": [
    3.200000047683716,
    2.3000000342726707,
    1.1000000163912773,
    1.1000000163912773,
    0.800000011920929,
    -0.10000000149011612,
    -1.1000000163912773,
    2.2000000327825546,
    -0.20000000298023224,
    -2.600000038743019,
    -4.500000067055225,
    2.7000000402331352,
    6.800000101327896,
    7.500000111758709,
    10.400000154972076,
    11.900000177323818,
    6.70000009983778,
    3.7000000551342964,
    4.500000067055225,
    5.500000081956387,
    6.000000089406967,
    -0.5000000074505806,
    -1.700000025331974,
    -1.3000000193715096,
    -0.5000000074505806,
    0.20000000298023224,
    0.800000011920929,
    0.0,
    -0.4000000059604645,
    -0.4000000059604645,
    0.20000000298023224,
    -2.3000000342726707,
    -4.200000062584877,
    -4.200000062584877,
    -2.500000037252903,
    -1.3000000193715096,
    1.3000000193715096,
    2.7000000402331352,
    1.5000000223517418,
    2.1000000312924385,
    5.700000084936619,
    7.900000117719173,
    8.00000011920929,
    4.200000062584877,
    0.5000000074505806,
    2.1000000312924385,
    0.5000000074505806,
    5.500000081956387,
    1.8000000268220901,
    1.3000000193715096,
    4.200000062584877,
    9.80000014603138,
    11.800000175833702,
    10.30000015348196,
    11.800000175833702,
    14.600000217556953,
    16.100000239908695
  ]
}