{
  "time": [
    1767225600000000000,
    1767312000000000000,
    1767398400000000000,
    1767484800000000000,
    1767571200000000000,
    1767657600000000000,
    1767744000000000000,
    1767830400000000000,
    1767916800000000000,
    1768003200000000000,
    1768089600000000000,
    1768176000000000000,
    1768262400000000000,
    1768348800000000000,
    1768435200000000000,
    1768521600000000000,
    1768608000000000000,
    1768694400000000000,
    1768780800000000000,
    1768867200000000000,
    1768953600000000000,
    1769040000000000000,
    1769126400000000000,
    1769212800000000000,
    1769299200000000000,
    1769385600000000000,
    1769472000000000000,
    1769558400000000000,
    1769644800000000000,
    1769731200000000000,
    1769817600000000000,
    1769904000000000000,
    1769990400000000000,
    1770076800000000000,
    1770163200000000000,
    1770249600000000000,
    1770336000000000000,
    1770422400000000000,
    1770508800000000000
  ],
  "tasmin": [
    1.600000023841858,
    -0.20000000298023224,
    -1.3000000193715096,
    -1.5000000223517418,
    -2.8000000417232513,
    -4.200000062584877,
    -4.90000007301569,
    -2.3000000342726707,
    -5.200000077486038,
    -10.100000150501728,
    -12.000000178813934,
    -4.500000067055225,
    1.8000000268220901,
    -0.5000000074505806,
    1.700000025331974,
    5.200000077486038,
    -0.4000000059604645,
    -1.700000025331974,
    -3.200000047683716,
    -4.200000062584877,
    -3.6000000536441803,
    -6.200000092387199,
    -5.000000074505806,
    -4.000000059604645,
    -2.7000000402331352,
    -2.2000000327825546,
    -1.8000000268220901,
    -1.8000000268220901,
    -2.0000000298023224,
    -2.7000000402331352,
    -2.600000038743019,
    -4.700000070035458,
    -7.500000111758709,
    -7.200000107288361,
    -4.700000070035458,
    -4.700000070035458,
    -1.5000000223517418,
    0.5000000074505806,
    0.4000000059604645
  ]
}