{
  "time": [
    1767268800000000000
  ],
  "hurs": [
    89.00000132620335
  ],
  "pr": [
    7.800000190734863
  ],
  "tas": [
    3.400000050663948
  ],
  "tasmax": [
    4.700000070035458
  ],
  "tasmin": [
    2.0000000298023224
  ]
}