{
  "time": [
    1767225600000000000,
    1767312000000000000,
    1767398400000000000,
    1767484800000000000,
    1767571200000000000,
    1767657600000000000,
    1767744000000000000,
    1767830400000000000,
    1767916800000000000,
    1768003200000000000,
    1768089600000000000,
    1768176000000000000,
    1768262400000000000,
    1768348800000000000,
    1768435200000000000,
    1768521600000000000,
    1768608000000000000,
    1768694400000000000,
    1768780800000000000,
    1768867200000000000,
    1768953600000000000,
    1769040000000000000,
    1769126400000000000,
    1769212800000000000,
    1769299200000000000,
    1769385600000000000,
    1769472000000000000,
    1769558400000000000,
    1769644800000000000,
    1769731200000000000,
    1769817600000000000,
    1769904000000000000,
    1769990400000000000,
    1770076800000000000,
    1770163200000000000,
    1770249600000000000,
    1770336000000000000,
    1770422400000000000,
    1770508800000000000,
    1770595200000000000,
    1770681600000000000,
    1770768000000000000,
    1770854400000000000,
    1770940800000000000,
    1771027200000000000,
    1771113600000000000,
    1771200000000000000,
    1771286400000000000,
    1771372800000000000,
    1771459200000000000,
    1771545600000000000,
    1771632000000000000,
    1771718400000000000,
    1771804800000000000,
    1771891200000000000,
    1771977600000000000,
    1772064000000000000,
    1772150400000000000,
    1772236800000000000,
    1772323200000000000,
    1772409600000000000,
    1772496000000000000,
    1772582400000000000,
    1772668800000000000,
    1772755200000000000,
    1772841600000000000,
    1772928000000000000,
    1773014400000000000,
    1773100800000000000,
    1773187200000000000,
    1773273600000000000,
    1773360000000000000,
    1773446400000000000,
    1773532800000000000,
    1773619200000000000,
    1773705600000000000,
    1773792000000000000,
    1773878400000000000,
    1773964800000000000,
    1774051200000000000,
    1774137600000000000,
    1774224000000000000,
    1774310400000000000
  ],
  "hurs": [
    89.00000132620335,
    87.20000129938126,
    89.50000133365393,
    91.90000136941671,
    89.20000132918358,
    93.20000138878822,
    85.70000127702951,
    94.20000140368938,
    84.00000125169754,
    73.70000109821558,
    89.50000133365393,
    93.50000139325857,
    97.70000145584345,
    93.90000139921904,
    93.00000138580799,
    83.70000124722719,
    92.20000137388706,
    91.90000136941671,
    86.50000128895044,
    82.70000123232603,
    79.70000118762255,
    76.20000113546848,
    77.50000115483999,
    82.70000123232603,
    86.00000128149986,
    93.90000139921904,
    90.50000134855509,
    87.00000129640102,
    83.90000125020742,
    86.70000129193068,
    86.70000129193068,
    81.20000120997429,
    79.50000118464231,
    73.200001090765,
    86.2000012844801,
    90.00000134110451,
    95.20000141859055,
    96.50000143796206,
    93.20000138878822,
    92.50000137835741,
    92.4000013768673,
    97.20000144839287,
    96.00000143051147,
    91.70000136643648,
    84.20000125467777,
    81.9000012204051,
    91.2000013589859,
    93.7000013962388,
    81.40000121295452,
    71.70000106841326,
    76.00000113248825,
    91.90000136941671,
    95.90000142902136,
    89.90000133961439,
    92.70000138133764,
    87.90000130981207,
    82.20000122487545,
    80.90000120550394,
    82.70000123232603,
    72.20000107586384,
    65.20000097155571,
    75.50000112503767,
    76.9000011458993,
    72.20000107586384,
    72.50000108033419,
    85.50000127404928,
    79.00000117719173,
    77.20000115036964,
    84.70000126212835,
    90.20000134408474,
    74.90000111609697,
    80.50000119954348,
    95.00000141561031,
    85.50000127404928,
    82.20000122487545,
    84.70000126212835,
    63.10000094026327,
    73.40000109374523,
    86.2000012844801,
    91.70000136643648,
    75.20000112056732,
    78.50000116974115,
    69.5000010356307
  ],
  "pr": [
    8.399999618530273,
    3.5999999046325684,
    6.199999809265137,
    0.800000011920929,
    0.5,
    0.0,
    1.7999999523162842,
    3.700000047683716,
    5.0,
    0.0,
    0.4000000059604645,
    2.5999999046325684,
    7.5,
    1.0,
    0.6000000238418579,
    1.399999976158142,
    0.0,
    0.0,
    0.0,
    0.0,
    0.0,
    0.0,
    0.0,
    1.600000023841858,
    0.800000011920929,
    6.0,
    0.20000000298023224,
    0.10000000149011612,
    1.2000000476837158,
    0.10000000149011612,
    0.20000000298023224,
    0.0,
    0.0,
    1.0,
    0.10000000149011612,
    0.20000000298023224,
    0.4000000059604645,
    0.30000001192092896,
    0.0,
    0.0,
    2.299999952316284,
    3.799999952316284,
    8.399999618530273,
    4.0,
    0.0,
    1.7999999523162842,
    5.199999809265137,
    1.399999976158142,
    0.0,
    0.0,
    6.400000095367432,
    6.099999904632568,
    7.900000095367432,
    6.0,
    0.0,
    0.0,
    0.0,
    4.0,
    1.399999976158142,
    0.0,
    0.0,
    0.0,
    0.0,
    0.0,
    0.0,
    0.10000000149011612,
    0.0,
    0.0,
    1.7000000476837158,
    7.300000190734863,
    0.0,
    4.699999809265137,
    6.099999904632568,
    4.900000095367432,
    1.2999999523162842,
    0.20000000298023224,
    0.0,
    0.0,
    0.0,
    0.0,
    0.0,
    0.0,
    2.200000047683716
  ],
  "tas": [
    3.400000050663948,
    1.700000025331974,
    0.10000000149011612,
    -0.10000000149011612,
    -0.6000000089406967,
    -0.800000011920929,
    -0.9000000134110451,
    0.800000011920929,
    -1.8000000268220901,
    -2.3000000342726707,
    -7.000000104308128,
    0.5000000074505806,
    5.700000084936619,
    4.500000067055225,
    6.900000102818012,
    8.300000123679638,
    4.500000067055225,
    2.2000000327825546,
    0.10000000149011612,
    0.20000000298023224,
    -0.5000000074505806,
    -1.8000000268220901,
    -2.500000037252903,
    -2.600000038743019,
    -1.1000000163912773,
    -0.20000000298023224,
    -0.10000000149011612,
    -0.20000000298023224,
    -0.10000000149011612,
    -1.5000000223517418,
    -0.5000000074505806,
    -3.200000047683716,
    -5.4000000804662704,
    -5.000000074505806,
    -4.000000059604645,
    -3.0000000447034836,
    -0.20000000298023224,
    1.5000000223517418,
    1.1000000163912773,
    0.9000000134110451,
    2.1000000312924385,
    3.200000047683716,
    2.7000000402331352,
    -0.20000000298023224,
    -2.2000000327825546,
    -2.7000000402331352,
    -0.9000000134110451,
    2.1000000312924385,
    -1.3000000193715096,
    -1.8000000268220901,
    0.9000000134110451,
    7.200000107288361,
    9.00000013411045,
    7.900000117719173,
    6.900000102818012,
    10.600000157952309,
    11.400000169873238,
    11.800000175833702,
    10.500000156462193,
    8.300000123679638,
    10.500000156462193,
    8.00000011920929,
    5.700000084936619,
    8.800000131130219,
    9.400000140070915,
    7.900000117719173,
    9.300000138580799,
    8.800000131130219,
    9.00000013411045,
    8.900000132620335,
    8.00000011920929,
    7.500000111758709,
    4.200000062584877,
    4.500000067055225,
    5.700000084936619,
    7.400000110268593,
    9.300000138580799,
    7.900000117719173,
    5.700000084936619,
    4.90000007301569,
    7.300000108778477,
    6.900000102818012,
    10.000000149011612
  ],