{
  "time": [
    1767268800000000000,
    1767355200000000000,
    1767441600000000000
  ],
  "hurs": [
    89.00000132620335,
    86.50000128895044,
    89.40000133216381
  ],
  "pr": [
    7.800000190734863,
    4.199999809265137,
    5.5
  ],
  "tas": [
    3.400000050663948,
    1.8000000268220901,
    0.20000000298023224
  ],
  "tasmax": [
    4.700000070035458,
    3.6000000536441803,
    1.700000025331974
  ],
  "tasmin": [
    2.0000000298023224,
    -1.0000000149011612,
    -2.3000000342726707
  ]
}