{
  "time": [
    1767268800000000000,
    1767355200000000000,
    1767441600000000000
  ],
  "hurs": [
    89.00000132620335,
    86.50000128895044,
    89.40000133216381
  ]
}