{
  "time": [
    1767225600000000000,
    1767312000000000000,
    1767398400000000000,
    1767484800000000000,
    1767571200000000000,
    1767657600000000000,
    1767744000000000000,
    1767830400000000000,
    1767916800000000000,
    1768003200000000000,
    1768089600000000000,
    1768176000000000000,
    1768262400000000000,
    1768348800000000000,
    1768435200000000000,
    1768521600000000000,
    1768608000000000000,
    1768694400000000000,
    1768780800000000000,
    1768867200000000000,
    1768953600000000000,
    1769040000000000000,
    1769126400000000000,
    1769212800000000000,
    1769299200000000000,
    1769385600000000000,
    1769472000000000000,
    1769558400000000000,
    1769644800000000000,
    1769731200000000000,
    1769817600000000000,
    1769904000000000000,
    1769990400000000000,
    1770076800000000000,
    1770163200000000000,
    1770249600000000000,
    1770336000000000000,
    1770422400000000000,
    1770508800000000000,
    1770595200000000000,
    1770681600000000000,
    1770768000000000000,
    1770854400000000000,
    1770940800000000000,
    1771027200000000000,
    1771113600000000000,
    1771200000000000000,
    1771286400000000000,
    1771372800000000000,
    1771459200000000000,
    1771545600000000000,
    1771632000000000000,
    1771718400000000000,
    1771804800000000000,
    1771891200000000000,
    1771977600000000000,
    1772064000000000000,
    1772150400000000000,
    1772236800000000000,
    1772323200000000000,
    1772409600000000000,
    1772496000000000000,
    1772582400000000000,
    1772668800000000000,
    1772755200000000000
  ],
  "hurs": [
    89.00000132620335,
    87.20000129938126,
    89.50000133365393,
    91.90000136941671,
    89.20000132918358,
    93.20000138878822,
    85.70000127702951,
    94.20000140368938,
    84.00000125169754,
    73.70000109821558,
    89.50000133365393,
    93.50000139325857,
    97.70000145584345,
    93.90000139921904,
    93.00000138580799,
    83.70000124722719,
    92.20000137388706,
    91.90000136941671,
    86.50000128895044,
    82.70000123232603,
    79.70000118762255,
    76.20000113546848,
    77.50000115483999,
    82.70000123232603,
    86.00000128149986,
    93.90000139921904,
    90.50000134855509,
    87.00000129640102,
    83.90000125020742,
    86.70000129193068,
    86.70000129193068,
    81.20000120997429,
    79.20000118017197,
    73.200001090765,
    86.2000012844801,
    90.00000134110451,
    95.20000141859055,
    96.50000143796206,
    93.20000138878822,
    92.50000137835741,
    92.4000013768673,
    97.20000144839287,
    96.00000143051147,
    91.70000136643648,
    84.20000125467777,
    81.9000012204051,
    91.2000013589859,
    93.7000013962388,
    81.40000121295452,
    71.70000106841326,
    76.00000113248825,
    91.90000136941671,
    95.90000142902136,
    90.00000134110451,
    91.70000136643648,
    87.40000130236149,
    82.20000122487545,
    80.50000119954348,
    82.70000123232603,
    72.20000107586384,
    65.20000097155571,
    75.50000112503767,
    76.9000011458993,
    72.20000107586384,
    72.50000108033419
  ]
}