{
  "time": [
    1767225600000000000,
    1767312000000000000,
    1767398400000000000,
    1767484800000000000,
    1767571200000000000,
    1767657600000000000,
    1767744000000000000,
    1767830400000000000,
    1767916800000000000,
    1768003200000000000,
    1768089600000000000,
    1768176000000000000,
    1768262400000000000,
    1768348800000000000,
    1768435200000000000,
    1768521600000000000,
    1768608000000000000,
    1768694400000000000,
    1768780800000000000,
    1768867200000000000,
    1768953600000000000,
    1769040000000000000,
    1769126400000000000,
    1769212800000000000,
    1769299200000000000,
    1769385600000000000,
    1769472000000000000,
    1769558400000000000,
    1769644800000000000,
    1769731200000000000,
    1769817600000000000,
    1769904000000000000,
    1769990400000000000,
    1770076800000000000,
    1770163200000000000,
    1770249600000000000,
    1770336000000000000,
    1770422400000000000,
    1770508800000000000,
    1770595200000000000,
    1770681600000000000,
    1770768000000000000,
    1770854400000000000,
    1770940800000000000,
    1771027200000000000,
    1771113600000000000,
    1771200000000000000,
    1771286400000000000,
    1771372800000000000,
    1771459200000000000,
    1771545600000000000,
    1771632000000000000,
    1771718400000000000,
    1771804800000000000,
    1771891200000000000,
    1771977600000000000,
    1772064000000000000,
    1772150400000000000,
    1772236800000000000
  ],
  "hurs": [
    89.00000132620335,
    87.20000129938126,
    89.50000133365393,
    91.90000136941671,
    89.20000132918358,
    93.20000138878822,
    85.70000127702951,
    94.20000140368938,
    84.00000125169754,
    73.70000109821558,
    89.50000133365393,
    93.50000139325857,
    97.70000145584345,
    93.90000139921904,
    93.00000138580799,
    83.70000124722719,
    92.20000137388706,
    91.90000136941671,
    86.50000128895044,
    82.70000123232603,
    79.70000118762255,
    76.20000113546848,
    77.50000115483999,
    82.70000123232603,
    86.00000128149986,
    93.90000139921904,
    90.50000134855509,
    87.00000129640102,
    83.90000125020742,
    86.70000129193068,
    86.70000129193068,
    81.20000120997429,
    79.00000117719173,
    72.50000108033419,
    85.50000127404928,
    90.20000134408474,
    95.5000014230609,
    96.2000014334917,
    93.20000138878822,
    92.90000138431787,
    93.00000138580799,
    97.50000145286322,
    95.20000141859055,
    91.90000136941671,
    83.20000123977661,
    81.00000120699406,
    91.00000135600567,
    94.40000140666962,
    81.20000120997429,
    70.7000010535121,
    76.20000113546848,
    92.70000138133764,
    95.70000142604113,
    90.00000134110451,
    91.50000136345625,
    87.70000130683184,
    81.50000121444464,
    80.70000120252371,
    82.90000123530626
  ]
}