{
  "time": [
    1767290400000000000,
    1767376800000000000,
    1767463200000000000
  ],
  "pr": [
    7.800000190734863,
    4.199999809265137,
    5.5
  ]
}