{
  "time": [
    1767268800000000000,
    1767355200000000000,
    1767441600000000000
  ],
  "tasmin": [
    2.0000000298023224,
    -1.0000000149011612,
    -2.3000000342726707
  ]
}