{
  "time": [
    1767225600000000000,
    1767312000000000000,
    1767398400000000000,
    1767484800000000000,
    1767571200000000000,
    1767657600000000000,
    1767744000000000000,
    1767830400000000000,
    1767916800000000000,
    1768003200000000000,
    1768089600000000000,
    1768176000000000000,
    1768262400000000000,
    1768348800000000000,
    1768435200000000000,
    1768521600000000000,
    1768608000000000000,
    1768694400000000000,
    1768780800000000000,
    1768867200000000000,
    1768953600000000000,
    1769040000000000000,
    1769126400000000000,
    1769212800000000000,
    1769299200000000000,
    1769385600000000000,
    1769472000000000000,
    1769558400000000000,
    1769644800000000000,
    1769731200000000000,
    1769817600000000000,
    1769904000000000000,
    1769990400000000000,
    1770076800000000000,
    1770163200000000000,
    1770249600000000000,
    1770336000000000000,
    1770422400000000000,
    1770508800000000000
  ],
  "tasmin": [
    2.0000000298023224,
    -1.0000000149011612,
    -2.500000037252903,
    -2.7000000402331352,
    -2.2000000327825546,
    -1.8000000268220901,
    -2.3000000342726707,
    -0.5000000074505806,
    -3.7000000551342964,
    -7.000000104308128,
    -11.300000168383121,
    -4.200000062584877,
    3.200000047683716,
    0.20000000298023224,
    1.600000023841858,
    6.000000089406967,
    1.3000000193715096,
    -0.10000000149011612,
    -1.8000000268220901,
    -2.7000000402331352,
    -2.7000000402331352,
    -3.500000052154064,
    -3.9000000581145287,
    -3.9000000581145287,
    -2.1000000312924385,
    -1.1000000163912773,
    -0.9000000134110451,
    -0.800000011920929,
    -1.5000000223517418,
    -2.2000000327825546,
    -1.8000000268220901,
    -4.90000007301569,
    -7.300000108778477,
    -7.200000107288361,
    -4.700000070035458,
    -3.9000000581145287,
    -2.2000000327825546,
    0.800000011920929,
    0.5000000074505806
  ]
}