{
  "time": [
    1767225600000000000,
    1767312000000000000,
    1767398400000000000,
    1767484800000000000,
    1767571200000000000,
    1767657600000000000,
    1767744000000000000,
    1767830400000000000,
    1767916800000000000,
    1768003200000000000,
    1768089600000000000,
    1768176000000000000,
    1768262400000000000,
    1768348800000000000,
    1768435200000000000,
    1768521600000000000,
    1768608000000000000,
    1768694400000000000,
    1768780800000000000,
    1768867200000000000,
    1768953600000000000,
    1769040000000000000,
    1769126400000000000,
    1769212800000000000,
    1769299200000000000,
    1769385600000000000,
    1769472000000000000,
    1769558400000000000,
    1769644800000000000,
    1769731200000000000,
    1769817600000000000,
    1769904000000000000,
    1769990400000000000,
    1770076800000000000,
    1770163200000000000,
    1770249600000000000,
    1770336000000000000,
    1770422400000000000,
    1770508800000000000,
    1770595200000000000,
    1770681600000000000,
    1770768000000000000,
    1770854400000000000,
    1770940800000000000,
    1771027200000000000,
    1771113600000000000,
    1771200000000000000,
    1771286400000000000,
    1771372800000000000,
    1771459200000000000,
    1771545600000000000,
    1771632000000000000,
    1771718400000000000,
    1771804800000000000,
    1771891200000000000,
    1771977600000000000,
    1772064000000000000,
    1772150400000000000,
    1772236800000000000,
    1772323200000000000,
    1772409600000000000,
    1772496000000000000,
    1772582400000000000,
    1772668800000000000,
    1772755200000000000,
    1772841600000000000,
    1772928000000000000,
    1773014400000000000,
    1773100800000000000,
    1773187200000000000,
    1773273600000000000,
    1773360000000000000,
    1773446400000000000,
    1773532800000000000,
    1773619200000000000,
    1773705600000000000,
    1773792000000000000,
    1773878400000000000,
    1773964800000000000,
    1774051200000000000,
    1774137600000000000,
    1774224000000000000,
    1774310400000000000,
    1774396800000000000,
    1774483200000000000,
    1774569600000000000,
    1774656000000000000,
    1774742400000000000,
    1774828800000000000,
    1774915200000000000,
    1775001600000000000,
    1775088000000000000,
    1775174400000000000,
    1775260800000000000,
    1775347200000000000
  ],
  "tasmax": [
    4.700000070035458,
    3.500000052154064,
    1.600000023841858,
    1.1000000163912773,
    0.800000011920929,
    0.20000000298023224,
    0.0,
    2.1000000312924385,
    0.5000000074505806,
    -0.5000000074505806,
    -3.200000047683716,
    3.9000000581145287,
    7.400000110268593,
    7.300000108778477,
    9.80000014603138,
    10.800000160932541,
    7.200000107288361,
    3.200000047683716,
    3.200000047683716,
    4.400000065565109,
    2.3000000342726707,
    0.5000000074505806,
    -1.3000000193715096,
    -1.3000000193715096,
    -0.20000000298023224,
    0.9000000134110451,
    0.4000000059604645,
    0.5000000074505806,
    0.5000000074505806,
    -0.4000000059604645,
    0.10000000149011612,
    -2.0000000298023224,
    -4.200000062584877,
    -3.6000000536441803,
    -3.0000000447034836,
    -1.8000000268220901,
    1.1000000163912773,
    2.7000000402331352,
    1.8000000268220901,
    2.1000000312924385,
    4.200000062584877,
    4.000000059604645,
    3.6000000536441803,
    1.3000000193715096,
    -0.10000000149011612,
    1.0000000149011612,
    1.0000000149011612,
    5.500000081956387,
    0.9000000134110451,
    1.3000000193715096,
    5.200000077486038,
    8.600000128149986,
    10.500000156462193,
    9.400000140070915,
    10.800000160932541,
    15.100000225007534,
    16.100000239908695,
    17.100000254809856,
    13.100000195205212,
    12.500000186264515,
    16.300000242888927,
    15.000000223517418,
    11.400000169873238,
    16.100000239908695,
    17.30000025779009,
    14.800000220537186,
    16.00000023841858,
    16.800000250339508,
    17.50000026077032,
    11.800000175833702,
    12.10000018030405,
    10.900000162422657,
    5.500000081956387,
    9.500000141561031,
    8.800000131130219,
    11.000000163912773,
    14.100000210106373,
    14.900000222027302,
    10.000000149011612,
    9.00000013411045,
    14.600000217556953,
    13.90000020712614,
    13.800000205636024,
    12.90000019222498,
    7.700000114738941,
    9.600000143051147,
    9.500000141561031,
    10.900000162422657,
    8.900000132620335,
    10.900000162422657,
    12.90000019222498,
    11.10000016540289,
    11.500000171363354,
    14.300000213086605,
    14.300000213086605
  ]
}