{
  "time": [
    1767225600000000000,
    1767312000000000000,
    1767398400000000000,
    1767484800000000000,
    1767571200000000000,
    1767657600000000000,
    1767744000000000000,
    1767830400000000000,
    1767916800000000000,
    1768003200000000000,
    1768089600000000000,
    1768176000000000000,
    1768262400000000000,
    1768348800000000000,
    1768435200000000000,
    1768521600000000000,
    1768608000000000000,
    1768694400000000000,
    1768780800000000000,
    1768867200000000000,
    1768953600000000000,
    1769040000000000000,
    1769126400000000000,
    1769212800000000000,
    1769299200000000000,
    1769385600000000000,
    1769472000000000000,
    1769558400000000000,
    1769644800000000000,
    1769731200000000000,
    1769817600000000000,
    1769904000000000000,
    1769990400000000000,
    1770076800000000000,
    1770163200000000000,
    1770249600000000000,
    1770336000000000000,
    1770422400000000000,
    1770508800000000000,
    1770595200000000000,
    1770681600000000000,
    1770768000000000000,
    1770854400000000000,
    1770940800000000000,
    1771027200000000000,
    1771113600000000000,
    1771200000000000000,
    1771286400000000000,
    1771372800000000000,
    1771459200000000000,
    1771545600000000000,
    1771632000000000000,
    1771718400000000000,
    1771804800000000000,
    1771891200000000000
  ],
  "tasmax": [
    4.700000070035458,
    3.500000052154064,
    1.600000023841858,
    1.1000000163912773,
    0.800000011920929,
    0.20000000298023224,
    0.0,
    2.1000000312924385,
    0.5000000074505806,
    -0.5000000074505806,
    -3.200000047683716,
    3.9000000581145287,
    7.400000110268593,
    7.300000108778477,
    9.80000014603138,
    10.800000160932541,
    7.200000107288361,
    3.200000047683716,
    3.200000047683716,
    4.400000065565109,
    2.3000000342726707,
    0.5000000074505806,
    -1.3000000193715096,
    -1.3000000193715096,
    -0.20000000298023224,
    0.9000000134110451,
    0.4000000059604645,
    0.5000000074505806,
    0.5000000074505806,
    -0.4000000059604645,
    0.10000000149011612,
    -2.0000000298023224,
    -4.000000059604645,
    -3.500000052154064,
    -3.0000000447034836,
    -1.8000000268220901,
    1.1000000163912773,
    2.7000000402331352,
    1.8000000268220901,
    2.1000000312924385,
    4.200000062584877,
    4.000000059604645,
    3.7000000551342964,
    1.3000000193715096,
    0.0,
    1.1000000163912773,
    0.9000000134110451,
    5.500000081956387,
    1.1000000163912773,
    1.600000023841858,
    5.200000077486038,
    8.50000012665987,
    10.500000156462193,
    9.300000138580799,
    10.900000162422657
  ]
}