{
  "time": [
    1767268800000000000,
    1767355200000000000,
    1767441600000000000
  ],
  "hurs": [
    66.00000098347664,
    73.70000109821558,
    81.70000121742487
  ],
  "pr": [
    0.0,
    0.8999999761581421,
    0.0
  ],
  "tas": [
    -2.500000037252903,
    1.3000000193715096,
    -2.2000000327825546
  ],
  "tasmax": [
    3.7000000551342964,
    2.3000000342726707,
    0.4000000059604645
  ],
  "tasmin": [
    -9.400000140070915,
    -3.0000000447034836,
    -7.500000111758709
  ]
}