{
  "time": [
    1767225600000000000,
    1767312000000000000,
    1767398400000000000,
    1767484800000000000,
    1767571200000000000,
    1767657600000000000,
    1767744000000000000,
    1767830400000000000,
    1767916800000000000,
    1768003200000000000,
    1768089600000000000,
    1768176000000000000,
    1768262400000000000,
    1768348800000000000,
    1768435200000000000,
    1768521600000000000,
    1768608000000000000,
    1768694400000000000,
    1768780800000000000,
    1768867200000000000,
    1768953600000000000,
    1769040000000000000,
    1769126400000000000,
    1769212800000000000,
    1769299200000000000,
    1769385600000000000,
    1769472000000000000,
    1769558400000000000,
    1769644800000000000,
    1769731200000000000,
    1769817600000000000,
    1769904000000000000,
    1769990400000000000,
    1770076800000000000,
    1770163200000000000,
    1770249600000000000,
    1770336000000000000,
    1770422400000000000,
    1770508800000000000,
    1770595200000000000,
    1770681600000000000,
    1770768000000000000,
    1770854400000000000,
    1770940800000000000,
    1771027200000000000,
    1771113600000000000,
    1771200000000000000,
    1771286400000000000,
    1771372800000000000,
    1771459200000000000,
    1771545600000000000,
    1771632000000000000,
    1771718400000000000,
    1771804800000000000,
    1771891200000000000,
    1771977600000000000,
    1772064000000000000,
    1772150400000000000,
    1772236800000000000,
    1772323200000000000,
    1772409600000000000,
    1772496000000000000,
    1772582400000000000,
    1772668800000000000,
    1772755200000000000,
    1772841600000000000,
    1772928000000000000,
    1773014400000000000,
    1773100800000000000,
    1773187200000000000,
    1773273600000000000,
    1773360000000000000,
    1773446400000000000,
    1773532800000000000
  ],
  "hurs": [
    66.50000099092722,
    74.50000111013651,
    81.9000012204051,
    72.50000108033419,
    75.40000112354755,
    82.00000122189522,
    75.00000111758709,
    83.50000124424696,
    72.40000107884407,
    84.50000125914812,
    92.50000137835741,
    85.70000127702951,
    69.5000010356307,
    68.00000101327896,
    72.20000107586384,
    73.70000109821558,
    87.90000130981207,
    92.70000138133764,
    95.70000142604113,
    96.90000144392252,
    97.50000145286322,
    95.5000014230609,
    96.40000143647194,
    96.70000144094229,
    92.50000137835741,
    82.00000122189522,
    88.90000132471323,
    96.00000143051147,
    88.50000131875277,
    92.4000013768673,
    87.20000129938126,
    87.70000130683184,
    89.00000132620335,
    87.5000013038516,
    98.20000146329403,
    90.20000134408474,
    89.00000132620335,
    79.70000118762255,
    97.70000145584345,
    87.70000130683184,
    79.50000118464231,
    78.2000011652708,
    78.2000011652708,
    77.40000115334988,
    94.00000140070915,
    81.70000121742487,
    82.70000123232603,
    80.0000011920929,
    93.40000139176846,
    91.00000135600567,
    88.700001321733,
    82.20000122487545,
    74.90000111609697,
    82.5000012293458,
    83.70000124722719,
    95.70000142604113,
    77.40000115334988,
    62.000000923871994,
    70.40000104904175,
    71.50000106543303,
    74.50000111013651,
    76.70000114291906,
    69.90000104159117,
    70.20000104606152,
    75.20000112056732,
    77.70000115782022,
    76.50000113993883,
    73.50000109523535,
    72.50000108033419,
    72.90000108629465,
    71.70000106841326,
    57.00000084936619,
    84.70000126212835,
    78.00000116229057
  ],
  "pr": [
    0.0,
    0.8999999761581421,
    0.0,
    0.0,
    0.0,
    0.10000000149011612,
    0.6000000238418579,
    7.699999809265137,
    3.299999952316284,
    3.0999999046325684,
    0.0,
    2.5999999046325684,
    0.0,
    0.20000000298023224,
    0.0,
    0.0,
    0.0,
    0.0,
    0.0,
    0.0,
    0.0,
    0.0,
    0.0,
    0.10000000149011612,
    0.0,
    0.0,
    7.900000095367432,
    15.600000381469727,
    0.800000011920929,
    3.700000047683716,
    0.0,
    0.8999999761581421,
    2.299999952316284,
    0.20000000298023224,
    0.0,
    0.0,
    3.0999999046325684,
    0.0,
    0.0,
    0.20000000298023224,
    4.300000190734863,
    7.099999904632568,
    2.9000000953674316,
    0.10000000149011612,
    3.700000047683716,
    3.700000047683716,
    8.600000381469727,
    1.399999976158142,
    6.300000190734863,
    3.299999952316284,
    2.0999999046325684,
    1.2999999523162842,
    2.700000047683716,
    0.8999999761581421,
    0.10000000149011612,
    0.20000000298023224,
    0.0,
    0.0,
    0.6000000238418579,
    0.0,
    0.0,
    0.0,
    0.0,
    0.0,
    0.0,
    0.0,
    0.0,
    0.0,
    0.20000000298023224,
    14.5,
    0.0,
    5.199999809265137,
    7.699999809265137,
    0.0
  ],
  "tas": [
    -2.500000037252903,
    1.1000000163912773,
    -2.2000000327825546,
    -1.600000023841858,
    -5.000000074505806,
    -5.000000074505806,
    -3.200000047683716,
    3.400000050663948,
    6.900000102818012,
    1.8000000268220901,
    -0.9000000134110451,
    3.200000047683716,
    8.50000012665987,
    9.300000138580799,
    9.00000013411045,
    6.500000096857548,
    3.7000000551342964,
    0.10000000149011612,
    0.0,
    -0.4000000059604645,
    -1.3000000193715096,
    -1.1000000163912773,
    -0.20000000298023224,
    1.1000000163912773,
    1.1000000163912773,
    4.400000065565109,
    1.5000000223517418,
    3.500000052154064,
    3.500000052154064,
    1.8000000268220901,
    4.200000062584877,
    3.9000000581145287,
    5.200000077486038,
    4.500000067055225,
    -0.10000000149011612,
    2.2000000327825546,
    6.000000089406967,
    7.800000116229057,
    1.3000000193715096,
    3.9000000581145287,
    7.400000110268593,
    10.500000156462193,
    9.400000140070915,
    7.700000114738941,
    3.9000000581145287,
    2.8000000417232513,
    6.200000092387199,
    4.400000065565109,
    1.0000000149011612,
    5.200000077486038,
    4.500000067055225,
    8.50000012665987,
    10.600000157952309,
    10.400000154972076,
    11.000000163912773,
    7.000000104308128,
    10.500000156462193,
    12.000000178813934,
    10.500000156462193,
    9.100000135600567,
    7.400000110268593,
    8.00000011920929,
    8.300000123679638,
    7.800000116229057,
    8.600000128149986,
    8.50000012665987,
    9.500000141561031,
    10.600000157952309,
    11.000000163912773,
    11.500000171363354,
    8.800000131130219,
    10.900000162422657,
    5.500000081956387,
    4.90000007301569
  ],