{
  "time": [
    1767225600000000000,
    1767312000000000000,
    1767398400000000000,
    1767484800000000000,
    1767571200000000000,
    1767657600000000000,
    1767744000000000000,
    1767830400000000000,
    1767916800000000000,
    1768003200000000000,
    1768089600000000000,
    1768176000000000000,
    1768262400000000000,
    1768348800000000000,
    1768435200000000000,
    1768521600000000000,
    1768608000000000000,
    1768694400000000000,
    1768780800000000000,
    1768867200000000000,
    1768953600000000000,
    1769040000000000000,
    1769126400000000000,
    1769212800000000000,
    1769299200000000000,
    1769385600000000000,
    1769472000000000000,
    1769558400000000000,
    1769644800000000000,
    1769731200000000000,
    1769817600000000000,
    1769904000000000000,
    1769990400000000000,
    1770076800000000000,
    1770163200000000000,
    1770249600000000000
  ],
  "hurs": [
    66.20000098645687,
    74.20000110566616,
    82.00000122189522,
    72.50000108033419,
    75.20000112056732,
    81.70000121742487,
    75.00000111758709,
    84.50000125914812,
    72.20000107586384,
    84.70000126212835,
    92.70000138133764,
    85.50000127404928,
    69.20000103116035,
    68.00000101327896,
    72.20000107586384,
    73.50000109523535,
    87.70000130683184,
    92.4000013768673,
    95.5000014230609,
    96.70000144094229,
    96.00000143051147,
    96.00000143051147,
    96.70000144094229,
    96.50000143796206,
    90.90000135451555,
    82.00000122189522,
    88.50000131875277,
    96.2000014334917,
    88.20000131428242,
    92.4000013768673,
    87.40000130236149,
    88.90000132471323,
    90.70000135153532,
    87.5000013038516,
    97.20000144839287,
    90.00000134110451
  ],
  "pr": [
    0.0,
    0.8999999761581421,
    0.0,
    0.0,
    0.0,
    0.10000000149011612,
    0.6000000238418579,
    7.699999809265137,
    3.299999952316284,
    3.0999999046325684,
    0.0,
    2.5999999046325684,
    0.0,
    0.20000000298023224,
    0.0,
    0.0,
    0.0,
    0.0,
    0.0,
    0.0,
    0.0,
    0.0,
    0.0,
    0.10000000149011612,
    0.0,
    0.0,
    7.900000095367432,
    15.600000381469727,
    0.800000011920929,
    3.700000047683716,
    0.0,
    1.0,
    2.299999952316284,
    0.10000000149011612,
    0.0,
    0.0
  ],
  "tas": [
    -2.500000037252903,
    1.1000000163912773,
    -2.2000000327825546,
    -1.600000023841858,
    -5.000000074505806,
    -4.90000007301569,
    -3.200000047683716,
    3.200000047683716,
    6.900000102818012,
    1.8000000268220901,
    -0.9000000134110451,
    3.200000047683716,
    8.50000012665987,
    9.300000138580799,
    9.00000013411045,
    6.500000096857548,
    3.7000000551342964,
    0.10000000149011612,
    0.0,
    -0.4000000059604645,
    -1.1000000163912773,
    -1.1000000163912773,
    -0.20000000298023224,
    1.1000000163912773,
    1.3000000193715096,
    4.400000065565109,
    1.5000000223517418,
    3.500000052154064,
    3.6000000536441803,
    1.8000000268220901,
    4.200000062584877,
    3.7000000551342964,
    5.000000074505806,
    4.500000067055225,
    0.0,
    2.2000000327825546
  ],
  "tasmax": [
    3.7000000551342964,
    2.2000000327825546,
    0.4000000059604645,
    1.1000000163912773,
    0.20000000298023224,
    -2.2000000327825546,
    0.10000000149011612,
    10.100000150501728,
    10.30000015348196,
    3.7000000551342964,
    1.1000000163912773,
    9.600000143051147,
    13.100000195205212,
    12.90000019222498,
    14.500000216066837,
    15.600000232458115,
    7.000000104308128,
    0.6000000089406967,
    1.0000000149011612,
    0.5000000074505806,
    0.20000000298023224,
    0.800000011920929,
    2.0000000298023224,
    2.1000000312924385,
    3.7000000551342964,
    7.000000104308128,
    5.500000081956387,
    4.200000062584877,
    6.800000101327896,
    6.800000101327896,
    9.00000013411045,
    10.30000015348196,
    8.300000123679638,
    10.100000150501728,
    2.3000000342726707,
    8.00000011920929
  ],
  "tasmin": [
    -9.500000141561031,
    -3.200000047683716,
    -7.500000111758709,
    -6.200000092387199,
    -9.600000143051147,
    -10.500000156462193,
    -8.50000012665987,
    -0.9000000134110451,
    3.0000000447034836,
    -0.20000000298023224,
    -4.90000007301569,
    -4.000000059604645,
    3.6000000536441803,
    5.500000081956387,
    2.0000000298023224,
    0.5000000074505806,
    -0.20000000298023224,
    -0.4000000059604645,
    -0.6000000089406967,
    -1.1000000163912773,
    -2.2000000327825546,
    -3.200000047683716,
    -2.2000000327825546,
    -0.5000000074505806,
    0.0,
    0.5000000074505806,
    -4.200000062584877,
    2.2000000327825546,
    -1.3000000193715096,
    -3.7000000551342964,
    -1.1000000163912773,
    0.20000000298023224,
    1.8000000268220901,
    0.20000000298023224,
    -2.2000000327825546,
    -0.5000000074505806
  ]
}