{
  "time": [
    1767268800000000000
  ],
  "hurs": [
    66.00000098347664
  ],
  "pr": [
    0.0
  ],
  "tas": [
    -2.500000037252903
  ],
  "tasmax": [
    3.7000000551342964
  ],
  "tasmin": [
    -9.400000140070915
  ]
}