{
  "time": [
    1767225600000000000,
    1767312000000000000,
    1767398400000000000,
    1767484800000000000,
    1767571200000000000,
    1767657600000000000,
    1767744000000000000,
    1767830400000000000,
    1767916800000000000,
    1768003200000000000,
    1768089600000000000,
    1768176000000000000,
    1768262400000000000,
    1768348800000000000,
    1768435200000000000,
    1768521600000000000,
    1768608000000000000,
    1768694400000000000,
    1768780800000000000,
    1768867200000000000,
    1768953600000000000,
    1769040000000000000,
    1769126400000000000,
    1769212800000000000,
    1769299200000000000,
    1769385600000000000,
    1769472000000000000,
    1769558400000000000,
    1769644800000000000,
    1769731200000000000,
    1769817600000000000,
    1769904000000000000,
    1769990400000000000,
    1770076800000000000,
    1770163200000000000,
    1770249600000000000,
    1770336000000000000,
    1770422400000000000,
    1770508800000000000,
    1770595200000000000,
    1770681600000000000,
    1770768000000000000,
    1770854400000000000,
    1770940800000000000,
    1771027200000000000,
    1771113600000000000,
    1771200000000000000,
    1771286400000000000,
    1771372800000000000,
    1771459200000000000,
    1771545600000000000,
    1771632000000000000,
    1771718400000000000,
    1771804800000000000,
    1771891200000000000,
    1771977600000000000
  ],
  "hurs": [
    66.50000099092722,
    74.50000111013651,
    81.9000012204051,
    72.50000108033419,
    75.40000112354755,
    82.00000122189522,
    75.00000111758709,
    83.50000124424696,
    72.40000107884407,
    84.50000125914812,
    92.50000137835741,
    85.70000127702951,
    69.5000010356307,
    68.00000101327896,
    72.20000107586384,
    73.70000109821558,
    87.90000130981207,
    92.70000138133764,
    95.70000142604113,
    96.90000144392252,
    97.50000145286322,
    95.5000014230609,
    96.40000143647194,
    96.70000144094229,
    92.50000137835741,
    82.00000122189522,
    88.90000132471323,
    96.00000143051147,
    88.50000131875277,
    92.4000013768673,
    87.20000129938126,
    88.90000132471323,
    90.70000135153532,
    87.5000013038516,
    97.20000144839287,
    90.00000134110451,
    89.20000132918358,
    80.50000119954348,
    99.40000148117542,
    87.20000129938126,
    79.50000118464231,
    78.40000116825104,
    78.40000116825104,
    77.40000115334988,
    93.40000139176846,
    80.70000120252371,
    82.90000123530626,
    80.20000119507313,
    93.40000139176846,
    90.70000135153532,
    89.20000132918358,
    81.70000121742487,
    75.20000112056732,
    82.40000122785568,
    83.20000123977661,
    95.70000142604113
  ],
  "pr": [
    0.0,
    0.8999999761581421,
    0.0,
    0.0,
    0.0,
    0.10000000149011612,
    0.6000000238418579,
    7.699999809265137,
    3.299999952316284,
    3.0999999046325684,
    0.0,
    2.5999999046325684,
    0.0,
    0.20000000298023224,
    0.0,
    0.0,
    0.0,
    0.0,
    0.0,
    0.0,
    0.0,
    0.0,
    0.0,
    0.10000000149011612,
    0.0,
    0.0,
    7.900000095367432,
    15.600000381469727,
    0.800000011920929,
    3.700000047683716,
    0.0,
    1.0,
    2.299999952316284,
    0.10000000149011612,
    0.0,
    0.0,
    3.200000047683716,
    0.0,
    0.0,
    0.20000000298023224,
    4.300000190734863,
    7.300000190734863,
    3.200000047683716,
    0.10000000149011612,
    3.700000047683716,
    3.700000047683716,
    8.600000381469727,
    1.399999976158142,
    6.300000190734863,
    3.299999952316284,
    2.0999999046325684,
    1.2999999523162842,
    2.700000047683716,
    0.800000011920929,
    0.0,
    0.20000000298023224
  ],
  "tas": [
    -2.500000037252903,
    1.1000000163912773,
    -2.2000000327825546,
    -1.600000023841858,
    -5.000000074505806,
    -5.000000074505806,
    -3.200000047683716,
    3.400000050663948,
    6.900000102818012,
    1.8000000268220901,
    -0.9000000134110451,
    3.200000047683716,
    8.50000012665987,
    9.300000138580799,
    9.00000013411045,
    6.500000096857548,
    3.7000000551342964,
    0.10000000149011612,
    0.0,
    -0.4000000059604645,
    -1.3000000193715096,
    -1.1000000163912773,
    -0.20000000298023224,
    1.1000000163912773,
    1.1000000163912773,
    4.400000065565109,
    1.5000000223517418,
    3.500000052154064,
    3.500000052154064,
    1.8000000268220901,
    4.200000062584877,
    3.7000000551342964,
    5.000000074505806,
    4.500000067055225,
    0.0,
    2.2000000327825546,
    6.000000089406967,
    7.700000114738941,
    1.1000000163912773,
    4.000000059604645,
    7.400000110268593,
    10.500000156462193,
    9.400000140070915,
    7.700000114738941,
    4.000000059604645,
    3.0000000447034836,
    6.200000092387199,
    4.400000065565109,
    1.0000000149011612,
    5.200000077486038,
    4.500000067055225,
    8.600000128149986,
    10.600000157952309,
    10.400000154972076,
    11.10000016540289,
    7.000000104308128
  ],
  "tasmax": [
    3.7000000551342964,
    2.2000000327825546,
    0.5000000074505806,
    1.1000000163912773,
    0.10000000149011612,
    -2.2000000327825546,
    0.10000000149011612,
    10.30000015348196,
    10.30000015348196,
    3.7000000551342964,
    1.1000000163912773,
    9.600000143051147,
    13.100000195205212,
    12.90000019222498,
    14.600000217556953,
    15.600000232458115,
    7.000000104308128,
    0.800000011920929,
    1.1000000163912773,
    0.5000000074505806,
    0.0,
    0.800000011920929,
    2.0000000298023224,
    2.0000000298023224,
    3.400000050663948,
    7.000000104308128,
    5.500000081956387,
    4.400000065565109,
    6.70000009983778,
    6.800000101327896,
    9.00000013411045,
    10.30000015348196,
    8.300000123679638,
    10.100000150501728,
    2.3000000342726707,
    8.00000011920929,
    11.800000175833702,
    12.90000019222498,
    2.7000000402331352,
    9.600000143051147,
    11.800000175833702,
    11.900000177323818,
    11.500000171363354,
    11.000000163912773,
    6.500000096857548,
    7.000000104308128,
    8.800000131130219,
    8.100000120699406,
    3.6000000536441803,
    9.500000141561031,
    7.400000110268593,
    10.400000154972076,
    11.900000177323818,
    12.500000186264515,
    14.300000213086605,
    13.100000195205212
  ],
  "tasmin": [
    -9.400000140070915,
    -3.200000047683716,
    -7.500000111758709,
    -6.200000092387199,
    -9.600000143051147,
    -10.500000156462193,
    -8.400000125169754,
    -0.6000000089406967,
    3.0000000447034836,
    -0.20000000298023224,
    -4.90000007301569,
    -4.000000059604645,
    3.6000000536441803,
    5.500000081956387,
    2.0000000298023224,
    0.5000000074505806,
    -0.20000000298023224,
    -0.4000000059604645,
    -0.800000011920929,
    -1.1000000163912773,
    -2.500000037252903,
    -3.1000000461935997,
    -2.2000000327825546,
    -0.5000000074505806,
    -0.20000000298023224,
    0.5000000074505806,
    -4.200000062584877,
    2.2000000327825546,
    -1.3000000193715096,
    -3.7000000551342964,
    -1.1000000163912773,
    0.20000000298023224,
    1.8000000268220901,
    0.20000000298023224,
    -2.2000000327825546,
    -0.5000000074505806,
    1.5000000223517418,
    1.0000000149011612,
    -1.8000000268220901,
    0.800000011920929,
    -0.20000000298023224,
    8.400000125169754,
    7.200000107288361,
    4.90000007301569,
    1.0000000149011612,
    0.5000000074505806,
    2.7000000402331352,
    -0.5000000074505806,
    -2.600000038743019,
    1.600000023841858,
    2.0000000298023224,
    6.500000096857548,
    9.00000013411045,
    9.00000013411045,
    4.000000059604645,
    1.600000023841858
  ]
}