{
  "time": [
    1767225600000000000,
    1767312000000000000,
    1767398400000000000,
    1767484800000000000,
    1767571200000000000,
    1767657600000000000,
    1767744000000000000,
    1767830400000000000,
    1767916800000000000,
    1768003200000000000,
    1768089600000000000,
    1768176000000000000,
    1768262400000000000,
    1768348800000000000,
    1768435200000000000,
    1768521600000000000,
    1768608000000000000,
    1768694400000000000,
    1768780800000000000,
    1768867200000000000,
    1768953600000000000,
    1769040000000000000,
    1769126400000000000,
    1769212800000000000,
    1769299200000000000,
    1769385600000000000,
    1769472000000000000,
    1769558400000000000,
    1769644800000000000,
    1769731200000000000,
    1769817600000000000,
    1769904000000000000,
    1769990400000000000,
    1770076800000000000,
    1770163200000000000,
    1770249600000000000,
    1770336000000000000,
    1770422400000000000,
    1770508800000000000,
    1770595200000000000,
    1770681600000000000,
    1770768000000000000,
    1770854400000000000,
    1770940800000000000,
    1771027200000000000,
    1771113600000000000,
    1771200000000000000,
    1771286400000000000,
    1771372800000000000,
    1771459200000000000,
    1771545600000000000,
    1771632000000000000,
    1771718400000000000,
    1771804800000000000,
    1771891200000000000,
    1771977600000000000,
    1772064000000000000,
    1772150400000000000,
    1772236800000000000,
    1772323200000000000,
    1772409600000000000,
    1772496000000000000,
    1772582400000000000,
    1772668800000000000,
    1772755200000000000,
    1772841600000000000,
    1772928000000000000,
    1773014400000000000,
    1773100800000000000,
    1773187200000000000,
    1773273600000000000,
    1773360000000000000,
    1773446400000000000,
    1773532800000000000,
    1773619200000000000,
    1773705600000000000,
    1773792000000000000,
    1773878400000000000,
    1773964800000000000,
    1774051200000000000,
    1774137600000000000,
    1774224000000000000,
    1774310400000000000,
    1774396800000000000,
    1774483200000000000,
    1774569600000000000,
    1774656000000000000,
    1774742400000000000,
    1774828800000000000,
    1774915200000000000,
    1775001600000000000,
    1775088000000000000
  ],
  "hurs": [
    66.50000099092722,
    74.50000111013651,
    81.9000012204051,
    72.50000108033419,
    75.40000112354755,
    82.00000122189522,
    75.00000111758709,
    83.50000124424696,
    72.40000107884407,
    84.50000125914812,
    92.50000137835741,
    85.70000127702951,
    69.5000010356307,
    68.00000101327896,
    72.20000107586384,
    73.70000109821558,
    87.90000130981207,
    92.70000138133764,
    95.70000142604113,
    96.90000144392252,
    97.50000145286322,
    95.5000014230609,
    96.40000143647194,
    96.70000144094229,
    92.50000137835741,
    82.00000122189522,
    88.90000132471323,
    96.00000143051147,
    88.50000131875277,
    92.4000013768673,
    87.20000129938126,
    87.70000130683184,
    89.00000132620335,
    87.5000013038516,
    98.20000146329403,
    90.20000134408474,
    89.00000132620335,
    79.70000118762255,
    97.70000145584345,
    87.70000130683184,
    79.50000118464231,
    78.2000011652708,
    78.2000011652708,
    77.40000115334988,
    94.00000140070915,
    81.70000121742487,
    82.70000123232603,
    80.0000011920929,
    93.40000139176846,
    91.00000135600567,
    88.700001321733,
    82.20000122487545,
    74.90000111609697,
    82.5000012293458,
    83.70000124722719,
    95.70000142604113,
    77.40000115334988,
    62.000000923871994,
    70.40000104904175,
    70.20000104606152,
    74.40000110864639,
    76.9000011458993,
    69.70000103861094,
    70.00000104308128,
    75.50000112503767,
    78.40000116825104,
    76.00000113248825,
    73.50000109523535,
    72.70000108331442,
    73.00000108778477,
    71.50000106543303,
    56.70000084489584,
    85.20000126957893,
    77.50000115483999,
    71.50000106543303,
    68.50000102072954,
    47.000000700354576,
    53.500000797212124,
    61.10000091046095,
    64.20000095665455,
    69.40000103414059,
    70.00000104308128,
    59.20000088214874,
    67.50000100582838,
    83.20000123977661,
    74.50000111013651,
    81.50000121444464,
    72.50000108033419,
    79.20000118017197,
    77.20000115036964,
    72.50000108033419,
    68.50000102072954
  ]
}