{
  "time": [
    1767225600000000000,
    1767312000000000000,
    1767398400000000000,
    1767484800000000000,
    1767571200000000000,
    1767657600000000000,
    1767744000000000000,
    1767830400000000000,
    1767916800000000000,
    1768003200000000000,
    1768089600000000000,
    1768176000000000000,
    1768262400000000000,
    1768348800000000000,
    1768435200000000000,
    1768521600000000000,
    1768608000000000000,
    1768694400000000000,
    1768780800000000000,
    1768867200000000000,
    1768953600000000000,
    1769040000000000000,
    1769126400000000000,
    1769212800000000000,
    1769299200000000000,
    1769385600000000000,
    1769472000000000000,
    1769558400000000000,
    1769644800000000000,
    1769731200000000000,
    1769817600000000000,
    1769904000000000000,
    1769990400000000000,
    1770076800000000000,
    1770163200000000000,
    1770249600000000000,
    1770336000000000000,
    1770422400000000000,
    1770508800000000000,
    1770595200000000000,
    1770681600000000000,
    1770768000000000000,
    1770854400000000000,
    1770940800000000000,
    1771027200000000000,
    1771113600000000000,
    1771200000000000000
  ],
  "hurs": [
    66.50000099092722,
    74.50000111013651,
    81.9000012204051,
    72.50000108033419,
    75.40000112354755,
    82.00000122189522,
    75.00000111758709,
    83.50000124424696,
    72.40000107884407,
    84.50000125914812,
    92.50000137835741,
    85.70000127702951,
    69.5000010356307,
    68.00000101327896,
    72.20000107586384,
    73.70000109821558,
    87.90000130981207,
    92.70000138133764,
    95.70000142604113,
    96.90000144392252,
    97.50000145286322,
    95.5000014230609,
    96.40000143647194,
    96.70000144094229,
    92.50000137835741,
    82.00000122189522,
    88.90000132471323,
    96.00000143051147,
    88.50000131875277,
    92.4000013768673,
    87.20000129938126,
    88.90000132471323,
    90.70000135153532,
    87.5000013038516,
    97.20000144839287,
    90.00000134110451,
    89.20000132918358,
    80.50000119954348,
    99.40000148117542,
    87.20000129938126,
    79.50000118464231,
    78.40000116825104,
    78.40000116825104,
    77.40000115334988,
    93.40000139176846,
    80.70000120252371,
    82.90000123530626
  ]
}