{
  "time": [
    1767225600000000000,
    1767312000000000000,
    1767398400000000000,
    1767484800000000000,
    1767571200000000000,
    1767657600000000000,
    1767744000000000000,
    1767830400000000000,
    1767916800000000000,
    1768003200000000000,
    1768089600000000000,
    1768176000000000000,
    1768262400000000000,
    1768348800000000000,
    1768435200000000000,
    1768521600000000000,
    1768608000000000000,
    1768694400000000000,
    1768780800000000000,
    1768867200000000000,
    1768953600000000000,
    1769040000000000000,
    1769126400000000000,
    1769212800000000000,
    1769299200000000000,
    1769385600000000000,
    1769472000000000000,
    1769558400000000000,
    1769644800000000000,
    1769731200000000000,
    1769817600000000000,
    1769904000000000000,
    1769990400000000000,
    1770076800000000000,
    1770163200000000000,
    1770249600000000000
  ],
  "hurs": [
    66.20000098645687,
    74.20000110566616,
    82.00000122189522,
    72.50000108033419,
    75.20000112056732,
    81.70000121742487,
    75.00000111758709,
    84.50000125914812,
    72.20000107586384,
    84.70000126212835,
    92.70000138133764,
    85.50000127404928,
    69.20000103116035,
    68.00000101327896,
    72.20000107586384,
    73.50000109523535,
    87.70000130683184,
    92.4000013768673,
    95.5000014230609,
    96.70000144094229,
    96.00000143051147,
    96.00000143051147,
    96.70000144094229,
    96.50000143796206,
    90.90000135451555,
    82.00000122189522,
    88.50000131875277,
    96.2000014334917,
    88.20000131428242,
    92.4000013768673,
    87.40000130236149,
    88.90000132471323,
    90.70000135153532,
    87.5000013038516,
    97.20000144839287,
    90.00000134110451
  ]
}