{
  "time": [
    1767268800000000000,
    1767355200000000000,
    1767441600000000000
  ],
  "hurs": [
    66.00000098347664,
    73.70000109821558,
    81.70000121742487
  ]
}