{
  "time": [
    1767268800000000000,
    1767355200000000000,
    1767441600000000000
  ],
  "tas": [
    -2.500000037252903,
    1.3000000193715096,
    -2.2000000327825546
  ]
}