{
  "time": [
    1767225600000000000,
    1767312000000000000,
    1767398400000000000,
    1767484800000000000,
    1767571200000000000,
    1767657600000000000,
    1767744000000000000,
    1767830400000000000,
    1767916800000000000,
    1768003200000000000,
    1768089600000000000,
    1768176000000000000,
    1768262400000000000,
    1768348800000000000,
    1768435200000000000,
    1768521600000000000,
    1768608000000000000,
    1768694400000000000,
    1768780800000000000,
    1768867200000000000,
    1768953600000000000,
    1769040000000000000,
    1769126400000000000,
    1769212800000000000,
    1769299200000000000,
    1769385600000000000,
    1769472000000000000,
    1769558400000000000,
    1769644800000000000,
    1769731200000000000,
    1769817600000000000,
    1769904000000000000,
    1769990400000000000,
    1770076800000000000,
    1770163200000000000,
    1770249600000000000,
    1770336000000000000,
    1770422400000000000,
    1770508800000000000,
    1770595200000000000,
    1770681600000000000,
    1770768000000000000,
    1770854400000000000,
    1770940800000000000,
    1771027200000000000,
    1771113600000000000,
    1771200000000000000,
    1771286400000000000,
    1771372800000000000,
    1771459200000000000,
    1771545600000000000,
    1771632000000000000,
    1771718400000000000,
    1771804800000000000,
    1771891200000000000,
    1771977600000000000,
    1772064000000000000,
    1772150400000000000,
    1772236800000000000,
    1772323200000000000,
    1772409600000000000,
    1772496000000000000
  ],
  "tas": [
    -2.500000037252903,
    1.1000000163912773,
    -2.2000000327825546,
    -1.600000023841858,
    -5.000000074505806,
    -5.000000074505806,
    -3.200000047683716,
    3.400000050663948,
    6.900000102818012,
    1.8000000268220901,
    -0.9000000134110451,
    3.200000047683716,
    8.50000012665987,
    9.300000138580799,
    9.00000013411045,
    6.500000096857548,
    3.7000000551342964,
    0.10000000149011612,
    0.0,
    -0.4000000059604645,
    -1.3000000193715096,
    -1.1000000163912773,
    -0.20000000298023224,
    1.1000000163912773,
    1.1000000163912773,
    4.400000065565109,
    1.5000000223517418,
    3.500000052154064,
    3.500000052154064,
    1.8000000268220901,
    4.200000062584877,
    3.9000000581145287,
    5.200000077486038,
    4.500000067055225,
    -0.10000000149011612,
    2.2000000327825546,
    6.000000089406967,
    7.800000116229057,
    1.3000000193715096,
    3.9000000581145287,
    7.400000110268593,
    10.500000156462193,
    9.400000140070915,
    7.700000114738941,
    3.9000000581145287,
    2.8000000417232513,
    6.200000092387199,
    4.400000065565109,
    1.0000000149011612,
    5.200000077486038,
    4.500000067055225,
    8.50000012665987,
    10.600000157952309,
    10.400000154972076,
    11.000000163912773,
    7.200000107288361,
    10.500000156462193,
    12.000000178813934,
    10.500000156462193,
    9.100000135600567,
    7.400000110268593,
    8.00000011920929
  ]
}