{
  "time": [
    1767225600000000000,
    1767312000000000000,
    1767398400000000000,
    1767484800000000000,
    1767571200000000000,
    1767657600000000000,
    1767744000000000000,
    1767830400000000000,
    1767916800000000000,
    1768003200000000000,
    1768089600000000000,
    1768176000000000000,
    1768262400000000000,
    1768348800000000000,
    1768435200000000000,
    1768521600000000000,
    1768608000000000000,
    1768694400000000000,
    1768780800000000000,
    1768867200000000000,
    1768953600000000000,
    1769040000000000000,
    1769126400000000000,
    1769212800000000000,
    1769299200000000000,
    1769385600000000000,
    1769472000000000000,
    1769558400000000000,
    1769644800000000000,
    1769731200000000000,
    1769817600000000000,
    1769904000000000000,
    1769990400000000000,
    1770076800000000000,
    1770163200000000000,
    1770249600000000000,
    1770336000000000000,
    1770422400000000000,
    1770508800000000000,
    1770595200000000000,
    1770681600000000000,
    1770768000000000000,
    1770854400000000000,
    1770940800000000000,
    1771027200000000000,
    1771113600000000000,
    1771200000000000000,
    1771286400000000000,
    1771372800000000000,
    1771459200000000000,
    1771545600000000000,
    1771632000000000000,
    1771718400000000000,
    1771804800000000000,
    1771891200000000000,
    1771977600000000000,
    1772064000000000000
  ],
  "tasmax": [
    3.7000000551342964,
    2.2000000327825546,
    0.5000000074505806,
    1.1000000163912773,
    0.10000000149011612,
    -2.2000000327825546,
    0.10000000149011612,
    10.30000015348196,
    10.30000015348196,
    3.7000000551342964,
    1.1000000163912773,
    9.600000143051147,
    13.100000195205212,
    12.90000019222498,
    14.600000217556953,
    15.600000232458115,
    7.000000104308128,
    0.800000011920929,
    1.1000000163912773,
    0.5000000074505806,
    0.0,
    0.800000011920929,
    2.0000000298023224,
    2.0000000298023224,
    3.400000050663948,
    7.000000104308128,
    5.500000081956387,
    4.400000065565109,
    6.70000009983778,
    6.800000101327896,
    9.00000013411045,
    10.30000015348196,
    8.300000123679638,
    10.100000150501728,
    2.3000000342726707,
    8.00000011920929,
    11.800000175833702,
    12.90000019222498,
    2.7000000402331352,
    9.600000143051147,
    11.800000175833702,
    11.900000177323818,
    11.500000171363354,
    11.000000163912773,
    6.500000096857548,
    7.000000104308128,
    8.800000131130219,
    8.100000120699406,
    3.6000000536441803,
    9.500000141561031,
    7.400000110268593,
    10.400000154972076,
    11.900000177323818,
    12.500000186264515,
    14.300000213086605,
    13.100000195205212,
    18.600000277161598
  ]
}