{
  "time": [
    1767268800000000000,
    1767355200000000000,
    1767441600000000000
  ],
  "tasmin": [
    -9.400000140070915,
    -3.0000000447034836,
    -7.500000111758709
  ]
}