{
  "time": [
    1767225600000000000,
    1767312000000000000,
    1767398400000000000,
    1767484800000000000,
    1767571200000000000,
    1767657600000000000,
    1767744000000000000,
    1767830400000000000,
    1767916800000000000,
    1768003200000000000,
    1768089600000000000,
    1768176000000000000,
    1768262400000000000,
    1768348800000000000,
    1768435200000000000,
    1768521600000000000,
    1768608000000000000,
    1768694400000000000,
    1768780800000000000,
    1768867200000000000,
    1768953600000000000,
    1769040000000000000,
    1769126400000000000,
    1769212800000000000,
    1769299200000000000,
    1769385600000000000,
    1769472000000000000,
    1769558400000000000,
    1769644800000000000,
    1769731200000000000,
    1769817600000000000,
    1769904000000000000,
    1769990400000000000,
    1770076800000000000,
    1770163200000000000,
    1770249600000000000,
    1770336000000000000,
    1770422400000000000,
    1770508800000000000,
    1770595200000000000,
    1770681600000000000,
    1770768000000000000,
    1770854400000000000,
    1770940800000000000,
    1771027200000000000,
    1771113600000000000,
    1771200000000000000,
    1771286400000000000,
    1771372800000000000,
    1771459200000000000,
    1771545600000000000,
    1771632000000000000,
    1771718400000000000,
    1771804800000000000,
    1771891200000000000,
    1771977600000000000,
    1772064000000000000,
    1772150400000000000,
    1772236800000000000,
    1772323200000000000,
    1772409600000000000,
    1772496000000000000,
    1772582400000000000,
    1772668800000000000,
    1772755200000000000,
    1772841600000000000,
    1772928000000000000,
    1773014400000000000,
    1773100800000000000,
    1773187200000000000,
    1773273600000000000,
    1773360000000000000,
    1773446400000000000,
    1773532800000000000,
    1773619200000000000,
    1773705600000000000,
    1773792000000000000,
    1773878400000000000,
    1773964800000000000,
    1774051200000000000,
    1774137600000000000,
    1774224000000000000,
    1774310400000000000,
    1774396800000000000,
    1774483200000000000,
    1774569600000000000,
    1774656000000000000,
    1774742400000000000,
    1774828800000000000,
    1774915200000000000,
    1775001600000000000,
    1775088000000000000,
    1775174400000000000,
    1775260800000000000,
    1775347200000000000,
    1775433600000000000
  ],
  "tasmax": [
    3.7000000551342964,
    2.2000000327825546,
    0.5000000074505806,
    1.1000000163912773,
    0.10000000149011612,
    -2.2000000327825546,
    0.10000000149011612,
    10.30000015348196,
    10.30000015348196,
    3.7000000551342964,
    1.1000000163912773,
    9.600000143051147,
    13.100000195205212,
    12.90000019222498,
    14.600000217556953,
    15.600000232458115,
    7.000000104308128,
    0.800000011920929,
    1.1000000163912773,
    0.5000000074505806,
    0.0,
    0.800000011920929,
    2.0000000298023224,
    2.0000000298023224,
    3.400000050663948,
    7.000000104308128,
    5.500000081956387,
    4.400000065565109,
    6.70000009983778,
    6.800000101327896,
    9.00000013411045,
    10.500000156462193,
    8.50000012665987,
    10.000000149011612,
    2.2000000327825546,
    8.00000011920929,
    11.800000175833702,
    13.000000193715096,
    3.0000000447034836,
    9.500000141561031,
    11.800000175833702,
    11.900000177323818,
    11.500000171363354,
    11.000000163912773,
    6.400000095367432,
    7.000000104308128,
    8.800000131130219,
    8.00000011920929,
    3.6000000536441803,
    9.500000141561031,
    7.300000108778477,
    10.30000015348196,
    11.900000177323818,
    12.500000186264515,
    14.100000210106373,
    13.000000193715096,
    18.600000277161598,
    21.600000321865082,
    13.100000195205212,
    14.500000216066837,
    16.100000239908695,
    16.100000239908695,
    15.400000229477882,
    16.100000239908695,
    15.400000229477882,
    16.600000247359276,
    17.600000262260437,
    18.100000269711018,
    17.00000025331974,
    14.900000222027302,
    13.300000198185444,
    16.100000239908695,
    12.800000190734863,
    8.50000012665987,
    8.900000132620335,
    14.100000210106373,
    15.000000223517418,
    16.800000250339508,
    15.400000229477882,
    14.400000214576721,
    13.100000195205212,
    14.600000217556953,
    16.600000247359276,
    12.90000019222498,
    6.800000101327896,
    7.400000110268593,
    7.000000104308128,
    9.500000141561031,
    9.00000013411045,
    8.900000132620335,
    10.900000162422657,
    13.100000195205212,
    15.100000225007534,
    17.100000254809856,
    23.300000347197056,
    18.30000027269125
  ]
}