{
  "time": [
    1767268800000000000,
    1767355200000000000,
    1767441600000000000
  ],
  "hurs": [
    80.40000119805336,
    87.70000130683184,
    85.50000127404928
  ],
  "pr": [
    3.299999952316284,
    4.400000095367432,
    4.800000190734863
  ],
  "tas": [
    2.2000000327825546,
    0.5000000074505806,
    -0.10000000149011612
  ],
  "tasmax": [
    3.200000047683716,
    2.3000000342726707,
    0.800000011920929
  ],
  "tasmin": [
    1.1000000163912773,
    -0.5000000074505806,
    -0.800000011920929
  ]
}