{
  "time": [
    1767268800000000000
  ],
  "hurs": [
    80.40000119805336
  ],
  "pr": [
    3.299999952316284
  ],
  "tas": [
    2.2000000327825546
  ],
  "tasmax": [
    3.200000047683716
  ],
  "tasmin": [
    1.1000000163912773
  ]
}