{
  "time": [
    1767225600000000000,
    1767312000000000000,
    1767398400000000000,
    1767484800000000000,
    1767571200000000000,
    1767657600000000000,
    1767744000000000000,
    1767830400000000000,
    1767916800000000000,
    1768003200000000000,
    1768089600000000000,
    1768176000000000000,
    1768262400000000000,
    1768348800000000000,
    1768435200000000000,
    1768521600000000000,
    1768608000000000000,
    1768694400000000000,
    1768780800000000000,
    1768867200000000000,
    1768953600000000000,
    1769040000000000000,
    1769126400000000000,
    1769212800000000000,
    1769299200000000000,
    1769385600000000000,
    1769472000000000000,
    1769558400000000000,
    1769644800000000000,
    1769731200000000000,
    1769817600000000000,
    1769904000000000000,
    1769990400000000000,
    1770076800000000000,
    1770163200000000000,
    1770249600000000000,
    1770336000000000000,
    1770422400000000000,
    1770508800000000000,
    1770595200000000000,
    1770681600000000000,
    1770768000000000000,
    1770854400000000000,
    1770940800000000000,
    1771027200000000000,
    1771113600000000000,
    1771200000000000000,
    1771286400000000000,
    1771372800000000000,
    1771459200000000000,
    1771545600000000000,
    1771632000000000000
  ],
  "hurs": [
    80.20000119507313,
    87.00000129640102,
    85.0000012665987,
    83.50000124424696,
    80.40000119805336,
    85.50000127404928,
    82.70000123232603,
    86.50000128895044,
    89.20000132918358,
    86.2000012844801,
    80.70000120252371,
    91.70000136643648,
    90.20000134408474,
    95.40000142157078,
    85.0000012665987,
    81.70000121742487,
    78.70000117272139,
    85.90000128000975,
    84.20000125467777,
    69.70000103861094,
    61.700000919401646,
    64.70000096410513,
    69.40000103414059,
    78.2000011652708,
    77.00000114738941,
    90.50000134855509,
    88.20000131428242,
    94.50000140815973,
    95.70000142604113,
    88.50000131875277,
    86.70000129193068,
    84.00000125169754,
    73.40000109374523,
    86.00000128149986,
    80.0000011920929,
    82.20000122487545,
    83.90000125020742,
    86.50000128895044,
    89.70000133663416,
    80.70000120252371,
    83.50000124424696,
    92.20000137388706,
    91.2000013589859,
    88.40000131726265,
    86.40000128746033,
    79.20000118017197,
    93.90000139921904,
    88.700001321733,
    72.90000108629465,
    87.20000129938126,
    83.00000123679638,
    89.20000132918358
  ],
  "pr": [
    3.4000000953674316,
    4.599999904632568,
    5.0,
    0.0,
    2.700000047683716,
    0.0,
    3.299999952316284,
    8.399999618530273,
    19.700000762939453,
    0.0,
    2.299999952316284,
    10.0,
    3.799999952316284,
    4.199999809265137,
    0.0,
    2.0,
    0.0,
    0.0,
    0.0,
    0.0,
    0.0,
    0.10000000149011612,
    0.10000000149011612,
    0.10000000149011612,
    0.0,
    0.5,
    4.0,
    4.0,
    0.20000000298023224,
    0.20000000298023224,
    0.6000000238418579,
    0.0,
    0.0,
    4.800000190734863,
    0.0,
    0.6000000238418579,
    2.299999952316284,
    0.0,
    0.0,
    0.0,
    4.400000095367432,
    16.600000381469727,
    9.300000190734863,
    0.0,
    0.0,
    8.0,
    16.100000381469727,
    7.199999809265137,
    2.799999952316284,
    4.099999904632568,
    4.900000095367432,
    12.899999618530273
  ],
  "tas": [
    2.2000000327825546,
    0.6000000089406967,
    -0.10000000149011612,
    -0.5000000074505806,
    -2.600000038743019,
    -1.8000000268220901,
    -2.7000000402331352,
    1.1000000163912773,
    3.7000000551342964,
    -2.2000000327825546,
    -3.7000000551342964,
    2.7000000402331352,
    7.200000107288361,
    7.700000114738941,
    9.00000013411045,
    9.00000013411045,
    7.200000107288361,
    2.2000000327825546,
    1.1000000163912773,
    2.8000000417232513,
    4.90000007301569,
    3.1000000461935997,
    5.000000074505806,
    2.7000000402331352,
    -0.20000000298023224,
    -0.6000000089406967,
    2.1000000312924385,
    2.7000000402331352,
    0.6000000089406967,
    1.8000000268220901,
    5.000000074505806,
    5.500000081956387,
    5.200000077486038,
    2.0000000298023224,
    6.000000089406967,
    3.7000000551342964,
    5.000000074505806,
    7.500000111758709,
    4.700000070035458,
    3.6000000536441803,
    6.000000089406967,
    9.400000140070915,
    8.100000120699406,
    4.200000062584877,
    0.0,
    -0.20000000298023224,
    4.000000059604645,
    3.400000050663948,
    2.500000037252903,
    2.0000000298023224,
    2.600000038743019,
    8.50000012665987
  ],
  "tasmax": [
    3.200000047683716,
    2.500000037252903,
    0.800000011920929,
    0.20000000298023224,
    -1.1000000163912773,
    -0.4000000059604645,
    -0.6000000089406967,
    2.3000000342726707,
    6.500000096857548,
    1.0000000149011612,
    -0.10000000149011612,
    7.000000104308128,
    9.600000143051147,
    8.800000131130219,
    10.500000156462193,
    10.800000160932541,
    12.300000183284283,
    6.200000092387199,
    3.1000000461935997,
    7.000000104308128,
    8.600000128149986,
    7.900000117719173,
    9.500000141561031,
    7.000000104308128,
    2.0000000298023224,
    0.20000000298023224,
    5.000000074505806,
    5.000000074505806,
    1.3000000193715096,
    4.90000007301569,
    7.500000111758709,
    8.00000011920929,
    8.600000128149986,
    4.700000070035458,
    11.500000171363354,
    7.500000111758709,
    7.700000114738941,
    12.400000184774399,
    9.00000013411045,
    7.500000111758709,
    8.50000012665987,
    10.800000160932541,
    9.00000013411045,
    7.300000108778477,
    1.1000000163912773,
    3.6000000536441803,
    8.300000123679638,
    5.200000077486038,
    5.500000081956387,
    4.000000059604645,
    6.200000092387199,
    10.30000015348196
  ],
  "tasmin": [
    1.1000000163912773,
    -0.4000000059604645,
    -0.6000000089406967,
    -2.8000000417232513,
    -4.700000070035458,
    -4.000000059604645,
    -4.400000065565109,
    -1.1000000163912773,
    1.0000000149011612,
    -6.200000092387199,
    -7.900000117719173,
    -0.5000000074505806,
    5.200000077486038,
    6.200000092387199,
    7.300000108778477,
    4.90000007301569,
    2.7000000402331352,
    -0.5000000074505806,
    -0.800000011920929,
    -0.6000000089406967,
    0.4000000059604645,
    -1.3000000193715096,
    3.0000000447034836,
    -1.5000000223517418,
    -2.3000000342726707,
    -1.5000000223517418,
    -0.5000000074505806,
    0.10000000149011612,
    -0.20000000298023224,
    -0.5000000074505806,
    3.6000000536441803,
    3.0000000447034836,
    2.2000000327825546,
    -0.5000000074505806,
    0.6000000089406967,
    0.5000000074505806,
    2.7000000402331352,
    3.9000000581145287,
    0.5000000074505806,
    -0.6000000089406967,
    3.200000047683716,
    7.700000114738941,
    7.300000108778477,
    0.6000000089406967,
    -2.3000000342726707,
    -4.500000067055225,
    0.800000011920929,
    2.2000000327825546,
    0.6000000089406967,
    0.4000000059604645,
    -1.3000000193715096,
    6.200000092387199
  ]
}