{
  "time": [
    1767225600000000000,
    1767312000000000000,
    1767398400000000000,
    1767484800000000000,
    1767571200000000000,
    1767657600000000000,
    1767744000000000000,
    1767830400000000000,
    1767916800000000000,
    1768003200000000000,
    1768089600000000000,
    1768176000000000000,
    1768262400000000000,
    1768348800000000000,
    1768435200000000000,
    1768521600000000000,
    1768608000000000000,
    1768694400000000000,
    1768780800000000000,
    1768867200000000000,
    1768953600000000000,
    1769040000000000000,
    1769126400000000000,
    1769212800000000000,
    1769299200000000000,
    1769385600000000000,
    1769472000000000000,
    1769558400000000000,
    1769644800000000000,
    1769731200000000000,
    1769817600000000000,
    1769904000000000000,
    1769990400000000000,
    1770076800000000000,
    1770163200000000000,
    1770249600000000000,
    1770336000000000000
  ],
  "hurs": [
    81.00000120699406,
    87.70000130683184,
    85.40000127255917,
    83.50000124424696,
    80.70000120252371,
    85.0000012665987,
    83.20000123977661,
    86.70000129193068,
    89.50000133365393,
    86.00000128149986,
    80.70000120252371,
    92.20000137388706,
    90.90000135451555,
    94.70000141113997,
    85.20000126957893,
    82.00000122189522,
    80.20000119507313,
    85.70000127702951,
    84.20000125467777,
    70.40000104904175,
    61.50000091642141,
    64.70000096410513,
    68.70000102370977,
    77.50000115483999,
    77.50000115483999,
    91.2000013589859,
    88.700001321733,
    94.9000014141202,
    96.70000144094229,
    88.40000131726265,
    87.70000130683184,
    84.00000125169754,
    73.40000109374523,
    86.00000128149986,
    80.0000011920929,
    82.20000122487545,
    83.90000125020742
  ],
  "pr": [
    3.700000047683716,
    4.0,
    5.099999904632568,
    0.0,
    2.5,
    0.0,
    3.0,
    8.199999809265137,
    18.899999618530273,
    0.0,
    2.299999952316284,
    9.800000190734863,
    4.0,
    4.199999809265137,
    0.0,
    1.899999976158142,
    0.0,
    0.0,
    0.0,
    0.0,
    0.0,
    0.10000000149011612,
    0.10000000149011612,
    0.10000000149011612,
    0.0,
    0.5,
    3.799999952316284,
    3.799999952316284,
    0.20000000298023224,
    0.20000000298023224,
    0.6000000238418579,
    0.0,
    0.0,
    4.800000190734863,
    0.0,
    0.6000000238418579,
    2.299999952316284
  ],
  "tas": [
    2.1000000312924385,
    0.5000000074505806,
    -0.10000000149011612,
    -0.5000000074505806,
    -2.600000038743019,
    -1.8000000268220901,
    -2.7000000402331352,
    1.1000000163912773,
    3.500000052154064,
    -2.1000000312924385,
    -3.7000000551342964,
    2.7000000402331352,
    7.200000107288361,
    7.800000116229057,
    9.00000013411045,
    9.00000013411045,
    7.000000104308128,
    2.2000000327825546,
    1.3000000193715096,
    2.8000000417232513,
    5.000000074505806,
    3.200000047683716,
    5.200000077486038,
    3.1000000461935997,
    -0.20000000298023224,
    -0.6000000089406967,
    2.0000000298023224,
    2.8000000417232513,
    0.6000000089406967,
    1.8000000268220901,
    5.000000074505806,
    5.500000081956387,
    5.200000077486038,
    2.0000000298023224,
    6.000000089406967,
    3.7000000551342964,
    5.000000074505806
  ],
  "tasmax": [
    3.200000047683716,
    2.3000000342726707,
    0.800000011920929,
    0.20000000298023224,
    -1.3000000193715096,
    -0.4000000059604645,
    -0.800000011920929,
    2.3000000342726707,
    6.200000092387199,
    1.1000000163912773,
    -0.20000000298023224,
    6.900000102818012,
    9.500000141561031,
    8.900000132620335,
    10.500000156462193,
    10.600000157952309,
    12.000000178813934,
    6.000000089406967,
    3.200000047683716,
    7.200000107288361,
    9.00000013411045,
    8.00000011920929,
    9.600000143051147,
    7.400000110268593,
    2.0000000298023224,
    0.20000000298023224,
    4.700000070035458,
    5.200000077486038,
    1.3000000193715096,
    5.000000074505806,
    7.400000110268593,
    8.00000011920929,
    8.600000128149986,
    4.700000070035458,
    11.500000171363354,
    7.500000111758709,
    7.700000114738941
  ],
  "tasmin": [
    1.1000000163912773,
    -0.5000000074505806,
    -0.5000000074505806,
    -2.7000000402331352,
    -4.700000070035458,
    -4.000000059604645,
    -4.200000062584877,
    -1.1000000163912773,
    0.6000000089406967,
    -6.200000092387199,
    -7.800000116229057,
    -0.5000000074505806,
    5.200000077486038,
    6.200000092387199,
    7.200000107288361,
    4.90000007301569,
    2.3000000342726707,
    -0.5000000074505806,
    -0.6000000089406967,
    -0.800000011920929,
    0.4000000059604645,
    -1.3000000193715096,
    3.200000047683716,
    -1.3000000193715096,
    -2.2000000327825546,
    -1.5000000223517418,
    -0.800000011920929,
    0.10000000149011612,
    -0.20000000298023224,
    -0.5000000074505806,
    3.500000052154064,
    3.0000000447034836,
    2.2000000327825546,
    -0.5000000074505806,
    0.6000000089406967,
    0.5000000074505806,
    2.7000000402331352
  ]
}