{
  "time": [
    1767225600000000000,
    1767312000000000000,
    1767398400000000000,
    1767484800000000000,
    1767571200000000000,
    1767657600000000000,
    1767744000000000000,
    1767830400000000000,
    1767916800000000000,
    1768003200000000000,
    1768089600000000000,
    1768176000000000000,
    1768262400000000000,
    1768348800000000000,
    1768435200000000000,
    1768521600000000000,
    1768608000000000000,
    1768694400000000000,
    1768780800000000000,
    1768867200000000000,
    1768953600000000000,
    1769040000000000000,
    1769126400000000000,
    1769212800000000000,
    1769299200000000000,
    1769385600000000000,
    1769472000000000000,
    1769558400000000000,
    1769644800000000000,
    1769731200000000000,
    1769817600000000000,
    1769904000000000000,
    1769990400000000000,
    1770076800000000000,
    1770163200000000000,
    1770249600000000000,
    1770336000000000000,
    1770422400000000000,
    1770508800000000000,
    1770595200000000000,
    1770681600000000000,
    1770768000000000000,
    1770854400000000000,
    1770940800000000000,
    1771027200000000000,
    1771113600000000000,
    1771200000000000000,
    1771286400000000000,
    1771372800000000000,
    1771459200000000000,
    1771545600000000000,
    1771632000000000000,
    1771718400000000000,
    1771804800000000000,
    1771891200000000000,
    1771977600000000000,
    1772064000000000000,
    1772150400000000000,
    1772236800000000000,
    1772323200000000000,
    1772409600000000000,
    1772496000000000000,
    1772582400000000000,
    1772668800000000000,
    1772755200000000000,
    1772841600000000000,
    1772928000000000000,
    1773014400000000000,
    1773100800000000000,
    1773187200000000000,
    1773273600000000000,
    1773360000000000000,
    1773446400000000000,
    1773532800000000000,
    1773619200000000000,
    1773705600000000000,
    1773792000000000000,
    1773878400000000000,
    1773964800000000000,
    1774051200000000000,
    1774137600000000000
  ],
  "hurs": [
    80.20000119507313,
    87.00000129640102,
    85.0000012665987,
    83.50000124424696,
    80.40000119805336,
    85.50000127404928,
    82.70000123232603,
    86.50000128895044,
    89.20000132918358,
    86.2000012844801,
    80.70000120252371,
    91.70000136643648,
    90.20000134408474,
    95.40000142157078,
    85.0000012665987,
    81.70000121742487,
    78.70000117272139,
    85.90000128000975,
    84.20000125467777,
    69.70000103861094,
    61.700000919401646,
    64.70000096410513,
    69.40000103414059,
    78.2000011652708,
    77.00000114738941,
    90.50000134855509,
    88.20000131428242,
    94.50000140815973,
    95.70000142604113,
    88.50000131875277,
    86.70000129193068,
    83.00000123679638,
    71.70000106841326,
    85.70000127702951,
    81.00000120699406,
    82.5000012293458,
    85.50000127404928,
    85.20000126957893,
    89.70000133663416,
    80.40000119805336,
    84.20000125467777,
    93.50000139325857,
    91.50000136345625,
    86.50000128895044,
    86.00000128149986,
    82.70000123232603,
    93.7000013962388,
    88.90000132471323,
    73.90000110119581,
    85.70000127702951,
    83.70000124722719,
    89.70000133663416,
    95.00000141561031,
    82.20000122487545,
    94.00000140070915,
    83.70000124722719,
    80.40000119805336,
    71.70000106841326,
    73.200001090765,
    70.90000105649233,
    64.5000009611249,
    66.00000098347664,
    75.90000113099813,
    58.70000087469816,
    57.700000859797,
    65.90000098198652,
    64.00000095367432,
    66.00000098347664,
    75.20000112056732,
    86.2000012844801,
    74.20000110566616,
    82.20000122487545,
    92.90000138431787,
    77.50000115483999,
    75.00000111758709,
    82.5000012293458,
    54.70000081509352,
    60.400000900030136,
    67.20000100135803,
    70.00000104308128,
    61.200000911951065
  ],
  "pr": [
    3.4000000953674316,
    4.599999904632568,
    5.0,
    0.0,
    2.700000047683716,
    0.0,
    3.299999952316284,
    8.399999618530273,
    19.700000762939453,
    0.0,
    2.299999952316284,
    10.0,
    3.799999952316284,
    4.199999809265137,
    0.0,
    2.0,
    0.0,
    0.0,
    0.0,
    0.0,
    0.0,
    0.10000000149011612,
    0.10000000149011612,
    0.10000000149011612,
    0.0,
    0.5,
    4.0,
    4.0,
    0.20000000298023224,
    0.20000000298023224,
    0.6000000238418579,
    0.0,
    0.0,
    4.699999809265137,
    0.0,
    0.6000000238418579,
    2.0999999046325684,
    0.0,
    0.0,
    0.0,
    4.699999809265137,
    17.600000381469727,
    9.300000190734863,
    0.0,
    0.0,
    8.0,
    15.399999618530273,
    7.400000095367432,
    2.700000047683716,
    4.0,
    5.199999809265137,
    12.899999618530273,
    14.100000381469727,
    4.300000190734863,
    0.10000000149011612,
    0.0,
    0.0,
    1.2000000476837158,
    0.30000001192092896,
    0.0,
    0.0,
    0.0,
    0.0,
    0.0,
    0.0,
    0.0,
    0.0,
    0.0,
    0.30000001192092896,
    11.199999809265137,
    0.0,
    13.399999618530273,
    1.899999976158142,
    4.5,
    2.200000047683716,
    0.0,
    0.0,
    0.0,
    0.0,
    0.0,
    0.0
  ],
  "tas": [
    2.2000000327825546,
    0.6000000089406967,
    -0.10000000149011612,
    -0.5000000074505806,
    -2.600000038743019,
    -1.8000000268220901,
    -2.7000000402331352,
    1.1000000163912773,
    3.7000000551342964,
    -2.2000000327825546,
    -3.7000000551342964,
    2.7000000402331352,
    7.200000107288361,
    7.700000114738941,
    9.00000013411045,
    9.00000013411045,
    7.200000107288361,
    2.2000000327825546,
    1.1000000163912773,
    2.8000000417232513,
    4.90000007301569,
    3.1000000461935997,
    5.000000074505806,
    2.7000000402331352,
    -0.20000000298023224,
    -0.6000000089406967,
    2.1000000312924385,
    2.7000000402331352,
    0.6000000089406967,
    1.8000000268220901,
    5.000000074505806,
    5.700000084936619,
    5.200000077486038,
    2.1000000312924385,
    5.900000087916851,
    3.7000000551342964,
    4.700000070035458,
    7.700000114738941,
    4.700000070035458,
    3.500000052154064,
    5.900000087916851,
    9.300000138580799,
    8.100000120699406,
    4.200000062584877,
    0.0,
    -0.9000000134110451,
    4.000000059604645,
    3.500000052154064,
    2.500000037252903,
    2.2000000327825546,
    2.500000037252903,
    8.50000012665987,
    10.800000160932541,
    9.100000135600567,
    9.80000014603138,
    11.500000171363354,
    11.900000177323818,
    12.800000190734863,
    10.100000150501728,
    7.700000114738941,
    9.100000135600567,
    10.100000150501728,
    9.100000135600567,
    11.000000163912773,
    11.500000171363354,
    10.600000157952309,
    10.500000156462193,
    11.000000163912773,
    10.500000156462193,
    8.900000132620335,
    7.500000111758709,
    7.300000108778477,
    3.200000047683716,
    5.000000074505806,
    6.000000089406967,
    8.100000120699406,
    9.900000147521496,
    9.300000138580799,
    7.900000117719173,
    7.900000117719173,
    8.900000132620335
  ],