{
  "time": [
    1767225600000000000,
    1767312000000000000,
    1767398400000000000,
    1767484800000000000,
    1767571200000000000,
    1767657600000000000,
    1767744000000000000,
    1767830400000000000,
    1767916800000000000,
    1768003200000000000,
    1768089600000000000,
    1768176000000000000,
    1768262400000000000,
    1768348800000000000,
    1768435200000000000,
    1768521600000000000,
    1768608000000000000,
    1768694400000000000,
    1768780800000000000,
    1768867200000000000,
    1768953600000000000,
    1769040000000000000,
    1769126400000000000,
    1769212800000000000,
    1769299200000000000,
    1769385600000000000,
    1769472000000000000,
    1769558400000000000,
    1769644800000000000,
    1769731200000000000,
    1769817600000000000,
    1769904000000000000,
    1769990400000000000,
    1770076800000000000,
    1770163200000000000,
    1770249600000000000
  ],
  "hurs": [
    81.00000120699406,
    87.70000130683184,
    85.40000127255917,
    83.50000124424696,
    80.70000120252371,
    85.0000012665987,
    83.20000123977661,
    86.70000129193068,
    89.50000133365393,
    86.00000128149986,
    80.70000120252371,
    92.20000137388706,
    90.90000135451555,
    94.70000141113997,
    85.20000126957893,
    82.00000122189522,
    80.20000119507313,
    85.70000127702951,
    84.20000125467777,
    70.40000104904175,
    61.50000091642141,
    64.70000096410513,
    68.70000102370977,
    77.50000115483999,
    77.50000115483999,
    91.2000013589859,
    88.700001321733,
    94.9000014141202,
    96.70000144094229,
    88.40000131726265,
    87.70000130683184,
    84.00000125169754,
    73.40000109374523,
    86.00000128149986,
    80.0000011920929,
    82.20000122487545
  ]
}