{
  "time": [
    1767290400000000000,
    1767376800000000000,
    1767463200000000000
  ],
  "pr": [
    3.299999952316284,
    4.400000095367432,
    4.800000190734863
  ]
}