{
  "time": [
    1767268800000000000,
    1767355200000000000,
    1767441600000000000
  ],
  "tas": [
    2.2000000327825546,
    0.5000000074505806,
    -0.10000000149011612
  ]
}