{
  "time": [
    1767225600000000000,
    1767312000000000000,
    1767398400000000000,
    1767484800000000000,
    1767571200000000000,
    1767657600000000000,
    1767744000000000000,
    1767830400000000000,
    1767916800000000000,
    1768003200000000000,
    1768089600000000000,
    1768176000000000000,
    1768262400000000000,
    1768348800000000000,
    1768435200000000000,
    1768521600000000000,
    1768608000000000000,
    1768694400000000000,
    1768780800000000000,
    1768867200000000000,
    1768953600000000000,
    1769040000000000000,
    1769126400000000000,
    1769212800000000000,
    1769299200000000000,
    1769385600000000000,
    1769472000000000000,
    1769558400000000000,
    1769644800000000000,
    1769731200000000000,
    1769817600000000000,
    1769904000000000000,
    1769990400000000000,
    1770076800000000000,
    1770163200000000000,
    1770249600000000000,
    1770336000000000000,
    1770422400000000000,
    1770508800000000000,
    1770595200000000000,
    1770681600000000000,
    1770768000000000000,
    1770854400000000000,
    1770940800000000000,
    1771027200000000000,
    1771113600000000000,
    1771200000000000000,
    1771286400000000000
  ],
  "tasmax": [
    3.200000047683716,
    2.500000037252903,
    0.800000011920929,
    0.20000000298023224,
    -1.1000000163912773,
    -0.4000000059604645,
    -0.6000000089406967,
    2.3000000342726707,
    6.500000096857548,
    1.0000000149011612,
    -0.10000000149011612,
    7.000000104308128,
    9.600000143051147,
    8.800000131130219,
    10.500000156462193,
    10.800000160932541,
    12.300000183284283,
    6.200000092387199,
    3.1000000461935997,
    7.000000104308128,
    8.600000128149986,
    7.900000117719173,
    9.500000141561031,
    7.000000104308128,
    2.0000000298023224,
    0.20000000298023224,
    5.000000074505806,
    5.000000074505806,
    1.3000000193715096,
    4.90000007301569,
    7.500000111758709,
    8.00000011920929,
    8.600000128149986,
    4.700000070035458,
    11.500000171363354,
    7.500000111758709,
    7.700000114738941,
    12.400000184774399,
    9.00000013411045,
    7.500000111758709,
    8.50000012665987,
    10.800000160932541,
    9.00000013411045,
    7.300000108778477,
    1.1000000163912773,
    3.6000000536441803,
    8.300000123679638,
    5.200000077486038
  ]
}