{
  "time": [
    1767268800000000000
  ],
  "hurs": [
    69.5000010356307
  ],
  "pr": [
    0.4000000059604645
  ],
  "tas": [
    -0.10000000149011612
  ],
  "tasmax": [
    2.3000000342726707
  ],
  "tasmin": [
    -3.400000050663948
  ]
}