{
  "time": [
    1767225600000000000,
    1767312000000000000,
    1767398400000000000,
    1767484800000000000,
    1767571200000000000,
    1767657600000000000,
    1767744000000000000,
    1767830400000000000,
    1767916800000000000,
    1768003200000000000,
    1768089600000000000,
    1768176000000000000,
    1768262400000000000,
    1768348800000000000,
    1768435200000000000,
    1768521600000000000,
    1768608000000000000,
    1768694400000000000,
    1768780800000000000,
    1768867200000000000,
    1768953600000000000,
    1769040000000000000,
    1769126400000000000,
    1769212800000000000,
    1769299200000000000,
    1769385600000000000,
    1769472000000000000,
    1769558400000000000,
    1769644800000000000,
    1769731200000000000,
    1769817600000000000,
    1769904000000000000,
    1769990400000000000,
    1770076800000000000,
    1770163200000000000,
    1770249600000000000,
    1770336000000000000,
    1770422400000000000,
    1770508800000000000,
    1770595200000000000,
    1770681600000000000,
    1770768000000000000,
    1770854400000000000,
    1770940800000000000,
    1771027200000000000
  ],
  "hurs": [
    69.20000103116035,
    82.70000123232603,
    76.70000114291906,
    75.50000112503767,
    81.9000012204051,
    86.2000012844801,
    76.50000113993883,
    88.50000131875277,
    74.40000110864639,
    91.70000136643648,
    85.50000127404928,
    89.70000133663416,
    83.90000125020742,
    81.70000121742487,
    82.70000123232603,
    73.00000108778477,
    87.70000130683184,
    88.50000131875277,
    93.20000138878822,
    97.20000144839287,
    88.00000131130219,
    86.90000129491091,
    80.20000119507313,
    83.90000125020742,
    91.40000136196613,
    89.50000133365393,
    86.40000128746033,
    95.90000142902136,
    95.90000142902136,
    93.00000138580799,
    92.50000137835741,
    89.00000132620335,
    92.00000137090683,
    92.00000137090683,
    91.70000136643648,
    89.90000133961439,
    93.7000013962388,
    92.70000138133764,
    95.00000141561031,
    89.50000133365393,
    86.50000128895044,
    86.2000012844801,
    88.00000131130219,
    81.40000121295452,
    94.20000140368938
  ],
  "pr": [
    0.4000000059604645,
    2.299999952316284,
    0.5,
    0.0,
    0.30000001192092896,
    0.10000000149011612,
    0.10000000149011612,
    6.400000095367432,
    3.700000047683716,
    4.800000190734863,
    0.10000000149011612,
    1.399999976158142,
    0.0,
    0.0,
    0.0,
    0.0,
    0.0,
    0.0,
    0.0,
    0.0,
    0.0,
    0.0,
    0.0,
    0.0,
    0.8999999761581421,
    0.6000000238418579,
    5.800000190734863,
    5.400000095367432,
    3.200000047683716,
    0.20000000298023224,
    0.0,
    1.899999976158142,
    5.900000095367432,
    2.799999952316284,
    0.0,
    0.0,
    3.200000047683716,
    0.10000000149011612,
    0.0,
    0.0,
    10.300000190734863,
    8.100000381469727,
    6.300000190734863,
    5.599999904632568,
    5.800000190734863
  ],
  "tas": [
    -0.10000000149011612,
    0.6000000089406967,
    -1.3000000193715096,
    -2.0000000298023224,
    -6.200000092387199,
    -4.500000067055225,
    -5.000000074505806,
    0.5000000074505806,
    5.900000087916851,
    0.20000000298023224,
    -2.2000000327825546,
    2.600000038743019,
    6.500000096857548,
    7.000000104308128,
    7.200000107288361,
    6.800000101327896,
    1.3000000193715096,
    0.4000000059604645,
    -0.4000000059604645,
    -1.8000000268220901,
    -1.3000000193715096,
    -1.8000000268220901,
    0.20000000298023224,
    -1.3000000193715096,
    -1.8000000268220901,
    2.2000000327825546,
    3.1000000461935997,
    3.0000000447034836,
    1.3000000193715096,
    1.5000000223517418,
    2.3000000342726707,
    3.200000047683716,
    1.3000000193715096,
    0.6000000089406967,
    1.1000000163912773,
    1.1000000163912773,
    2.1000000312924385,
    5.900000087916851,
    2.3000000342726707,
    2.500000037252903,
    4.700000070035458,
    9.00000013411045,
    7.500000111758709,
    7.000000104308128,
    3.1000000461935997
  ],
  "tasmax": [
    2.2000000327825546,
    2.3000000342726707,
    0.6000000089406967,
    0.5000000074505806,
    -1.600000023841858,
    -2.7000000402331352,
    -1.600000023841858,
    3.500000052154064,
    8.600000128149986,
    2.500000037252903,
    -0.4000000059604645,
    8.900000132620335,
    9.400000140070915,
    11.10000016540289,
    13.500000201165676,
    13.100000195205212,
    4.700000070035458,
    1.600000023841858,
    1.1000000163912773,
    0.20000000298023224,
    3.7000000551342964,
    2.2000000327825546,
    4.000000059604645,
    2.3000000342726707,
    -0.4000000059604645,
    5.000000074505806,
    7.200000107288361,
    3.9000000581145287,
    2.500000037252903,
    4.000000059604645,
    5.500000081956387,
    6.200000092387199,
    3.0000000447034836,
    3.1000000461935997,
    4.400000065565109,
    5.700000084936619,
    6.900000102818012,
    10.400000154972076,
    7.000000104308128,
    5.500000081956387,
    9.500000141561031,
    11.400000169873238,
    9.500000141561031,
    9.500000141561031,
    5.200000077486038
  ],
  "tasmin": [
    -3.200000047683716,
    -1.8000000268220901,
    -2.3000000342726707,
    -7.000000104308128,
    -10.000000149011612,
    -8.100000120699406,
    -11.300000168383121,
    -2.1000000312924385,
    2.2000000327825546,
    -3.200000047683716,
    -4.500000067055225,
    -2.8000000417232513,
    2.7000000402331352,
    1.600000023841858,
    3.0000000447034836,
    2.2000000327825546,
    -1.1000000163912773,
    -0.800000011920929,
    -2.3000000342726707,
    -3.6000000536441803,
    -4.500000067055225,
    -5.4000000804662704,
    -2.600000038743019,
    -3.400000050663948,
    -3.400000050663948,
    -1.5000000223517418,
    -1.3000000193715096,
    2.0000000298023224,
    -0.20000000298023224,
    -1.700000025331974,
    -0.10000000149011612,
    0.5000000074505806,
    -0.20000000298023224,
    -1.1000000163912773,
    -1.3000000193715096,
    -1.700000025331974,
    -1.1000000163912773,
    0.5000000074505806,
    -1.3000000193715096,
    -0.20000000298023224,
    -0.6000000089406967,
    6.200000092387199,
    5.700000084936619,
    4.400000065565109,
    0.20000000298023224
  ]
}