{
  "time": [
    1767268800000000000,
    1767355200000000000,
    1767441600000000000
  ],
  "hurs": [
    69.5000010356307,
    82.5000012293458,
    76.70000114291906
  ],
  "pr": [
    0.4000000059604645,
    2.299999952316284,
    0.5
  ],
  "tas": [
    -0.10000000149011612,
    0.6000000089406967,
    -1.3000000193715096
  ],
  "tasmax": [
    2.3000000342726707,
    2.3000000342726707,
    0.6000000089406967
  ],
  "tasmin": [
    -3.400000050663948,
    -1.8000000268220901,
    -2.500000037252903
  ]
}