{
  "time": [
    1767268800000000000,
    1767355200000000000,
    1767441600000000000
  ],
  "hurs": [
    69.5000010356307,
    82.5000012293458,
    76.70000114291906
  ]
}