{
  "time": [
    1767225600000000000,
    1767312000000000000,
    1767398400000000000,
    1767484800000000000,
    1767571200000000000,
    1767657600000000000,
    1767744000000000000,
    1767830400000000000,
    1767916800000000000,
    1768003200000000000,
    1768089600000000000,
    1768176000000000000,
    1768262400000000000,
    1768348800000000000,
    1768435200000000000,
    1768521600000000000,
    1768608000000000000,
    1768694400000000000,
    1768780800000000000,
    1768867200000000000,
    1768953600000000000,
    1769040000000000000,
    1769126400000000000,
    1769212800000000000,
    1769299200000000000,
    1769385600000000000,
    1769472000000000000,
    1769558400000000000,
    1769644800000000000,
    1769731200000000000,
    1769817600000000000,
    1769904000000000000,
    1769990400000000000,
    1770076800000000000,
    1770163200000000000,
    1770249600000000000,
    1770336000000000000,
    1770422400000000000,
    1770508800000000000
  ],
  "hurs": [
    69.20000103116035,
    82.70000123232603,
    76.70000114291906,
    75.50000112503767,
    81.9000012204051,
    86.2000012844801,
    76.50000113993883,
    88.50000131875277,
    74.40000110864639,
    91.70000136643648,
    85.50000127404928,
    89.70000133663416,
    83.90000125020742,
    81.70000121742487,
    82.70000123232603,
    73.00000108778477,
    87.70000130683184,
    88.50000131875277,
    93.20000138878822,
    97.20000144839287,
    88.00000131130219,
    86.90000129491091,
    80.20000119507313,
    83.90000125020742,
    91.40000136196613,
    89.50000133365393,
    86.40000128746033,
    95.90000142902136,
    95.90000142902136,
    93.00000138580799,
    92.50000137835741,
    89.00000132620335,
    92.00000137090683,
    92.00000137090683,
    91.70000136643648,
    89.90000133961439,
    93.7000013962388,
    92.70000138133764,
    95.00000141561031
  ]
}