{
  "time": [
    1767290400000000000,
    1767376800000000000,
    1767463200000000000
  ],
  "pr": [
    0.4000000059604645,
    2.299999952316284,
    0.5
  ]
}