{
  "time": [
    1767225600000000000,
    1767312000000000000,
    1767398400000000000,
    1767484800000000000,
    1767571200000000000,
    1767657600000000000,
    1767744000000000000,
    1767830400000000000,
    1767916800000000000,
    1768003200000000000,
    1768089600000000000,
    1768176000000000000,
    1768262400000000000,
    1768348800000000000,
    1768435200000000000,
    1768521600000000000,
    1768608000000000000,
    1768694400000000000,
    1768780800000000000,
    1768867200000000000,
    1768953600000000000,
    1769040000000000000,
    1769126400000000000,
    1769212800000000000,
    1769299200000000000,
    1769385600000000000,
    1769472000000000000,
    1769558400000000000,
    1769644800000000000,
    1769731200000000000,
    1769817600000000000,
    1769904000000000000,
    1769990400000000000,
    1770076800000000000,
    1770163200000000000,
    1770249600000000000,
    1770336000000000000,
    1770422400000000000,
    1770508800000000000,
    1770595200000000000,
    1770681600000000000,
    1770768000000000000,
    1770854400000000000,
    1770940800000000000,
    1771027200000000000,
    1771113600000000000,
    1771200000000000000,
    1771286400000000000,
    1771372800000000000
  ],
  "tasmax": [
    2.2000000327825546,
    2.2000000327825546,
    0.800000011920929,
    0.6000000089406967,
    -1.8000000268220901,
    -2.7000000402331352,
    -1.700000025331974,
    3.500000052154064,
    8.600000128149986,
    2.500000037252903,
    -0.5000000074505806,
    8.800000131130219,
    9.400000140070915,
    11.300000168383121,
    13.600000202655792,
    13.300000198185444,
    5.000000074505806,
    1.600000023841858,
    1.0000000149011612,
    0.20000000298023224,
    3.7000000551342964,
    2.500000037252903,
    3.9000000581145287,
    2.1000000312924385,
    -0.20000000298023224,
    5.200000077486038,
    7.500000111758709,
    3.9000000581145287,
    2.3000000342726707,
    4.200000062584877,
    5.700000084936619,
    6.200000092387199,
    3.0000000447034836,
    3.1000000461935997,
    4.400000065565109,
    5.700000084936619,
    6.900000102818012,
    10.400000154972076,
    7.000000104308128,
    5.500000081956387,
    9.500000141561031,
    11.400000169873238,
    9.500000141561031,
    9.500000141561031,
    5.200000077486038,
    3.1000000461935997,
    8.100000120699406,
    6.400000095367432,
    5.000000074505806
  ]
}