{
  "time": [
    1767268800000000000,
    1767355200000000000,
    1767441600000000000
  ],
  "tasmax": [
    2.3000000342726707,
    2.3000000342726707,
    0.6000000089406967
  ]
}