{
  "time": [
    1767225600000000000,
    1767312000000000000,
    1767398400000000000,
    1767484800000000000,
    1767571200000000000,
    1767657600000000000,
    1767744000000000000,
    1767830400000000000,
    1767916800000000000,
    1768003200000000000,
    1768089600000000000,
    1768176000000000000,
    1768262400000000000,
    1768348800000000000,
    1768435200000000000,
    1768521600000000000,
    1768608000000000000,
    1768694400000000000,
    1768780800000000000,
    1768867200000000000,
    1768953600000000000,
    1769040000000000000,
    1769126400000000000,
    1769212800000000000,
    1769299200000000000,
    1769385600000000000,
    1769472000000000000,
    1769558400000000000,
    1769644800000000000,
    1769731200000000000,
    1769817600000000000,
    1769904000000000000,
    1769990400000000000,
    1770076800000000000,
    1770163200000000000,
    1770249600000000000,
    1770336000000000000,
    1770422400000000000,
    1770508800000000000,
    1770595200000000000,
    1770681600000000000,
    1770768000000000000,
    1770854400000000000,
    1770940800000000000,
    1771027200000000000,
    1771113600000000000,
    1771200000000000000,
    1771286400000000000,
    1771372800000000000,
    1771459200000000000,
    1771545600000000000,
    1771632000000000000,
    1771718400000000000,
    1771804800000000000,
    1771891200000000000,
    1771977600000000000,
    1772064000000000000,
    1772150400000000000,
    1772236800000000000,
    1772323200000000000,
    1772409600000000000,
    1772496000000000000,
    1772582400000000000,
    1772668800000000000,
    1772755200000000000,
    1772841600000000000,
    1772928000000000000,
    1773014400000000000,
    1773100800000000000,
    1773187200000000000,
    1773273600000000000,
    1773360000000000000,
    1773446400000000000
  ],
  "tasmin": [
    -3.500000052154064,
    -1.8000000268220901,
    -2.3000000342726707,
    -7.200000107288361,
    -10.30000015348196,
    -8.100000120699406,
    -11.500000171363354,
    -2.2000000327825546,
    2.2000000327825546,
    -3.200000047683716,
    -4.500000067055225,
    -2.8000000417232513,
    2.7000000402331352,
    1.8000000268220901,
    3.0000000447034836,
    2.2000000327825546,
    -1.0000000149011612,
    -0.800000011920929,
    -2.500000037252903,
    -3.7000000551342964,
    -4.700000070035458,
    -5.200000077486038,
    -2.600000038743019,
    -3.6000000536441803,
    -3.200000047683716,
    -1.600000023841858,
    -1.1000000163912773,
    2.0000000298023224,
    -0.5000000074505806,
    -1.700000025331974,
    -0.10000000149011612,
    0.5000000074505806,
    -0.20000000298023224,
    -1.0000000149011612,
    -1.3000000193715096,
    -1.700000025331974,
    -1.3000000193715096,
    0.5000000074505806,
    -1.3000000193715096,
    -0.20000000298023224,
    -0.800000011920929,
    6.000000089406967,
    6.000000089406967,
    4.500000067055225,
    0.20000000298023224,
    -0.4000000059604645,
    1.0000000149011612,
    1.3000000193715096,
    -1.3000000193715096,
    0.6000000089406967,
    0.4000000059604645,
    5.200000077486038,
    8.50000012665987,
    8.300000123679638,
    6.200000092387199,
    4.90000007301569,
    2.2000000327825546,
    3.1000000461935997,
    4.000000059604645,
    1.8000000268220901,
    0.20000000298023224,
    -0.5000000074505806,
    0.20000000298023224,
    0.5000000074505806,
    1.1000000163912773,
    1.1000000163912773,
    0.20000000298023224,
    1.1000000163912773,
    2.8000000417232513,
    5.700000084936619,
    1.8000000268220901,
    0.20000000298023224,
    2.7000000402331352
  ]
}