{
  "time": [
    1767268800000000000,
    1767355200000000000,
    1767441600000000000
  ],
  "hurs": [
    80.70000120252371,
    88.00000131130219,
    86.00000128149986
  ],
  "pr": [
    5.400000095367432,
    2.4000000953674316,
    7.400000095367432
  ],
  "tas": [
    2.1000000312924385,
    0.5000000074505806,
    -0.10000000149011612
  ],
  "tasmax": [
    3.200000047683716,
    2.500000037252903,
    0.9000000134110451
  ],
  "tasmin": [
    1.1000000163912773,
    -0.4000000059604645,
    -0.6000000089406967
  ]
}