{
  "time": [
    1767225600000000000,
    1767312000000000000,
    1767398400000000000,
    1767484800000000000,
    1767571200000000000,
    1767657600000000000,
    1767744000000000000,
    1767830400000000000,
    1767916800000000000,
    1768003200000000000,
    1768089600000000000,
    1768176000000000000,
    1768262400000000000,
    1768348800000000000,
    1768435200000000000,
    1768521600000000000,
    1768608000000000000,
    1768694400000000000,
    1768780800000000000,
    1768867200000000000,
    1768953600000000000,
    1769040000000000000,
    1769126400000000000,
    1769212800000000000,
    1769299200000000000,
    1769385600000000000,
    1769472000000000000,
    1769558400000000000,
    1769644800000000000,
    1769731200000000000,
    1769817600000000000,
    1769904000000000000,
    1769990400000000000,
    1770076800000000000,
    1770163200000000000,
    1770249600000000000,
    1770336000000000000,
    1770422400000000000,
    1770508800000000000,
    1770595200000000000,
    1770681600000000000,
    1770768000000000000,
    1770854400000000000,
    1770940800000000000,
    1771027200000000000,
    1771113600000000000,
    1771200000000000000,
    1771286400000000000,
    1771372800000000000,
    1771459200000000000,
    1771545600000000000,
    1771632000000000000,
    1771718400000000000,
    1771804800000000000
  ],
  "hurs": [
    81.00000120699406,
    87.90000130981207,
    86.00000128149986,
    84.00000125169754,
    81.20000120997429,
    85.20000126957893,
    82.70000123232603,
    86.70000129193068,
    89.40000133216381,
    87.00000129640102,
    81.00000120699406,
    91.90000136941671,
    89.00000132620335,
    96.00000143051147,
    84.70000126212835,
    81.00000120699406,
    77.50000115483999,
    85.90000128000975,
    83.20000123977661,
    68.40000101923943,
    62.200000926852226,
    64.5000009611249,
    69.90000104159117,
    79.20000118017197,
    80.0000011920929,
    92.20000137388706,
    89.50000133365393,
    95.70000142604113,
    95.70000142604113,
    87.00000129640102,
    85.40000127255917,
    83.00000123679638,
    74.40000110864639,
    85.50000127404928,
    79.70000118762255,
    83.00000123679638,
    84.00000125169754,
    86.2000012844801,
    88.00000131130219,
    80.50000119954348,
    82.20000122487545,
    93.90000139921904,
    91.50000136345625,
    88.700001321733,
    87.20000129938126,
    80.0000011920929,
    95.20000141859055,
    88.40000131726265,
    75.00000111758709,
    85.90000128000975,
    83.00000123679638,
    89.00000132620335,
    94.70000141113997,
    82.20000122487545
  ],
  "pr": [
    5.400000095367432,
    2.299999952316284,
    7.800000190734863,
    0.30000001192092896,
    2.4000000953674316,
    0.0,
    3.0,
    7.699999809265137,
    18.399999618530273,
    0.0,
    1.7999999523162842,
    11.199999809265137,
    3.700000047683716,
    5.099999904632568,
    0.10000000149011612,
    1.0,
    0.0,
    0.0,
    0.0,
    0.0,
    0.0,
    0.10000000149011612,
    0.10000000149011612,
    0.20000000298023224,
    0.0,
    1.0,
    3.299999952316284,
    3.0,
    0.30000001192092896,
    0.30000001192092896,
    0.4000000059604645,
    0.0,
    0.0,
    4.900000095367432,
    0.0,
    0.20000000298023224,
    1.100000023841858,
    0.0,
    0.0,
    0.0,
    3.0999999046325684,
    13.5,
    11.899999618530273,
    0.0,
    0.0,
    6.099999904632568,
    10.800000190734863,
    3.799999952316284,
    2.299999952316284,
    5.199999809265137,
    5.5,
    9.300000190734863,
    13.899999618530273,
    5.199999809265137
  ],
  "tas": [
    2.0000000298023224,
    0.5000000074505806,
    -0.20000000298023224,
    -0.5000000074505806,
    -2.7000000402331352,
    -1.700000025331974,
    -2.7000000402331352,
    1.1000000163912773,
    3.6000000536441803,
    -2.600000038743019,
    -4.000000059604645,
    2.7000000402331352,
    7.400000110268593,
    7.500000111758709,
    9.00000013411045,
    9.00000013411045,
    7.400000110268593,
    2.2000000327825546,
    1.0000000149011612,
    3.0000000447034836,
    4.90000007301569,
    3.0000000447034836,
    4.90000007301569,
    2.500000037252903,
    -0.6000000089406967,
    -0.800000011920929,
    1.8000000268220901,
    2.3000000342726707,
    0.4000000059604645,
    1.8000000268220901,
    5.000000074505806,
    5.500000081956387,
    4.700000070035458,
    1.700000025331974,
    5.900000087916851,
    3.400000050663948,
    4.700000070035458,
    7.500000111758709,
    4.90000007301569,
    3.400000050663948,
    6.000000089406967,
    9.100000135600567,
    8.00000011920929,
    3.9000000581145287,
    -0.20000000298023224,
    -0.5000000074505806,
    3.7000000551342964,
    3.400000050663948,
    2.1000000312924385,
    1.8000000268220901,
    2.3000000342726707,
    8.400000125169754,
    10.800000160932541,
    9.00000013411045
  ],
  "tasmax": [
    3.1000000461935997,
    2.500000037252903,
    0.800000011920929,
    0.20000000298023224,
    -1.3000000193715096,
    -0.4000000059604645,
    -0.6000000089406967,
    2.500000037252903,
    6.500000096857548,
    0.9000000134110451,
    -0.4000000059604645,
    7.000000104308128,
    9.500000141561031,
    8.600000128149986,
    10.500000156462193,
    10.500000156462193,
    12.400000184774399,
    6.500000096857548,
    3.200000047683716,
    7.500000111758709,
    8.800000131130219,
    7.700000114738941,
    9.400000140070915,
    6.70000009983778,
    1.600000023841858,
    0.0,
    4.500000067055225,
    4.500000067055225,
    1.1000000163912773,
    5.000000074505806,
    7.700000114738941,
    8.00000011920929,
    8.100000120699406,
    4.500000067055225,
    11.500000171363354,
    7.200000107288361,
    7.500000111758709,
    12.10000018030405,
    9.900000147521496,
    7.700000114738941,
    8.50000012665987,
    10.500000156462193,
    8.900000132620335,
    7.200000107288361,
    1.0000000149011612,
    3.500000052154064,
    7.900000117719173,
    5.200000077486038,
    5.000000074505806,
    3.9000000581145287,
    6.000000089406967,
    10.30000015348196,
    11.60000017285347,
    10.500000156462193
  ],
  "tasmin": [
    1.0000000149011612,
    -0.5000000074505806,
    -0.800000011920929,
    -2.7000000402331352,
    -4.700000070035458,
    -3.7000000551342964,
    -4.200000062584877,
    -1.1000000163912773,
    1.1000000163912773,
    -6.70000009983778,
    -8.400000125169754,
    -0.6000000089406967,
    5.900000087916851,
    5.900000087916851,
    7.300000108778477,
    5.000000074505806,
    2.600000038743019,
    -0.800000011920929,
    -1.1000000163912773,
    -0.5000000074505806,
    0.5000000074505806,
    -1.3000000193715096,
    2.7000000402331352,
    -1.8000000268220901,
    -2.7000000402331352,
    -1.8000000268220901,
    -0.5000000074505806,
    -0.10000000149011612,
    -0.4000000059604645,
    -0.5000000074505806,
    3.400000050663948,
    3.200000047683716,
    1.5000000223517418,
    -0.9000000134110451,
    0.6000000089406967,
    0.5000000074505806,
    2.0000000298023224,
    3.7000000551342964,
    0.6000000089406967,
    -1.1000000163912773,
    3.0000000447034836,
    7.500000111758709,
    7.200000107288361,
    0.4000000059604645,
    -2.600000038743019,
    -5.000000074505806,
    0.5000000074505806,
    2.1000000312924385,
    0.4000000059604645,
    0.10000000149011612,
    -1.8000000268220901,
    6.000000089406967,
    9.500000141561031,
    7.300000108778477
  ]
}