{
  "time": [
    1767225600000000000,
    1767312000000000000,
    1767398400000000000,
    1767484800000000000,
    1767571200000000000,
    1767657600000000000,
    1767744000000000000,
    1767830400000000000,
    1767916800000000000,
    1768003200000000000,
    1768089600000000000,
    1768176000000000000,
    1768262400000000000,
    1768348800000000000,
    1768435200000000000,
    1768521600000000000,
    1768608000000000000,
    1768694400000000000,
    1768780800000000000,
    1768867200000000000,
    1768953600000000000,
    1769040000000000000,
    1769126400000000000,
    1769212800000000000,
    1769299200000000000,
    1769385600000000000,
    1769472000000000000,
    1769558400000000000,
    1769644800000000000,
    1769731200000000000,
    1769817600000000000,
    1769904000000000000,
    1769990400000000000,
    1770076800000000000,
    1770163200000000000,
    1770249600000000000,
    1770336000000000000,
    1770422400000000000,
    1770508800000000000,
    1770595200000000000,
    1770681600000000000,
    1770768000000000000,
    1770854400000000000,
    1770940800000000000,
    1771027200000000000
  ],
  "hurs": [
    80.70000120252371,
    88.00000131130219,
    85.90000128000975,
    84.20000125467777,
    80.90000120550394,
    84.20000125467777,
    83.00000123679638,
    86.2000012844801,
    90.20000134408474,
    85.90000128000975,
    81.50000121444464,
    92.20000137388706,
    90.20000134408474,
    94.20000140368938,
    84.70000126212835,
    81.40000121295452,
    77.20000115036964,
    86.50000128895044,
    83.70000124722719,
    69.00000102818012,
    62.40000092983246,
    64.20000095665455,
    69.00000102818012,
    80.0000011920929,
    79.50000118464231,
    91.00000135600567,
    89.20000132918358,
    95.5000014230609,
    96.50000143796206,
    87.40000130236149,
    86.2000012844801,
    83.00000123679638,
    74.40000110864639,
    85.50000127404928,
    79.70000118762255,
    83.00000123679638,
    84.00000125169754,
    86.2000012844801,
    88.00000131130219,
    80.50000119954348,
    82.20000122487545,
    93.90000139921904,
    91.50000136345625,
    88.700001321733,
    87.20000129938126
  ],
  "pr": [
    5.400000095367432,
    2.299999952316284,
    7.800000190734863,
    0.30000001192092896,
    2.4000000953674316,
    0.0,
    3.0,
    7.699999809265137,
    18.399999618530273,
    0.0,
    1.7999999523162842,
    11.199999809265137,
    3.700000047683716,
    5.099999904632568,
    0.10000000149011612,
    1.0,
    0.0,
    0.0,
    0.0,
    0.0,
    0.0,
    0.10000000149011612,
    0.10000000149011612,
    0.20000000298023224,
    0.0,
    1.0,
    3.299999952316284,
    3.0,
    0.30000001192092896,
    0.30000001192092896,
    0.4000000059604645,
    0.0,
    0.0,
    4.900000095367432,
    0.0,
    0.20000000298023224,
    1.100000023841858,
    0.0,
    0.0,
    0.0,
    3.0999999046325684,
    13.5,
    11.899999618530273,
    0.0,
    0.0
  ],
  "tas": [
    2.1000000312924385,
    0.5000000074505806,
    -0.10000000149011612,
    -0.5000000074505806,
    -2.7000000402331352,
    -1.700000025331974,
    -2.7000000402331352,
    1.1000000163912773,
    3.400000050663948,
    -2.500000037252903,
    -4.000000059604645,
    2.7000000402331352,
    7.300000108778477,
    7.800000116229057,
    9.00000013411045,
    9.100000135600567,
    7.500000111758709,
    2.2000000327825546,
    1.1000000163912773,
    3.0000000447034836,
    5.000000074505806,
    3.1000000461935997,
    5.200000077486038,
    2.7000000402331352,
    -0.5000000074505806,
    -0.6000000089406967,
    1.8000000268220901,
    2.500000037252903,
    0.4000000059604645,
    1.8000000268220901,
    5.000000074505806,
    5.500000081956387,
    4.700000070035458,
    1.700000025331974,
    5.900000087916851,
    3.400000050663948,
    4.700000070035458,
    7.500000111758709,
    4.90000007301569,
    3.400000050663948,
    6.000000089406967,
    9.100000135600567,
    8.00000011920929,
    3.9000000581145287,
    -0.20000000298023224
  ],
  "tasmax": [
    3.200000047683716,
    2.500000037252903,
    0.800000011920929,
    0.20000000298023224,
    -1.3000000193715096,
    -0.4000000059604645,
    -0.800000011920929,
    2.500000037252903,
    6.200000092387199,
    1.1000000163912773,
    -0.20000000298023224,
    7.000000104308128,
    9.500000141561031,
    8.900000132620335,
    10.400000154972076,
    10.600000157952309,
    12.500000186264515,
    6.500000096857548,
    3.400000050663948,
    7.400000110268593,
    9.00000013411045,
    7.800000116229057,
    9.500000141561031,
    6.900000102818012,
    1.600000023841858,
    0.20000000298023224,
    4.500000067055225,
    4.90000007301569,
    1.1000000163912773,
    5.000000074505806,
    7.700000114738941,
    8.00000011920929,
    8.100000120699406,
    4.500000067055225,
    11.500000171363354,
    7.200000107288361,
    7.500000111758709,
    12.10000018030405,
    9.900000147521496,
    7.700000114738941,
    8.50000012665987,
    10.500000156462193,
    8.900000132620335,
    7.200000107288361,
    1.0000000149011612
  ],
  "tasmin": [
    1.1000000163912773,
    -0.4000000059604645,
    -0.5000000074505806,
    -2.600000038743019,
    -4.700000070035458,
    -3.7000000551342964,
    -4.200000062584877,
    -1.1000000163912773,
    1.0000000149011612,
    -6.70000009983778,
    -8.300000123679638,
    -0.6000000089406967,
    5.700000084936619,
    6.200000092387199,
    7.300000108778477,
    5.000000074505806,
    2.600000038743019,
    -0.800000011920929,
    -1.1000000163912773,
    -0.5000000074505806,
    0.5000000074505806,
    -1.3000000193715096,
    3.1000000461935997,
    -1.700000025331974,
    -2.7000000402331352,
    -1.600000023841858,
    -0.5000000074505806,
    0.10000000149011612,
    -0.20000000298023224,
    -0.5000000074505806,
    3.200000047683716,
    3.200000047683716,
    1.5000000223517418,
    -0.9000000134110451,
    0.6000000089406967,
    0.5000000074505806,
    2.0000000298023224,
    3.7000000551342964,
    0.6000000089406967,
    -1.1000000163912773,
    3.0000000447034836,
    7.500000111758709,
    7.200000107288361,
    0.4000000059604645,
    -2.600000038743019
  ]
}