{
  "time": [
    1767268800000000000
  ],
  "hurs": [
    80.70000120252371
  ],
  "pr": [
    5.400000095367432
  ],
  "tas": [
    2.1000000312924385
  ],
  "tasmax": [
    3.200000047683716
  ],
  "tasmin": [
    1.1000000163912773
  ]
}