{
  "time": [
    1767225600000000000,
    1767312000000000000,
    1767398400000000000,
    1767484800000000000,
    1767571200000000000,
    1767657600000000000,
    1767744000000000000,
    1767830400000000000,
    1767916800000000000,
    1768003200000000000,
    1768089600000000000,
    1768176000000000000,
    1768262400000000000,
    1768348800000000000,
    1768435200000000000,
    1768521600000000000,
    1768608000000000000,
    1768694400000000000,
    1768780800000000000,
    1768867200000000000,
    1768953600000000000,
    1769040000000000000,
    1769126400000000000,
    1769212800000000000,
    1769299200000000000,
    1769385600000000000,
    1769472000000000000,
    1769558400000000000,
    1769644800000000000,
    1769731200000000000,
    1769817600000000000,
    1769904000000000000,
    1769990400000000000,
    1770076800000000000,
    1770163200000000000,
    1770249600000000000,
    1770336000000000000,
    1770422400000000000,
    1770508800000000000,
    1770595200000000000,
    1770681600000000000,
    1770768000000000000,
    1770854400000000000,
    1770940800000000000,
    1771027200000000000,
    1771113600000000000,
    1771200000000000000,
    1771286400000000000,
    1771372800000000000,
    1771459200000000000,
    1771545600000000000,
    1771632000000000000,
    1771718400000000000,
    1771804800000000000,
    1771891200000000000,
    1771977600000000000,
    1772064000000000000,
    1772150400000000000,
    1772236800000000000,
    1772323200000000000,
    1772409600000000000,
    1772496000000000000,
    1772582400000000000,
    1772668800000000000,
    1772755200000000000,
    1772841600000000000,
    1772928000000000000,
    1773014400000000000,
    1773100800000000000,
    1773187200000000000,
    1773273600000000000,
    1773360000000000000,
    1773446400000000000,
    1773532800000000000,
    1773619200000000000,
    1773705600000000000,
    1773792000000000000,
    1773878400000000000,
    1773964800000000000,
    1774051200000000000,
    1774137600000000000,
    1774224000000000000,
    1774310400000000000,
    1774396800000000000,
    1774483200000000000,
    1774569600000000000,
    1774656000000000000,
    1774742400000000000
  ],
  "hurs": [
    81.00000120699406,
    87.90000130981207,
    86.00000128149986,
    84.00000125169754,
    81.20000120997429,
    85.20000126957893,
    82.70000123232603,
    86.70000129193068,
    89.40000133216381,
    87.00000129640102,
    81.00000120699406,
    91.90000136941671,
    89.00000132620335,
    96.00000143051147,
    84.70000126212835,
    81.00000120699406,
    77.50000115483999,
    85.90000128000975,
    83.20000123977661,
    68.40000101923943,
    62.200000926852226,
    64.5000009611249,
    69.90000104159117,
    79.20000118017197,
    80.0000011920929,
    92.20000137388706,
    89.50000133365393,
    95.70000142604113,
    95.70000142604113,
    87.00000129640102,
    85.40000127255917,
    82.70000123232603,
    72.20000107586384,
    85.70000127702951,
    81.20000120997429,
    82.70000123232603,
    84.00000125169754,
    86.00000128149986,
    87.5000013038516,
    81.40000121295452,
    83.20000123977661,
    94.40000140666962,
    91.90000136941671,
    86.70000129193068,
    87.00000129640102,
    83.00000123679638,
    95.20000141859055,
    89.00000132620335,
    76.20000113546848,
    84.00000125169754,
    83.70000124722719,
    89.50000133365393,
    94.50000140815973,
    82.5000012293458,
    94.00000140070915,
    82.90000123530626,
    79.4000011831522,
    70.20000104606152,
    72.50000108033419,
    69.90000104159117,
    62.10000092536211,
    64.5000009611249,
    77.20000115036964,
    58.70000087469816,
    56.70000084489584,
    66.00000098347664,
    64.00000095367432,
    64.70000096410513,
    74.90000111609697,
    85.40000127255917,
    74.20000110566616,
    82.20000122487545,
    94.20000140368938,
    77.70000115782022,
    76.20000113546848,
    82.70000123232603,
    54.6000008136034,
    61.200000911951065,
    69.40000103414059,
    71.70000106841326,
    62.10000092536211,
    55.90000083297491,
    57.50000085681677,
    77.00000114738941,
    80.20000119507313,
    69.00000102818012,
    86.00000128149986,
    71.90000107139349
  ]
}