{
  "time": [
    1767225600000000000,
    1767312000000000000,
    1767398400000000000,
    1767484800000000000,
    1767571200000000000,
    1767657600000000000,
    1767744000000000000,
    1767830400000000000,
    1767916800000000000,
    1768003200000000000,
    1768089600000000000,
    1768176000000000000,
    1768262400000000000,
    1768348800000000000,
    1768435200000000000,
    1768521600000000000,
    1768608000000000000,
    1768694400000000000,
    1768780800000000000,
    1768867200000000000,
    1768953600000000000,
    1769040000000000000,
    1769126400000000000,
    1769212800000000000,
    1769299200000000000,
    1769385600000000000,
    1769472000000000000,
    1769558400000000000,
    1769644800000000000,
    1769731200000000000,
    1769817600000000000,
    1769904000000000000,
    1769990400000000000,
    1770076800000000000,
    1770163200000000000,
    1770249600000000000,
    1770336000000000000,
    1770422400000000000,
    1770508800000000000,
    1770595200000000000,
    1770681600000000000,
    1770768000000000000,
    1770854400000000000,
    1770940800000000000,
    1771027200000000000,
    1771113600000000000,
    1771200000000000000,
    1771286400000000000,
    1771372800000000000,
    1771459200000000000,
    1771545600000000000,
    1771632000000000000,
    1771718400000000000,
    1771804800000000000,
    1771891200000000000,
    1771977600000000000,
    1772064000000000000
  ],
  "hurs": [
    81.00000120699406,
    87.90000130981207,
    86.00000128149986,
    84.00000125169754,
    81.20000120997429,
    85.20000126957893,
    82.70000123232603,
    86.70000129193068,
    89.40000133216381,
    87.00000129640102,
    81.00000120699406,
    91.90000136941671,
    89.00000132620335,
    96.00000143051147,
    84.70000126212835,
    81.00000120699406,
    77.50000115483999,
    85.90000128000975,
    83.20000123977661,
    68.40000101923943,
    62.200000926852226,
    64.5000009611249,
    69.90000104159117,
    79.20000118017197,
    80.0000011920929,
    92.20000137388706,
    89.50000133365393,
    95.70000142604113,
    95.70000142604113,
    87.00000129640102,
    85.40000127255917,
    83.00000123679638,
    74.40000110864639,
    85.50000127404928,
    79.70000118762255,
    83.00000123679638,
    84.00000125169754,
    86.2000012844801,
    88.00000131130219,
    80.50000119954348,
    82.20000122487545,
    93.90000139921904,
    91.50000136345625,
    88.700001321733,
    87.20000129938126,
    80.0000011920929,
    95.20000141859055,
    88.40000131726265,
    75.00000111758709,
    85.90000128000975,
    83.00000123679638,
    89.00000132620335,
    94.70000141113997,
    82.20000122487545,
    93.50000139325857,
    82.40000122785568,
    79.00000117719173
  ]
}