{
  "time": [
    1767225600000000000,
    1767312000000000000,
    1767398400000000000,
    1767484800000000000,
    1767571200000000000,
    1767657600000000000,
    1767744000000000000,
    1767830400000000000,
    1767916800000000000,
    1768003200000000000,
    1768089600000000000,
    1768176000000000000,
    1768262400000000000,
    1768348800000000000,
    1768435200000000000,
    1768521600000000000,
    1768608000000000000,
    1768694400000000000,
    1768780800000000000,
    1768867200000000000,
    1768953600000000000,
    1769040000000000000,
    1769126400000000000,
    1769212800000000000,
    1769299200000000000,
    1769385600000000000,
    1769472000000000000,
    1769558400000000000,
    1769644800000000000,
    1769731200000000000,
    1769817600000000000,
    1769904000000000000,
    1769990400000000000,
    1770076800000000000,
    1770163200000000000,
    1770249600000000000,
    1770336000000000000
  ],
  "hurs": [
    80.70000120252371,
    88.00000131130219,
    85.90000128000975,
    84.20000125467777,
    80.90000120550394,
    84.20000125467777,
    83.00000123679638,
    86.2000012844801,
    90.20000134408474,
    85.90000128000975,
    81.50000121444464,
    92.20000137388706,
    90.20000134408474,
    94.20000140368938,
    84.70000126212835,
    81.40000121295452,
    77.20000115036964,
    86.50000128895044,
    83.70000124722719,
    69.00000102818012,
    62.40000092983246,
    64.20000095665455,
    69.00000102818012,
    80.0000011920929,
    79.50000118464231,
    91.00000135600567,
    89.20000132918358,
    95.5000014230609,
    96.50000143796206,
    87.40000130236149,
    86.2000012844801,
    83.00000123679638,
    74.40000110864639,
    85.50000127404928,
    79.70000118762255,
    83.00000123679638,
    84.00000125169754
  ]
}