{
  "time": [
    1767268800000000000,
    1767355200000000000,
    1767441600000000000
  ],
  "hurs": [
    80.70000120252371,
    88.00000131130219,
    86.00000128149986
  ]
}