{
  "time": [
    1767247200000000000,
    1767333600000000000,
    1767420000000000000,
    1767506400000000000,
    1767592800000000000,
    1767679200000000000,
    1767765600000000000,
    1767852000000000000,
    1767938400000000000,
    1768024800000000000,
    1768111200000000000,
    1768197600000000000,
    1768284000000000000,
    1768370400000000000,
    1768456800000000000,
    1768543200000000000,
    1768629600000000000,
    1768716000000000000,
    1768802400000000000,
    1768888800000000000,
    1768975200000000000,
    1769061600000000000,
    1769148000000000000,
    1769234400000000000,
    1769320800000000000,
    1769407200000000000,
    1769493600000000000,
    1769580000000000000,
    1769666400000000000,
    1769752800000000000,
    1769839200000000000,
    1769925600000000000,
    1770012000000000000,
    1770098400000000000,
    1770184800000000000,
    1770271200000000000
  ],
  "pr": [
    5.400000095367432,
    2.299999952316284,
    7.800000190734863,
    0.30000001192092896,
    2.4000000953674316,
    0.0,
    3.0,
    7.699999809265137,
    18.399999618530273,
    0.0,
    1.7999999523162842,
    11.199999809265137,
    3.700000047683716,
    5.099999904632568,
    0.10000000149011612,
    1.0,
    0.0,
    0.0,
    0.0,
    0.0,
    0.0,
    0.10000000149011612,
    0.10000000149011612,
    0.20000000298023224,
    0.0,
    1.0,
    3.299999952316284,
    3.0,
    0.30000001192092896,
    0.30000001192092896,
    0.4000000059604645,
    0.0,
    0.0,
    4.900000095367432,
    0.0,
    0.20000000298023224
  ]
}