{
  "time": [
    1767225600000000000,
    1767312000000000000,
    1767398400000000000,
    1767484800000000000,
    1767571200000000000,
    1767657600000000000,
    1767744000000000000,
    1767830400000000000,
    1767916800000000000,
    1768003200000000000,
    1768089600000000000,
    1768176000000000000,
    1768262400000000000,
    1768348800000000000,
    1768435200000000000,
    1768521600000000000,
    1768608000000000000,
    1768694400000000000,
    1768780800000000000,
    1768867200000000000,
    1768953600000000000,
    1769040000000000000,
    1769126400000000000,
    1769212800000000000,
    1769299200000000000,
    1769385600000000000,
    1769472000000000000,
    1769558400000000000,
    1769644800000000000,
    1769731200000000000,
    1769817600000000000,
    1769904000000000000,
    1769990400000000000,
    1770076800000000000,
    1770163200000000000
  ],
  "tasmax": [
    3.200000047683716,
    2.500000037252903,
    0.800000011920929,
    0.20000000298023224,
    -1.3000000193715096,
    -0.4000000059604645,
    -0.800000011920929,
    2.500000037252903,
    6.200000092387199,
    1.1000000163912773,
    -0.20000000298023224,
    7.000000104308128,
    9.500000141561031,
    8.900000132620335,
    10.400000154972076,
    10.600000157952309,
    12.500000186264515,
    6.500000096857548,
    3.400000050663948,
    7.400000110268593,
    9.00000013411045,
    7.800000116229057,
    9.500000141561031,
    6.900000102818012,
    1.600000023841858,
    0.20000000298023224,
    4.500000067055225,
    4.90000007301569,
    1.1000000163912773,
    5.000000074505806,
    7.700000114738941,
    8.00000011920929,
    8.100000120699406,
    4.500000067055225,
    11.500000171363354
  ]
}