{
  "time": [
    1767225600000000000,
    1767312000000000000,
    1767398400000000000,
    1767484800000000000,
    1767571200000000000,
    1767657600000000000,
    1767744000000000000,
    1767830400000000000,
    1767916800000000000,
    1768003200000000000,
    1768089600000000000,
    1768176000000000000,
    1768262400000000000,
    1768348800000000000,
    1768435200000000000,
    1768521600000000000,
    1768608000000000000,
    1768694400000000000,
    1768780800000000000,
    1768867200000000000,
    1768953600000000000,
    1769040000000000000,
    1769126400000000000,
    1769212800000000000,
    1769299200000000000,
    1769385600000000000,
    1769472000000000000,
    1769558400000000000,
    1769644800000000000,
    1769731200000000000,
    1769817600000000000,
    1769904000000000000,
    1769990400000000000,
    1770076800000000000,
    1770163200000000000,
    1770249600000000000,
    1770336000000000000,
    1770422400000000000,
    1770508800000000000,
    1770595200000000000,
    1770681600000000000,
    1770768000000000000,
    1770854400000000000,
    1770940800000000000,
    1771027200000000000,
    1771113600000000000,
    1771200000000000000,
    1771286400000000000,
    1771372800000000000,
    1771459200000000000,
    1771545600000000000,
    1771632000000000000
  ],
  "tasmax": [
    3.1000000461935997,
    2.500000037252903,
    0.800000011920929,
    0.20000000298023224,
    -1.3000000193715096,
    -0.4000000059604645,
    -0.6000000089406967,
    2.500000037252903,
    6.500000096857548,
    0.9000000134110451,
    -0.4000000059604645,
    7.000000104308128,
    9.500000141561031,
    8.600000128149986,
    10.500000156462193,
    10.500000156462193,
    12.400000184774399,
    6.500000096857548,
    3.200000047683716,
    7.500000111758709,
    8.800000131130219,
    7.700000114738941,
    9.400000140070915,
    6.70000009983778,
    1.600000023841858,
    0.0,
    4.500000067055225,
    4.500000067055225,
    1.1000000163912773,
    5.000000074505806,
    7.700000114738941,
    8.00000011920929,
    8.100000120699406,
    4.500000067055225,
    11.500000171363354,
    7.200000107288361,
    7.500000111758709,
    12.10000018030405,
    9.900000147521496,
    7.700000114738941,
    8.50000012665987,
    10.500000156462193,
    8.900000132620335,
    7.200000107288361,
    1.0000000149011612,
    3.500000052154064,
    7.900000117719173,
    5.200000077486038,
    5.000000074505806,
    3.9000000581145287,
    6.000000089406967,
    10.30000015348196
  ]
}