{
  "time": [
    1767225600000000000,
    1767312000000000000,
    1767398400000000000,
    1767484800000000000,
    1767571200000000000,
    1767657600000000000,
    1767744000000000000,
    1767830400000000000,
    1767916800000000000,
    1768003200000000000,
    1768089600000000000,
    1768176000000000000,
    1768262400000000000,
    1768348800000000000,
    1768435200000000000,
    1768521600000000000,
    1768608000000000000,
    1768694400000000000,
    1768780800000000000,
    1768867200000000000,
    1768953600000000000,
    1769040000000000000,
    1769126400000000000,
    1769212800000000000,
    1769299200000000000,
    1769385600000000000,
    1769472000000000000,
    1769558400000000000,
    1769644800000000000,
    1769731200000000000,
    1769817600000000000,
    1769904000000000000,
    1769990400000000000,
    1770076800000000000,
    1770163200000000000,
    1770249600000000000,
    1770336000000000000,
    1770422400000000000,
    1770508800000000000,
    1770595200000000000,
    1770681600000000000,
    1770768000000000000,
    1770854400000000000
  ],
  "hurs": [
    89.70000133663416,
    87.70000130683184,
    84.90000126510859,
    89.20000132918358,
    87.90000130981207,
    90.00000134110451,
    80.50000119954348,
    86.50000128895044,
    73.200001090765,
    73.40000109374523,
    84.400001257658,
    83.20000123977661,
    98.50000146776438,
    92.4000013768673,
    95.5000014230609,
    86.90000129491091,
    92.50000137835741,
    86.70000129193068,
    72.0000010728836,
    82.70000123232603,
    84.20000125467777,
    82.20000122487545,
    81.70000121742487,
    83.50000124424696,
    88.20000131428242,
    94.20000140368938,
    91.2000013589859,
    87.20000129938126,
    84.20000125467777,
    84.00000125169754,
    82.20000122487545,
    77.20000115036964,
    76.50000113993883,
    59.400000885128975,
    75.20000112056732,
    85.50000127404928,
    93.00000138580799,
    97.00000144541264,
    89.00000132620335,
    88.50000131875277,
    88.50000131875277,
    96.70000144094229,
    95.70000142604113
  ],
  "pr": [
    20.0,
    2.799999952316284,
    3.299999952316284,
    0.5,
    0.800000011920929,
    0.4000000059604645,
    0.10000000149011612,
    1.5,
    0.0,
    0.0,
    0.0,
    1.899999976158142,
    5.599999904632568,
    2.799999952316284,
    0.4000000059604645,
    0.0,
    0.0,
    0.0,
    0.0,
    0.0,
    0.0,
    0.0,
    0.0,
    0.0,
    4.599999904632568,
    4.5,
    0.0,
    0.10000000149011612,
    0.0,
    0.10000000149011612,
    0.0,
    0.0,
    0.0,
    0.0,
    0.0,
    1.5,
    0.0,
    1.0,
    0.0,
    0.0,
    2.5,
    2.0999999046325684,
    7.699999809265137
  ],
  "tas": [
    3.0000000447034836,
    0.9000000134110451,
    -1.600000023841858,
    -2.7000000402331352,
    -0.4000000059604645,
    -1.0000000149011612,
    -2.1000000312924385,
    -2.7000000402331352,
    -1.8000000268220901,
    -1.0000000149011612,
    -5.700000084936619,
    -2.600000038743019,
    3.0000000447034836,
    4.000000059604645,
    3.500000052154064,
    6.500000096857548,
    2.7000000402331352,
    2.7000000402331352,
    0.4000000059604645,
    -1.700000025331974,
    -2.7000000402331352,
    -1.8000000268220901,
    -3.7000000551342964,
    -2.600000038743019,
    -1.700000025331974,
    0.5000000074505806,
    0.4000000059604645,
    0.800000011920929,
    -0.5000000074505806,
    -1.600000023841858,
    -3.1000000461935997,
    -6.200000092387199,
    -7.700000114738941,
    -5.200000077486038,
    -4.700000070035458,
    -2.500000037252903,
    -0.20000000298023224,
    0.5000000074505806,
    0.5000000074505806,
    0.20000000298023224,
    1.5000000223517418,
    1.0000000149011612,
    0.9000000134110451
  ],
  "tasmax": [
    4.700000070035458,
    2.7000000402331352,
    0.0,
    0.4000000059604645,
    0.4000000059604645,
    -0.20000000298023224,
    0.10000000149011612,
    -1.8000000268220901,
    0.10000000149011612,
    1.700000025331974,
    -2.2000000327825546,
    1.0000000149011612,
    4.700000070035458,
    6.200000092387199,
    6.000000089406967,
    10.500000156462193,
    5.500000081956387,
    4.700000070035458,
    3.500000052154064,
    3.200000047683716,
    0.5000000074505806,
    -0.20000000298023224,
    -1.600000023841858,
    -1.600000023841858,
    -0.10000000149011612,
    1.3000000193715096,
    1.0000000149011612,
    1.3000000193715096,
    0.9000000134110451,
    -1.1000000163912773,
    -1.3000000193715096,
    -5.500000081956387,
    -6.200000092387199,
    -3.500000052154064,
    -3.200000047683716,
    -1.600000023841858,
    0.6000000089406967,
    1.1000000163912773,
    1.1000000163912773,
    1.1000000163912773,
    3.7000000551342964,
    1.5000000223517418,
    1.600000023841858
  ],
  "tasmin": [
    0.9000000134110451,
    -1.8000000268220901,
    -4.500000067055225,
    -7.300000108778477,
    -1.3000000193715096,
    -1.600000023841858,
    -3.9000000581145287,
    -3.7000000551342964,
    -3.400000050663948,
    -6.200000092387199,
    -9.80000014603138,
    -6.200000092387199,
    0.6000000089406967,
    -0.6000000089406967,
    -1.3000000193715096,
    4.200000062584877,
    0.9000000134110451,
    -0.20000000298023224,
    -3.200000047683716,
    -5.200000077486038,
    -6.400000095367432,
    -3.6000000536441803,
    -5.700000084936619,
    -4.200000062584877,
    -2.600000038743019,
    -0.4000000059604645,
    -0.20000000298023224,
    0.10000000149011612,
    -1.8000000268220901,
    -2.1000000312924385,
    -5.700000084936619,
    -6.800000101327896,
    -9.00000013411045,
    -6.900000102818012,
    -6.400000095367432,
    -3.400000050663948,
    -1.8000000268220901,
    0.20000000298023224,
    -0.20000000298023224,
    -0.5000000074505806,
    0.5000000074505806,
    0.5000000074505806,
    0.20000000298023224
  ]
}