{
  "time": [
    1767268800000000000,
    1767355200000000000,
    1767441600000000000
  ],
  "hurs": [
    89.50000133365393,
    87.40000130236149,
    84.70000126212835
  ],
  "pr": [
    19.5,
    2.700000047683716,
    3.200000047683716
  ],
  "tas": [
    3.0000000447034836,
    0.9000000134110451,
    -1.600000023841858
  ],
  "tasmax": [
    4.700000070035458,
    2.8000000417232513,
    0.0
  ],
  "tasmin": [
    1.0000000149011612,
    -1.8000000268220901,
    -4.500000067055225
  ]
}