{
  "time": [
    1767268800000000000
  ],
  "hurs": [
    89.50000133365393
  ],
  "pr": [
    19.5
  ],
  "tas": [
    3.0000000447034836
  ],
  "tasmax": [
    4.700000070035458
  ],
  "tasmin": [
    1.0000000149011612
  ]
}