{
  "time": [
    1767225600000000000,
    1767312000000000000,
    1767398400000000000,
    1767484800000000000,
    1767571200000000000,
    1767657600000000000,
    1767744000000000000,
    1767830400000000000,
    1767916800000000000,
    1768003200000000000,
    1768089600000000000,
    1768176000000000000,
    1768262400000000000,
    1768348800000000000,
    1768435200000000000,
    1768521600000000000,
    1768608000000000000,
    1768694400000000000,
    1768780800000000000,
    1768867200000000000,
    1768953600000000000,
    1769040000000000000,
    1769126400000000000,
    1769212800000000000,
    1769299200000000000,
    1769385600000000000,
    1769472000000000000,
    1769558400000000000,
    1769644800000000000,
    1769731200000000000,
    1769817600000000000,
    1769904000000000000,
    1769990400000000000,
    1770076800000000000,
    1770163200000000000,
    1770249600000000000,
    1770336000000000000,
    1770422400000000000,
    1770508800000000000,
    1770595200000000000,
    1770681600000000000,
    1770768000000000000,
    1770854400000000000,
    1770940800000000000,
    1771027200000000000,
    1771113600000000000,
    1771200000000000000,
    1771286400000000000,
    1771372800000000000,
    1771459200000000000,
    1771545600000000000,
    1771632000000000000,
    1771718400000000000,
    1771804800000000000,
    1771891200000000000,
    1771977600000000000,
    1772064000000000000,
    1772150400000000000,
    1772236800000000000,
    1772323200000000000,
    1772409600000000000,
    1772496000000000000,
    1772582400000000000,
    1772668800000000000,
    1772755200000000000,
    1772841600000000000,
    1772928000000000000,
    1773014400000000000,
    1773100800000000000,
    1773187200000000000,
    1773273600000000000,
    1773360000000000000,
    1773446400000000000,
    1773532800000000000,
    1773619200000000000,
    1773705600000000000,
    1773792000000000000,
    1773878400000000000,
    1773964800000000000,
    1774051200000000000,
    1774137600000000000
  ],
  "hurs": [
    89.70000133663416,
    88.20000131428242,
    84.70000126212835,
    89.70000133663416,
    88.00000131130219,
    90.00000134110451,
    80.20000119507313,
    87.5000013038516,
    75.7000011280179,
    77.50000115483999,
    91.00000135600567,
    83.00000123679638,
    98.90000147372484,
    92.70000138133764,
    95.00000141561031,
    86.90000129491091,
    92.70000138133764,
    86.00000128149986,
    72.0000010728836,
    83.00000123679638,
    84.20000125467777,
    82.00000122189522,
    87.00000129640102,
    83.90000125020742,
    87.90000130981207,
    95.00000141561031,
    90.50000134855509,
    88.20000131428242,
    85.0000012665987,
    83.50000124424696,
    82.70000123232603,
    77.90000116080046,
    75.50000112503767,
    60.200000897049904,
    75.50000112503767,
    85.90000128000975,
    93.20000138878822,
    97.20000144839287,
    89.20000132918358,
    89.00000132620335,
    88.700001321733,
    96.50000143796206,
    95.70000142604113,
    88.50000131875277,
    84.00000125169754,
    80.50000119954348,
    77.50000115483999,
    85.40000127255917,
    80.50000119954348,
    86.40000128746033,
    75.7000011280179,
    94.40000140666962,
    97.00000144541264,
    91.2000013589859,
    90.50000134855509,
    88.20000131428242,
    84.70000126212835,
    82.70000123232603,
    78.00000116229057,
    71.70000106841326,
    68.50000102072954,
    75.7000011280179,
    79.00000117719173,
    71.50000106543303,
    61.700000919401646,
    71.70000106841326,
    71.00000105798244,
    68.00000101327896,
    82.00000122189522,
    87.70000130683184,
    74.20000110566616,
    78.90000117570162,
    89.50000133365393,
    82.00000122189522,
    78.70000117272139,
    78.2000011652708,
    66.20000098645687,
    71.70000106841326,
    86.70000129193068,
    95.00000141561031,
    74.70000111311674
  ],
  "pr": [
    20.0,
    2.799999952316284,
    3.299999952316284,
    0.5,
    0.800000011920929,
    0.4000000059604645,
    0.10000000149011612,
    1.5,
    0.0,
    0.0,
    0.0,
    1.899999976158142,
    5.599999904632568,
    2.799999952316284,
    0.4000000059604645,
    0.0,
    0.0,
    0.0,
    0.0,
    0.0,
    0.0,
    0.0,
    0.0,
    0.0,
    4.599999904632568,
    4.5,
    0.0,
    0.10000000149011612,
    0.0,
    0.10000000149011612,
    0.0,
    0.0,
    0.0,
    0.0,
    0.0,
    1.5,
    0.0,
    0.8999999761581421,
    0.0,
    0.0,
    2.5999999046325684,
    2.0999999046325684,
    7.800000190734863,
    2.299999952316284,
    0.0,
    0.0,
    1.0,
    1.2000000476837158,
    0.0,
    0.0,
    4.400000095367432,
    1.2999999523162842,
    7.900000095367432,
    5.900000095367432,
    0.0,
    0.0,
    0.0,
    1.100000023841858,
    1.899999976158142,
    0.0,
    0.0,
    0.0,
    0.0,
    0.0,
    0.0,
    0.0,
    0.0,
    0.0,
    2.0999999046325684,
    4.0,
    0.0,
    9.399999618530273,
    1.600000023841858,
    0.0,
    2.0999999046325684,
    0.0,
    0.0,
    0.0,
    0.0,
    0.0,
    0.0
  ],
  "tas": [
    3.0000000447034836,
    0.800000011920929,
    -1.600000023841858,
    -2.7000000402331352,
    -0.4000000059604645,
    -1.0000000149011612,
    -2.1000000312924385,
    -2.8000000417232513,
    -2.2000000327825546,
    -1.700000025331974,
    -6.70000009983778,
    -2.600000038743019,
    3.0000000447034836,
    4.000000059604645,
    3.6000000536441803,
    6.500000096857548,
    2.7000000402331352,
    2.8000000417232513,
    0.4000000059604645,
    -1.8000000268220901,
    -2.7000000402331352,
    -1.8000000268220901,
    -4.500000067055225,
    -2.600000038743019,
    -1.700000025331974,
    0.5000000074505806,
    0.5000000074505806,
    0.6000000089406967,
    -0.6000000089406967,
    -1.600000023841858,
    -3.1000000461935997,
    -6.200000092387199,
    -7.500000111758709,
    -5.4000000804662704,
    -4.700000070035458,
    -2.500000037252903,
    -0.20000000298023224,
    0.5000000074505806,
    0.5000000074505806,
    0.20000000298023224,
    1.5000000223517418,
    1.1000000163912773,
    1.0000000149011612,
    -0.800000011920929,
    -2.8000000417232513,
    -6.000000089406967,
    -3.200000047683716,
    -2.8000000417232513,
    -4.000000059604645,
    -6.900000102818012,
    -2.2000000327825546,
    4.700000070035458,
    7.200000107288361,
    6.900000102818012,
    5.000000074505806,
    6.200000092387199,
    9.600000143051147,
    10.900000162422657,
    11.000000163912773,
    6.900000102818012,
    8.800000131130219,
    7.700000114738941,
    3.400000050663948,
    5.200000077486038,
    7.300000108778477,
    7.300000108778477,
    9.500000141561031,
    7.500000111758709,
    7.900000117719173,
    9.600000143051147,
    8.00000011920929,
    7.500000111758709,
    4.500000067055225,
    5.4000000804662704,
    4.90000007301569,
    5.500000081956387,
    6.800000101327896,
    7.500000111758709,
    4.90000007301569,
    3.7000000551342964,
    5.200000077486038
  ],