{
  "time": [
    1767225600000000000,
    1767312000000000000,
    1767398400000000000,
    1767484800000000000,
    1767571200000000000,
    1767657600000000000,
    1767744000000000000,
    1767830400000000000,
    1767916800000000000,
    1768003200000000000,
    1768089600000000000,
    1768176000000000000,
    1768262400000000000,
    1768348800000000000,
    1768435200000000000,
    1768521600000000000,
    1768608000000000000,
    1768694400000000000,
    1768780800000000000,
    1768867200000000000,
    1768953600000000000,
    1769040000000000000,
    1769126400000000000,
    1769212800000000000,
    1769299200000000000,
    1769385600000000000,
    1769472000000000000,
    1769558400000000000,
    1769644800000000000,
    1769731200000000000,
    1769817600000000000,
    1769904000000000000,
    1769990400000000000,
    1770076800000000000,
    1770163200000000000,
    1770249600000000000,
    1770336000000000000,
    1770422400000000000,
    1770508800000000000,
    1770595200000000000,
    1770681600000000000,
    1770768000000000000,
    1770854400000000000,
    1770940800000000000,
    1771027200000000000,
    1771113600000000000,
    1771200000000000000,
    1771286400000000000,
    1771372800000000000,
    1771459200000000000,
    1771545600000000000,
    1771632000000000000,
    1771718400000000000,
    1771804800000000000,
    1771891200000000000,
    1771977600000000000,
    1772064000000000000,
    1772150400000000000
  ],
  "hurs": [
    89.70000133663416,
    88.20000131428242,
    84.70000126212835,
    89.70000133663416,
    88.00000131130219,
    90.00000134110451,
    80.20000119507313,
    87.5000013038516,
    75.7000011280179,
    77.50000115483999,
    91.00000135600567,
    83.00000123679638,
    98.90000147372484,
    92.70000138133764,
    95.00000141561031,
    86.90000129491091,
    92.70000138133764,
    86.00000128149986,
    72.0000010728836,
    83.00000123679638,
    84.20000125467777,
    82.00000122189522,
    87.00000129640102,
    83.90000125020742,
    87.90000130981207,
    95.00000141561031,
    90.50000134855509,
    88.20000131428242,
    85.0000012665987,
    83.50000124424696,
    82.70000123232603,
    77.20000115036964,
    76.50000113993883,
    59.400000885128975,
    75.20000112056732,
    85.50000127404928,
    93.00000138580799,
    97.00000144541264,
    89.00000132620335,
    88.50000131875277,
    88.50000131875277,
    96.70000144094229,
    95.70000142604113,
    88.20000131428242,
    84.00000125169754,
    82.00000122189522,
    78.50000116974115,
    86.2000012844801,
    80.20000119507313,
    84.70000126212835,
    76.50000113993883,
    94.50000140815973,
    98.50000146776438,
    91.70000136643648,
    90.00000134110451,
    88.40000131726265,
    85.0000012665987,
    82.70000123232603
  ]
}