{
  "time": [
    1767268800000000000,
    1767355200000000000,
    1767441600000000000
  ],
  "hurs": [
    89.50000133365393,
    87.40000130236149,
    84.70000126212835
  ]
}