{
  "time": [
    1767225600000000000,
    1767312000000000000,
    1767398400000000000,
    1767484800000000000,
    1767571200000000000,
    1767657600000000000,
    1767744000000000000,
    1767830400000000000,
    1767916800000000000,
    1768003200000000000,
    1768089600000000000,
    1768176000000000000,
    1768262400000000000,
    1768348800000000000,
    1768435200000000000,
    1768521600000000000,
    1768608000000000000,
    1768694400000000000,
    1768780800000000000,
    1768867200000000000,
    1768953600000000000,
    1769040000000000000,
    1769126400000000000,
    1769212800000000000,
    1769299200000000000,
    1769385600000000000,
    1769472000000000000,
    1769558400000000000,
    1769644800000000000,
    1769731200000000000,
    1769817600000000000,
    1769904000000000000,
    1769990400000000000,
    1770076800000000000,
    1770163200000000000,
    1770249600000000000,
    1770336000000000000,
    1770422400000000000,
    1770508800000000000,
    1770595200000000000,
    1770681600000000000,
    1770768000000000000,
    1770854400000000000,
    1770940800000000000,
    1771027200000000000,
    1771113600000000000,
    1771200000000000000,
    1771286400000000000,
    1771372800000000000,
    1771459200000000000,
    1771545600000000000,
    1771632000000000000,
    1771718400000000000,
    1771804800000000000,
    1771891200000000000,
    1771977600000000000,
    1772064000000000000,
    1772150400000000000,
    1772236800000000000,
    1772323200000000000,
    1772409600000000000,
    1772496000000000000,
    1772582400000000000,
    1772668800000000000,
    1772755200000000000,
    1772841600000000000,
    1772928000000000000,
    1773014400000000000,
    1773100800000000000,
    1773187200000000000,
    1773273600000000000,
    1773360000000000000,
    1773446400000000000,
    1773532800000000000,
    1773619200000000000,
    1773705600000000000,
    1773792000000000000,
    1773878400000000000,
    1773964800000000000,
    1774051200000000000,
    1774137600000000000,
    1774224000000000000,
    1774310400000000000,
    1774396800000000000,
    1774483200000000000
  ],
  "hurs": [
    89.70000133663416,
    88.20000131428242,
    84.70000126212835,
    89.70000133663416,
    88.00000131130219,
    90.00000134110451,
    80.20000119507313,
    87.5000013038516,
    75.7000011280179,
    77.50000115483999,
    91.00000135600567,
    83.00000123679638,
    98.90000147372484,
    92.70000138133764,
    95.00000141561031,
    86.90000129491091,
    92.70000138133764,
    86.00000128149986,
    72.0000010728836,
    83.00000123679638,
    84.20000125467777,
    82.00000122189522,
    87.00000129640102,
    83.90000125020742,
    87.90000130981207,
    95.00000141561031,
    90.50000134855509,
    88.20000131428242,
    85.0000012665987,
    83.50000124424696,
    82.70000123232603,
    77.90000116080046,
    75.50000112503767,
    60.200000897049904,
    75.50000112503767,
    85.90000128000975,
    93.20000138878822,
    97.20000144839287,
    89.20000132918358,
    89.00000132620335,
    88.700001321733,
    96.50000143796206,
    95.70000142604113,
    88.50000131875277,
    84.00000125169754,
    80.50000119954348,
    77.50000115483999,
    85.40000127255917,
    80.50000119954348,
    86.40000128746033,
    75.7000011280179,
    94.40000140666962,
    97.00000144541264,
    91.2000013589859,
    90.50000134855509,
    88.20000131428242,
    84.70000126212835,
    82.70000123232603,
    78.00000116229057,
    71.70000106841326,
    68.50000102072954,
    75.7000011280179,
    79.00000117719173,
    71.50000106543303,
    61.700000919401646,
    71.70000106841326,
    71.00000105798244,
    68.00000101327896,
    82.00000122189522,
    87.70000130683184,
    74.20000110566616,
    78.90000117570162,
    89.50000133365393,
    82.00000122189522,
    78.70000117272139,
    78.2000011652708,
    66.20000098645687,
    71.70000106841326,
    86.70000129193068,
    95.00000141561031,
    74.70000111311674,
    75.00000111758709,
    69.70000103861094,
    71.00000105798244,
    73.50000109523535
  ]
}