{
  "time": [
    1767225600000000000,
    1767312000000000000,
    1767398400000000000,
    1767484800000000000,
    1767571200000000000,
    1767657600000000000,
    1767744000000000000,
    1767830400000000000,
    1767916800000000000,
    1768003200000000000,
    1768089600000000000,
    1768176000000000000,
    1768262400000000000,
    1768348800000000000,
    1768435200000000000,
    1768521600000000000,
    1768608000000000000,
    1768694400000000000,
    1768780800000000000,
    1768867200000000000,
    1768953600000000000,
    1769040000000000000,
    1769126400000000000,
    1769212800000000000,
    1769299200000000000,
    1769385600000000000,
    1769472000000000000,
    1769558400000000000,
    1769644800000000000,
    1769731200000000000,
    1769817600000000000,
    1769904000000000000,
    1769990400000000000,
    1770076800000000000,
    1770163200000000000,
    1770249600000000000,
    1770336000000000000,
    1770422400000000000,
    1770508800000000000
  ],
  "hurs": [
    89.70000133663416,
    87.70000130683184,
    84.90000126510859,
    89.20000132918358,
    87.90000130981207,
    90.00000134110451,
    80.50000119954348,
    86.50000128895044,
    73.200001090765,
    73.40000109374523,
    84.400001257658,
    83.20000123977661,
    98.50000146776438,
    92.4000013768673,
    95.5000014230609,
    86.90000129491091,
    92.50000137835741,
    86.70000129193068,
    72.0000010728836,
    82.70000123232603,
    84.20000125467777,
    82.20000122487545,
    81.70000121742487,
    83.50000124424696,
    88.20000131428242,
    94.20000140368938,
    91.2000013589859,
    87.20000129938126,
    84.20000125467777,
    84.00000125169754,
    82.20000122487545,
    77.20000115036964,
    76.50000113993883,
    59.400000885128975,
    75.20000112056732,
    85.50000127404928,
    93.00000138580799,
    97.00000144541264,
    89.00000132620335
  ]
}