{
  "time": [
    1767290400000000000,
    1767376800000000000,
    1767463200000000000
  ],
  "pr": [
    19.5,
    2.700000047683716,
    3.200000047683716
  ]
}