{
  "time": [
    1767268800000000000,
    1767355200000000000,
    1767441600000000000
  ],
  "tas": [
    3.0000000447034836,
    0.9000000134110451,
    -1.600000023841858
  ]
}