{
  "time": [
    1767225600000000000,
    1767312000000000000,
    1767398400000000000,
    1767484800000000000,
    1767571200000000000,
    1767657600000000000,
    1767744000000000000,
    1767830400000000000,
    1767916800000000000,
    1768003200000000000,
    1768089600000000000,
    1768176000000000000,
    1768262400000000000,
    1768348800000000000,
    1768435200000000000,
    1768521600000000000,
    1768608000000000000,
    1768694400000000000,
    1768780800000000000,
    1768867200000000000,
    1768953600000000000,
    1769040000000000000,
    1769126400000000000,
    1769212800000000000,
    1769299200000000000,
    1769385600000000000,
    1769472000000000000,
    1769558400000000000,
    1769644800000000000,
    1769731200000000000,
    1769817600000000000,
    1769904000000000000,
    1769990400000000000,
    1770076800000000000,
    1770163200000000000,
    1770249600000000000,
    1770336000000000000,
    1770422400000000000,
    1770508800000000000,
    1770595200000000000,
    1770681600000000000,
    1770768000000000000,
    1770854400000000000,
    1770940800000000000,
    1771027200000000000,
    1771113600000000000,
    1771200000000000000,
    1771286400000000000,
    1771372800000000000,
    1771459200000000000,
    1771545600000000000,
    1771632000000000000,
    1771718400000000000,
    1771804800000000000,
    1771891200000000000,
    1771977600000000000,
    1772064000000000000,
    1772150400000000000,
    1772236800000000000,
    1772323200000000000,
    1772409600000000000,
    1772496000000000000,
    1772582400000000000,
    1772668800000000000,
    1772755200000000000,
    1772841600000000000,
    1772928000000000000
  ],
  "tasmin": [
    0.9000000134110451,
    -2.0000000298023224,
    -4.500000067055225,
    -7.200000107288361,
    -1.3000000193715096,
    -1.600000023841858,
    -3.9000000581145287,
    -3.7000000551342964,
    -3.7000000551342964,
    -7.000000104308128,
    -10.900000162422657,
    -6.200000092387199,
    0.6000000089406967,
    -0.9000000134110451,
    -1.3000000193715096,
    4.200000062584877,
    0.800000011920929,
    -0.10000000149011612,
    -3.1000000461935997,
    -5.4000000804662704,
    -6.000000089406967,
    -3.7000000551342964,
    -6.500000096857548,
    -4.200000062584877,
    -2.600000038743019,
    -0.4000000059604645,
    -0.20000000298023224,
    -0.10000000149011612,
    -2.0000000298023224,
    -2.1000000312924385,
    -5.700000084936619,
    -6.800000101327896,
    -8.800000131130219,
    -7.000000104308128,
    -6.400000095367432,
    -3.500000052154064,
    -1.8000000268220901,
    0.20000000298023224,
    -0.20000000298023224,
    -0.5000000074505806,
    0.5000000074505806,
    0.800000011920929,
    0.20000000298023224,
    -1.700000025331974,
    -9.900000147521496,
    -12.400000184774399,
    -4.000000059604645,
    -4.000000059604645,
    -13.000000193715096,
    -13.600000202655792,
    -6.500000096857548,
    1.8000000268220901,
    4.90000007301569,
    5.500000081956387,
    0.4000000059604645,
    0.800000011920929,
    4.700000070035458,
    7.500000111758709,
    6.900000102818012,
    3.1000000461935997,
    3.7000000551342964,
    0.6000000089406967,
    -2.2000000327825546,
    -3.200000047683716,
    0.4000000059604645,
    -1.1000000163912773,
    3.1000000461935997
  ]
}