{
  "time": [
    1767268800000000000,
    1767355200000000000,
    1767441600000000000
  ],
  "tasmin": [
    1.0000000149011612,
    -1.8000000268220901,
    -4.500000067055225
  ]
}