{
  "time": [
    1767268800000000000,
    1767355200000000000,
    1767441600000000000
  ],
  "tasmax": [
    4.700000070035458,
    2.8000000417232513,
    0.0
  ]
}