{
  "time": [
    1767225600000000000,
    1767312000000000000,
    1767398400000000000,
    1767484800000000000,
    1767571200000000000,
    1767657600000000000,
    1767744000000000000,
    1767830400000000000,
    1767916800000000000,
    1768003200000000000,
    1768089600000000000,
    1768176000000000000,
    1768262400000000000,
    1768348800000000000,
    1768435200000000000,
    1768521600000000000,
    1768608000000000000,
    1768694400000000000,
    1768780800000000000,
    1768867200000000000,
    1768953600000000000,
    1769040000000000000,
    1769126400000000000,
    1769212800000000000,
    1769299200000000000,
    1769385600000000000,
    1769472000000000000,
    1769558400000000000,
    1769644800000000000,
    1769731200000000000,
    1769817600000000000,
    1769904000000000000,
    1769990400000000000,
    1770076800000000000,
    1770163200000000000,
    1770249600000000000,
    1770336000000000000,
    1770422400000000000,
    1770508800000000000,
    1770595200000000000,
    1770681600000000000,
    1770768000000000000,
    1770854400000000000,
    1770940800000000000,
    1771027200000000000,
    1771113600000000000,
    1771200000000000000,
    1771286400000000000,
    1771372800000000000,
    1771459200000000000,
    1771545600000000000,
    1771632000000000000,
    1771718400000000000,
    1771804800000000000,
    1771891200000000000,
    1771977600000000000,
    1772064000000000000,
    1772150400000000000,
    1772236800000000000,
    1772323200000000000,
    1772409600000000000,
    1772496000000000000,
    1772582400000000000,
    1772668800000000000,
    1772755200000000000,
    1772841600000000000,
    1772928000000000000,
    1773014400000000000,
    1773100800000000000,
    1773187200000000000,
    1773273600000000000,
    1773360000000000000
  ],
  "hurs": [
    69.5000010356307,
    80.20000119507313,
    77.00000114738941,
    75.00000111758709,
    84.00000125169754,
    84.50000125914812,
    78.50000116974115,
    84.70000126212835,
    76.20000113546848,
    92.50000137835741,
    88.50000131875277,
    90.40000134706497,
    80.70000120252371,
    75.50000112503767,
    84.90000126510859,
    77.90000116080046,
    88.20000131428242,
    89.20000132918358,
    91.40000136196613,
    94.70000141113997,
    92.20000137388706,
    92.4000013768673,
    88.700001321733,
    87.00000129640102,
    90.50000134855509,
    89.20000132918358,
    90.50000134855509,
    96.90000144392252,
    94.50000140815973,
    96.70000144094229,
    93.90000139921904,
    91.2000013589859,
    90.90000135451555,
    93.7000013962388,
    93.50000139325857,
    90.40000134706497,
    95.70000142604113,
    92.90000138431787,
    94.70000141113997,
    89.50000133365393,
    87.00000129640102,
    84.90000126510859,
    87.70000130683184,
    83.50000124424696,
    95.00000141561031,
    87.00000129640102,
    83.00000123679638,
    82.70000123232603,
    82.00000122189522,
    92.50000137835741,
    88.90000132471323,
    84.90000126510859,
    84.20000125467777,
    81.9000012204051,
    94.00000140070915,
    94.70000141113997,
    89.50000133365393,
    76.70000114291906,
    75.50000112503767,
    79.4000011831522,
    77.00000114738941,
    78.2000011652708,
    74.90000111609697,
    70.7000010535121,
    75.50000112503767,
    74.20000110566616,
    75.00000111758709,
    75.20000112056732,
    78.2000011652708,
    85.50000127404928,
    78.00000116229057,
    70.00000104308128
  ],
  "pr": [
    0.6000000238418579,
    2.799999952316284,
    1.0,
    0.0,
    0.4000000059604645,
    0.10000000149011612,
    0.6000000238418579,
    9.600000381469727,
    8.199999809265137,
    9.800000190734863,
    0.0,
    2.9000000953674316,
    0.0,
    0.5,
    0.4000000059604645,
    0.0,
    0.0,
    0.0,
    0.0,
    0.0,
    0.0,
    0.0,
    0.0,
    0.0,
    0.10000000149011612,
    3.0999999046325684,
    5.599999904632568,
    7.900000095367432,
    3.200000047683716,
    0.4000000059604645,
    0.0,
    0.800000011920929,
    2.5999999046325684,
    2.799999952316284,
    0.0,
    0.0,
    6.199999809265137,
    0.0,
    0.0,
    0.0,
    11.899999618530273,
    8.600000381469727,
    12.100000381469727,
    3.799999952316284,
    9.100000381469727,
    11.699999809265137,
    8.600000381469727,
    5.199999809265137,
    4.599999904632568,
    0.5,
    2.0,
    16.700000762939453,
    13.899999618530273,
    7.400000095367432,
    1.7000000476837158,
    0.0,
    0.0,
    0.0,
    0.0,
    0.0,
    0.0,
    0.0,
    0.0,
    0.0,
    0.0,
    0.0,
    0.0,
    0.0,
    5.099999904632568,
    9.199999809265137,
    0.0,
    12.300000190734863
  ],
  "tas": [
    -1.1000000163912773,
    0.800000011920929,
    -1.5000000223517418,
    -2.2000000327825546,
    -6.500000096857548,
    -4.500000067055225,
    -4.500000067055225,
    1.8000000268220901,
    6.200000092387199,
    0.5000000074505806,
    -2.0000000298023224,
    2.7000000402331352,
    7.000000104308128,
    8.50000012665987,
    7.300000108778477,
    6.200000092387199,
    2.500000037252903,
    0.20000000298023224,
    0.0,
    -1.0000000149011612,
    -1.3000000193715096,
    -1.8000000268220901,
    -0.20000000298023224,
    0.0,
    -0.9000000134110451,
    3.0000000447034836,
    2.2000000327825546,
    3.500000052154064,
    2.2000000327825546,
    0.6000000089406967,
    2.7000000402331352,
    3.500000052154064,
    3.200000047683716,
    1.700000025331974,
    1.3000000193715096,
    1.700000025331974,
    2.8000000417232513,
    6.500000096857548,
    2.3000000342726707,
    2.7000000402331352,
    5.200000077486038,
    9.400000140070915,
    8.00000011920929,
    7.000000104308128,
    3.200000047683716,
    1.3000000193715096,
    5.700000084936619,
    3.7000000551342964,
    2.2000000327825546,
    4.200000062584877,
    3.6000000536441803,
    8.100000120699406,
    10.000000149011612,
    10.100000150501728,
    10.000000149011612,
    7.300000108778477,
    8.400000125169754,
    10.30000015348196,
    9.100000135600567,
    7.200000107288361,
    6.400000095367432,
    7.000000104308128,
    7.500000111758709,
    7.500000111758709,
    8.00000011920929,
    8.400000125169754,
    8.50000012665987,
    9.500000141561031,
    9.80000014603138,
    9.500000141561031,
    7.700000114738941,
    8.800000131130219
  ],