{
  "time": [
    1767268800000000000
  ],
  "hurs": [
    69.90000104159117
  ],
  "pr": [
    0.800000011920929
  ],
  "tas": [
    -1.3000000193715096
  ],
  "tasmax": [
    2.2000000327825546
  ],
  "tasmin": [
    -6.000000089406967
  ]
}