{
  "time": [
    1767225600000000000,
    1767312000000000000,
    1767398400000000000,
    1767484800000000000,
    1767571200000000000,
    1767657600000000000,
    1767744000000000000,
    1767830400000000000,
    1767916800000000000,
    1768003200000000000,
    1768089600000000000,
    1768176000000000000,
    1768262400000000000,
    1768348800000000000,
    1768435200000000000,
    1768521600000000000,
    1768608000000000000,
    1768694400000000000,
    1768780800000000000,
    1768867200000000000,
    1768953600000000000,
    1769040000000000000,
    1769126400000000000,
    1769212800000000000,
    1769299200000000000,
    1769385600000000000,
    1769472000000000000,
    1769558400000000000,
    1769644800000000000,
    1769731200000000000,
    1769817600000000000,
    1769904000000000000,
    1769990400000000000,
    1770076800000000000,
    1770163200000000000,
    1770249600000000000,
    1770336000000000000,
    1770422400000000000,
    1770508800000000000,
    1770595200000000000,
    1770681600000000000
  ],
  "hurs": [
    69.70000103861094,
    79.70000118762255,
    77.20000115036964,
    75.40000112354755,
    83.70000124722719,
    84.70000126212835,
    78.50000116974115,
    84.00000125169754,
    75.7000011280179,
    92.00000137090683,
    89.40000133216381,
    91.00000135600567,
    80.70000120252371,
    75.7000011280179,
    84.70000126212835,
    76.00000113248825,
    87.5000013038516,
    89.00000132620335,
    91.2000013589859,
    94.40000140666962,
    92.4000013768673,
    92.70000138133764,
    90.20000134408474,
    86.70000129193068,
    88.20000131428242,
    88.700001321733,
    91.00000135600567,
    96.40000143647194,
    95.5000014230609,
    95.70000142604113,
    94.20000140368938,
    91.50000136345625,
    91.70000136643648,
    93.00000138580799,
    94.00000140070915,
    90.50000134855509,
    95.20000141859055,
    93.00000138580799,
    95.20000141859055,
    89.90000133961439,
    87.00000129640102
  ],
  "pr": [
    0.6000000238418579,
    2.799999952316284,
    1.0,
    0.0,
    0.4000000059604645,
    0.10000000149011612,
    0.6000000238418579,
    9.600000381469727,
    8.199999809265137,
    9.800000190734863,
    0.0,
    2.9000000953674316,
    0.0,
    0.5,
    0.4000000059604645,
    0.0,
    0.0,
    0.0,
    0.0,
    0.0,
    0.0,
    0.0,
    0.0,
    0.0,
    0.10000000149011612,
    3.0999999046325684,
    5.599999904632568,
    7.5,
    2.700000047683716,
    0.30000001192092896,
    0.0,
    0.8999999761581421,
    2.5,
    2.799999952316284,
    0.10000000149011612,
    0.0,
    5.5,
    0.10000000149011612,
    0.0,
    0.0,
    12.699999809265137
  ],
  "tas": [
    -1.3000000193715096,
    0.800000011920929,
    -1.5000000223517418,
    -2.2000000327825546,
    -6.500000096857548,
    -4.500000067055225,
    -4.500000067055225,
    1.8000000268220901,
    6.200000092387199,
    0.5000000074505806,
    -2.1000000312924385,
    2.7000000402331352,
    7.000000104308128,
    8.50000012665987,
    7.300000108778477,
    6.500000096857548,
    2.600000038743019,
    0.20000000298023224,
    0.0,
    -0.9000000134110451,
    -1.3000000193715096,
    -1.8000000268220901,
    -0.20000000298023224,
    0.10000000149011612,
    -0.6000000089406967,
    3.0000000447034836,
    2.2000000327825546,
    3.6000000536441803,
    2.2000000327825546,
    0.800000011920929,
    2.7000000402331352,
    3.400000050663948,
    3.200000047683716,
    1.700000025331974,
    1.3000000193715096,
    1.700000025331974,
    2.8000000417232513,
    6.500000096857548,
    2.2000000327825546,
    2.7000000402331352,
    5.200000077486038
  ],
  "tasmax": [
    2.2000000327825546,
    2.3000000342726707,
    -0.10000000149011612,
    0.5000000074505806,
    -1.5000000223517418,
    -2.7000000402331352,
    -0.5000000074505806,
    6.800000101327896,
    9.00000013411045,
    2.7000000402331352,
    -0.10000000149011612,
    9.00000013411045,
    11.900000177323818,
    12.000000178813934,
    13.300000198185444,
    14.300000213086605,
    7.200000107288361,
    1.8000000268220901,
    1.600000023841858,
    1.1000000163912773,
    2.500000037252903,
    1.1000000163912773,
    4.000000059604645,
    4.700000070035458,
    1.0000000149011612,
    6.000000089406967,
    6.200000092387199,
    4.700000070035458,
    4.500000067055225,
    3.500000052154064,
    7.200000107288361,
    7.500000111758709,
    5.700000084936619,
    3.7000000551342964,
    5.900000087916851,
    6.800000101327896,
    8.00000011920929,
    10.600000157952309,
    7.500000111758709,
    7.400000110268593,
    10.000000149011612
  ],
  "tasmin": [
    -5.900000087916851,
    -1.1000000163912773,
    -3.400000050663948,
    -7.700000114738941,
    -10.500000156462193,
    -7.800000116229057,
    -10.500000156462193,
    -1.600000023841858,
    2.0000000298023224,
    -2.2000000327825546,
    -5.200000077486038,
    -4.000000059604645,
    2.8000000417232513,
    4.000000059604645,
    2.8000000417232513,
    1.8000000268220901,
    -0.9000000134110451,
    -0.9000000134110451,
    -1.1000000163912773,
    -2.3000000342726707,
    -3.7000000551342964,
    -4.500000067055225,
    -2.3000000342726707,
    -3.200000047683716,
    -2.500000037252903,
    -0.5000000074505806,
    -2.3000000342726707,
    2.1000000312924385,
    -0.5000000074505806,
    -2.600000038743019,
    -0.10000000149011612,
    0.10000000149011612,
    1.1000000163912773,
    -0.20000000298023224,
    -1.3000000193715096,
    -1.3000000193715096,
    -0.5000000074505806,
    1.600000023841858,
    -0.9000000134110451,
    -0.800000011920929,
    -1.0000000149011612
  ]
}