{
  "time": [
    1767225600000000000,
    1767312000000000000,
    1767398400000000000,
    1767484800000000000,
    1767571200000000000,
    1767657600000000000,
    1767744000000000000,
    1767830400000000000,
    1767916800000000000,
    1768003200000000000,
    1768089600000000000,
    1768176000000000000,
    1768262400000000000,
    1768348800000000000,
    1768435200000000000,
    1768521600000000000,
    1768608000000000000,
    1768694400000000000,
    1768780800000000000,
    1768867200000000000,
    1768953600000000000,
    1769040000000000000,
    1769126400000000000,
    1769212800000000000,
    1769299200000000000,
    1769385600000000000,
    1769472000000000000,
    1769558400000000000,
    1769644800000000000,
    1769731200000000000,
    1769817600000000000,
    1769904000000000000,
    1769990400000000000,
    1770076800000000000,
    1770163200000000000,
    1770249600000000000,
    1770336000000000000,
    1770422400000000000,
    1770508800000000000,
    1770595200000000000,
    1770681600000000000,
    1770768000000000000,
    1770854400000000000,
    1770940800000000000,
    1771027200000000000,
    1771113600000000000,
    1771200000000000000,
    1771286400000000000,
    1771372800000000000,
    1771459200000000000,
    1771545600000000000,
    1771632000000000000,
    1771718400000000000,
    1771804800000000000,
    1771891200000000000,
    1771977600000000000,
    1772064000000000000,
    1772150400000000000
  ],
  "hurs": [
    69.5000010356307,
    80.20000119507313,
    77.00000114738941,
    75.00000111758709,
    84.00000125169754,
    84.50000125914812,
    78.50000116974115,
    84.70000126212835,
    76.20000113546848,
    92.50000137835741,
    88.50000131875277,
    90.40000134706497,
    80.70000120252371,
    75.50000112503767,
    84.90000126510859,
    77.90000116080046,
    88.20000131428242,
    89.20000132918358,
    91.40000136196613,
    94.70000141113997,
    92.20000137388706,
    92.4000013768673,
    88.700001321733,
    87.00000129640102,
    90.50000134855509,
    89.20000132918358,
    90.50000134855509,
    96.90000144392252,
    94.50000140815973,
    96.70000144094229,
    93.90000139921904,
    91.50000136345625,
    91.70000136643648,
    93.00000138580799,
    94.00000140070915,
    90.50000134855509,
    95.20000141859055,
    93.00000138580799,
    95.20000141859055,
    89.90000133961439,
    87.00000129640102,
    85.20000126957893,
    87.20000129938126,
    82.90000123530626,
    93.7000013962388,
    85.70000127702951,
    83.00000123679638,
    82.5000012293458,
    81.9000012204051,
    92.70000138133764,
    88.700001321733,
    84.70000126212835,
    84.70000126212835,
    81.00000120699406,
    94.70000141113997,
    95.5000014230609,
    90.40000134706497,
    76.20000113546848
  ]
}