{
  "time": [
    1767268800000000000,
    1767355200000000000,
    1767441600000000000
  ],
  "hurs": [
    69.90000104159117,
    81.00000120699406,
    76.00000113248825
  ]
}