{
  "time": [
    1767247200000000000,
    1767333600000000000,
    1767420000000000000,
    1767506400000000000,
    1767592800000000000,
    1767679200000000000,
    1767765600000000000,
    1767852000000000000,
    1767938400000000000,
    1768024800000000000,
    1768111200000000000,
    1768197600000000000,
    1768284000000000000,
    1768370400000000000,
    1768456800000000000,
    1768543200000000000,
    1768629600000000000,
    1768716000000000000,
    1768802400000000000,
    1768888800000000000,
    1768975200000000000,
    1769061600000000000,
    1769148000000000000,
    1769234400000000000,
    1769320800000000000,
    1769407200000000000,
    1769493600000000000,
    1769580000000000000,
    1769666400000000000,
    1769752800000000000,
    1769839200000000000,
    1769925600000000000,
    1770012000000000000,
    1770098400000000000,
    1770184800000000000,
    1770271200000000000,
    1770357600000000000,
    1770444000000000000,
    1770530400000000000,
    1770616800000000000,
    1770703200000000000,
    1770789600000000000,
    1770876000000000000,
    1770962400000000000,
    1771048800000000000,
    1771135200000000000,
    1771221600000000000,
    1771308000000000000,
    1771394400000000000,
    1771480800000000000,
    1771567200000000000,
    1771653600000000000,
    1771740000000000000,
    1771826400000000000,
    1771912800000000000,
    1771999200000000000,
    1772085600000000000,
    1772172000000000000,
    1772258400000000000,
    1772344800000000000,
    1772431200000000000,
    1772517600000000000,
    1772604000000000000,
    1772690400000000000,
    1772776800000000000,
    1772863200000000000,
    1772949600000000000,
    1773036000000000000
  ],
  "pr": [
    0.6000000238418579,
    2.799999952316284,
    1.0,
    0.0,
    0.4000000059604645,
    0.10000000149011612,
    0.6000000238418579,
    9.600000381469727,
    8.199999809265137,
    9.800000190734863,
    0.0,
    2.9000000953674316,
    0.0,
    0.5,
    0.4000000059604645,
    0.0,
    0.0,
    0.0,
    0.0,
    0.0,
    0.0,
    0.0,
    0.0,
    0.0,
    0.10000000149011612,
    3.0999999046325684,
    5.599999904632568,
    7.900000095367432,
    3.200000047683716,
    0.4000000059604645,
    0.0,
    0.800000011920929,
    2.5999999046325684,
    2.799999952316284,
    0.0,
    0.0,
    6.199999809265137,
    0.0,
    0.0,
    0.0,
    11.899999618530273,
    8.600000381469727,
    12.100000381469727,
    3.799999952316284,
    9.100000381469727,
    11.699999809265137,
    8.600000381469727,
    5.199999809265137,
    4.599999904632568,
    0.5,
    2.0,
    16.700000762939453,
    13.899999618530273,
    7.400000095367432,
    1.7000000476837158,
    0.0,
    0.0,
    0.0,
    0.0,
    0.0,
    0.0,
    0.0,
    0.0,
    0.0,
    0.0,
    0.0,
    0.0,
    0.0
  ]
}