{
  "time": [
    1767268800000000000,
    1767355200000000000,
    1767441600000000000
  ],
  "tas": [
    -1.3000000193715096,
    0.6000000089406967,
    -1.3000000193715096
  ]
}