{
  "time": [
    1767225600000000000,
    1767312000000000000,
    1767398400000000000,
    1767484800000000000,
    1767571200000000000,
    1767657600000000000,
    1767744000000000000,
    1767830400000000000,
    1767916800000000000,
    1768003200000000000,
    1768089600000000000,
    1768176000000000000,
    1768262400000000000,
    1768348800000000000,
    1768435200000000000,
    1768521600000000000,
    1768608000000000000,
    1768694400000000000,
    1768780800000000000,
    1768867200000000000,
    1768953600000000000,
    1769040000000000000,
    1769126400000000000,
    1769212800000000000,
    1769299200000000000,
    1769385600000000000,
    1769472000000000000,
    1769558400000000000,
    1769644800000000000,
    1769731200000000000,
    1769817600000000000,
    1769904000000000000,
    1769990400000000000,
    1770076800000000000,
    1770163200000000000,
    1770249600000000000,
    1770336000000000000,
    1770422400000000000,
    1770508800000000000,
    1770595200000000000,
    1770681600000000000,
    1770768000000000000,
    1770854400000000000,
    1770940800000000000,
    1771027200000000000,
    1771113600000000000,
    1771200000000000000,
    1771286400000000000,
    1771372800000000000,
    1771459200000000000,
    1771545600000000000
  ],
  "tas": [
    -1.1000000163912773,
    0.800000011920929,
    -1.5000000223517418,
    -2.2000000327825546,
    -6.500000096857548,
    -4.500000067055225,
    -4.500000067055225,
    1.8000000268220901,
    6.200000092387199,
    0.5000000074505806,
    -2.0000000298023224,
    2.7000000402331352,
    7.000000104308128,
    8.50000012665987,
    7.300000108778477,
    6.200000092387199,
    2.500000037252903,
    0.20000000298023224,
    0.0,
    -1.0000000149011612,
    -1.3000000193715096,
    -1.8000000268220901,
    -0.20000000298023224,
    0.0,
    -0.9000000134110451,
    3.0000000447034836,
    2.2000000327825546,
    3.500000052154064,
    2.2000000327825546,
    0.6000000089406967,
    2.7000000402331352,
    3.400000050663948,
    3.200000047683716,
    1.700000025331974,
    1.3000000193715096,
    1.700000025331974,
    2.8000000417232513,
    6.500000096857548,
    2.2000000327825546,
    2.7000000402331352,
    5.200000077486038,
    9.400000140070915,
    8.00000011920929,
    7.200000107288361,
    3.400000050663948,
    1.5000000223517418,
    5.700000084936619,
    3.7000000551342964,
    2.2000000327825546,
    4.200000062584877,
    3.7000000551342964
  ]
}