{
  "time": [
    1767225600000000000,
    1767312000000000000,
    1767398400000000000,
    1767484800000000000,
    1767571200000000000,
    1767657600000000000,
    1767744000000000000,
    1767830400000000000,
    1767916800000000000,
    1768003200000000000,
    1768089600000000000,
    1768176000000000000,
    1768262400000000000,
    1768348800000000000,
    1768435200000000000,
    1768521600000000000,
    1768608000000000000,
    1768694400000000000,
    1768780800000000000,
    1768867200000000000,
    1768953600000000000,
    1769040000000000000,
    1769126400000000000,
    1769212800000000000,
    1769299200000000000,
    1769385600000000000,
    1769472000000000000,
    1769558400000000000,
    1769644800000000000,
    1769731200000000000,
    1769817600000000000,
    1769904000000000000,
    1769990400000000000,
    1770076800000000000,
    1770163200000000000,
    1770249600000000000,
    1770336000000000000,
    1770422400000000000,
    1770508800000000000,
    1770595200000000000,
    1770681600000000000,
    1770768000000000000,
    1770854400000000000,
    1770940800000000000,
    1771027200000000000
  ],
  "tasmax": [
    2.2000000327825546,
    2.3000000342726707,
    -0.10000000149011612,
    0.5000000074505806,
    -1.5000000223517418,
    -2.7000000402331352,
    -0.5000000074505806,
    6.800000101327896,
    9.00000013411045,
    2.7000000402331352,
    -0.10000000149011612,
    9.00000013411045,
    11.900000177323818,
    12.000000178813934,
    13.300000198185444,
    14.300000213086605,
    7.200000107288361,
    1.8000000268220901,
    1.600000023841858,
    1.1000000163912773,
    2.500000037252903,
    1.1000000163912773,
    4.000000059604645,
    4.700000070035458,
    1.0000000149011612,
    6.000000089406967,
    6.200000092387199,
    4.700000070035458,
    4.500000067055225,
    3.500000052154064,
    7.200000107288361,
    7.500000111758709,
    5.700000084936619,
    3.7000000551342964,
    5.900000087916851,
    6.800000101327896,
    8.00000011920929,
    10.600000157952309,
    7.500000111758709,
    7.400000110268593,
    10.000000149011612,
    11.000000163912773,
    10.100000150501728,
    9.600000143051147,
    5.700000084936619
  ]
}