{
  "time": [
    1767268800000000000,
    1767355200000000000,
    1767441600000000000
  ],
  "tasmin": [
    -6.000000089406967,
    -1.1000000163912773,
    -3.1000000461935997
  ]
}