{
  "time": [
    1767268800000000000,
    1767355200000000000,
    1767441600000000000
  ],
  "tasmax": [
    2.2000000327825546,
    2.2000000327825546,
    0.10000000149011612
  ]
}