{
  "time": [
    1767225600000000000,
    1767312000000000000,
    1767398400000000000,
    1767484800000000000,
    1767571200000000000,
    1767657600000000000,
    1767744000000000000,
    1767830400000000000,
    1767916800000000000,
    1768003200000000000,
    1768089600000000000,
    1768176000000000000,
    1768262400000000000,
    1768348800000000000,
    1768435200000000000,
    1768521600000000000,
    1768608000000000000,
    1768694400000000000,
    1768780800000000000,
    1768867200000000000,
    1768953600000000000,
    1769040000000000000,
    1769126400000000000,
    1769212800000000000,
    1769299200000000000,
    1769385600000000000,
    1769472000000000000,
    1769558400000000000,
    1769644800000000000,
    1769731200000000000,
    1769817600000000000,
    1769904000000000000,
    1769990400000000000,
    1770076800000000000,
    1770163200000000000,
    1770249600000000000,
    1770336000000000000,
    1770422400000000000,
    1770508800000000000,
    1770595200000000000,
    1770681600000000000,
    1770768000000000000,
    1770854400000000000,
    1770940800000000000,
    1771027200000000000,
    1771113600000000000,
    1771200000000000000,
    1771286400000000000,
    1771372800000000000,
    1771459200000000000,
    1771545600000000000,
    1771632000000000000
  ],
  "hurs": [
    78.2000011652708,
    81.20000120997429,
    82.5000012293458,
    78.2000011652708,
    87.5000013038516,
    89.20000132918358,
    82.20000122487545,
    91.70000136643648,
    80.0000011920929,
    89.00000132620335,
    82.00000122189522,
    92.4000013768673,
    88.00000131130219,
    84.00000125169754,
    89.00000132620335,
    82.5000012293458,
    88.20000131428242,
    87.40000130236149,
    88.50000131875277,
    91.2000013589859,
    90.20000134408474,
    82.00000122189522,
    75.20000112056732,
    75.90000113099813,
    85.50000127404928,
    86.90000129491091,
    87.70000130683184,
    94.50000140815973,
    95.40000142157078,
    93.7000013962388,
    91.70000136643648,
    87.70000130683184,
    85.50000127404928,
    89.20000132918358,
    93.50000139325857,
    87.5000013038516,
    90.70000135153532,
    92.4000013768673,
    93.50000139325857,
    89.20000132918358,
    88.700001321733,
    90.70000135153532,
    86.90000129491091,
    77.70000115782022,
    87.20000129938126,
    79.00000117719173,
    88.20000131428242,
    73.200001090765,
    71.70000106841326,
    87.40000130236149,
    83.70000124722719,
    92.90000138431787
  ],
  "pr": [
    0.0,
    0.800000011920929,
    0.30000001192092896,
    0.0,
    2.200000047683716,
    0.0,
    0.6000000238418579,
    13.0,
    8.600000381469727,
    3.700000047683716,
    0.6000000238418579,
    4.5,
    0.20000000298023224,
    5.0,
    0.20000000298023224,
    0.0,
    0.0,
    0.0,
    0.0,
    0.0,
    0.0,
    0.0,
    0.0,
    0.0,
    2.0,
    0.699999988079071,
    5.5,
    4.599999904632568,
    1.399999976158142,
    0.4000000059604645,
    0.0,
    1.600000023841858,
    0.6000000238418579,
    6.599999904632568,
    0.0,
    0.0,
    3.299999952316284,
    0.20000000298023224,
    0.0,
    0.0,
    12.899999618530273,
    6.099999904632568,
    7.199999809265137,
    0.0,
    2.0,
    6.099999904632568,
    8.800000190734863,
    0.5,
    6.199999809265137,
    0.800000011920929,
    2.799999952316284,
    14.399999618530273
  ],
  "tas": [
    0.6000000089406967,
    1.5000000223517418,
    -0.9000000134110451,
    -1.3000000193715096,
    -5.500000081956387,
    -3.400000050663948,
    -3.9000000581145287,
    0.6000000089406967,
    6.000000089406967,
    1.0000000149011612,
    -2.3000000342726707,
    1.700000025331974,
    6.900000102818012,
    7.800000116229057,
    8.00000011920929,
    6.500000096857548,
    2.1000000312924385,
    1.700000025331974,
    1.0000000149011612,
    -0.6000000089406967,
    -1.5000000223517418,
    -1.8000000268220901,
    0.20000000298023224,
    -0.6000000089406967,
    -1.5000000223517418,
    2.1000000312924385,
    3.7000000551342964,
    3.6000000536441803,
    2.1000000312924385,
    2.0000000298023224,
    3.200000047683716,
    3.9000000581145287,
    2.2000000327825546,
    1.0000000149011612,
    1.3000000193715096,
    2.0000000298023224,
    2.7000000402331352,
    6.200000092387199,
    2.7000000402331352,
    2.7000000402331352,
    4.700000070035458,
    9.500000141561031,
    8.800000131130219,
    8.400000125169754,
    3.7000000551342964,
    2.2000000327825546,
    5.200000077486038,
    5.500000081956387,
    3.200000047683716,
    3.1000000461935997,
    3.500000052154064,
    8.00000011920929
  ],
  "tasmax": [
    2.2000000327825546,
    4.000000059604645,
    0.6000000089406967,
    1.700000025331974,
    -2.7000000402331352,
    -2.1000000312924385,
    -1.0000000149011612,
    3.200000047683716,
    8.900000132620335,
    3.400000050663948,
    -0.20000000298023224,
    6.000000089406967,
    9.500000141561031,
    11.10000016540289,
    13.000000193715096,
    13.600000202655792,
    5.500000081956387,
    4.200000062584877,
    2.2000000327825546,
    2.2000000327825546,
    2.1000000312924385,
    2.2000000327825546,
    3.500000052154064,
    3.200000047683716,
    0.5000000074505806,
    5.4000000804662704,
    7.000000104308128,
    5.000000074505806,
    2.7000000402331352,
    4.000000059604645,
    5.900000087916851,
    7.200000107288361,
    3.500000052154064,
    2.2000000327825546,
    4.700000070035458,
    5.200000077486038,
    4.90000007301569,
    10.900000162422657,
    5.700000084936619,
    5.900000087916851,
    9.300000138580799,
    12.000000178813934,
    11.10000016540289,
    10.400000154972076,
    5.900000087916851,
    4.500000067055225,
    8.600000128149986,
    8.900000132620335,
    6.400000095367432,
    4.700000070035458,
    6.200000092387199,
    10.100000150501728
  ],
  "tasmin": [
    -0.800000011920929,
    -1.1000000163912773,
    -2.8000000417232513,
    -6.500000096857548,
    -8.300000123679638,
    -6.400000095367432,
    -9.100000135600567,
    -1.600000023841858,
    2.600000038743019,
    -2.2000000327825546,
    -6.400000095367432,
    -1.3000000193715096,
    4.000000059604645,
    4.400000065565109,
    3.9000000581145287,
    1.1000000163912773,
    -0.10000000149011612,
    -1.5000000223517418,
    -0.6000000089406967,
    -3.1000000461935997,
    -4.200000062584877,
    -5.700000084936619,
    -2.3000000342726707,
    -4.200000062584877,
    -3.7000000551342964,
    -1.0000000149011612,
    -0.20000000298023224,
    2.2000000327825546,
    1.1000000163912773,
    -0.4000000059604645,
    1.0000000149011612,
    0.6000000089406967,
    0.0,
    -1.1000000163912773,
    -1.5000000223517418,
    -0.10000000149011612,
    -0.10000000149011612,
    0.6000000089406967,
    -0.800000011920929,
    -0.10000000149011612,
    -1.1000000163912773,
    7.000000104308128,
    7.000000104308128,
    5.700000084936619,
    1.5000000223517418,
    0.5000000074505806,
    1.3000000193715096,
    2.8000000417232513,
    -0.5000000074505806,
    2.0000000298023224,
    -0.6000000089406967,
    5.700000084936619
  ]
}