{
  "time": [
    1767225600000000000,
    1767312000000000000,
    1767398400000000000,
    1767484800000000000,
    1767571200000000000,
    1767657600000000000,
    1767744000000000000,
    1767830400000000000,
    1767916800000000000,
    1768003200000000000,
    1768089600000000000,
    1768176000000000000,
    1768262400000000000,
    1768348800000000000,
    1768435200000000000,
    1768521600000000000,
    1768608000000000000,
    1768694400000000000,
    1768780800000000000,
    1768867200000000000,
    1768953600000000000,
    1769040000000000000,
    1769126400000000000,
    1769212800000000000,
    1769299200000000000,
    1769385600000000000,
    1769472000000000000,
    1769558400000000000,
    1769644800000000000,
    1769731200000000000,
    1769817600000000000,
    1769904000000000000,
    1769990400000000000,
    1770076800000000000,
    1770163200000000000
  ],
  "hurs": [
    77.20000115036964,
    81.00000120699406,
    82.70000123232603,
    78.50000116974115,
    87.20000129938126,
    89.00000132620335,
    81.9000012204051,
    92.00000137090683,
    79.90000119060278,
    89.20000132918358,
    82.20000122487545,
    92.50000137835741,
    87.90000130981207,
    83.50000124424696,
    89.20000132918358,
    83.00000123679638,
    87.70000130683184,
    87.5000013038516,
    87.90000130981207,
    91.00000135600567,
    90.40000134706497,
    82.00000122189522,
    75.7000011280179,
    75.20000112056732,
    85.40000127255917,
    86.00000128149986,
    87.5000013038516,
    94.9000014141202,
    95.00000141561031,
    95.00000141561031,
    92.00000137090683,
    87.70000130683184,
    85.50000127404928,
    89.20000132918358,
    93.50000139325857
  ],
  "pr": [
    0.0,
    0.800000011920929,
    0.30000001192092896,
    0.0,
    2.200000047683716,
    0.0,
    0.6000000238418579,
    13.0,
    8.600000381469727,
    3.700000047683716,
    0.6000000238418579,
    4.5,
    0.20000000298023224,
    5.0,
    0.20000000298023224,
    0.0,
    0.0,
    0.0,
    0.0,
    0.0,
    0.0,
    0.0,
    0.0,
    0.0,
    2.0,
    0.699999988079071,
    5.5,
    4.599999904632568,
    1.399999976158142,
    0.4000000059604645,
    0.0,
    1.600000023841858,
    0.6000000238418579,
    6.599999904632568,
    0.0
  ],
  "tas": [
    0.800000011920929,
    1.5000000223517418,
    -0.9000000134110451,
    -1.3000000193715096,
    -5.4000000804662704,
    -3.400000050663948,
    -3.9000000581145287,
    0.6000000089406967,
    6.000000089406967,
    1.0000000149011612,
    -2.3000000342726707,
    1.700000025331974,
    6.900000102818012,
    7.900000117719173,
    8.00000011920929,
    6.500000096857548,
    2.2000000327825546,
    1.700000025331974,
    1.1000000163912773,
    -0.6000000089406967,
    -1.5000000223517418,
    -1.8000000268220901,
    0.20000000298023224,
    -0.5000000074505806,
    -1.5000000223517418,
    2.2000000327825546,
    3.7000000551342964,
    3.500000052154064,
    2.1000000312924385,
    1.8000000268220901,
    3.200000047683716,
    3.9000000581145287,
    2.2000000327825546,
    1.0000000149011612,
    1.3000000193715096
  ],
  "tasmax": [
    2.500000037252903,
    4.000000059604645,
    0.6000000089406967,
    1.700000025331974,
    -2.600000038743019,
    -2.1000000312924385,
    -0.9000000134110451,
    3.200000047683716,
    8.900000132620335,
    3.400000050663948,
    -0.20000000298023224,
    6.000000089406967,
    9.500000141561031,
    11.300000168383121,
    13.000000193715096,
    13.600000202655792,
    5.500000081956387,
    4.400000065565109,
    2.3000000342726707,
    2.2000000327825546,
    2.0000000298023224,
    2.2000000327825546,
    3.500000052154064,
    3.200000047683716,
    0.5000000074505806,
    5.500000081956387,
    7.000000104308128,
    4.90000007301569,
    2.7000000402331352,
    3.7000000551342964,
    6.000000089406967,
    7.200000107288361,
    3.500000052154064,
    2.2000000327825546,
    4.700000070035458
  ],
  "tasmin": [
    -0.6000000089406967,
    -1.1000000163912773,
    -2.8000000417232513,
    -6.500000096857548,
    -8.00000011920929,
    -6.400000095367432,
    -9.00000013411045,
    -1.600000023841858,
    2.7000000402331352,
    -2.2000000327825546,
    -6.200000092387199,
    -1.3000000193715096,
    4.000000059604645,
    4.500000067055225,
    3.9000000581145287,
    1.1000000163912773,
    0.0,
    -1.600000023841858,
    -0.5000000074505806,
    -3.1000000461935997,
    -4.200000062584877,
    -5.500000081956387,
    -2.3000000342726707,
    -4.000000059604645,
    -3.7000000551342964,
    -0.9000000134110451,
    -0.20000000298023224,
    2.0000000298023224,
    1.1000000163912773,
    -0.5000000074505806,
    1.1000000163912773,
    0.6000000089406967,
    0.0,
    -1.1000000163912773,
    -1.5000000223517418
  ]
}