{
  "time": [
    1767268800000000000,
    1767355200000000000,
    1767441600000000000
  ],
  "hurs": [
    78.2000011652708,
    82.5000012293458,
    82.70000123232603
  ],
  "pr": [
    0.0,
    0.800000011920929,
    0.30000001192092896
  ],
  "tas": [
    0.6000000089406967,
    1.3000000193715096,
    -0.9000000134110451
  ],
  "tasmax": [
    2.2000000327825546,
    3.7000000551342964,
    0.6000000089406967
  ],
  "tasmin": [
    -0.800000011920929,
    -1.3000000193715096,
    -2.7000000402331352
  ]
}