{
  "time": [
    1767225600000000000,
    1767312000000000000,
    1767398400000000000,
    1767484800000000000,
    1767571200000000000,
    1767657600000000000,
    1767744000000000000,
    1767830400000000000,
    1767916800000000000,
    1768003200000000000,
    1768089600000000000,
    1768176000000000000,
    1768262400000000000,
    1768348800000000000,
    1768435200000000000,
    1768521600000000000,
    1768608000000000000,
    1768694400000000000,
    1768780800000000000,
    1768867200000000000,
    1768953600000000000,
    1769040000000000000,
    1769126400000000000,
    1769212800000000000,
    1769299200000000000,
    1769385600000000000,
    1769472000000000000,
    1769558400000000000,
    1769644800000000000,
    1769731200000000000,
    1769817600000000000,
    1769904000000000000,
    1769990400000000000,
    1770076800000000000,
    1770163200000000000,
    1770249600000000000,
    1770336000000000000,
    1770422400000000000,
    1770508800000000000,
    1770595200000000000,
    1770681600000000000,
    1770768000000000000
  ],
  "hurs": [
    77.20000115036964,
    81.00000120699406,
    82.70000123232603,
    78.50000116974115,
    87.20000129938126,
    89.00000132620335,
    81.9000012204051,
    92.00000137090683,
    79.90000119060278,
    89.20000132918358,
    82.20000122487545,
    92.50000137835741,
    87.90000130981207,
    83.50000124424696,
    89.20000132918358,
    83.00000123679638,
    87.70000130683184,
    87.5000013038516,
    87.90000130981207,
    91.00000135600567,
    90.40000134706497,
    82.00000122189522,
    75.7000011280179,
    75.20000112056732,
    85.40000127255917,
    86.00000128149986,
    87.5000013038516,
    94.9000014141202,
    95.00000141561031,
    95.00000141561031,
    92.00000137090683,
    87.70000130683184,
    85.50000127404928,
    89.20000132918358,
    93.50000139325857,
    87.5000013038516,
    90.70000135153532,
    92.4000013768673,
    93.50000139325857,
    89.20000132918358,
    88.700001321733,
    90.70000135153532
  ]
}