{
  "time": [
    1767225600000000000,
    1767312000000000000,
    1767398400000000000,
    1767484800000000000,
    1767571200000000000,
    1767657600000000000,
    1767744000000000000,
    1767830400000000000,
    1767916800000000000,
    1768003200000000000,
    1768089600000000000,
    1768176000000000000,
    1768262400000000000,
    1768348800000000000,
    1768435200000000000,
    1768521600000000000,
    1768608000000000000,
    1768694400000000000,
    1768780800000000000,
    1768867200000000000,
    1768953600000000000,
    1769040000000000000,
    1769126400000000000,
    1769212800000000000,
    1769299200000000000,
    1769385600000000000,
    1769472000000000000,
    1769558400000000000,
    1769644800000000000,
    1769731200000000000,
    1769817600000000000,
    1769904000000000000,
    1769990400000000000,
    1770076800000000000,
    1770163200000000000,
    1770249600000000000,
    1770336000000000000,
    1770422400000000000,
    1770508800000000000,
    1770595200000000000,
    1770681600000000000,
    1770768000000000000,
    1770854400000000000,
    1770940800000000000,
    1771027200000000000,
    1771113600000000000,
    1771200000000000000,
    1771286400000000000,
    1771372800000000000,
    1771459200000000000,
    1771545600000000000,
    1771632000000000000,
    1771718400000000000,
    1771804800000000000,
    1771891200000000000,
    1771977600000000000,
    1772064000000000000,
    1772150400000000000,
    1772236800000000000,
    1772323200000000000,
    1772409600000000000,
    1772496000000000000,
    1772582400000000000,
    1772668800000000000,
    1772755200000000000,
    1772841600000000000
  ],
  "hurs": [
    78.2000011652708,
    81.20000120997429,
    82.5000012293458,
    78.2000011652708,
    87.5000013038516,
    89.20000132918358,
    82.20000122487545,
    91.70000136643648,
    80.0000011920929,
    89.00000132620335,
    82.00000122189522,
    92.4000013768673,
    88.00000131130219,
    84.00000125169754,
    89.00000132620335,
    82.5000012293458,
    88.20000131428242,
    87.40000130236149,
    88.50000131875277,
    91.2000013589859,
    90.20000134408474,
    82.00000122189522,
    75.20000112056732,
    75.90000113099813,
    85.50000127404928,
    86.90000129491091,
    87.70000130683184,
    94.50000140815973,
    95.40000142157078,
    93.7000013962388,
    91.70000136643648,
    87.5000013038516,
    85.70000127702951,
    89.40000133216381,
    93.20000138878822,
    87.00000129640102,
    91.50000136345625,
    92.50000137835741,
    93.20000138878822,
    89.90000133961439,
    90.20000134408474,
    90.40000134706497,
    88.00000131130219,
    80.0000011920929,
    86.40000128746033,
    79.4000011831522,
    88.20000131428242,
    73.200001090765,
    72.20000107586384,
    87.40000130236149,
    84.400001257658,
    92.50000137835741,
    90.50000134855509,
    80.20000119507313,
    93.50000139325857,
    90.50000134855509,
    89.50000133365393,
    77.70000115782022,
    74.00000110268593,
    75.7000011280179,
    74.40000110864639,
    77.50000115483999,
    75.00000111758709,
    68.2000010162592,
    74.70000111311674,
    71.50000106543303
  ]
}