{
  "time": [
    1767268800000000000,
    1767355200000000000,
    1767441600000000000
  ],
  "hurs": [
    78.2000011652708,
    82.5000012293458,
    82.70000123232603
  ]
}