{
  "time": [
    1767225600000000000,
    1767312000000000000,
    1767398400000000000,
    1767484800000000000,
    1767571200000000000,
    1767657600000000000,
    1767744000000000000,
    1767830400000000000,
    1767916800000000000,
    1768003200000000000,
    1768089600000000000,
    1768176000000000000,
    1768262400000000000,
    1768348800000000000,
    1768435200000000000,
    1768521600000000000,
    1768608000000000000,
    1768694400000000000,
    1768780800000000000,
    1768867200000000000,
    1768953600000000000,
    1769040000000000000,
    1769126400000000000,
    1769212800000000000,
    1769299200000000000,
    1769385600000000000,
    1769472000000000000,
    1769558400000000000,
    1769644800000000000,
    1769731200000000000,
    1769817600000000000,
    1769904000000000000,
    1769990400000000000,
    1770076800000000000,
    1770163200000000000,
    1770249600000000000,
    1770336000000000000,
    1770422400000000000,
    1770508800000000000,
    1770595200000000000,
    1770681600000000000,
    1770768000000000000,
    1770854400000000000,
    1770940800000000000,
    1771027200000000000,
    1771113600000000000,
    1771200000000000000,
    1771286400000000000,
    1771372800000000000,
    1771459200000000000,
    1771545600000000000,
    1771632000000000000,
    1771718400000000000,
    1771804800000000000,
    1771891200000000000,
    1771977600000000000,
    1772064000000000000,
    1772150400000000000,
    1772236800000000000,
    1772323200000000000,
    1772409600000000000,
    1772496000000000000
  ],
  "tas": [
    0.6000000089406967,
    1.5000000223517418,
    -0.9000000134110451,
    -1.3000000193715096,
    -5.500000081956387,
    -3.400000050663948,
    -3.9000000581145287,
    0.6000000089406967,
    6.000000089406967,
    1.0000000149011612,
    -2.3000000342726707,
    1.700000025331974,
    6.900000102818012,
    7.800000116229057,
    8.00000011920929,
    6.500000096857548,
    2.1000000312924385,
    1.700000025331974,
    1.0000000149011612,
    -0.6000000089406967,
    -1.5000000223517418,
    -1.8000000268220901,
    0.20000000298023224,
    -0.6000000089406967,
    -1.5000000223517418,
    2.1000000312924385,
    3.7000000551342964,
    3.6000000536441803,
    2.1000000312924385,
    2.0000000298023224,
    3.200000047683716,
    3.9000000581145287,
    2.2000000327825546,
    1.0000000149011612,
    1.3000000193715096,
    2.1000000312924385,
    2.500000037252903,
    6.200000092387199,
    2.7000000402331352,
    2.7000000402331352,
    4.500000067055225,
    9.500000141561031,
    8.600000128149986,
    8.100000120699406,
    3.9000000581145287,
    2.2000000327825546,
    5.200000077486038,
    5.500000081956387,
    3.200000047683716,
    3.1000000461935997,
    3.400000050663948,
    8.00000011920929,
    10.600000157952309,
    11.000000163912773,
    10.500000156462193,
    10.500000156462193,
    9.100000135600567,
    11.500000171363354,
    10.100000150501728,
    8.00000011920929,
    7.500000111758709,
    7.500000111758709
  ]
}