{
  "time": [
    1767225600000000000,
    1767312000000000000,
    1767398400000000000,
    1767484800000000000,
    1767571200000000000,
    1767657600000000000,
    1767744000000000000,
    1767830400000000000,
    1767916800000000000,
    1768003200000000000,
    1768089600000000000,
    1768176000000000000,
    1768262400000000000,
    1768348800000000000,
    1768435200000000000,
    1768521600000000000,
    1768608000000000000,
    1768694400000000000,
    1768780800000000000,
    1768867200000000000,
    1768953600000000000,
    1769040000000000000,
    1769126400000000000,
    1769212800000000000,
    1769299200000000000,
    1769385600000000000,
    1769472000000000000,
    1769558400000000000,
    1769644800000000000,
    1769731200000000000,
    1769817600000000000,
    1769904000000000000,
    1769990400000000000,
    1770076800000000000,
    1770163200000000000,
    1770249600000000000,
    1770336000000000000,
    1770422400000000000,
    1770508800000000000,
    1770595200000000000,
    1770681600000000000
  ],
  "tasmax": [
    2.500000037252903,
    4.000000059604645,
    0.6000000089406967,
    1.700000025331974,
    -2.600000038743019,
    -2.1000000312924385,
    -0.9000000134110451,
    3.200000047683716,
    8.900000132620335,
    3.400000050663948,
    -0.20000000298023224,
    6.000000089406967,
    9.500000141561031,
    11.300000168383121,
    13.000000193715096,
    13.600000202655792,
    5.500000081956387,
    4.400000065565109,
    2.3000000342726707,
    2.2000000327825546,
    2.0000000298023224,
    2.2000000327825546,
    3.500000052154064,
    3.200000047683716,
    0.5000000074505806,
    5.500000081956387,
    7.000000104308128,
    4.90000007301569,
    2.7000000402331352,
    3.7000000551342964,
    6.000000089406967,
    7.200000107288361,
    3.500000052154064,
    2.2000000327825546,
    4.700000070035458,
    5.200000077486038,
    4.90000007301569,
    10.900000162422657,
    5.700000084936619,
    5.900000087916851,
    9.300000138580799
  ]
}