{
  "time": [
    1767268800000000000,
    1767355200000000000,
    1767441600000000000
  ],
  "tasmin": [
    -0.800000011920929,
    -1.3000000193715096,
    -2.7000000402331352
  ]
}