{
  "time": [
    1767268800000000000,
    1767355200000000000,
    1767441600000000000
  ],
  "tasmax": [
    2.2000000327825546,
    3.7000000551342964,
    0.6000000089406967
  ]
}