{
  "time": [
    1767225600000000000,
    1767312000000000000,
    1767398400000000000,
    1767484800000000000,
    1767571200000000000,
    1767657600000000000,
    1767744000000000000,
    1767830400000000000,
    1767916800000000000,
    1768003200000000000,
    1768089600000000000,
    1768176000000000000,
    1768262400000000000,
    1768348800000000000,
    1768435200000000000,
    1768521600000000000,
    1768608000000000000,
    1768694400000000000,
    1768780800000000000,
    1768867200000000000,
    1768953600000000000,
    1769040000000000000,
    1769126400000000000,
    1769212800000000000,
    1769299200000000000,
    1769385600000000000,
    1769472000000000000,
    1769558400000000000,
    1769644800000000000,
    1769731200000000000,
    1769817600000000000,
    1769904000000000000,
    1769990400000000000,
    1770076800000000000,
    1770163200000000000,
    1770249600000000000,
    1770336000000000000,
    1770422400000000000,
    1770508800000000000,
    1770595200000000000,
    1770681600000000000,
    1770768000000000000,
    1770854400000000000,
    1770940800000000000,
    1771027200000000000,
    1771113600000000000,
    1771200000000000000,
    1771286400000000000,
    1771372800000000000,
    1771459200000000000,
    1771545600000000000,
    1771632000000000000,
    1771718400000000000,
    1771804800000000000,
    1771891200000000000,
    1771977600000000000,
    1772064000000000000,
    1772150400000000000,
    1772236800000000000,
    1772323200000000000,
    1772409600000000000,
    1772496000000000000,
    1772582400000000000,
    1772668800000000000,
    1772755200000000000,
    1772841600000000000,
    1772928000000000000,
    1773014400000000000,
    1773100800000000000,
    1773187200000000000,
    1773273600000000000,
    1773360000000000000,
    1773446400000000000,
    1773532800000000000,
    1773619200000000000,
    1773705600000000000,
    1773792000000000000,
    1773878400000000000,
    1773964800000000000,
    1774051200000000000,
    1774137600000000000,
    1774224000000000000,
    1774310400000000000,
    1774396800000000000,
    1774483200000000000,
    1774569600000000000,
    1774656000000000000,
    1774742400000000000,
    1774828800000000000,
    1774915200000000000,
    1775001600000000000,
    1775088000000000000,
    1775174400000000000,
    1775260800000000000,
    1775347200000000000,
    1775433600000000000,
    1775520000000000000
  ],
  "tasmin": [
    -0.800000011920929,
    -1.1000000163912773,
    -2.8000000417232513,
    -6.500000096857548,
    -8.300000123679638,
    -6.400000095367432,
    -9.100000135600567,
    -1.600000023841858,
    2.600000038743019,
    -2.2000000327825546,
    -6.400000095367432,
    -1.3000000193715096,
    4.000000059604645,
    4.400000065565109,
    3.9000000581145287,
    1.1000000163912773,
    -0.10000000149011612,
    -1.5000000223517418,
    -0.6000000089406967,
    -3.1000000461935997,
    -4.200000062584877,
    -5.700000084936619,
    -2.3000000342726707,
    -4.200000062584877,
    -3.7000000551342964,
    -1.0000000149011612,
    -0.20000000298023224,
    2.2000000327825546,
    1.1000000163912773,
    -0.4000000059604645,
    1.0000000149011612,
    0.800000011920929,
    0.0,
    -1.1000000163912773,
    -1.5000000223517418,
    -0.5000000074505806,
    -0.5000000074505806,
    0.6000000089406967,
    -0.800000011920929,
    -0.6000000089406967,
    -1.3000000193715096,
    6.900000102818012,
    6.800000101327896,
    5.4000000804662704,
    1.700000025331974,
    0.5000000074505806,
    1.3000000193715096,
    2.8000000417232513,
    -0.4000000059604645,
    1.8000000268220901,
    -0.6000000089406967,
    5.700000084936619,
    9.00000013411045,
    9.500000141561031,
    8.300000123679638,
    5.500000081956387,
    3.9000000581145287,
    4.700000070035458,
    4.400000065565109,
    2.0000000298023224,
    0.5000000074505806,
    0.0,
    0.800000011920929,
    0.9000000134110451,
    1.600000023841858,
    1.5000000223517418,
    0.5000000074505806,
    0.6000000089406967,
    4.200000062584877,
    7.500000111758709,
    2.7000000402331352,
    2.600000038743019,
    4.500000067055225,
    1.8000000268220901,
    2.0000000298023224,
    5.700000084936619,
    2.0000000298023224,
    3.0000000447034836,
    0.5000000074505806,
    3.500000052154064,
    2.8000000417232513,
    1.700000025331974,
    0.800000011920929,
    4.200000062584877,
    0.9000000134110451,
    -2.8000000417232513,
    -1.8000000268220901,
    -1.1000000163912773,
    2.7000000402331352,
    2.2000000327825546,
    -0.10000000149011612,
    -2.3000000342726707,
    2.8000000417232513,
    9.00000013411045,
    7.700000114738941,
    3.500000052154064,
    2.3000000342726707
  ]
}