{
  "time": [
    1767225600000000000,
    1767312000000000000,
    1767398400000000000,
    1767484800000000000,
    1767571200000000000,
    1767657600000000000,
    1767744000000000000,
    1767830400000000000,
    1767916800000000000,
    1768003200000000000,
    1768089600000000000,
    1768176000000000000,
    1768262400000000000,
    1768348800000000000,
    1768435200000000000,
    1768521600000000000,
    1768608000000000000,
    1768694400000000000,
    1768780800000000000,
    1768867200000000000,
    1768953600000000000,
    1769040000000000000,
    1769126400000000000,
    1769212800000000000,
    1769299200000000000,
    1769385600000000000,
    1769472000000000000,
    1769558400000000000,
    1769644800000000000,
    1769731200000000000,
    1769817600000000000,
    1769904000000000000,
    1769990400000000000,
    1770076800000000000,
    1770163200000000000,
    1770249600000000000,
    1770336000000000000,
    1770422400000000000,
    1770508800000000000,
    1770595200000000000,
    1770681600000000000,
    1770768000000000000,
    1770854400000000000,
    1770940800000000000,
    1771027200000000000,
    1771113600000000000,
    1771200000000000000,
    1771286400000000000,
    1771372800000000000,
    1771459200000000000,
    1771545600000000000,
    1771632000000000000,
    1771718400000000000,
    1771804800000000000,
    1771891200000000000,
    1771977600000000000,
    1772064000000000000,
    1772150400000000000,
    1772236800000000000,
    1772323200000000000,
    1772409600000000000,
    1772496000000000000,
    1772582400000000000,
    1772668800000000000,
    1772755200000000000,
    1772841600000000000,
    1772928000000000000,
    1773014400000000000,
    1773100800000000000,
    1773187200000000000,
    1773273600000000000,
    1773360000000000000,
    1773446400000000000,
    1773532800000000000,
    1773619200000000000,
    1773705600000000000,
    1773792000000000000,
    1773878400000000000,
    1773964800000000000,
    1774051200000000000,
    1774137600000000000,
    1774224000000000000,
    1774310400000000000,
    1774396800000000000,
    1774483200000000000,
    1774569600000000000,
    1774656000000000000,
    1774742400000000000,
    1774828800000000000,
    1774915200000000000,
    1775001600000000000,
    1775088000000000000,
    1775174400000000000,
    1775260800000000000
  ],
  "tasmax": [
    2.2000000327825546,
    4.000000059604645,
    0.6000000089406967,
    1.700000025331974,
    -2.7000000402331352,
    -2.1000000312924385,
    -1.0000000149011612,
    3.200000047683716,
    8.900000132620335,
    3.400000050663948,
    -0.20000000298023224,
    6.000000089406967,
    9.500000141561031,
    11.10000016540289,
    13.000000193715096,
    13.600000202655792,
    5.500000081956387,
    4.200000062584877,
    2.2000000327825546,
    2.2000000327825546,
    2.1000000312924385,
    2.2000000327825546,
    3.500000052154064,
    3.200000047683716,
    0.5000000074505806,
    5.4000000804662704,
    7.000000104308128,
    5.000000074505806,
    2.7000000402331352,
    4.000000059604645,
    5.900000087916851,
    7.200000107288361,
    3.500000052154064,
    2.2000000327825546,
    4.700000070035458,
    5.700000084936619,
    4.90000007301569,
    11.000000163912773,
    5.700000084936619,
    6.200000092387199,
    9.00000013411045,
    12.000000178813934,
    11.000000163912773,
    10.000000149011612,
    6.200000092387199,
    4.500000067055225,
    8.600000128149986,
    8.900000132620335,
    6.400000095367432,
    4.90000007301569,
    6.000000089406967,
    10.100000150501728,
    12.000000178813934,
    13.40000019967556,
    12.500000186264515,
    15.600000232458115,
    16.800000250339508,
    20.10000029951334,
    15.300000227987766,
    14.800000220537186,
    15.800000235438347,
    16.100000239908695,
    17.00000025331974,
    17.600000262260437,
    16.100000239908695,
    18.600000277161598,
    17.80000026524067,
    18.30000027269125,
    19.000000283122063,
    14.600000217556953,
    13.500000201165676,
    15.300000227987766,
    11.000000163912773,
    8.50000012665987,
    10.600000157952309,
    13.000000193715096,
    13.90000020712614,
    16.600000247359276,
    17.00000025331974,
    14.100000210106373,
    15.600000232458115,
    16.50000024586916,
    17.100000254809856,
    11.400000169873238,
    9.300000138580799,
    9.00000013411045,
    5.900000087916851,
    9.100000135600567,
    11.500000171363354,
    11.400000169873238,
    12.500000186264515,
    14.600000217556953,
    14.600000217556953,
    16.800000250339508
  ]
}