{
  "time": [
    1767268800000000000
  ],
  "hurs": [
    78.40000116825104
  ],
  "pr": [
    3.5
  ],
  "tas": [
    3.0000000447034836
  ],
  "tasmax": [
    4.200000062584877
  ],
  "tasmin": [
    1.8000000268220901
  ]
}