{
  "time": [
    1767225600000000000,
    1767312000000000000,
    1767398400000000000,
    1767484800000000000,
    1767571200000000000,
    1767657600000000000,
    1767744000000000000,
    1767830400000000000,
    1767916800000000000,
    1768003200000000000,
    1768089600000000000,
    1768176000000000000,
    1768262400000000000,
    1768348800000000000,
    1768435200000000000,
    1768521600000000000,
    1768608000000000000,
    1768694400000000000,
    1768780800000000000,
    1768867200000000000,
    1768953600000000000,
    1769040000000000000,
    1769126400000000000,
    1769212800000000000,
    1769299200000000000,
    1769385600000000000,
    1769472000000000000,
    1769558400000000000,
    1769644800000000000,
    1769731200000000000,
    1769817600000000000,
    1769904000000000000,
    1769990400000000000,
    1770076800000000000,
    1770163200000000000,
    1770249600000000000,
    1770336000000000000,
    1770422400000000000,
    1770508800000000000,
    1770595200000000000,
    1770681600000000000,
    1770768000000000000,
    1770854400000000000,
    1770940800000000000,
    1771027200000000000,
    1771113600000000000,
    1771200000000000000
  ],
  "hurs": [
    79.70000118762255,
    89.00000132620335,
    88.40000131726265,
    86.50000128895044,
    79.90000119060278,
    85.20000126957893,
    79.4000011831522,
    84.20000125467777,
    89.70000133663416,
    82.5000012293458,
    80.50000119954348,
    90.00000134110451,
    86.70000129193068,
    92.4000013768673,
    82.5000012293458,
    77.20000115036964,
    76.20000113546848,
    88.700001321733,
    84.70000126212835,
    71.50000106543303,
    62.70000093430281,
    67.90000101178885,
    73.00000108778477,
    85.70000127702951,
    83.50000124424696,
    92.4000013768673,
    91.50000136345625,
    93.90000139921904,
    94.20000140368938,
    83.70000124722719,
    83.70000124722719,
    83.00000123679638,
    74.70000111311674,
    83.20000123977661,
    80.0000011920929,
    81.70000121742487,
    84.20000125467777,
    82.90000123530626,
    85.90000128000975,
    80.0000011920929,
    79.20000118017197,
    95.00000141561031,
    93.50000139325857,
    83.70000124722719,
    83.20000123977661,
    78.00000116229057,
    93.50000139325857
  ],
  "pr": [
    3.5,
    1.7999999523162842,
    2.200000047683716,
    0.20000000298023224,
    1.0,
    0.0,
    0.800000011920929,
    8.5,
    9.899999618530273,
    0.30000001192092896,
    2.0999999046325684,
    9.800000190734863,
    3.200000047683716,
    3.5,
    0.0,
    0.0,
    0.0,
    0.0,
    0.0,
    0.0,
    0.0,
    0.10000000149011612,
    0.30000001192092896,
    0.699999988079071,
    0.10000000149011612,
    2.0999999046325684,
    5.800000190734863,
    2.5999999046325684,
    1.100000023841858,
    0.0,
    0.10000000149011612,
    0.0,
    0.10000000149011612,
    2.700000047683716,
    0.10000000149011612,
    0.0,
    0.8999999761581421,
    0.10000000149011612,
    0.0,
    0.0,
    1.5,
    8.199999809265137,
    4.800000190734863,
    0.0,
    0.10000000149011612,
    7.199999809265137,
    6.0
  ],
  "tas": [
    2.8000000417232513,
    1.0000000149011612,
    0.4000000059604645,
    0.10000000149011612,
    -1.3000000193715096,
    -0.800000011920929,
    -1.5000000223517418,
    1.8000000268220901,
    3.400000050663948,
    -2.7000000402331352,
    -3.6000000536441803,
    3.7000000551342964,
    8.800000131130219,
    8.00000011920929,
    9.500000141561031,
    10.400000154972076,
    8.600000128149986,
    2.7000000402331352,
    1.0000000149011612,
    3.1000000461935997,
    5.700000084936619,
    2.600000038743019,
    5.4000000804662704,
    1.700000025331974,
    -1.0000000149011612,
    -0.20000000298023224,
    1.700000025331974,
    2.1000000312924385,
    0.20000000298023224,
    2.3000000342726707,
    5.4000000804662704,
    5.200000077486038,
    4.000000059604645,
    0.800000011920929,
    5.700000084936619,
    3.1000000461935997,
    4.500000067055225,
    8.300000123679638,
    5.500000081956387,
    3.400000050663948,
    6.70000009983778,
    9.00000013411045,
    8.00000011920929,
    3.6000000536441803,
    -0.20000000298023224,
    -0.20000000298023224,
    3.7000000551342964
  ],
  "tasmax": [
    4.000000059604645,
    3.500000052154064,
    1.5000000223517418,
    0.6000000089406967,
    0.20000000298023224,
    0.20000000298023224,
    0.20000000298023224,
    3.400000050663948,
    6.900000102818012,
    1.600000023841858,
    -0.10000000149011612,
    8.00000011920929,
    10.800000160932541,
    10.000000149011612,
    11.500000171363354,
    12.000000178813934,
    13.500000201165676,
    7.000000104308128,
    5.000000074505806,
    9.80000014603138,
    10.30000015348196,
    6.800000101327896,
    10.100000150501728,
    4.500000067055225,
    0.6000000089406967,
    0.5000000074505806,
    4.000000059604645,
    4.200000062584877,
    1.0000000149011612,
    6.000000089406967,
    8.50000012665987,
    8.00000011920929,
    8.600000128149986,
    4.700000070035458,
    12.300000183284283,
    7.000000104308128,
    7.900000117719173,
    13.100000195205212,
    11.60000017285347,
    8.800000131130219,
    9.400000140070915,
    10.400000154972076,
    8.900000132620335,
    7.200000107288361,
    0.5000000074505806,
    4.400000065565109,
    8.50000012665987
  ],
  "tasmin": [
    1.700000025331974,
    0.20000000298023224,
    -0.20000000298023224,
    -2.0000000298023224,
    -2.8000000417232513,
    -2.2000000327825546,
    -2.7000000402331352,
    0.10000000149011612,
    1.3000000193715096,
    -6.400000095367432,
    -8.00000011920929,
    -0.20000000298023224,
    7.700000114738941,
    6.000000089406967,
    7.500000111758709,
    7.500000111758709,
    3.7000000551342964,
    -0.800000011920929,
    -1.700000025331974,
    -0.6000000089406967,
    2.1000000312924385,
    -1.5000000223517418,
    2.7000000402331352,
    -1.5000000223517418,
    -3.0000000447034836,
    -1.1000000163912773,
    -0.10000000149011612,
    0.10000000149011612,
    -0.4000000059604645,
    -0.20000000298023224,
    2.7000000402331352,
    2.2000000327825546,
    0.20000000298023224,
    -1.8000000268220901,
    0.4000000059604645,
    0.20000000298023224,
    0.6000000089406967,
    4.90000007301569,
    0.9000000134110451,
    -1.3000000193715096,
    3.500000052154064,
    7.500000111758709,
    6.900000102818012,
    0.5000000074505806,
    -2.7000000402331352,
    -4.500000067055225,
    0.6000000089406967
  ]
}