{
  "time": [
    1767225600000000000,
    1767312000000000000,
    1767398400000000000,
    1767484800000000000,
    1767571200000000000,
    1767657600000000000,
    1767744000000000000,
    1767830400000000000,
    1767916800000000000,
    1768003200000000000,
    1768089600000000000,
    1768176000000000000,
    1768262400000000000,
    1768348800000000000,
    1768435200000000000,
    1768521600000000000,
    1768608000000000000,
    1768694400000000000,
    1768780800000000000,
    1768867200000000000,
    1768953600000000000,
    1769040000000000000,
    1769126400000000000,
    1769212800000000000,
    1769299200000000000,
    1769385600000000000,
    1769472000000000000,
    1769558400000000000,
    1769644800000000000,
    1769731200000000000,
    1769817600000000000,
    1769904000000000000,
    1769990400000000000,
    1770076800000000000,
    1770163200000000000,
    1770249600000000000,
    1770336000000000000,
    1770422400000000000,
    1770508800000000000,
    1770595200000000000,
    1770681600000000000,
    1770768000000000000,
    1770854400000000000,
    1770940800000000000,
    1771027200000000000,
    1771113600000000000,
    1771200000000000000,
    1771286400000000000,
    1771372800000000000,
    1771459200000000000,
    1771545600000000000,
    1771632000000000000,
    1771718400000000000,
    1771804800000000000,
    1771891200000000000,
    1771977600000000000,
    1772064000000000000,
    1772150400000000000,
    1772236800000000000,
    1772323200000000000,
    1772409600000000000,
    1772496000000000000,
    1772582400000000000,
    1772668800000000000,
    1772755200000000000,
    1772841600000000000,
    1772928000000000000,
    1773014400000000000,
    1773100800000000000,
    1773187200000000000,
    1773273600000000000,
    1773360000000000000,
    1773446400000000000,
    1773532800000000000,
    1773619200000000000,
    1773705600000000000
  ],
  "hurs": [
    79.70000118762255,
    89.00000132620335,
    88.40000131726265,
    86.50000128895044,
    79.90000119060278,
    85.20000126957893,
    79.4000011831522,
    84.20000125467777,
    89.70000133663416,
    82.5000012293458,
    80.50000119954348,
    90.00000134110451,
    86.70000129193068,
    92.4000013768673,
    82.5000012293458,
    77.20000115036964,
    76.20000113546848,
    88.700001321733,
    84.70000126212835,
    71.50000106543303,
    62.70000093430281,
    67.90000101178885,
    73.00000108778477,
    85.70000127702951,
    83.50000124424696,
    92.4000013768673,
    91.50000136345625,
    93.90000139921904,
    94.20000140368938,
    83.70000124722719,
    83.70000124722719,
    83.00000123679638,
    74.90000111609697,
    83.40000124275684,
    79.00000117719173,
    81.70000121742487,
    84.00000125169754,
    84.00000125169754,
    86.50000128895044,
    80.20000119507313,
    79.20000118017197,
    94.70000141113997,
    93.7000013962388,
    84.20000125467777,
    82.90000123530626,
    77.70000115782022,
    93.50000139325857,
    87.00000129640102,
    78.00000116229057,
    80.0000011920929,
    81.70000121742487,
    88.50000131875277,
    95.20000141859055,
    82.5000012293458,
    92.50000137835741,
    80.70000120252371,
    74.00000110268593,
    66.50000099092722,
    73.00000108778477,
    66.20000098645687,
    57.700000859797,
    60.400000900030136,
    75.7000011280179,
    56.20000083744526,
    53.40000079572201,
    64.70000096410513,
    64.90000096708536,
    60.700000904500484,
    72.0000010728836,
    84.20000125467777,
    71.40000106394291,
    81.20000120997429,
    93.50000139325857,
    76.70000114291906,
    73.70000109821558,
    80.90000120550394
  ],
  "pr": [
    3.5,
    1.7999999523162842,
    2.200000047683716,
    0.20000000298023224,
    1.0,
    0.0,
    0.800000011920929,
    8.5,
    9.899999618530273,
    0.30000001192092896,
    2.0999999046325684,
    9.800000190734863,
    3.200000047683716,
    3.5,
    0.0,
    0.0,
    0.0,
    0.0,
    0.0,
    0.0,
    0.0,
    0.10000000149011612,
    0.30000001192092896,
    0.699999988079071,
    0.10000000149011612,
    2.0999999046325684,
    5.800000190734863,
    2.5999999046325684,
    1.100000023841858,
    0.0,
    0.10000000149011612,
    0.0,
    0.10000000149011612,
    2.700000047683716,
    0.10000000149011612,
    0.0,
    0.8999999761581421,
    0.10000000149011612,
    0.0,
    0.0,
    1.5,
    8.199999809265137,
    4.800000190734863,
    0.0,
    0.10000000149011612,
    7.0,
    6.0,
    3.9000000953674316,
    1.899999976158142,
    1.600000023841858,
    2.700000047683716,
    2.700000047683716,
    12.199999809265137,
    13.100000381469727,
    0.0,
    0.10000000149011612,
    0.0,
    1.5,
    0.20000000298023224,
    0.0,
    0.0,
    0.0,
    0.0,
    0.0,
    0.0,
    0.0,
    0.0,
    0.0,
    0.8999999761581421,
    5.199999809265137,
    0.20000000298023224,
    18.600000381469727,
    7.199999809265137,
    11.199999809265137,
    0.699999988079071,
    0.10000000149011612
  ],
  "tas": [
    2.8000000417232513,
    1.0000000149011612,
    0.4000000059604645,
    0.10000000149011612,
    -1.3000000193715096,
    -0.800000011920929,
    -1.5000000223517418,
    1.8000000268220901,
    3.400000050663948,
    -2.7000000402331352,
    -3.6000000536441803,
    3.7000000551342964,
    8.800000131130219,
    8.00000011920929,
    9.500000141561031,
    10.400000154972076,
    8.600000128149986,
    2.7000000402331352,
    1.0000000149011612,
    3.1000000461935997,
    5.700000084936619,
    2.600000038743019,
    5.4000000804662704,
    1.700000025331974,
    -1.0000000149011612,
    -0.20000000298023224,
    1.700000025331974,
    2.1000000312924385,
    0.20000000298023224,
    2.3000000342726707,
    5.4000000804662704,
    5.200000077486038,
    4.000000059604645,
    0.800000011920929,
    5.900000087916851,
    3.1000000461935997,
    4.500000067055225,
    8.100000120699406,
    5.500000081956387,
    3.400000050663948,
    6.70000009983778,
    9.00000013411045,
    8.00000011920929,
    3.6000000536441803,
    -0.20000000298023224,
    -0.10000000149011612,
    3.7000000551342964,
    3.9000000581145287,
    1.600000023841858,
    1.5000000223517418,
    2.7000000402331352,
    9.00000013411045,
    11.000000163912773,
    9.300000138580799,
    10.000000149011612,
    12.10000018030405,
    13.600000202655792,
    14.500000216066837,
    10.900000162422657,
    9.00000013411045,
    11.000000163912773,
    12.10000018030405,
    10.100000150501728,
    12.10000018030405,
    12.600000187754631,
    11.500000171363354,
    11.500000171363354,
    12.300000183284283,
    11.800000175833702,
    9.600000143051147,
    8.600000128149986,
    7.800000116229057,
    3.6000000536441803,
    5.700000084936619,
    6.500000096857548,
    9.100000135600567
  ],