{
  "time": [
    1767268800000000000,
    1767355200000000000,
    1767441600000000000
  ],
  "hurs": [
    78.40000116825104,
    89.90000133961439,
    88.40000131726265
  ],
  "pr": [
    3.5,
    1.7000000476837158,
    2.5
  ],
  "tas": [
    3.0000000447034836,
    0.9000000134110451,
    0.4000000059604645
  ],
  "tasmax": [
    4.200000062584877,
    3.400000050663948,
    1.5000000223517418
  ],
  "tasmin": [
    1.8000000268220901,
    0.10000000149011612,
    -0.20000000298023224
  ]
}