{
  "time": [
    1767225600000000000,
    1767312000000000000,
    1767398400000000000,
    1767484800000000000,
    1767571200000000000,
    1767657600000000000,
    1767744000000000000,
    1767830400000000000,
    1767916800000000000,
    1768003200000000000,
    1768089600000000000,
    1768176000000000000,
    1768262400000000000,
    1768348800000000000,
    1768435200000000000,
    1768521600000000000,
    1768608000000000000,
    1768694400000000000,
    1768780800000000000,
    1768867200000000000,
    1768953600000000000,
    1769040000000000000,
    1769126400000000000,
    1769212800000000000,
    1769299200000000000,
    1769385600000000000,
    1769472000000000000,
    1769558400000000000,
    1769644800000000000,
    1769731200000000000,
    1769817600000000000,
    1769904000000000000,
    1769990400000000000,
    1770076800000000000,
    1770163200000000000,
    1770249600000000000,
    1770336000000000000,
    1770422400000000000,
    1770508800000000000,
    1770595200000000000,
    1770681600000000000
  ],
  "hurs": [
    78.50000116974115,
    90.00000134110451,
    88.90000132471323,
    86.2000012844801,
    79.70000118762255,
    86.2000012844801,
    79.4000011831522,
    84.400001257658,
    89.50000133365393,
    82.5000012293458,
    79.4000011831522,
    89.90000133961439,
    86.50000128895044,
    92.50000137835741,
    82.70000123232603,
    77.70000115782022,
    76.00000113248825,
    88.90000132471323,
    84.400001257658,
    71.90000107139349,
    62.60000093281269,
    67.70000100880861,
    73.90000110119581,
    85.70000127702951,
    83.70000124722719,
    92.20000137388706,
    91.90000136941671,
    94.00000140070915,
    94.20000140368938,
    84.20000125467777,
    83.00000123679638,
    83.00000123679638,
    74.70000111311674,
    83.20000123977661,
    80.0000011920929,
    81.70000121742487,
    84.20000125467777,
    82.90000123530626,
    85.90000128000975,
    80.0000011920929,
    79.20000118017197
  ]
}