{
  "time": [
    1767268800000000000,
    1767355200000000000,
    1767441600000000000
  ],
  "hurs": [
    78.40000116825104,
    89.90000133961439,
    88.40000131726265
  ]
}