{
  "time": [
    1767225600000000000,
    1767312000000000000,
    1767398400000000000,
    1767484800000000000,
    1767571200000000000,
    1767657600000000000,
    1767744000000000000,
    1767830400000000000,
    1767916800000000000,
    1768003200000000000,
    1768089600000000000,
    1768176000000000000,
    1768262400000000000,
    1768348800000000000,
    1768435200000000000,
    1768521600000000000,
    1768608000000000000,
    1768694400000000000,
    1768780800000000000,
    1768867200000000000,
    1768953600000000000,
    1769040000000000000,
    1769126400000000000,
    1769212800000000000,
    1769299200000000000,
    1769385600000000000,
    1769472000000000000,
    1769558400000000000,
    1769644800000000000,
    1769731200000000000,
    1769817600000000000,
    1769904000000000000,
    1769990400000000000,
    1770076800000000000,
    1770163200000000000,
    1770249600000000000,
    1770336000000000000,
    1770422400000000000,
    1770508800000000000,
    1770595200000000000,
    1770681600000000000,
    1770768000000000000,
    1770854400000000000,
    1770940800000000000,
    1771027200000000000,
    1771113600000000000,
    1771200000000000000,
    1771286400000000000,
    1771372800000000000,
    1771459200000000000,
    1771545600000000000,
    1771632000000000000,
    1771718400000000000,
    1771804800000000000,
    1771891200000000000,
    1771977600000000000,
    1772064000000000000,
    1772150400000000000
  ],
  "hurs": [
    79.70000118762255,
    89.00000132620335,
    88.40000131726265,
    86.50000128895044,
    79.90000119060278,
    85.20000126957893,
    79.4000011831522,
    84.20000125467777,
    89.70000133663416,
    82.5000012293458,
    80.50000119954348,
    90.00000134110451,
    86.70000129193068,
    92.4000013768673,
    82.5000012293458,
    77.20000115036964,
    76.20000113546848,
    88.700001321733,
    84.70000126212835,
    71.50000106543303,
    62.70000093430281,
    67.90000101178885,
    73.00000108778477,
    85.70000127702951,
    83.50000124424696,
    92.4000013768673,
    91.50000136345625,
    93.90000139921904,
    94.20000140368938,
    83.70000124722719,
    83.70000124722719,
    83.00000123679638,
    74.70000111311674,
    83.20000123977661,
    80.0000011920929,
    81.70000121742487,
    84.20000125467777,
    82.90000123530626,
    85.90000128000975,
    80.0000011920929,
    79.20000118017197,
    95.00000141561031,
    93.50000139325857,
    83.70000124722719,
    83.20000123977661,
    78.00000116229057,
    93.50000139325857,
    86.90000129491091,
    78.00000116229057,
    79.50000118464231,
    81.50000121444464,
    88.20000131428242,
    94.70000141113997,
    82.70000123232603,
    92.4000013768673,
    80.90000120550394,
    74.20000110566616,
    66.50000099092722
  ]
}