{
  "time": [
    1767225600000000000,
    1767312000000000000,
    1767398400000000000,
    1767484800000000000,
    1767571200000000000,
    1767657600000000000,
    1767744000000000000,
    1767830400000000000,
    1767916800000000000,
    1768003200000000000,
    1768089600000000000,
    1768176000000000000,
    1768262400000000000,
    1768348800000000000,
    1768435200000000000,
    1768521600000000000,
    1768608000000000000,
    1768694400000000000,
    1768780800000000000,
    1768867200000000000,
    1768953600000000000,
    1769040000000000000,
    1769126400000000000,
    1769212800000000000,
    1769299200000000000,
    1769385600000000000,
    1769472000000000000,
    1769558400000000000,
    1769644800000000000,
    1769731200000000000,
    1769817600000000000,
    1769904000000000000,
    1769990400000000000,
    1770076800000000000,
    1770163200000000000,
    1770249600000000000,
    1770336000000000000,
    1770422400000000000,
    1770508800000000000,
    1770595200000000000,
    1770681600000000000,
    1770768000000000000,
    1770854400000000000
  ],
  "tasmax": [
    4.200000062584877,
    3.400000050663948,
    1.5000000223517418,
    0.800000011920929,
    0.20000000298023224,
    0.20000000298023224,
    0.4000000059604645,
    3.400000050663948,
    7.000000104308128,
    1.5000000223517418,
    0.0,
    8.00000011920929,
    10.800000160932541,
    10.100000150501728,
    11.500000171363354,
    11.900000177323818,
    13.500000201165676,
    7.000000104308128,
    5.000000074505806,
    9.500000141561031,
    10.100000150501728,
    6.800000101327896,
    10.000000149011612,
    4.500000067055225,
    0.6000000089406967,
    0.6000000089406967,
    4.200000062584877,
    4.200000062584877,
    1.0000000149011612,
    6.000000089406967,
    8.600000128149986,
    8.00000011920929,
    8.600000128149986,
    4.700000070035458,
    12.300000183284283,
    7.000000104308128,
    7.900000117719173,
    13.100000195205212,
    11.60000017285347,
    8.800000131130219,
    9.400000140070915,
    10.400000154972076,
    8.900000132620335
  ]
}