{
  "time": [
    1767225600000000000,
    1767312000000000000,
    1767398400000000000,
    1767484800000000000,
    1767571200000000000,
    1767657600000000000,
    1767744000000000000,
    1767830400000000000,
    1767916800000000000,
    1768003200000000000,
    1768089600000000000,
    1768176000000000000,
    1768262400000000000,
    1768348800000000000,
    1768435200000000000,
    1768521600000000000,
    1768608000000000000,
    1768694400000000000,
    1768780800000000000,
    1768867200000000000,
    1768953600000000000,
    1769040000000000000,
    1769126400000000000,
    1769212800000000000,
    1769299200000000000,
    1769385600000000000,
    1769472000000000000,
    1769558400000000000,
    1769644800000000000,
    1769731200000000000,
    1769817600000000000,
    1769904000000000000,
    1769990400000000000,
    1770076800000000000,
    1770163200000000000,
    1770249600000000000,
    1770336000000000000,
    1770422400000000000,
    1770508800000000000,
    1770595200000000000,
    1770681600000000000,
    1770768000000000000,
    1770854400000000000,
    1770940800000000000,
    1771027200000000000,
    1771113600000000000,
    1771200000000000000,
    1771286400000000000,
    1771372800000000000,
    1771459200000000000,
    1771545600000000000,
    1771632000000000000,
    1771718400000000000,
    1771804800000000000,
    1771891200000000000,
    1771977600000000000,
    1772064000000000000,
    1772150400000000000,
    1772236800000000000,
    1772323200000000000
  ],
  "tasmax": [
    4.000000059604645,
    3.500000052154064,
    1.5000000223517418,
    0.6000000089406967,
    0.20000000298023224,
    0.20000000298023224,
    0.20000000298023224,
    3.400000050663948,
    6.900000102818012,
    1.600000023841858,
    -0.10000000149011612,
    8.00000011920929,
    10.800000160932541,
    10.000000149011612,
    11.500000171363354,
    12.000000178813934,
    13.500000201165676,
    7.000000104308128,
    5.000000074505806,
    9.80000014603138,
    10.30000015348196,
    6.800000101327896,
    10.100000150501728,
    4.500000067055225,
    0.6000000089406967,
    0.5000000074505806,
    4.000000059604645,
    4.200000062584877,
    1.0000000149011612,
    6.000000089406967,
    8.50000012665987,
    8.00000011920929,
    8.600000128149986,
    4.700000070035458,
    12.400000184774399,
    7.000000104308128,
    7.900000117719173,
    13.000000193715096,
    11.60000017285347,
    8.800000131130219,
    9.400000140070915,
    10.400000154972076,
    8.900000132620335,
    7.200000107288361,
    0.5000000074505806,
    4.500000067055225,
    8.400000125169754,
    6.400000095367432,
    4.000000059604645,
    3.7000000551342964,
    6.500000096857548,
    11.300000168383121,
    12.000000178813934,
    10.500000156462193,
    12.000000178813934,
    17.600000262260437,
    18.30000027269125,
    19.80000029504299,
    14.500000216066837,
    14.300000213086605
  ]
}