{
  "time": [
    1767225600000000000,
    1767312000000000000,
    1767398400000000000,
    1767484800000000000,
    1767571200000000000,
    1767657600000000000,
    1767744000000000000,
    1767830400000000000,
    1767916800000000000,
    1768003200000000000,
    1768089600000000000,
    1768176000000000000,
    1768262400000000000,
    1768348800000000000,
    1768435200000000000,
    1768521600000000000,
    1768608000000000000,
    1768694400000000000,
    1768780800000000000,
    1768867200000000000,
    1768953600000000000,
    1769040000000000000,
    1769126400000000000,
    1769212800000000000,
    1769299200000000000,
    1769385600000000000,
    1769472000000000000,
    1769558400000000000,
    1769644800000000000,
    1769731200000000000,
    1769817600000000000,
    1769904000000000000,
    1769990400000000000,
    1770076800000000000,
    1770163200000000000,
    1770249600000000000,
    1770336000000000000,
    1770422400000000000,
    1770508800000000000,
    1770595200000000000,
    1770681600000000000,
    1770768000000000000,
    1770854400000000000,
    1770940800000000000,
    1771027200000000000,
    1771113600000000000,
    1771200000000000000,
    1771286400000000000,
    1771372800000000000,
    1771459200000000000,
    1771545600000000000,
    1771632000000000000,
    1771718400000000000,
    1771804800000000000,
    1771891200000000000,
    1771977600000000000,
    1772064000000000000,
    1772150400000000000,
    1772236800000000000,
    1772323200000000000,
    1772409600000000000,
    1772496000000000000,
    1772582400000000000,
    1772668800000000000,
    1772755200000000000
  ],
  "hurs": [
    83.40000124275684,
    83.40000124275684,
    83.70000124722719,
    81.70000121742487,
    78.50000116974115,
    87.5000013038516,
    80.90000120550394,
    87.00000129640102,
    88.50000131875277,
    92.90000138431787,
    82.70000123232603,
    86.2000012844801,
    83.00000123679638,
    90.50000134855509,
    81.70000121742487,
    82.20000122487545,
    80.70000120252371,
    87.00000129640102,
    86.40000128746033,
    82.5000012293458,
    67.70000100880861,
    75.50000112503767,
    81.50000121444464,
    82.90000123530626,
    84.70000126212835,
    95.70000142604113,
    88.90000132471323,
    96.00000143051147,
    98.50000146776438,
    92.20000137388706,
    87.00000129640102,
    83.70000124722719,
    85.70000127702951,
    89.90000133961439,
    87.70000130683184,
    91.00000135600567,
    89.20000132918358,
    81.00000120699406,
    88.20000131428242,
    85.20000126957893,
    88.20000131428242,
    93.20000138878822,
    91.70000136643648,
    95.20000141859055,
    90.00000134110451,
    82.90000123530626,
    93.40000139176846,
    91.90000136941671,
    83.40000124275684,
    91.50000136345625,
    85.70000127702951,
    92.20000137388706,
    95.40000142157078,
    83.70000124722719,
    96.70000144094229,
    81.40000121295452,
    72.70000108331442,
    66.00000098347664,
    72.40000107884407,
    67.90000101178885,
    61.700000919401646,
    65.20000097155571,
    71.40000106394291,
    60.00000089406967,
    60.60000090301037
  ],
  "pr": [
    1.2000000476837158,
    2.4000000953674316,
    2.299999952316284,
    0.0,
    1.100000023841858,
    0.0,
    0.800000011920929,
    7.099999904632568,
    13.199999809265137,
    0.4000000059604645,
    1.100000023841858,
    4.599999904632568,
    0.20000000298023224,
    3.5999999046325684,
    0.0,
    0.699999988079071,
    0.0,
    0.0,
    0.0,
    0.0,
    0.0,
    0.0,
    0.20000000298023224,
    0.0,
    0.0,
    0.0,
    5.199999809265137,
    0.6000000238418579,
    0.0,
    0.20000000298023224,
    0.0,
    4.099999904632568,
    0.0,
    3.799999952316284,
    0.0,
    1.7000000476837158,
    3.5999999046325684,
    0.0,
    0.0,
    0.20000000298023224,
    3.799999952316284,
    8.800000190734863,
    10.600000381469727,
    3.9000000953674316,
    0.0,
    7.300000190734863,
    16.299999237060547,
    3.9000000953674316,
    6.0,
    2.200000047683716,
    3.5,
    8.100000381469727,
    14.100000381469727,
    2.799999952316284,
    1.100000023841858,
    0.0,
    0.0,
    0.4000000059604645,
    0.20000000298023224,
    0.0,
    0.0,
    0.0,
    0.0,
    0.0,
    0.0
  ],
  "tas": [
    2.1000000312924385,
    1.0000000149011612,
    -0.5000000074505806,
    -1.3000000193715096,
    -2.600000038743019,
    -1.8000000268220901,
    -1.700000025331974,
    1.700000025331974,
    3.400000050663948,
    -2.8000000417232513,
    -2.8000000417232513,
    5.000000074505806,
    9.100000135600567,
    8.50000012665987,
    9.400000140070915,
    9.00000013411045,
    8.100000120699406,
    2.2000000327825546,
    1.700000025331974,
    2.1000000312924385,
    5.500000081956387,
    3.6000000536441803,
    5.200000077486038,
    4.400000065565109,
    -0.10000000149011612,
    -1.600000023841858,
    2.600000038743019,
    4.000000059604645,
    0.0,
    1.8000000268220901,
    6.200000092387199,
    6.000000089406967,
    4.200000062584877,
    3.6000000536441803,
    5.000000074505806,
    3.7000000551342964,
    6.000000089406967,
    8.300000123679638,
    4.90000007301569,
    3.500000052154064,
    6.500000096857548,
    9.300000138580799,
    8.00000011920929,
    4.700000070035458,
    -0.6000000089406967,
    -0.5000000074505806,
    3.9000000581145287,
    3.0000000447034836,
    2.2000000327825546,
    2.500000037252903,
    4.500000067055225,
    8.600000128149986,
    10.900000162422657,
    9.00000013411045,
    10.000000149011612,
    11.900000177323818,
    13.600000202655792,
    13.600000202655792,
    9.500000141561031,
    8.00000011920929,
    10.500000156462193,
    11.500000171363354,
    10.100000150501728,
    11.000000163912773,
    12.000000178813934
  ],
  "tasmax": [
    3.0000000447034836,
    2.7000000402331352,
    0.5000000074505806,
    0.10000000149011612,
    -0.20000000298023224,
    0.20000000298023224,
    0.5000000074505806,
    5.200000077486038,
    7.200000107288361,
    -0.10000000149011612,
    1.0000000149011612,
    8.900000132620335,
    10.500000156462193,
    10.000000149011612,
    10.400000154972076,
    10.400000154972076,
    11.500000171363354,
    6.800000101327896,
    7.000000104308128,
    7.400000110268593,
    9.80000014603138,
    9.00000013411045,
    8.100000120699406,
    8.800000131130219,
    2.1000000312924385,
    -0.10000000149011612,
    5.900000087916851,
    5.500000081956387,
    0.9000000134110451,
    6.000000089406967,
    8.600000128149986,
    8.50000012665987,
    7.000000104308128,
    7.400000110268593,
    7.700000114738941,
    9.00000013411045,
    8.800000131130219,
    12.300000183284283,
    9.00000013411045,
    7.800000116229057,
    10.400000154972076,
    10.800000160932541,
    9.300000138580799,
    7.200000107288361,
    1.0000000149011612,
    3.0000000447034836,
    6.500000096857548,
    4.700000070035458,
    5.500000081956387,
    5.200000077486038,
    7.800000116229057,
    10.900000162422657,
    11.900000177323818,
    10.600000157952309,
    12.000000178813934,
    18.500000275671482,
    17.80000026524067,
    17.80000026524067,
    12.000000178813934,
    13.000000193715096,
    15.900000236928463,
    17.00000025331974,
    15.600000232458115,
    17.80000026524067,
    17.100000254809856
  ],