{
  "time": [
    1767225600000000000,
    1767312000000000000,
    1767398400000000000,
    1767484800000000000,
    1767571200000000000,
    1767657600000000000,
    1767744000000000000,
    1767830400000000000,
    1767916800000000000,
    1768003200000000000,
    1768089600000000000,
    1768176000000000000,
    1768262400000000000,
    1768348800000000000,
    1768435200000000000,
    1768521600000000000,
    1768608000000000000,
    1768694400000000000,
    1768780800000000000,
    1768867200000000000,
    1768953600000000000,
    1769040000000000000,
    1769126400000000000,
    1769212800000000000,
    1769299200000000000,
    1769385600000000000,
    1769472000000000000,
    1769558400000000000,
    1769644800000000000,
    1769731200000000000,
    1769817600000000000,
    1769904000000000000,
    1769990400000000000,
    1770076800000000000,
    1770163200000000000
  ],
  "hurs": [
    83.70000124722719,
    83.70000124722719,
    84.20000125467777,
    82.00000122189522,
    78.50000116974115,
    86.50000128895044,
    81.00000120699406,
    87.00000129640102,
    89.20000132918358,
    93.20000138878822,
    83.40000124275684,
    86.50000128895044,
    83.20000123977661,
    90.20000134408474,
    81.70000121742487,
    81.9000012204051,
    79.50000118464231,
    87.5000013038516,
    86.70000129193068,
    83.20000123977661,
    68.00000101327896,
    75.50000112503767,
    81.20000120997429,
    84.00000125169754,
    86.2000012844801,
    96.70000144094229,
    88.700001321733,
    96.90000144392252,
    98.50000146776438,
    91.50000136345625,
    89.40000133216381,
    84.20000125467777,
    86.50000128895044,
    91.2000013589859,
    87.70000130683184
  ],
  "pr": [
    1.2000000476837158,
    2.4000000953674316,
    2.299999952316284,
    0.0,
    1.100000023841858,
    0.0,
    0.800000011920929,
    7.099999904632568,
    13.199999809265137,
    0.4000000059604645,
    1.100000023841858,
    4.599999904632568,
    0.20000000298023224,
    3.5999999046325684,
    0.0,
    0.699999988079071,
    0.0,
    0.0,
    0.0,
    0.0,
    0.0,
    0.0,
    0.20000000298023224,
    0.0,
    0.0,
    0.0,
    5.199999809265137,
    0.6000000238418579,
    0.10000000149011612,
    0.20000000298023224,
    0.0,
    4.0,
    0.0,
    3.799999952316284,
    0.0
  ],
  "tas": [
    2.1000000312924385,
    1.0000000149011612,
    -0.5000000074505806,
    -1.3000000193715096,
    -2.600000038743019,
    -1.8000000268220901,
    -1.700000025331974,
    1.700000025331974,
    3.200000047683716,
    -2.8000000417232513,
    -2.8000000417232513,
    5.000000074505806,
    9.100000135600567,
    8.50000012665987,
    9.400000140070915,
    9.100000135600567,
    8.300000123679638,
    2.2000000327825546,
    1.700000025331974,
    2.1000000312924385,
    5.500000081956387,
    3.7000000551342964,
    5.200000077486038,
    4.400000065565109,
    -0.20000000298023224,
    -1.600000023841858,
    2.600000038743019,
    3.9000000581145287,
    0.0,
    1.8000000268220901,
    6.000000089406967,
    6.000000089406967,
    4.400000065565109,
    3.500000052154064,
    5.000000074505806
  ],
  "tasmax": [
    3.0000000447034836,
    2.7000000402331352,
    0.4000000059604645,
    0.10000000149011612,
    -0.20000000298023224,
    0.20000000298023224,
    0.5000000074505806,
    5.200000077486038,
    6.900000102818012,
    -0.10000000149011612,
    1.1000000163912773,
    8.800000131130219,
    10.500000156462193,
    10.000000149011612,
    10.500000156462193,
    10.500000156462193,
    11.60000017285347,
    6.900000102818012,
    7.000000104308128,
    7.300000108778477,
    9.600000143051147,
    9.00000013411045,
    8.100000120699406,
    8.800000131130219,
    2.0000000298023224,
    -0.10000000149011612,
    5.900000087916851,
    5.500000081956387,
    0.800000011920929,
    6.000000089406967,
    8.50000012665987,
    8.600000128149986,
    7.300000108778477,
    7.400000110268593,
    7.700000114738941
  ],
  "tasmin": [
    1.0000000149011612,
    -0.5000000074505806,
    -1.5000000223517418,
    -3.9000000581145287,
    -4.700000070035458,
    -4.000000059604645,
    -3.7000000551342964,
    -0.5000000074505806,
    0.10000000149011612,
    -5.500000081956387,
    -6.200000092387199,
    1.0000000149011612,
    7.500000111758709,
    7.500000111758709,
    8.300000123679638,
    6.500000096857548,
    4.700000070035458,
    -1.0000000149011612,
    -1.3000000193715096,
    -1.3000000193715096,
    3.200000047683716,
    -0.4000000059604645,
    2.3000000342726707,
    -0.20000000298023224,
    -2.500000037252903,
    -3.200000047683716,
    -0.6000000089406967,
    0.20000000298023224,
    -1.0000000149011612,
    -2.7000000402331352,
    2.7000000402331352,
    3.1000000461935997,
    2.1000000312924385,
    0.9000000134110451,
    1.700000025331974
  ]
}