{
  "time": [
    1767268800000000000
  ],
  "hurs": [
    83.70000124722719
  ],
  "pr": [
    1.2999999523162842
  ],
  "tas": [
    2.1000000312924385
  ],
  "tasmax": [
    3.0000000447034836
  ],
  "tasmin": [
    1.0000000149011612
  ]
}