{
  "time": [
    1767268800000000000,
    1767355200000000000,
    1767441600000000000
  ],
  "hurs": [
    83.70000124722719,
    83.50000124424696,
    84.20000125467777
  ],
  "pr": [
    1.2999999523162842,
    2.5,
    2.4000000953674316
  ],
  "tas": [
    2.1000000312924385,
    1.0000000149011612,
    -0.5000000074505806
  ],
  "tasmax": [
    3.0000000447034836,
    2.7000000402331352,
    0.5000000074505806
  ],
  "tasmin": [
    1.0000000149011612,
    -0.5000000074505806,
    -1.3000000193715096
  ]
}