{
  "time": [
    1767225600000000000,
    1767312000000000000,
    1767398400000000000,
    1767484800000000000,
    1767571200000000000,
    1767657600000000000,
    1767744000000000000,
    1767830400000000000,
    1767916800000000000,
    1768003200000000000,
    1768089600000000000,
    1768176000000000000,
    1768262400000000000,
    1768348800000000000,
    1768435200000000000,
    1768521600000000000,
    1768608000000000000,
    1768694400000000000,
    1768780800000000000,
    1768867200000000000,
    1768953600000000000,
    1769040000000000000,
    1769126400000000000,
    1769212800000000000,
    1769299200000000000,
    1769385600000000000,
    1769472000000000000,
    1769558400000000000,
    1769644800000000000,
    1769731200000000000,
    1769817600000000000,
    1769904000000000000,
    1769990400000000000,
    1770076800000000000,
    1770163200000000000,
    1770249600000000000,
    1770336000000000000,
    1770422400000000000,
    1770508800000000000,
    1770595200000000000,
    1770681600000000000,
    1770768000000000000,
    1770854400000000000,
    1770940800000000000,
    1771027200000000000,
    1771113600000000000,
    1771200000000000000
  ],
  "hurs": [
    83.40000124275684,
    83.40000124275684,
    83.70000124722719,
    81.70000121742487,
    78.50000116974115,
    87.5000013038516,
    80.90000120550394,
    87.00000129640102,
    88.50000131875277,
    92.90000138431787,
    82.70000123232603,
    86.2000012844801,
    83.00000123679638,
    90.50000134855509,
    81.70000121742487,
    82.20000122487545,
    80.70000120252371,
    87.00000129640102,
    86.40000128746033,
    82.5000012293458,
    67.70000100880861,
    75.50000112503767,
    81.50000121444464,
    82.90000123530626,
    84.70000126212835,
    95.70000142604113,
    88.90000132471323,
    96.00000143051147,
    98.50000146776438,
    92.20000137388706,
    87.00000129640102,
    84.20000125467777,
    86.50000128895044,
    91.2000013589859,
    87.70000130683184,
    91.00000135600567,
    90.00000134110451,
    82.00000122189522,
    89.50000133365393,
    85.40000127255917,
    88.40000131726265,
    92.20000137388706,
    91.70000136643648,
    95.40000142157078,
    89.70000133663416,
    83.40000124275684,
    93.00000138580799
  ],
  "pr": [
    1.2000000476837158,
    2.4000000953674316,
    2.299999952316284,
    0.0,
    1.100000023841858,
    0.0,
    0.800000011920929,
    7.099999904632568,
    13.199999809265137,
    0.4000000059604645,
    1.100000023841858,
    4.599999904632568,
    0.20000000298023224,
    3.5999999046325684,
    0.0,
    0.699999988079071,
    0.0,
    0.0,
    0.0,
    0.0,
    0.0,
    0.0,
    0.20000000298023224,
    0.0,
    0.0,
    0.0,
    5.199999809265137,
    0.6000000238418579,
    0.0,
    0.20000000298023224,
    0.0,
    4.0,
    0.0,
    3.799999952316284,
    0.0,
    1.7000000476837158,
    3.700000047683716,
    0.0,
    0.0,
    0.30000001192092896,
    3.9000000953674316,
    8.899999618530273,
    10.699999809265137,
    3.9000000953674316,
    0.0,
    7.400000095367432,
    16.600000381469727
  ],
  "tas": [
    2.1000000312924385,
    1.0000000149011612,
    -0.5000000074505806,
    -1.3000000193715096,
    -2.600000038743019,
    -1.8000000268220901,
    -1.700000025331974,
    1.700000025331974,
    3.400000050663948,
    -2.8000000417232513,
    -2.8000000417232513,
    5.000000074505806,
    9.100000135600567,
    8.50000012665987,
    9.400000140070915,
    9.00000013411045,
    8.100000120699406,
    2.2000000327825546,
    1.700000025331974,
    2.1000000312924385,
    5.500000081956387,
    3.6000000536441803,
    5.200000077486038,
    4.400000065565109,
    -0.10000000149011612,
    -1.600000023841858,
    2.600000038743019,
    4.000000059604645,
    0.0,
    1.8000000268220901,
    6.200000092387199,
    6.000000089406967,
    4.400000065565109,
    3.500000052154064,
    5.000000074505806,
    3.7000000551342964,
    5.900000087916851,
    8.100000120699406,
    4.700000070035458,
    3.500000052154064,
    6.500000096857548,
    9.400000140070915,
    8.00000011920929,
    4.700000070035458,
    -0.6000000089406967,
    -0.5000000074505806,
    4.000000059604645
  ],
  "tasmax": [
    3.0000000447034836,
    2.7000000402331352,
    0.5000000074505806,
    0.10000000149011612,
    -0.20000000298023224,
    0.20000000298023224,
    0.5000000074505806,
    5.200000077486038,
    7.200000107288361,
    -0.10000000149011612,
    1.0000000149011612,
    8.900000132620335,
    10.500000156462193,
    10.000000149011612,
    10.400000154972076,
    10.400000154972076,
    11.500000171363354,
    6.800000101327896,
    7.000000104308128,
    7.400000110268593,
    9.80000014603138,
    9.00000013411045,
    8.100000120699406,
    8.800000131130219,
    2.1000000312924385,
    -0.10000000149011612,
    5.900000087916851,
    5.500000081956387,
    0.9000000134110451,
    6.000000089406967,
    8.600000128149986,
    8.600000128149986,
    7.300000108778477,
    7.400000110268593,
    7.700000114738941,
    9.00000013411045,
    8.600000128149986,
    12.000000178813934,
    8.900000132620335,
    7.700000114738941,
    10.400000154972076,
    11.000000163912773,
    9.300000138580799,
    7.200000107288361,
    0.9000000134110451,
    3.0000000447034836,
    6.500000096857548
  ],
  "tasmin": [
    0.9000000134110451,
    -0.5000000074505806,
    -1.5000000223517418,
    -4.000000059604645,
    -4.700000070035458,
    -4.000000059604645,
    -3.9000000581145287,
    -0.5000000074505806,
    0.20000000298023224,
    -5.500000081956387,
    -6.800000101327896,
    1.0000000149011612,
    7.500000111758709,
    7.500000111758709,
    8.400000125169754,
    6.400000095367432,
    4.700000070035458,
    -1.0000000149011612,
    -1.3000000193715096,
    -1.3000000193715096,
    3.200000047683716,
    -0.10000000149011612,
    2.500000037252903,
    -0.20000000298023224,
    -2.3000000342726707,
    -3.200000047683716,
    -0.6000000089406967,
    0.4000000059604645,
    -0.9000000134110451,
    -2.7000000402331352,
    2.8000000417232513,
    3.1000000461935997,
    2.1000000312924385,
    0.9000000134110451,
    1.700000025331974,
    0.20000000298023224,
    2.7000000402331352,
    4.700000070035458,
    0.6000000089406967,
    -1.5000000223517418,
    2.2000000327825546,
    7.800000116229057,
    7.000000104308128,
    0.9000000134110451,
    -3.1000000461935997,
    -4.000000059604645,
    0.5000000074505806
  ]
}