{
  "time": [
    1767225600000000000,
    1767312000000000000,
    1767398400000000000,
    1767484800000000000,
    1767571200000000000,
    1767657600000000000,
    1767744000000000000,
    1767830400000000000,
    1767916800000000000,
    1768003200000000000,
    1768089600000000000,
    1768176000000000000,
    1768262400000000000,
    1768348800000000000,
    1768435200000000000,
    1768521600000000000,
    1768608000000000000,
    1768694400000000000,
    1768780800000000000,
    1768867200000000000,
    1768953600000000000,
    1769040000000000000,
    1769126400000000000,
    1769212800000000000,
    1769299200000000000,
    1769385600000000000,
    1769472000000000000,
    1769558400000000000,
    1769644800000000000,
    1769731200000000000,
    1769817600000000000,
    1769904000000000000,
    1769990400000000000,
    1770076800000000000,
    1770163200000000000,
    1770249600000000000,
    1770336000000000000,
    1770422400000000000,
    1770508800000000000,
    1770595200000000000,
    1770681600000000000,
    1770768000000000000,
    1770854400000000000,
    1770940800000000000,
    1771027200000000000,
    1771113600000000000,
    1771200000000000000,
    1771286400000000000,
    1771372800000000000,
    1771459200000000000,
    1771545600000000000,
    1771632000000000000,
    1771718400000000000,
    1771804800000000000,
    1771891200000000000,
    1771977600000000000,
    1772064000000000000,
    1772150400000000000,
    1772236800000000000,
    1772323200000000000,
    1772409600000000000,
    1772496000000000000,
    1772582400000000000,
    1772668800000000000,
    1772755200000000000,
    1772841600000000000,
    1772928000000000000,
    1773014400000000000,
    1773100800000000000,
    1773187200000000000,
    1773273600000000000,
    1773360000000000000,
    1773446400000000000,
    1773532800000000000,
    1773619200000000000,
    1773705600000000000,
    1773792000000000000,
    1773878400000000000,
    1773964800000000000,
    1774051200000000000,
    1774137600000000000,
    1774224000000000000,
    1774310400000000000
  ],
  "hurs": [
    83.40000124275684,
    83.40000124275684,
    83.70000124722719,
    81.70000121742487,
    78.50000116974115,
    87.5000013038516,
    80.90000120550394,
    87.00000129640102,
    88.50000131875277,
    92.90000138431787,
    82.70000123232603,
    86.2000012844801,
    83.00000123679638,
    90.50000134855509,
    81.70000121742487,
    82.20000122487545,
    80.70000120252371,
    87.00000129640102,
    86.40000128746033,
    82.5000012293458,
    67.70000100880861,
    75.50000112503767,
    81.50000121444464,
    82.90000123530626,
    84.70000126212835,
    95.70000142604113,
    88.90000132471323,
    96.00000143051147,
    98.50000146776438,
    92.20000137388706,
    87.00000129640102,
    83.70000124722719,
    86.40000128746033,
    89.90000133961439,
    87.70000130683184,
    91.00000135600567,
    89.20000132918358,
    81.00000120699406,
    88.20000131428242,
    85.20000126957893,
    88.20000131428242,
    93.20000138878822,
    91.70000136643648,
    95.20000141859055,
    90.00000134110451,
    82.90000123530626,
    93.40000139176846,
    91.90000136941671,
    83.40000124275684,
    91.50000136345625,
    85.70000127702951,
    92.20000137388706,
    95.40000142157078,
    83.70000124722719,
    97.50000145286322,
    81.40000121295452,
    72.70000108331442,
    68.00000101327896,
    72.40000107884407,
    67.90000101178885,
    61.700000919401646,
    65.20000097155571,
    71.40000106394291,
    60.00000089406967,
    60.60000090301037,
    68.00000101327896,
    66.20000098645687,
    69.70000103861094,
    75.00000111758709,
    82.40000122785568,
    71.50000106543303,
    83.20000123977661,
    97.20000144839287,
    82.00000122189522,
    82.00000122189522,
    81.50000121444464,
    63.10000094026327,
    66.00000098347664,
    65.00000096857548,
    77.20000115036964,
    67.90000101178885,
    62.200000926852226,
    55.90000083297491
  ]
}