{
  "time": [
    1767225600000000000,
    1767312000000000000,
    1767398400000000000,
    1767484800000000000,
    1767571200000000000,
    1767657600000000000,
    1767744000000000000,
    1767830400000000000,
    1767916800000000000,
    1768003200000000000,
    1768089600000000000,
    1768176000000000000,
    1768262400000000000,
    1768348800000000000,
    1768435200000000000,
    1768521600000000000,
    1768608000000000000,
    1768694400000000000,
    1768780800000000000,
    1768867200000000000,
    1768953600000000000,
    1769040000000000000,
    1769126400000000000,
    1769212800000000000,
    1769299200000000000,
    1769385600000000000,
    1769472000000000000,
    1769558400000000000,
    1769644800000000000,
    1769731200000000000,
    1769817600000000000,
    1769904000000000000,
    1769990400000000000,
    1770076800000000000,
    1770163200000000000,
    1770249600000000000,
    1770336000000000000,
    1770422400000000000,
    1770508800000000000,
    1770595200000000000,
    1770681600000000000,
    1770768000000000000,
    1770854400000000000,
    1770940800000000000,
    1771027200000000000,
    1771113600000000000,
    1771200000000000000,
    1771286400000000000,
    1771372800000000000,
    1771459200000000000,
    1771545600000000000,
    1771632000000000000
  ],
  "hurs": [
    83.40000124275684,
    83.40000124275684,
    83.70000124722719,
    81.70000121742487,
    78.50000116974115,
    87.5000013038516,
    80.90000120550394,
    87.00000129640102,
    88.50000131875277,
    92.90000138431787,
    82.70000123232603,
    86.2000012844801,
    83.00000123679638,
    90.50000134855509,
    81.70000121742487,
    82.20000122487545,
    80.70000120252371,
    87.00000129640102,
    86.40000128746033,
    82.5000012293458,
    67.70000100880861,
    75.50000112503767,
    81.50000121444464,
    82.90000123530626,
    84.70000126212835,
    95.70000142604113,
    88.90000132471323,
    96.00000143051147,
    98.50000146776438,
    92.20000137388706,
    87.00000129640102,
    84.20000125467777,
    86.50000128895044,
    91.2000013589859,
    87.70000130683184,
    91.00000135600567,
    90.00000134110451,
    82.00000122189522,
    89.50000133365393,
    85.40000127255917,
    88.40000131726265,
    92.20000137388706,
    91.70000136643648,
    95.40000142157078,
    89.70000133663416,
    83.40000124275684,
    93.00000138580799,
    91.50000136345625,
    80.50000119954348,
    91.2000013589859,
    85.0000012665987,
    92.20000137388706
  ]
}