{
  "time": [
    1767225600000000000,
    1767312000000000000,
    1767398400000000000,
    1767484800000000000,
    1767571200000000000,
    1767657600000000000,
    1767744000000000000,
    1767830400000000000,
    1767916800000000000,
    1768003200000000000,
    1768089600000000000,
    1768176000000000000,
    1768262400000000000,
    1768348800000000000,
    1768435200000000000,
    1768521600000000000,
    1768608000000000000,
    1768694400000000000,
    1768780800000000000,
    1768867200000000000,
    1768953600000000000,
    1769040000000000000,
    1769126400000000000,
    1769212800000000000,
    1769299200000000000,
    1769385600000000000,
    1769472000000000000,
    1769558400000000000,
    1769644800000000000,
    1769731200000000000,
    1769817600000000000,
    1769904000000000000,
    1769990400000000000,
    1770076800000000000,
    1770163200000000000,
    1770249600000000000,
    1770336000000000000,
    1770422400000000000,
    1770508800000000000,
    1770595200000000000,
    1770681600000000000
  ],
  "hurs": [
    83.70000124722719,
    83.70000124722719,
    84.20000125467777,
    82.00000122189522,
    78.50000116974115,
    86.50000128895044,
    81.00000120699406,
    87.00000129640102,
    89.20000132918358,
    93.20000138878822,
    83.40000124275684,
    86.50000128895044,
    83.20000123977661,
    90.20000134408474,
    81.70000121742487,
    81.9000012204051,
    79.50000118464231,
    87.5000013038516,
    86.70000129193068,
    83.20000123977661,
    68.00000101327896,
    75.50000112503767,
    81.20000120997429,
    84.00000125169754,
    86.2000012844801,
    96.70000144094229,
    88.700001321733,
    96.90000144392252,
    98.50000146776438,
    91.50000136345625,
    89.40000133216381,
    84.20000125467777,
    86.50000128895044,
    91.2000013589859,
    87.70000130683184,
    91.00000135600567,
    90.00000134110451,
    82.00000122189522,
    89.50000133365393,
    85.40000127255917,
    88.40000131726265
  ]
}