{
  "time": [
    1767290400000000000,
    1767376800000000000,
    1767463200000000000
  ],
  "pr": [
    1.2999999523162842,
    2.5,
    2.4000000953674316
  ]
}