{
  "time": [
    1767247200000000000,
    1767333600000000000,
    1767420000000000000,
    1767506400000000000,
    1767592800000000000,
    1767679200000000000,
    1767765600000000000,
    1767852000000000000,
    1767938400000000000,
    1768024800000000000,
    1768111200000000000,
    1768197600000000000,
    1768284000000000000,
    1768370400000000000,
    1768456800000000000,
    1768543200000000000,
    1768629600000000000,
    1768716000000000000,
    1768802400000000000,
    1768888800000000000,
    1768975200000000000,
    1769061600000000000,
    1769148000000000000,
    1769234400000000000,
    1769320800000000000,
    1769407200000000000,
    1769493600000000000,
    1769580000000000000,
    1769666400000000000,
    1769752800000000000,
    1769839200000000000,
    1769925600000000000,
    1770012000000000000,
    1770098400000000000,
    1770184800000000000,
    1770271200000000000,
    1770357600000000000,
    1770444000000000000,
    1770530400000000000,
    1770616800000000000,
    1770703200000000000,
    1770789600000000000,
    1770876000000000000
  ],
  "pr": [
    1.2000000476837158,
    2.4000000953674316,
    2.299999952316284,
    0.0,
    1.100000023841858,
    0.0,
    0.800000011920929,
    7.099999904632568,
    13.199999809265137,
    0.4000000059604645,
    1.100000023841858,
    4.599999904632568,
    0.20000000298023224,
    3.5999999046325684,
    0.0,
    0.699999988079071,
    0.0,
    0.0,
    0.0,
    0.0,
    0.0,
    0.0,
    0.20000000298023224,
    0.0,
    0.0,
    0.0,
    5.199999809265137,
    0.6000000238418579,
    0.10000000149011612,
    0.20000000298023224,
    0.0,
    4.0,
    0.0,
    3.799999952316284,
    0.0,
    1.7000000476837158,
    3.700000047683716,
    0.0,
    0.0,
    0.30000001192092896,
    3.9000000953674316,
    8.899999618530273,
    10.699999809265137
  ]
}