{
  "time": [
    1767268800000000000,
    1767355200000000000,
    1767441600000000000
  ],
  "tas": [
    2.1000000312924385,
    1.0000000149011612,
    -0.5000000074505806
  ]
}