{
  "time": [
    1767225600000000000,
    1767312000000000000,
    1767398400000000000,
    1767484800000000000,
    1767571200000000000,
    1767657600000000000,
    1767744000000000000,
    1767830400000000000,
    1767916800000000000,
    1768003200000000000,
    1768089600000000000,
    1768176000000000000,
    1768262400000000000,
    1768348800000000000,
    1768435200000000000,
    1768521600000000000,
    1768608000000000000,
    1768694400000000000,
    1768780800000000000,
    1768867200000000000,
    1768953600000000000,
    1769040000000000000,
    1769126400000000000,
    1769212800000000000,
    1769299200000000000,
    1769385600000000000,
    1769472000000000000,
    1769558400000000000,
    1769644800000000000,
    1769731200000000000,
    1769817600000000000,
    1769904000000000000,
    1769990400000000000,
    1770076800000000000,
    1770163200000000000,
    1770249600000000000,
    1770336000000000000,
    1770422400000000000,
    1770508800000000000,
    1770595200000000000,
    1770681600000000000,
    1770768000000000000,
    1770854400000000000,
    1770940800000000000,
    1771027200000000000,
    1771113600000000000,
    1771200000000000000,
    1771286400000000000,
    1771372800000000000,
    1771459200000000000,
    1771545600000000000,
    1771632000000000000,
    1771718400000000000,
    1771804800000000000,
    1771891200000000000,
    1771977600000000000,
    1772064000000000000,
    1772150400000000000,
    1772236800000000000,
    1772323200000000000,
    1772409600000000000,
    1772496000000000000,
    1772582400000000000,
    1772668800000000000,
    1772755200000000000,
    1772841600000000000,
    1772928000000000000,
    1773014400000000000,
    1773100800000000000,
    1773187200000000000,
    1773273600000000000,
    1773360000000000000,
    1773446400000000000,
    1773532800000000000,
    1773619200000000000,
    1773705600000000000,
    1773792000000000000,
    1773878400000000000
  ],
  "tas": [
    2.1000000312924385,
    1.0000000149011612,
    -0.5000000074505806,
    -1.3000000193715096,
    -2.600000038743019,
    -1.8000000268220901,
    -1.700000025331974,
    1.700000025331974,
    3.400000050663948,
    -2.8000000417232513,
    -2.8000000417232513,
    5.000000074505806,
    9.100000135600567,
    8.50000012665987,
    9.400000140070915,
    9.00000013411045,
    8.100000120699406,
    2.2000000327825546,
    1.700000025331974,
    2.1000000312924385,
    5.500000081956387,
    3.6000000536441803,
    5.200000077486038,
    4.400000065565109,
    -0.10000000149011612,
    -1.600000023841858,
    2.600000038743019,
    4.000000059604645,
    0.0,
    1.8000000268220901,
    6.200000092387199,
    6.000000089406967,
    4.200000062584877,
    3.6000000536441803,
    5.000000074505806,
    3.7000000551342964,
    6.000000089406967,
    8.300000123679638,
    4.90000007301569,
    3.500000052154064,
    6.500000096857548,
    9.300000138580799,
    8.00000011920929,
    4.700000070035458,
    -0.6000000089406967,
    -0.5000000074505806,
    3.9000000581145287,
    3.0000000447034836,
    2.2000000327825546,
    2.500000037252903,
    4.500000067055225,
    8.600000128149986,
    10.900000162422657,
    9.00000013411045,
    10.000000149011612,
    11.900000177323818,
    13.600000202655792,
    13.600000202655792,
    9.500000141561031,
    8.00000011920929,
    10.500000156462193,
    11.500000171363354,
    10.100000150501728,
    11.000000163912773,
    12.000000178813934,
    10.900000162422657,
    10.600000157952309,
    12.000000178813934,
    11.000000163912773,
    9.00000013411045,
    8.00000011920929,
    7.200000107288361,
    2.2000000327825546,
    5.000000074505806,
    6.500000096857548,
    9.00000013411045,
    8.50000012665987,
    8.800000131130219
  ]
}