{
  "time": [
    1767225600000000000,
    1767312000000000000,
    1767398400000000000,
    1767484800000000000,
    1767571200000000000,
    1767657600000000000,
    1767744000000000000,
    1767830400000000000,
    1767916800000000000,
    1768003200000000000,
    1768089600000000000,
    1768176000000000000,
    1768262400000000000,
    1768348800000000000,
    1768435200000000000,
    1768521600000000000,
    1768608000000000000,
    1768694400000000000,
    1768780800000000000,
    1768867200000000000,
    1768953600000000000,
    1769040000000000000,
    1769126400000000000,
    1769212800000000000,
    1769299200000000000,
    1769385600000000000,
    1769472000000000000,
    1769558400000000000,
    1769644800000000000,
    1769731200000000000,
    1769817600000000000,
    1769904000000000000,
    1769990400000000000,
    1770076800000000000,
    1770163200000000000,
    1770249600000000000,
    1770336000000000000
  ],
  "tasmax": [
    3.0000000447034836,
    2.7000000402331352,
    0.4000000059604645,
    0.10000000149011612,
    -0.20000000298023224,
    0.20000000298023224,
    0.5000000074505806,
    5.200000077486038,
    6.900000102818012,
    -0.10000000149011612,
    1.1000000163912773,
    8.800000131130219,
    10.500000156462193,
    10.000000149011612,
    10.500000156462193,
    10.500000156462193,
    11.60000017285347,
    6.900000102818012,
    7.000000104308128,
    7.300000108778477,
    9.600000143051147,
    9.00000013411045,
    8.100000120699406,
    8.800000131130219,
    2.0000000298023224,
    -0.10000000149011612,
    5.900000087916851,
    5.500000081956387,
    0.800000011920929,
    6.000000089406967,
    8.50000012665987,
    8.600000128149986,
    7.300000108778477,
    7.400000110268593,
    7.700000114738941,
    9.00000013411045,
    8.600000128149986
  ]
}