{
  "time": [
    1767225600000000000,
    1767312000000000000,
    1767398400000000000,
    1767484800000000000,
    1767571200000000000,
    1767657600000000000,
    1767744000000000000,
    1767830400000000000,
    1767916800000000000,
    1768003200000000000,
    1768089600000000000,
    1768176000000000000,
    1768262400000000000,
    1768348800000000000,
    1768435200000000000,
    1768521600000000000,
    1768608000000000000,
    1768694400000000000,
    1768780800000000000,
    1768867200000000000,
    1768953600000000000,
    1769040000000000000,
    1769126400000000000,
    1769212800000000000,
    1769299200000000000,
    1769385600000000000,
    1769472000000000000,
    1769558400000000000,
    1769644800000000000,
    1769731200000000000,
    1769817600000000000,
    1769904000000000000,
    1769990400000000000,
    1770076800000000000,
    1770163200000000000,
    1770249600000000000,
    1770336000000000000,
    1770422400000000000,
    1770508800000000000,
    1770595200000000000,
    1770681600000000000,
    1770768000000000000,
    1770854400000000000,
    1770940800000000000,
    1771027200000000000,
    1771113600000000000,
    1771200000000000000,
    1771286400000000000,
    1771372800000000000,
    1771459200000000000,
    1771545600000000000,
    1771632000000000000,
    1771718400000000000,
    1771804800000000000,
    1771891200000000000,
    1771977600000000000,
    1772064000000000000,
    1772150400000000000,
    1772236800000000000,
    1772323200000000000,
    1772409600000000000,
    1772496000000000000,
    1772582400000000000,
    1772668800000000000,
    1772755200000000000,
    1772841600000000000,
    1772928000000000000,
    1773014400000000000,
    1773100800000000000,
    1773187200000000000,
    1773273600000000000,
    1773360000000000000,
    1773446400000000000,
    1773532800000000000,
    1773619200000000000,
    1773705600000000000,
    1773792000000000000
  ],
  "tasmax": [
    3.0000000447034836,
    2.7000000402331352,
    0.5000000074505806,
    0.10000000149011612,
    -0.20000000298023224,
    0.20000000298023224,
    0.5000000074505806,
    5.200000077486038,
    7.200000107288361,
    -0.10000000149011612,
    1.0000000149011612,
    8.900000132620335,
    10.500000156462193,
    10.000000149011612,
    10.400000154972076,
    10.400000154972076,
    11.500000171363354,
    6.800000101327896,
    7.000000104308128,
    7.400000110268593,
    9.80000014603138,
    9.00000013411045,
    8.100000120699406,
    8.800000131130219,
    2.1000000312924385,
    -0.10000000149011612,
    5.900000087916851,
    5.500000081956387,
    0.9000000134110451,
    6.000000089406967,
    8.600000128149986,
    8.50000012665987,
    7.000000104308128,
    7.400000110268593,
    7.700000114738941,
    9.00000013411045,
    8.800000131130219,
    12.300000183284283,
    9.00000013411045,
    7.800000116229057,
    10.400000154972076,
    10.800000160932541,
    9.300000138580799,
    7.200000107288361,
    1.0000000149011612,
    3.0000000447034836,
    6.500000096857548,
    4.700000070035458,
    5.500000081956387,
    5.200000077486038,
    7.800000116229057,
    10.900000162422657,
    11.900000177323818,
    10.600000157952309,
    12.000000178813934,
    18.500000275671482,
    17.80000026524067,
    17.80000026524067,
    12.000000178813934,
    13.000000193715096,
    15.900000236928463,
    17.00000025331974,
    15.600000232458115,
    17.80000026524067,
    17.100000254809856,
    16.00000023841858,
    17.30000025779009,
    16.800000250339508,
    15.300000227987766,
    11.000000163912773,
    12.000000178813934,
    10.400000154972076,
    5.000000074505806,
    9.100000135600567,
    9.500000141561031,
    13.100000195205212,
    13.300000198185444
  ]
}