{
  "time": [
    1767225600000000000,
    1767312000000000000,
    1767398400000000000,
    1767484800000000000,
    1767571200000000000,
    1767657600000000000,
    1767744000000000000,
    1767830400000000000,
    1767916800000000000,
    1768003200000000000,
    1768089600000000000,
    1768176000000000000,
    1768262400000000000,
    1768348800000000000,
    1768435200000000000,
    1768521600000000000,
    1768608000000000000,
    1768694400000000000,
    1768780800000000000,
    1768867200000000000,
    1768953600000000000,
    1769040000000000000,
    1769126400000000000,
    1769212800000000000,
    1769299200000000000,
    1769385600000000000,
    1769472000000000000,
    1769558400000000000,
    1769644800000000000,
    1769731200000000000,
    1769817600000000000,
    1769904000000000000,
    1769990400000000000,
    1770076800000000000
  ],
  "tasmin": [
    1.0000000149011612,
    -0.5000000074505806,
    -1.5000000223517418,
    -3.9000000581145287,
    -4.700000070035458,
    -4.000000059604645,
    -3.7000000551342964,
    -0.5000000074505806,
    0.10000000149011612,
    -5.500000081956387,
    -6.200000092387199,
    1.0000000149011612,
    7.500000111758709,
    7.500000111758709,
    8.300000123679638,
    6.500000096857548,
    4.700000070035458,
    -1.0000000149011612,
    -1.3000000193715096,
    -1.3000000193715096,
    3.200000047683716,
    -0.4000000059604645,
    2.3000000342726707,
    -0.20000000298023224,
    -2.500000037252903,
    -3.200000047683716,
    -0.6000000089406967,
    0.20000000298023224,
    -1.0000000149011612,
    -2.7000000402331352,
    2.7000000402331352,
    3.1000000461935997,
    2.1000000312924385,
    0.9000000134110451
  ]
}