{
  "time": [
    1767268800000000000,
    1767355200000000000,
    1767441600000000000
  ],
  "tasmin": [
    1.0000000149011612,
    -0.5000000074505806,
    -1.3000000193715096
  ]
}