{
  "time": [
    1767268800000000000
  ],
  "hurs": [
    80.0000011920929
  ],
  "pr": [
    2.9000000953674316
  ],
  "tas": [
    3.1000000461935997
  ],
  "tasmax": [
    4.200000062584877
  ],
  "tasmin": [
    2.0000000298023224
  ]
}