{
  "time": [
    1767225600000000000,
    1767312000000000000,
    1767398400000000000,
    1767484800000000000,
    1767571200000000000,
    1767657600000000000,
    1767744000000000000,
    1767830400000000000,
    1767916800000000000,
    1768003200000000000,
    1768089600000000000,
    1768176000000000000,
    1768262400000000000,
    1768348800000000000,
    1768435200000000000,
    1768521600000000000,
    1768608000000000000,
    1768694400000000000,
    1768780800000000000,
    1768867200000000000,
    1768953600000000000,
    1769040000000000000,
    1769126400000000000,
    1769212800000000000,
    1769299200000000000,
    1769385600000000000,
    1769472000000000000,
    1769558400000000000,
    1769644800000000000,
    1769731200000000000,
    1769817600000000000,
    1769904000000000000,
    1769990400000000000,
    1770076800000000000,
    1770163200000000000,
    1770249600000000000,
    1770336000000000000,
    1770422400000000000,
    1770508800000000000,
    1770595200000000000,
    1770681600000000000,
    1770768000000000000,
    1770854400000000000,
    1770940800000000000,
    1771027200000000000,
    1771113600000000000,
    1771200000000000000,
    1771286400000000000,
    1771372800000000000,
    1771459200000000000,
    1771545600000000000,
    1771632000000000000,
    1771718400000000000
  ],
  "hurs": [
    80.70000120252371,
    90.20000134408474,
    90.20000134408474,
    87.70000130683184,
    83.90000125020742,
    88.50000131875277,
    83.00000123679638,
    85.50000127404928,
    89.20000132918358,
    82.20000122487545,
    81.00000120699406,
    91.50000136345625,
    88.700001321733,
    92.50000137835741,
    83.40000124275684,
    82.20000122487545,
    77.20000115036964,
    86.00000128149986,
    83.70000124722719,
    74.70000111311674,
    65.50000097602606,
    67.50000100582838,
    71.00000105798244,
    80.20000119507313,
    79.50000118464231,
    91.70000136643648,
    88.50000131875277,
    93.50000139325857,
    95.5000014230609,
    86.70000129193068,
    85.20000126957893,
    84.20000125467777,
    72.50000108033419,
    82.5000012293458,
    81.00000120699406,
    80.70000120252371,
    85.50000127404928,
    84.50000125914812,
    91.50000136345625,
    81.20000120997429,
    82.20000122487545,
    95.5000014230609,
    92.20000137388706,
    80.40000119805336,
    79.70000118762255,
    80.0000011920929,
    91.2000013589859,
    87.70000130683184,
    74.00000110268593,
    81.9000012204051,
    81.50000121444464,
    88.700001321733,
    92.20000137388706
  ],
  "pr": [
    3.0,
    1.7999999523162842,
    5.400000095367432,
    0.30000001192092896,
    1.7999999523162842,
    0.0,
    3.0,
    6.699999809265137,
    12.5,
    0.0,
    1.399999976158142,
    9.600000381469727,
    3.5,
    2.5,
    0.10000000149011612,
    0.699999988079071,
    0.0,
    0.0,
    0.0,
    0.0,
    0.0,
    0.0,
    0.10000000149011612,
    0.10000000149011612,
    0.0,
    0.30000001192092896,
    3.4000000953674316,
    3.5,
    0.5,
    0.10000000149011612,
    0.20000000298023224,
    0.0,
    0.0,
    3.9000000953674316,
    0.0,
    0.0,
    1.2999999523162842,
    0.0,
    0.0,
    0.0,
    1.7999999523162842,
    7.400000095367432,
    3.799999952316284,
    0.0,
    0.0,
    3.9000000953674316,
    6.5,
    2.299999952316284,
    3.5999999046325684,
    4.900000095367432,
    2.5999999046325684,
    4.099999904632568,
    8.199999809265137
  ],
  "tas": [
    3.0000000447034836,
    1.1000000163912773,
    0.4000000059604645,
    0.10000000149011612,
    -1.700000025331974,
    -1.0000000149011612,
    -1.5000000223517418,
    1.8000000268220901,
    3.200000047683716,
    -2.3000000342726707,
    -3.400000050663948,
    3.400000050663948,
    8.50000012665987,
    8.00000011920929,
    9.600000143051147,
    10.000000149011612,
    8.50000012665987,
    2.8000000417232513,
    1.600000023841858,
    2.600000038743019,
    5.000000074505806,
    3.200000047683716,
    5.500000081956387,
    3.200000047683716,
    -0.10000000149011612,
    -0.10000000149011612,
    2.3000000342726707,
    2.7000000402331352,
    0.6000000089406967,
    2.2000000327825546,
    5.500000081956387,
    5.200000077486038,
    4.500000067055225,
    1.600000023841858,
    5.700000084936619,
    3.9000000581145287,
    5.000000074505806,
    8.100000120699406,
    4.700000070035458,
    3.7000000551342964,
    6.500000096857548,
    9.00000013411045,
    8.300000123679638,
    4.000000059604645,
    0.10000000149011612,
    -0.4000000059604645,
    3.9000000581145287,
    3.9000000581145287,
    2.3000000342726707,
    2.2000000327825546,
    3.200000047683716,
    9.100000135600567,
    11.400000169873238
  ],
  "tasmax": [
    4.000000059604645,
    3.400000050663948,
    1.1000000163912773,
    1.0000000149011612,
    -0.4000000059604645,
    0.5000000074505806,
    0.5000000074505806,
    2.8000000417232513,
    6.000000089406967,
    0.5000000074505806,
    0.20000000298023224,
    7.900000117719173,
    10.500000156462193,
    9.600000143051147,
    11.10000016540289,
    11.500000171363354,
    12.800000190734863,
    6.500000096857548,
    4.400000065565109,
    7.000000104308128,
    8.800000131130219,
    7.500000111758709,
    9.500000141561031,
    7.200000107288361,
    2.2000000327825546,
    0.5000000074505806,
    5.000000074505806,
    4.700000070035458,
    1.3000000193715096,
    5.200000077486038,
    7.800000116229057,
    8.00000011920929,
    8.00000011920929,
    5.000000074505806,
    11.400000169873238,
    8.00000011920929,
    7.800000116229057,
    12.800000190734863,
    8.00000011920929,
    7.800000116229057,
    9.100000135600567,
    10.600000157952309,
    9.600000143051147,
    7.300000108778477,
    1.1000000163912773,
    4.200000062584877,
    7.800000116229057,
    6.000000089406967,
    4.90000007301569,
    4.500000067055225,
    7.500000111758709,
    11.000000163912773,
    12.400000184774399
  ],
  "tasmin": [
    1.8000000268220901,
    0.10000000149011612,
    -0.20000000298023224,
    -2.3000000342726707,
    -3.9000000581145287,
    -3.200000047683716,
    -3.0000000447034836,
    0.20000000298023224,
    0.20000000298023224,
    -6.000000089406967,
    -7.900000117719173,
    0.10000000149011612,
    7.000000104308128,
    6.000000089406967,
    8.00000011920929,
    6.500000096857548,
    4.200000062584877,
    -0.10000000149011612,
    -0.800000011920929,
    -1.1000000163912773,
    1.600000023841858,
    -1.5000000223517418,
    3.400000050663948,
    -0.9000000134110451,
    -2.2000000327825546,
    -0.9000000134110451,
    -0.20000000298023224,
    0.20000000298023224,
    -0.10000000149011612,
    -0.4000000059604645,
    3.7000000551342964,
    2.600000038743019,
    1.0000000149011612,
    -1.1000000163912773,
    0.800000011920929,
    0.5000000074505806,
    2.3000000342726707,
    4.700000070035458,
    1.1000000163912773,
    -0.9000000134110451,
    3.6000000536441803,
    7.300000108778477,
    7.000000104308128,
    1.1000000163912773,
    -3.200000047683716,
    -5.200000077486038,
    0.800000011920929,
    2.600000038743019,
    0.6000000089406967,
    0.10000000149011612,
    -0.6000000089406967,
    7.300000108778477,
    10.000000149011612
  ]
}