{
  "time": [
    1767225600000000000,
    1767312000000000000,
    1767398400000000000,
    1767484800000000000,
    1767571200000000000,
    1767657600000000000,
    1767744000000000000,
    1767830400000000000,
    1767916800000000000,
    1768003200000000000,
    1768089600000000000,
    1768176000000000000,
    1768262400000000000,
    1768348800000000000,
    1768435200000000000,
    1768521600000000000,
    1768608000000000000,
    1768694400000000000,
    1768780800000000000,
    1768867200000000000,
    1768953600000000000,
    1769040000000000000,
    1769126400000000000,
    1769212800000000000,
    1769299200000000000,
    1769385600000000000,
    1769472000000000000,
    1769558400000000000,
    1769644800000000000,
    1769731200000000000,
    1769817600000000000,
    1769904000000000000,
    1769990400000000000,
    1770076800000000000,
    1770163200000000000,
    1770249600000000000,
    1770336000000000000,
    1770422400000000000,
    1770508800000000000,
    1770595200000000000,
    1770681600000000000,
    1770768000000000000,
    1770854400000000000,
    1770940800000000000,
    1771027200000000000,
    1771113600000000000,
    1771200000000000000,
    1771286400000000000,
    1771372800000000000,
    1771459200000000000
  ],
  "hurs": [
    80.70000120252371,
    90.20000134408474,
    90.20000134408474,
    87.70000130683184,
    83.90000125020742,
    88.50000131875277,
    83.00000123679638,
    85.50000127404928,
    89.20000132918358,
    82.20000122487545,
    81.00000120699406,
    91.50000136345625,
    88.700001321733,
    92.50000137835741,
    83.40000124275684,
    82.20000122487545,
    77.20000115036964,
    86.00000128149986,
    83.70000124722719,
    74.70000111311674,
    65.50000097602606,
    67.50000100582838,
    71.00000105798244,
    80.20000119507313,
    79.50000118464231,
    91.70000136643648,
    88.50000131875277,
    93.50000139325857,
    95.5000014230609,
    86.70000129193068,
    85.20000126957893,
    84.20000125467777,
    72.50000108033419,
    82.5000012293458,
    81.00000120699406,
    80.70000120252371,
    85.50000127404928,
    84.50000125914812,
    91.50000136345625,
    81.20000120997429,
    82.20000122487545,
    95.5000014230609,
    92.20000137388706,
    80.40000119805336,
    79.70000118762255,
    80.0000011920929,
    91.2000013589859,
    87.70000130683184,
    74.00000110268593,
    81.9000012204051
  ]
}