{
  "time": [
    1767225600000000000,
    1767312000000000000,
    1767398400000000000,
    1767484800000000000,
    1767571200000000000,
    1767657600000000000,
    1767744000000000000,
    1767830400000000000,
    1767916800000000000,
    1768003200000000000,
    1768089600000000000,
    1768176000000000000,
    1768262400000000000,
    1768348800000000000,
    1768435200000000000,
    1768521600000000000,
    1768608000000000000,
    1768694400000000000,
    1768780800000000000,
    1768867200000000000,
    1768953600000000000,
    1769040000000000000,
    1769126400000000000,
    1769212800000000000,
    1769299200000000000,
    1769385600000000000,
    1769472000000000000,
    1769558400000000000,
    1769644800000000000,
    1769731200000000000,
    1769817600000000000,
    1769904000000000000,
    1769990400000000000,
    1770076800000000000,
    1770163200000000000,
    1770249600000000000,
    1770336000000000000,
    1770422400000000000
  ],
  "hurs": [
    80.20000119507313,
    90.40000134706497,
    89.90000133961439,
    87.40000130236149,
    83.50000124424696,
    88.50000131875277,
    82.70000123232603,
    85.50000127404928,
    89.20000132918358,
    82.00000122189522,
    80.70000120252371,
    91.50000136345625,
    88.50000131875277,
    92.20000137388706,
    83.20000123977661,
    81.9000012204051,
    77.50000115483999,
    85.50000127404928,
    83.90000125020742,
    74.90000111609697,
    65.50000097602606,
    67.0000009983778,
    71.00000105798244,
    79.20000118017197,
    79.90000119060278,
    90.70000135153532,
    88.700001321733,
    93.20000138878822,
    95.20000141859055,
    86.90000129491091,
    85.50000127404928,
    84.20000125467777,
    72.50000108033419,
    82.5000012293458,
    81.00000120699406,
    80.70000120252371,
    85.50000127404928,
    84.50000125914812
  ]
}