{
  "time": [
    1767225600000000000,
    1767312000000000000,
    1767398400000000000,
    1767484800000000000,
    1767571200000000000,
    1767657600000000000,
    1767744000000000000,
    1767830400000000000,
    1767916800000000000,
    1768003200000000000,
    1768089600000000000,
    1768176000000000000,
    1768262400000000000,
    1768348800000000000,
    1768435200000000000,
    1768521600000000000,
    1768608000000000000,
    1768694400000000000,
    1768780800000000000,
    1768867200000000000,
    1768953600000000000,
    1769040000000000000,
    1769126400000000000,
    1769212800000000000,
    1769299200000000000,
    1769385600000000000,
    1769472000000000000,
    1769558400000000000,
    1769644800000000000,
    1769731200000000000,
    1769817600000000000,
    1769904000000000000,
    1769990400000000000,
    1770076800000000000,
    1770163200000000000,
    1770249600000000000,
    1770336000000000000,
    1770422400000000000,
    1770508800000000000,
    1770595200000000000,
    1770681600000000000,
    1770768000000000000,
    1770854400000000000,
    1770940800000000000,
    1771027200000000000,
    1771113600000000000,
    1771200000000000000,
    1771286400000000000,
    1771372800000000000,
    1771459200000000000,
    1771545600000000000,
    1771632000000000000,
    1771718400000000000,
    1771804800000000000,
    1771891200000000000,
    1771977600000000000,
    1772064000000000000,
    1772150400000000000,
    1772236800000000000,
    1772323200000000000,
    1772409600000000000,
    1772496000000000000,
    1772582400000000000,
    1772668800000000000,
    1772755200000000000,
    1772841600000000000,
    1772928000000000000,
    1773014400000000000,
    1773100800000000000,
    1773187200000000000,
    1773273600000000000,
    1773360000000000000,
    1773446400000000000,
    1773532800000000000,
    1773619200000000000,
    1773705600000000000,
    1773792000000000000,
    1773878400000000000,
    1773964800000000000,
    1774051200000000000,
    1774137600000000000,
    1774224000000000000,
    1774310400000000000,
    1774396800000000000,
    1774483200000000000
  ],
  "hurs": [
    80.70000120252371,
    90.20000134408474,
    90.20000134408474,
    87.70000130683184,
    83.90000125020742,
    88.50000131875277,
    83.00000123679638,
    85.50000127404928,
    89.20000132918358,
    82.20000122487545,
    81.00000120699406,
    91.50000136345625,
    88.700001321733,
    92.50000137835741,
    83.40000124275684,
    82.20000122487545,
    77.20000115036964,
    86.00000128149986,
    83.70000124722719,
    74.70000111311674,
    65.50000097602606,
    67.50000100582838,
    71.00000105798244,
    80.20000119507313,
    79.50000118464231,
    91.70000136643648,
    88.50000131875277,
    93.50000139325857,
    95.5000014230609,
    86.70000129193068,
    85.20000126957893,
    84.400001257658,
    73.200001090765,
    81.70000121742487,
    80.20000119507313,
    80.50000119954348,
    85.90000128000975,
    84.50000125914812,
    90.20000134408474,
    80.50000119954348,
    81.9000012204051,
    95.20000141859055,
    92.00000137090683,
    82.20000122487545,
    80.0000011920929,
    78.70000117272139,
    91.2000013589859,
    87.40000130236149,
    73.70000109821558,
    82.00000122189522,
    79.90000119060278,
    88.700001321733,
    93.40000139176846,
    82.5000012293458,
    94.00000140070915,
    81.00000120699406,
    76.00000113248825,
    69.20000103116035,
    74.70000111311674,
    68.70000102370977,
    60.700000904500484,
    64.20000095665455,
    75.00000111758709,
    57.700000859797,
    58.100000865757465,
    69.20000103116035,
    68.00000101327896,
    65.90000098198652,
    75.20000112056732,
    85.40000127255917,
    72.20000107586384,
    81.00000120699406,
    91.40000136196613,
    77.70000115782022,
    73.70000109821558,
    82.5000012293458,
    54.000000804662704,
    60.00000089406967,
    67.0000009983778,
    71.50000106543303,
    62.40000092983246,
    60.50000090152025,
    58.70000087469816,
    71.70000106841326,
    77.20000115036964
  ]
}