{
  "time": [
    1767290400000000000,
    1767376800000000000,
    1767463200000000000
  ],
  "pr": [
    2.9000000953674316,
    2.4000000953674316,
    5.400000095367432
  ]
}