{
  "time": [
    1767225600000000000,
    1767312000000000000,
    1767398400000000000,
    1767484800000000000,
    1767571200000000000,
    1767657600000000000,
    1767744000000000000,
    1767830400000000000,
    1767916800000000000,
    1768003200000000000,
    1768089600000000000,
    1768176000000000000,
    1768262400000000000,
    1768348800000000000,
    1768435200000000000,
    1768521600000000000,
    1768608000000000000,
    1768694400000000000,
    1768780800000000000,
    1768867200000000000,
    1768953600000000000,
    1769040000000000000,
    1769126400000000000,
    1769212800000000000,
    1769299200000000000,
    1769385600000000000,
    1769472000000000000,
    1769558400000000000,
    1769644800000000000,
    1769731200000000000,
    1769817600000000000,
    1769904000000000000,
    1769990400000000000,
    1770076800000000000,
    1770163200000000000,
    1770249600000000000,
    1770336000000000000,
    1770422400000000000,
    1770508800000000000,
    1770595200000000000,
    1770681600000000000,
    1770768000000000000,
    1770854400000000000,
    1770940800000000000,
    1771027200000000000,
    1771113600000000000,
    1771200000000000000,
    1771286400000000000,
    1771372800000000000,
    1771459200000000000,
    1771545600000000000
  ],
  "tas": [
    3.0000000447034836,
    1.1000000163912773,
    0.4000000059604645,
    0.10000000149011612,
    -1.700000025331974,
    -1.0000000149011612,
    -1.5000000223517418,
    1.8000000268220901,
    3.200000047683716,
    -2.3000000342726707,
    -3.400000050663948,
    3.400000050663948,
    8.50000012665987,
    8.00000011920929,
    9.600000143051147,
    10.000000149011612,
    8.50000012665987,
    2.8000000417232513,
    1.600000023841858,
    2.600000038743019,
    5.000000074505806,
    3.200000047683716,
    5.500000081956387,
    3.200000047683716,
    -0.10000000149011612,
    -0.10000000149011612,
    2.3000000342726707,
    2.7000000402331352,
    0.6000000089406967,
    2.2000000327825546,
    5.500000081956387,
    5.200000077486038,
    4.500000067055225,
    1.600000023841858,
    5.700000084936619,
    3.9000000581145287,
    5.000000074505806,
    8.100000120699406,
    4.700000070035458,
    3.7000000551342964,
    6.500000096857548,
    9.00000013411045,
    8.300000123679638,
    4.000000059604645,
    0.10000000149011612,
    -0.4000000059604645,
    3.9000000581145287,
    3.9000000581145287,
    2.3000000342726707,
    2.2000000327825546,
    3.200000047683716
  ]
}