{
  "time": [
    1767225600000000000,
    1767312000000000000,
    1767398400000000000,
    1767484800000000000,
    1767571200000000000,
    1767657600000000000,
    1767744000000000000,
    1767830400000000000,
    1767916800000000000,
    1768003200000000000,
    1768089600000000000,
    1768176000000000000,
    1768262400000000000,
    1768348800000000000,
    1768435200000000000,
    1768521600000000000,
    1768608000000000000,
    1768694400000000000,
    1768780800000000000,
    1768867200000000000,
    1768953600000000000,
    1769040000000000000,
    1769126400000000000,
    1769212800000000000,
    1769299200000000000,
    1769385600000000000,
    1769472000000000000,
    1769558400000000000,
    1769644800000000000,
    1769731200000000000,
    1769817600000000000,
    1769904000000000000,
    1769990400000000000,
    1770076800000000000,
    1770163200000000000,
    1770249600000000000,
    1770336000000000000,
    1770422400000000000,
    1770508800000000000,
    1770595200000000000,
    1770681600000000000,
    1770768000000000000,
    1770854400000000000
  ],
  "tasmin": [
    2.1000000312924385,
    0.20000000298023224,
    -0.20000000298023224,
    -2.600000038743019,
    -3.7000000551342964,
    -3.200000047683716,
    -3.0000000447034836,
    0.20000000298023224,
    0.20000000298023224,
    -5.900000087916851,
    -8.00000011920929,
    0.10000000149011612,
    7.000000104308128,
    6.000000089406967,
    8.00000011920929,
    6.500000096857548,
    4.200000062584877,
    -0.20000000298023224,
    -0.800000011920929,
    -1.1000000163912773,
    1.700000025331974,
    -1.600000023841858,
    3.200000047683716,
    -0.9000000134110451,
    -2.2000000327825546,
    -0.800000011920929,
    -0.20000000298023224,
    0.20000000298023224,
    -0.20000000298023224,
    -0.4000000059604645,
    3.500000052154064,
    2.600000038743019,
    1.0000000149011612,
    -1.1000000163912773,
    0.800000011920929,
    0.5000000074505806,
    2.3000000342726707,
    4.700000070035458,
    1.1000000163912773,
    -0.9000000134110451,
    3.6000000536441803,
    7.300000108778477,
    7.000000104308128
  ]
}