{
  "time": [
    1767225600000000000,
    1767312000000000000,
    1767398400000000000,
    1767484800000000000,
    1767571200000000000,
    1767657600000000000,
    1767744000000000000,
    1767830400000000000,
    1767916800000000000,
    1768003200000000000,
    1768089600000000000,
    1768176000000000000,
    1768262400000000000,
    1768348800000000000,
    1768435200000000000,
    1768521600000000000,
    1768608000000000000,
    1768694400000000000,
    1768780800000000000,
    1768867200000000000,
    1768953600000000000,
    1769040000000000000,
    1769126400000000000,
    1769212800000000000,
    1769299200000000000,
    1769385600000000000,
    1769472000000000000,
    1769558400000000000,
    1769644800000000000,
    1769731200000000000,
    1769817600000000000,
    1769904000000000000,
    1769990400000000000,
    1770076800000000000,
    1770163200000000000,
    1770249600000000000,
    1770336000000000000,
    1770422400000000000,
    1770508800000000000,
    1770595200000000000,
    1770681600000000000,
    1770768000000000000,
    1770854400000000000,
    1770940800000000000,
    1771027200000000000,
    1771113600000000000,
    1771200000000000000
  ],
  "tasmax": [
    4.000000059604645,
    3.400000050663948,
    1.1000000163912773,
    1.0000000149011612,
    -0.4000000059604645,
    0.5000000074505806,
    0.5000000074505806,
    2.8000000417232513,
    6.000000089406967,
    0.5000000074505806,
    0.20000000298023224,
    7.900000117719173,
    10.500000156462193,
    9.600000143051147,
    11.10000016540289,
    11.500000171363354,
    12.800000190734863,
    6.500000096857548,
    4.400000065565109,
    7.000000104308128,
    8.800000131130219,
    7.500000111758709,
    9.500000141561031,
    7.200000107288361,
    2.2000000327825546,
    0.5000000074505806,
    5.000000074505806,
    4.700000070035458,
    1.3000000193715096,
    5.200000077486038,
    7.800000116229057,
    8.00000011920929,
    8.00000011920929,
    5.000000074505806,
    11.400000169873238,
    8.00000011920929,
    7.800000116229057,
    12.800000190734863,
    8.00000011920929,
    7.800000116229057,
    9.100000135600567,
    10.600000157952309,
    9.600000143051147,
    7.300000108778477,
    1.1000000163912773,
    4.200000062584877,
    7.800000116229057
  ]
}