{
  "time": [
    1767268800000000000
  ],
  "hurs": [
    72.90000108629465
  ],
  "pr": [
    0.0
  ],
  "tas": [
    2.500000037252903
  ],
  "tasmax": [
    3.200000047683716
  ],
  "tasmin": [
    1.8000000268220901
  ]
}