{
  "time": [
    1767225600000000000,
    1767312000000000000,
    1767398400000000000,
    1767484800000000000,
    1767571200000000000,
    1767657600000000000,
    1767744000000000000,
    1767830400000000000,
    1767916800000000000,
    1768003200000000000,
    1768089600000000000,
    1768176000000000000,
    1768262400000000000,
    1768348800000000000,
    1768435200000000000,
    1768521600000000000,
    1768608000000000000,
    1768694400000000000,
    1768780800000000000,
    1768867200000000000,
    1768953600000000000,
    1769040000000000000,
    1769126400000000000,
    1769212800000000000,
    1769299200000000000,
    1769385600000000000,
    1769472000000000000,
    1769558400000000000,
    1769644800000000000,
    1769731200000000000,
    1769817600000000000,
    1769904000000000000,
    1769990400000000000,
    1770076800000000000,
    1770163200000000000,
    1770249600000000000,
    1770336000000000000,
    1770422400000000000,
    1770508800000000000,
    1770595200000000000,
    1770681600000000000,
    1770768000000000000,
    1770854400000000000
  ],
  "hurs": [
    73.00000108778477,
    66.70000099390745,
    69.00000102818012,
    70.20000104606152,
    62.90000093728304,
    75.20000112056732,
    69.90000104159117,
    77.00000114738941,
    79.20000118017197,
    75.20000112056732,
    79.50000118464231,
    78.2000011652708,
    91.70000136643648,
    90.50000134855509,
    88.20000131428242,
    81.20000120997429,
    78.50000116974115,
    63.20000094175339,
    54.20000080764294,
    65.00000096857548,
    69.90000104159117,
    67.70000100880861,
    73.70000109821558,
    76.00000113248825,
    83.70000124722719,
    88.00000131130219,
    90.20000134408474,
    85.0000012665987,
    84.70000126212835,
    84.20000125467777,
    79.70000118762255,
    88.00000131130219,
    85.70000127702951,
    74.50000111013651,
    82.70000123232603,
    91.2000013589859,
    92.20000137388706,
    94.40000140666962,
    92.70000138133764,
    86.50000128895044,
    74.50000111013651,
    83.90000125020742,
    81.20000120997429
  ],
  "pr": [
    0.0,
    0.5,
    0.800000011920929,
    0.4000000059604645,
    0.0,
    0.0,
    0.0,
    0.0,
    4.5,
    0.10000000149011612,
    0.0,
    2.5,
    0.10000000149011612,
    1.0,
    0.0,
    0.0,
    0.0,
    0.0,
    0.0,
    0.0,
    0.0,
    0.0,
    0.0,
    0.0,
    2.200000047683716,
    3.299999952316284,
    0.30000001192092896,
    0.0,
    2.5999999046325684,
    0.0,
    0.0,
    0.0,
    0.0,
    0.6000000238418579,
    0.4000000059604645,
    1.899999976158142,
    0.0,
    1.600000023841858,
    0.0,
    0.0,
    0.0,
    2.0,
    0.5
  ],
  "tas": [
    2.500000037252903,
    2.3000000342726707,
    0.6000000089406967,
    0.20000000298023224,
    -1.3000000193715096,
    -3.9000000581145287,
    -4.500000067055225,
    -5.500000081956387,
    -2.600000038743019,
    -6.400000095367432,
    -6.900000102818012,
    -6.200000092387199,
    2.0000000298023224,
    4.500000067055225,
    4.90000007301569,
    3.9000000581145287,
    4.200000062584877,
    3.400000050663948,
    1.1000000163912773,
    -1.8000000268220901,
    -3.200000047683716,
    -2.7000000402331352,
    -3.1000000461935997,
    -0.5000000074505806,
    0.4000000059604645,
    0.20000000298023224,
    0.20000000298023224,
    0.20000000298023224,
    -0.5000000074505806,
    0.20000000298023224,
    -1.3000000193715096,
    -6.70000009983778,
    -6.400000095367432,
    -2.8000000417232513,
    0.800000011920929,
    1.8000000268220901,
    3.1000000461935997,
    3.0000000447034836,
    1.600000023841858,
    2.2000000327825546,
    4.200000062584877,
    5.200000077486038,
    8.50000012665987
  ],
  "tasmax": [
    3.200000047683716,
    3.9000000581145287,
    2.2000000327825546,
    2.0000000298023224,
    0.20000000298023224,
    -1.1000000163912773,
    -0.6000000089406967,
    -1.8000000268220901,
    -1.5000000223517418,
    -2.2000000327825546,
    -4.000000059604645,
    -0.800000011920929,
    5.500000081956387,
    7.000000104308128,
    8.00000011920929,
    6.800000101327896,
    5.700000084936619,
    6.200000092387199,
    3.200000047683716,
    0.5000000074505806,
    -0.4000000059604645,
    1.3000000193715096,
    -2.0000000298023224,
    1.700000025331974,
    2.1000000312924385,
    2.2000000327825546,
    1.600000023841858,
    1.1000000163912773,
    0.4000000059604645,
    1.1000000163912773,
    0.9000000134110451,
    -5.500000081956387,
    -4.90000007301569,
    -0.20000000298023224,
    4.400000065565109,
    4.500000067055225,
    5.900000087916851,
    4.90000007301569,
    2.600000038743019,
    4.500000067055225,
    7.400000110268593,
    7.200000107288361,
    11.800000175833702
  ],
  "tasmin": [
    1.8000000268220901,
    0.5000000074505806,
    -1.0000000149011612,
    -2.3000000342726707,
    -6.200000092387199,
    -8.00000011920929,
    -10.100000150501728,
    -11.400000169873238,
    -5.000000074505806,
    -11.60000017285347,
    -13.90000020712614,
    -14.900000222027302,
    -1.3000000193715096,
    2.2000000327825546,
    2.0000000298023224,
    1.1000000163912773,
    1.600000023841858,
    1.0000000149011612,
    -1.700000025331974,
    -4.200000062584877,
    -5.500000081956387,
    -5.700000084936619,
    -5.200000077486038,
    -3.0000000447034836,
    -0.5000000074505806,
    -1.5000000223517418,
    -1.0000000149011612,
    -1.1000000163912773,
    -1.3000000193715096,
    -1.3000000193715096,
    -4.000000059604645,
    -7.400000110268593,
    -7.900000117719173,
    -4.500000067055225,
    -1.700000025331974,
    -0.4000000059604645,
    0.9000000134110451,
    1.0000000149011612,
    0.6000000089406967,
    0.20000000298023224,
    2.500000037252903,
    3.200000047683716,
    5.900000087916851
  ]
}