{
  "time": [
    1767225600000000000,
    1767312000000000000,
    1767398400000000000,
    1767484800000000000,
    1767571200000000000,
    1767657600000000000,
    1767744000000000000,
    1767830400000000000,
    1767916800000000000,
    1768003200000000000,
    1768089600000000000,
    1768176000000000000,
    1768262400000000000,
    1768348800000000000,
    1768435200000000000,
    1768521600000000000,
    1768608000000000000,
    1768694400000000000,
    1768780800000000000,
    1768867200000000000,
    1768953600000000000,
    1769040000000000000,
    1769126400000000000,
    1769212800000000000,
    1769299200000000000,
    1769385600000000000,
    1769472000000000000,
    1769558400000000000,
    1769644800000000000,
    1769731200000000000,
    1769817600000000000,
    1769904000000000000,
    1769990400000000000,
    1770076800000000000,
    1770163200000000000,
    1770249600000000000,
    1770336000000000000,
    1770422400000000000,
    1770508800000000000,
    1770595200000000000,
    1770681600000000000,
    1770768000000000000,
    1770854400000000000,
    1770940800000000000,
    1771027200000000000,
    1771113600000000000,
    1771200000000000000,
    1771286400000000000,
    1771372800000000000,
    1771459200000000000,
    1771545600000000000,
    1771632000000000000,
    1771718400000000000,
    1771804800000000000,
    1771891200000000000,
    1771977600000000000,
    1772064000000000000,
    1772150400000000000,
    1772236800000000000,
    1772323200000000000,
    1772409600000000000,
    1772496000000000000,
    1772582400000000000,
    1772668800000000000,
    1772755200000000000,
    1772841600000000000,
    1772928000000000000,
    1773014400000000000,
    1773100800000000000,
    1773187200000000000,
    1773273600000000000,
    1773360000000000000,
    1773446400000000000,
    1773532800000000000,
    1773619200000000000,
    1773705600000000000,
    1773792000000000000,
    1773878400000000000,
    1773964800000000000,
    1774051200000000000
  ],
  "hurs": [
    72.70000108331442,
    66.50000099092722,
    69.00000102818012,
    70.20000104606152,
    62.60000093281269,
    74.00000110268593,
    70.20000104606152,
    76.50000113993883,
    78.2000011652708,
    74.90000111609697,
    78.40000116825104,
    78.90000117570162,
    93.20000138878822,
    89.70000133663416,
    88.20000131428242,
    81.20000120997429,
    78.2000011652708,
    63.20000094175339,
    54.20000080764294,
    65.00000096857548,
    70.50000105053186,
    68.70000102370977,
    73.50000109523535,
    77.50000115483999,
    83.70000124722719,
    89.20000132918358,
    91.2000013589859,
    85.20000126957893,
    84.70000126212835,
    84.90000126510859,
    79.90000119060278,
    88.40000131726265,
    86.00000128149986,
    74.50000111013651,
    93.7000013962388,
    91.2000013589859,
    91.90000136941671,
    93.50000139325857,
    92.70000138133764,
    87.00000129640102,
    74.50000111013651,
    83.40000124275684,
    81.70000121742487,
    88.700001321733,
    84.00000125169754,
    68.2000010162592,
    78.70000117272139,
    93.50000139325857,
    87.70000130683184,
    77.20000115036964,
    68.00000101327896,
    78.40000116825104,
    86.50000128895044,
    79.70000118762255,
    86.50000128895044,
    81.20000120997429,
    77.20000115036964,
    73.50000109523535,
    71.20000106096268,
    67.90000101178885,
    69.00000102818012,
    67.50000100582838,
    75.00000111758709,
    66.00000098347664,
    63.70000094920397,
    67.0000009983778,
    66.90000099688768,
    59.60000088810921,
    62.500000931322575,
    67.40000100433826,
    68.00000101327896,
    55.70000082999468,
    61.90000092238188,
    84.00000125169754,
    79.70000118762255,
    70.00000104308128,
    70.7000010535121,
    71.90000107139349,
    78.50000116974115,
    89.70000133663416
  ],
  "pr": [
    0.0,
    0.5,
    0.800000011920929,
    0.4000000059604645,
    0.0,
    0.0,
    0.0,
    0.0,
    4.5,
    0.10000000149011612,
    0.0,
    2.5,
    0.10000000149011612,
    1.0,
    0.0,
    0.0,
    0.0,
    0.0,
    0.0,
    0.0,
    0.0,
    0.0,
    0.0,
    0.0,
    2.200000047683716,
    3.299999952316284,
    0.30000001192092896,
    0.0,
    2.5999999046325684,
    0.0,
    0.0,
    0.0,
    0.0,
    0.800000011920929,
    0.699999988079071,
    1.399999976158142,
    0.0,
    1.5,
    0.10000000149011612,
    0.0,
    0.0,
    1.600000023841858,
    0.699999988079071,
    1.7999999523162842,
    0.0,
    0.10000000149011612,
    4.099999904632568,
    7.900000095367432,
    0.4000000059604645,
    0.0,
    0.5,
    1.2000000476837158,
    6.0,
    4.5,
    0.5,
    0.0,
    0.0,
    0.0,
    0.0,
    0.0,
    0.0,
    0.0,
    0.0,
    0.20000000298023224,
    0.0,
    0.0,
    0.0,
    0.0,
    0.0,
    0.699999988079071,
    0.0,
    0.0,
    0.699999988079071,
    0.6000000238418579,
    0.4000000059604645,
    0.0,
    0.0,
    0.0,
    0.0,
    0.5
  ],
  "tas": [
    2.500000037252903,
    2.3000000342726707,
    0.6000000089406967,
    0.20000000298023224,
    -1.3000000193715096,
    -3.9000000581145287,
    -4.500000067055225,
    -5.500000081956387,
    -2.7000000402331352,
    -6.500000096857548,
    -6.800000101327896,
    -6.200000092387199,
    1.8000000268220901,
    4.700000070035458,
    4.90000007301569,
    3.9000000581145287,
    4.200000062584877,
    3.400000050663948,
    1.1000000163912773,
    -1.8000000268220901,
    -3.200000047683716,
    -2.8000000417232513,
    -3.0000000447034836,
    -0.5000000074505806,
    0.4000000059604645,
    0.20000000298023224,
    0.10000000149011612,
    0.20000000298023224,
    -0.5000000074505806,
    0.20000000298023224,
    -1.3000000193715096,
    -6.500000096857548,
    -6.400000095367432,
    -2.8000000417232513,
    -1.1000000163912773,
    1.8000000268220901,
    3.1000000461935997,
    3.0000000447034836,
    1.600000023841858,
    2.2000000327825546,
    4.200000062584877,
    5.200000077486038,
    8.300000123679638,
    5.4000000804662704,
    0.6000000089406967,
    -1.8000000268220901,
    -2.3000000342726707,
    0.6000000089406967,
    0.20000000298023224,
    -2.500000037252903,
    -2.600000038743019,
    5.500000081956387,
    9.500000141561031,
    9.00000013411045,
    6.000000089406967,
    6.000000089406967,
    8.00000011920929,
    10.400000154972076,
    10.400000154972076,
    7.400000110268593,
    6.000000089406967,
    6.500000096857548,
    5.700000084936619,
    5.700000084936619,
    7.200000107288361,
    8.400000125169754,
    7.700000114738941,
    9.00000013411045,
    10.500000156462193,
    11.10000016540289,
    9.400000140070915,
    10.800000160932541,
    10.500000156462193,
    6.000000089406967,
    5.700000084936619,
    4.700000070035458,
    5.700000084936619,
    7.000000104308128,
    6.000000089406967,
    3.200000047683716
  ],