{
  "time": [
    1767268800000000000,
    1767355200000000000,
    1767441600000000000
  ],
  "hurs": [
    72.90000108629465,
    66.50000099092722,
    69.40000103414059
  ],
  "pr": [
    0.0,
    0.4000000059604645,
    0.8999999761581421
  ],
  "tas": [
    2.500000037252903,
    2.3000000342726707,
    0.6000000089406967
  ],
  "tasmax": [
    3.200000047683716,
    4.000000059604645,
    2.500000037252903
  ],
  "tasmin": [
    1.8000000268220901,
    0.5000000074505806,
    -1.1000000163912773
  ]
}