{
  "time": [
    1767225600000000000,
    1767312000000000000,
    1767398400000000000,
    1767484800000000000,
    1767571200000000000,
    1767657600000000000,
    1767744000000000000,
    1767830400000000000,
    1767916800000000000,
    1768003200000000000,
    1768089600000000000,
    1768176000000000000,
    1768262400000000000,
    1768348800000000000,
    1768435200000000000,
    1768521600000000000,
    1768608000000000000,
    1768694400000000000,
    1768780800000000000,
    1768867200000000000,
    1768953600000000000,
    1769040000000000000,
    1769126400000000000,
    1769212800000000000,
    1769299200000000000,
    1769385600000000000,
    1769472000000000000,
    1769558400000000000,
    1769644800000000000,
    1769731200000000000,
    1769817600000000000,
    1769904000000000000,
    1769990400000000000,
    1770076800000000000,
    1770163200000000000,
    1770249600000000000,
    1770336000000000000,
    1770422400000000000,
    1770508800000000000,
    1770595200000000000,
    1770681600000000000,
    1770768000000000000,
    1770854400000000000,
    1770940800000000000,
    1771027200000000000,
    1771113600000000000
  ],
  "hurs": [
    72.70000108331442,
    66.50000099092722,
    69.00000102818012,
    70.20000104606152,
    62.60000093281269,
    74.00000110268593,
    70.20000104606152,
    76.50000113993883,
    78.2000011652708,
    74.90000111609697,
    78.40000116825104,
    78.90000117570162,
    93.20000138878822,
    89.70000133663416,
    88.20000131428242,
    81.20000120997429,
    78.2000011652708,
    63.20000094175339,
    54.20000080764294,
    65.00000096857548,
    70.50000105053186,
    68.70000102370977,
    73.50000109523535,
    77.50000115483999,
    83.70000124722719,
    89.20000132918358,
    91.2000013589859,
    85.20000126957893,
    84.70000126212835,
    84.90000126510859,
    79.90000119060278,
    88.00000131130219,
    85.70000127702951,
    74.50000111013651,
    82.70000123232603,
    91.2000013589859,
    92.20000137388706,
    94.40000140666962,
    92.70000138133764,
    86.50000128895044,
    74.50000111013651,
    83.90000125020742,
    81.20000120997429,
    88.700001321733,
    84.00000125169754,
    68.2000010162592
  ]
}