{
  "time": [
    1767225600000000000,
    1767312000000000000,
    1767398400000000000,
    1767484800000000000,
    1767571200000000000,
    1767657600000000000,
    1767744000000000000,
    1767830400000000000,
    1767916800000000000,
    1768003200000000000,
    1768089600000000000,
    1768176000000000000,
    1768262400000000000,
    1768348800000000000,
    1768435200000000000,
    1768521600000000000,
    1768608000000000000,
    1768694400000000000,
    1768780800000000000,
    1768867200000000000,
    1768953600000000000,
    1769040000000000000,
    1769126400000000000,
    1769212800000000000,
    1769299200000000000,
    1769385600000000000,
    1769472000000000000,
    1769558400000000000,
    1769644800000000000,
    1769731200000000000,
    1769817600000000000,
    1769904000000000000,
    1769990400000000000,
    1770076800000000000,
    1770163200000000000,
    1770249600000000000,
    1770336000000000000,
    1770422400000000000,
    1770508800000000000,
    1770595200000000000,
    1770681600000000000,
    1770768000000000000,
    1770854400000000000,
    1770940800000000000,
    1771027200000000000,
    1771113600000000000,
    1771200000000000000,
    1771286400000000000,
    1771372800000000000,
    1771459200000000000,
    1771545600000000000,
    1771632000000000000,
    1771718400000000000,
    1771804800000000000,
    1771891200000000000,
    1771977600000000000,
    1772064000000000000,
    1772150400000000000,
    1772236800000000000,
    1772323200000000000,
    1772409600000000000,
    1772496000000000000,
    1772582400000000000,
    1772668800000000000,
    1772755200000000000,
    1772841600000000000,
    1772928000000000000,
    1773014400000000000,
    1773100800000000000,
    1773187200000000000,
    1773273600000000000
  ],
  "hurs": [
    72.70000108331442,
    66.50000099092722,
    69.00000102818012,
    70.20000104606152,
    62.60000093281269,
    74.00000110268593,
    70.20000104606152,
    76.50000113993883,
    78.2000011652708,
    74.90000111609697,
    78.40000116825104,
    78.90000117570162,
    93.20000138878822,
    89.70000133663416,
    88.20000131428242,
    81.20000120997429,
    78.2000011652708,
    63.20000094175339,
    54.20000080764294,
    65.00000096857548,
    70.50000105053186,
    68.70000102370977,
    73.50000109523535,
    77.50000115483999,
    83.70000124722719,
    89.20000132918358,
    91.2000013589859,
    85.20000126957893,
    84.70000126212835,
    84.90000126510859,
    79.90000119060278,
    86.50000128895044,
    83.50000124424696,
    74.50000111013651,
    93.7000013962388,
    91.2000013589859,
    91.90000136941671,
    93.50000139325857,
    92.70000138133764,
    87.00000129640102,
    74.50000111013651,
    83.40000124275684,
    81.70000121742487,
    88.700001321733,
    84.00000125169754,
    68.2000010162592,
    78.70000117272139,
    93.50000139325857,
    87.70000130683184,
    77.20000115036964,
    68.00000101327896,
    78.40000116825104,
    86.50000128895044,
    79.70000118762255,
    86.70000129193068,
    81.20000120997429,
    77.20000115036964,
    75.00000111758709,
    71.20000106096268,
    67.90000101178885,
    69.00000102818012,
    67.50000100582838,
    75.00000111758709,
    66.00000098347664,
    63.70000094920397,
    67.0000009983778,
    66.90000099688768,
    59.60000088810921,
    62.500000931322575,
    67.40000100433826,
    68.00000101327896
  ]
}