{
  "time": [
    1767268800000000000,
    1767355200000000000,
    1767441600000000000
  ],
  "hurs": [
    72.90000108629465,
    66.50000099092722,
    69.40000103414059
  ]
}