{
  "time": [
    1767225600000000000,
    1767312000000000000,
    1767398400000000000,
    1767484800000000000,
    1767571200000000000,
    1767657600000000000,
    1767744000000000000,
    1767830400000000000,
    1767916800000000000,
    1768003200000000000,
    1768089600000000000,
    1768176000000000000,
    1768262400000000000,
    1768348800000000000,
    1768435200000000000,
    1768521600000000000,
    1768608000000000000,
    1768694400000000000,
    1768780800000000000,
    1768867200000000000,
    1768953600000000000,
    1769040000000000000,
    1769126400000000000,
    1769212800000000000,
    1769299200000000000,
    1769385600000000000,
    1769472000000000000,
    1769558400000000000,
    1769644800000000000,
    1769731200000000000,
    1769817600000000000,
    1769904000000000000,
    1769990400000000000,
    1770076800000000000,
    1770163200000000000,
    1770249600000000000,
    1770336000000000000,
    1770422400000000000,
    1770508800000000000,
    1770595200000000000
  ],
  "hurs": [
    73.00000108778477,
    66.70000099390745,
    69.00000102818012,
    70.20000104606152,
    62.90000093728304,
    75.20000112056732,
    69.90000104159117,
    77.00000114738941,
    79.20000118017197,
    75.20000112056732,
    79.50000118464231,
    78.2000011652708,
    91.70000136643648,
    90.50000134855509,
    88.20000131428242,
    81.20000120997429,
    78.50000116974115,
    63.20000094175339,
    54.20000080764294,
    65.00000096857548,
    69.90000104159117,
    67.70000100880861,
    73.70000109821558,
    76.00000113248825,
    83.70000124722719,
    88.00000131130219,
    90.20000134408474,
    85.0000012665987,
    84.70000126212835,
    84.20000125467777,
    79.70000118762255,
    88.00000131130219,
    85.70000127702951,
    74.50000111013651,
    82.70000123232603,
    91.2000013589859,
    92.20000137388706,
    94.40000140666962,
    92.70000138133764,
    86.50000128895044
  ]
}