{
  "time": [
    1767268800000000000,
    1767355200000000000,
    1767441600000000000
  ],
  "tas": [
    2.500000037252903,
    2.3000000342726707,
    0.6000000089406967
  ]
}