{
  "time": [
    1767268800000000000,
    1767355200000000000,
    1767441600000000000
  ],
  "tasmax": [
    3.200000047683716,
    4.000000059604645,
    2.500000037252903
  ]
}