{
  "time": [
    1767225600000000000,
    1767312000000000000,
    1767398400000000000,
    1767484800000000000,
    1767571200000000000,
    1767657600000000000,
    1767744000000000000,
    1767830400000000000,
    1767916800000000000,
    1768003200000000000,
    1768089600000000000,
    1768176000000000000,
    1768262400000000000,
    1768348800000000000,
    1768435200000000000,
    1768521600000000000,
    1768608000000000000,
    1768694400000000000,
    1768780800000000000,
    1768867200000000000,
    1768953600000000000,
    1769040000000000000,
    1769126400000000000,
    1769212800000000000,
    1769299200000000000,
    1769385600000000000,
    1769472000000000000,
    1769558400000000000,
    1769644800000000000,
    1769731200000000000,
    1769817600000000000,
    1769904000000000000,
    1769990400000000000,
    1770076800000000000,
    1770163200000000000,
    1770249600000000000
  ],
  "tasmin": [
    1.8000000268220901,
    0.5000000074505806,
    -1.0000000149011612,
    -2.3000000342726707,
    -6.200000092387199,
    -8.00000011920929,
    -10.100000150501728,
    -11.400000169873238,
    -5.000000074505806,
    -11.60000017285347,
    -13.90000020712614,
    -14.900000222027302,
    -1.3000000193715096,
    2.2000000327825546,
    2.0000000298023224,
    1.1000000163912773,
    1.600000023841858,
    1.0000000149011612,
    -1.700000025331974,
    -4.200000062584877,
    -5.500000081956387,
    -5.700000084936619,
    -5.200000077486038,
    -3.0000000447034836,
    -0.5000000074505806,
    -1.5000000223517418,
    -1.0000000149011612,
    -1.1000000163912773,
    -1.3000000193715096,
    -1.3000000193715096,
    -4.000000059604645,
    -7.400000110268593,
    -7.900000117719173,
    -4.500000067055225,
    -1.700000025331974,
    -0.4000000059604645
  ]
}