{
  "time": [
    1767225600000000000,
    1767312000000000000,
    1767398400000000000,
    1767484800000000000,
    1767571200000000000,
    1767657600000000000,
    1767744000000000000,
    1767830400000000000,
    1767916800000000000,
    1768003200000000000,
    1768089600000000000,
    1768176000000000000,
    1768262400000000000,
    1768348800000000000,
    1768435200000000000,
    1768521600000000000,
    1768608000000000000,
    1768694400000000000,
    1768780800000000000,
    1768867200000000000,
    1768953600000000000,
    1769040000000000000,
    1769126400000000000,
    1769212800000000000,
    1769299200000000000,
    1769385600000000000,
    1769472000000000000,
    1769558400000000000,
    1769644800000000000,
    1769731200000000000,
    1769817600000000000,
    1769904000000000000,
    1769990400000000000,
    1770076800000000000,
    1770163200000000000,
    1770249600000000000,
    1770336000000000000,
    1770422400000000000,
    1770508800000000000,
    1770595200000000000,
    1770681600000000000,
    1770768000000000000,
    1770854400000000000,
    1770940800000000000
  ],
  "tasmax": [
    3.200000047683716,
    3.9000000581145287,
    2.2000000327825546,
    2.0000000298023224,
    0.20000000298023224,
    -1.1000000163912773,
    -0.6000000089406967,
    -1.8000000268220901,
    -1.5000000223517418,
    -2.2000000327825546,
    -4.000000059604645,
    -0.800000011920929,
    5.500000081956387,
    7.000000104308128,
    8.00000011920929,
    6.800000101327896,
    5.700000084936619,
    6.200000092387199,
    3.200000047683716,
    0.5000000074505806,
    -0.4000000059604645,
    1.3000000193715096,
    -2.0000000298023224,
    1.700000025331974,
    2.1000000312924385,
    2.2000000327825546,
    1.600000023841858,
    1.1000000163912773,
    0.4000000059604645,
    1.1000000163912773,
    0.9000000134110451,
    -5.500000081956387,
    -4.90000007301569,
    -0.20000000298023224,
    4.400000065565109,
    4.500000067055225,
    5.900000087916851,
    4.90000007301569,
    2.600000038743019,
    4.500000067055225,
    7.400000110268593,
    7.200000107288361,
    11.800000175833702,
    7.800000116229057
  ]
}