{
  "time": [
    1767268800000000000
  ],
  "hurs": [
    81.50000121444464
  ],
  "pr": [
    9.399999618530273
  ],
  "tas": [
    2.7000000402331352
  ],
  "tasmax": [
    3.9000000581145287
  ],
  "tasmin": [
    1.0000000149011612
  ]
}