{
  "time": [
    1767268800000000000,
    1767355200000000000,
    1767441600000000000
  ],
  "hurs": [
    81.50000121444464,
    89.20000132918358,
    90.00000134110451
  ],
  "pr": [
    9.399999618530273,
    4.800000190734863,
    1.399999976158142
  ],
  "tas": [
    2.7000000402331352,
    1.1000000163912773,
    0.5000000074505806
  ],
  "tasmax": [
    3.9000000581145287,
    2.1000000312924385,
    1.3000000193715096
  ],
  "tasmin": [
    1.0000000149011612,
    0.20000000298023224,
    -0.20000000298023224
  ]
}