{
  "time": [
    1767268800000000000,
    1767355200000000000,
    1767441600000000000
  ],
  "hurs": [
    81.50000121444464,
    89.20000132918358,
    90.00000134110451
  ]
}