{
  "time": [
    1767268800000000000,
    1767355200000000000,
    1767441600000000000
  ],
  "tas": [
    2.7000000402331352,
    1.1000000163912773,
    0.5000000074505806
  ]
}