{
  "time": [
    1767225600000000000,
    1767312000000000000,
    1767398400000000000,
    1767484800000000000,
    1767571200000000000,
    1767657600000000000,
    1767744000000000000,
    1767830400000000000,
    1767916800000000000,
    1768003200000000000,
    1768089600000000000,
    1768176000000000000,
    1768262400000000000,
    1768348800000000000,
    1768435200000000000,
    1768521600000000000,
    1768608000000000000,
    1768694400000000000,
    1768780800000000000,
    1768867200000000000,
    1768953600000000000,
    1769040000000000000,
    1769126400000000000,
    1769212800000000000,
    1769299200000000000,
    1769385600000000000,
    1769472000000000000,
    1769558400000000000,
    1769644800000000000,
    1769731200000000000,
    1769817600000000000,
    1769904000000000000,
    1769990400000000000,
    1770076800000000000,
    1770163200000000000,
    1770249600000000000
  ],
  "tasmax": [
    3.9000000581145287,
    2.1000000312924385,
    1.3000000193715096,
    1.1000000163912773,
    0.10000000149011612,
    0.5000000074505806,
    0.800000011920929,
    3.200000047683716,
    6.500000096857548,
    -0.20000000298023224,
    -0.20000000298023224,
    6.400000095367432,
    9.80000014603138,
    9.900000147521496,
    11.500000171363354,
    12.000000178813934,
    12.600000187754631,
    3.400000050663948,
    4.90000007301569,
    6.500000096857548,
    7.500000111758709,
    4.200000062584877,
    5.200000077486038,
    1.600000023841858,
    0.9000000134110451,
    0.800000011920929,
    2.7000000402331352,
    2.2000000327825546,
    0.5000000074505806,
    3.1000000461935997,
    5.700000084936619,
    7.400000110268593,
    5.000000074505806,
    1.8000000268220901,
    8.50000012665987,
    3.9000000581145287
  ]
}