{
  "time": [
    1767225600000000000,
    1767312000000000000,
    1767398400000000000,
    1767484800000000000,
    1767571200000000000,
    1767657600000000000,
    1767744000000000000,
    1767830400000000000,
    1767916800000000000,
    1768003200000000000,
    1768089600000000000,
    1768176000000000000,
    1768262400000000000,
    1768348800000000000,
    1768435200000000000,
    1768521600000000000,
    1768608000000000000,
    1768694400000000000,
    1768780800000000000,
    1768867200000000000,
    1768953600000000000,
    1769040000000000000,
    1769126400000000000,
    1769212800000000000,
    1769299200000000000,
    1769385600000000000,
    1769472000000000000,
    1769558400000000000,
    1769644800000000000,
    1769731200000000000,
    1769817600000000000,
    1769904000000000000,
    1769990400000000000,
    1770076800000000000,
    1770163200000000000,
    1770249600000000000,
    1770336000000000000,
    1770422400000000000,
    1770508800000000000,
    1770595200000000000,
    1770681600000000000,
    1770768000000000000,
    1770854400000000000,
    1770940800000000000,
    1771027200000000000,
    1771113600000000000,
    1771200000000000000,
    1771286400000000000,
    1771372800000000000,
    1771459200000000000,
    1771545600000000000,
    1771632000000000000,
    1771718400000000000,
    1771804800000000000,
    1771891200000000000,
    1771977600000000000,
    1772064000000000000,
    1772150400000000000,
    1772236800000000000,
    1772323200000000000,
    1772409600000000000,
    1772496000000000000,
    1772582400000000000,
    1772668800000000000,
    1772755200000000000,
    1772841600000000000,
    1772928000000000000,
    1773014400000000000,
    1773100800000000000,
    1773187200000000000,
    1773273600000000000,
    1773360000000000000,
    1773446400000000000,
    1773532800000000000,
    1773619200000000000,
    1773705600000000000,
    1773792000000000000,
    1773878400000000000,
    1773964800000000000,
    1774051200000000000,
    1774137600000000000,
    1774224000000000000,
    1774310400000000000,
    1774396800000000000,
    1774483200000000000,
    1774569600000000000,
    1774656000000000000,
    1774742400000000000,
    1774828800000000000,
    1774915200000000000,
    1775001600000000000,
    1775088000000000000,
    1775174400000000000,
    1775260800000000000,
    1775347200000000000,
    1775433600000000000,
    1775520000000000000
  ],
  "hurs": [
    77.90000116080046,
    79.90000119060278,
    89.20000132918358,
    88.40000131726265,
    84.00000125169754,
    91.00000135600567,
    85.70000127702951,
    82.5000012293458,
    77.20000115036964,
    74.50000111013651,
    83.70000124722719,
    87.90000130981207,
    97.70000145584345,
    97.70000145584345,
    98.50000146776438,
    93.50000139325857,
    98.70000147074461,
    88.50000131875277,
    67.0000009983778,
    71.00000105798244,
    78.70000117272139,
    81.70000121742487,
    83.20000123977661,
    85.70000127702951,
    87.00000129640102,
    94.9000014141202,
    92.50000137835741,
    89.20000132918358,
    88.700001321733,
    88.700001321733,
    84.00000125169754,
    74.40000110864639,
    72.70000108331442,
    57.00000084936619,
    79.20000118017197,
    91.2000013589859,
    98.70000147074461,
    97.90000145882368,
    94.50000140815973,
    92.00000137090683,
    89.50000133365393,
    90.70000135153532,
    99.00000147521496,
    92.70000138133764,
    83.40000124275684,
    68.90000102669,
    78.70000117272139,
    86.00000128149986,
    81.50000121444464,
    75.00000111758709,
    74.20000110566616,
    87.70000130683184,
    95.5000014230609,
    87.20000129938126,
    88.00000131130219,
    87.5000013038516,
    83.00000123679638,
    78.40000116825104,
    63.000000938773155,
    63.70000094920397,
    65.00000096857548,
    67.0000009983778,
    67.70000100880861,
    59.60000088810921,
    56.10000083595514,
    62.500000931322575,
    61.200000911951065,
    59.20000088214874,
    69.20000103116035,
    69.20000103116035,
    63.000000938773155,
    56.00000083446503,
    69.70000103861094,
    82.5000012293458,
    89.00000132620335,
    72.20000107586384,
    66.00000098347664,
    64.00000095367432,
    76.00000113248825,
    76.00000113248825,
    57.50000085681677,
    57.700000859797,
    54.000000804662704,
    59.70000088959932,
    70.00000104308128,
    65.70000097900629,
    69.5000010356307,
    74.20000110566616,
    84.70000126212835,
    85.90000128000975,
    82.70000123232603,
    69.70000103861094,
    63.10000094026327,
    57.700000859797,
    66.70000099390745,
    54.70000081509352,
    59.20000088214874
  ],
  "pr": [
    0.0,
    3.5999999046325684,
    5.0,
    0.800000011920929,
    0.0,
    0.0,
    0.0,
    0.30000001192092896,
    0.0,
    0.0,
    0.0,
    2.799999952316284,
    0.0,
    2.9000000953674316,
    0.0,
    0.0,
    0.0,
    0.0,
    0.0,
    0.0,
    0.0,
    0.0,
    0.0,
    0.0,
    6.300000190734863,
    0.5,
    0.0,
    0.0,
    0.0,
    0.20000000298023224,
    0.0,
    0.0,
    0.0,
    0.30000001192092896,
    4.400000095367432,
    3.0999999046325684,
    0.0,
    0.0,
    0.0,
    0.0,
    0.0,
    2.0,
    10.399999618530273,
    1.0,
    0.0,
    0.0,
    0.20000000298023224,
    0.8999999761581421,
    0.0,
    0.0,
    0.800000011920929,
    1.2999999523162842,
    8.0,
    9.800000190734863,
    0.0,
    0.0,
    0.0,
    0.0,
    0.0,
    0.0,
    0.0,
    0.0,
    0.0,
    0.0,
    0.0,
    0.0,
    0.0,
    0.0,
    0.0,
    0.0,
    0.0,
    0.10000000149011612,
    0.6000000238418579,
    0.0,
    1.899999976158142,
    0.0,
    0.0,
    0.0,
    0.0,
    0.0,
    0.0,
    0.0,
    0.0,
    0.4000000059604645,
    0.800000011920929,
    0.0,
    1.2999999523162842,
    0.10000000149011612,
    2.299999952316284,
    2.299999952316284,
    0.0,
    0.0,
    0.800000011920929,
    0.5,
    4.099999904632568,
    0.0,
    0.0
  ],