{
  "time": [
    1767225600000000000,
    1767312000000000000,
    1767398400000000000,
    1767484800000000000,
    1767571200000000000,
    1767657600000000000,
    1767744000000000000,
    1767830400000000000,
    1767916800000000000,
    1768003200000000000,
    1768089600000000000,
    1768176000000000000,
    1768262400000000000,
    1768348800000000000,
    1768435200000000000,
    1768521600000000000,
    1768608000000000000,
    1768694400000000000,
    1768780800000000000,
    1768867200000000000,
    1768953600000000000,
    1769040000000000000,
    1769126400000000000,
    1769212800000000000,
    1769299200000000000,
    1769385600000000000,
    1769472000000000000,
    1769558400000000000,
    1769644800000000000,
    1769731200000000000,
    1769817600000000000,
    1769904000000000000,
    1769990400000000000,
    1770076800000000000,
    1770163200000000000,
    1770249600000000000,
    1770336000000000000,
    1770422400000000000,
    1770508800000000000,
    1770595200000000000,
    1770681600000000000,
    1770768000000000000,
    1770854400000000000,
    1770940800000000000,
    1771027200000000000,
    1771113600000000000,
    1771200000000000000,
    1771286400000000000,
    1771372800000000000,
    1771459200000000000,
    1771545600000000000,
    1771632000000000000,
    1771718400000000000,
    1771804800000000000,
    1771891200000000000,
    1771977600000000000,
    1772064000000000000,
    1772150400000000000,
    1772236800000000000,
    1772323200000000000,
    1772409600000000000,
    1772496000000000000
  ],
  "hurs": [
    77.90000116080046,
    79.90000119060278,
    89.20000132918358,
    88.40000131726265,
    84.00000125169754,
    91.00000135600567,
    85.70000127702951,
    82.5000012293458,
    77.20000115036964,
    74.50000111013651,
    83.70000124722719,
    87.90000130981207,
    97.70000145584345,
    97.70000145584345,
    98.50000146776438,
    93.50000139325857,
    98.70000147074461,
    88.50000131875277,
    67.0000009983778,
    71.00000105798244,
    78.70000117272139,
    81.70000121742487,
    83.20000123977661,
    85.70000127702951,
    87.00000129640102,
    94.9000014141202,
    92.50000137835741,
    89.20000132918358,
    88.700001321733,
    88.700001321733,
    84.00000125169754,
    74.40000110864639,
    72.70000108331442,
    57.00000084936619,
    79.20000118017197,
    91.2000013589859,
    98.70000147074461,
    97.90000145882368,
    94.50000140815973,
    92.00000137090683,
    89.50000133365393,
    90.70000135153532,
    99.00000147521496,
    92.70000138133764,
    83.40000124275684,
    68.90000102669,
    78.70000117272139,
    86.00000128149986,
    81.50000121444464,
    75.00000111758709,
    74.20000110566616,
    87.70000130683184,
    95.5000014230609,
    87.20000129938126,
    88.20000131428242,
    87.5000013038516,
    83.00000123679638,
    78.2000011652708,
    64.70000096410513,
    64.40000095963478,
    64.90000096708536,
    67.0000009983778
  ],
  "pr": [
    0.0,
    3.5999999046325684,
    5.0,
    0.800000011920929,
    0.0,
    0.0,
    0.0,
    0.30000001192092896,
    0.0,
    0.0,
    0.0,
    2.799999952316284,
    0.0,
    2.9000000953674316,
    0.0,
    0.0,
    0.0,
    0.0,
    0.0,
    0.0,
    0.0,
    0.0,
    0.0,
    0.0,
    6.300000190734863,
    0.5,
    0.0,
    0.0,
    0.0,
    0.20000000298023224,
    0.0,
    0.0,
    0.0,
    0.30000001192092896,
    4.400000095367432,
    3.0999999046325684,
    0.0,
    0.0,
    0.0,
    0.0,
    0.0,
    2.0,
    10.399999618530273,
    1.0,
    0.0,
    0.0,
    0.20000000298023224,
    0.8999999761581421,
    0.0,
    0.0,
    0.800000011920929,
    1.2999999523162842,
    8.0,
    9.800000190734863,
    0.0,
    0.0,
    0.0,
    0.0,
    0.0,
    0.0,
    0.0,
    0.0
  ],
  "tas": [
    3.400000050663948,
    2.1000000312924385,
    0.0,
    -1.5000000223517418,
    -1.700000025331974,
    -5.4000000804662704,
    -5.500000081956387,
    -6.500000096857548,
    -6.000000089406967,
    -4.400000065565109,
    -6.000000089406967,
    -6.200000092387199,
    1.5000000223517418,
    3.200000047683716,
    2.600000038743019,
    3.7000000551342964,
    1.3000000193715096,
    1.5000000223517418,
    0.10000000149011612,
    -2.1000000312924385,
    -3.500000052154064,
    -4.000000059604645,
    -6.000000089406967,
    -3.200000047683716,
    -2.7000000402331352,
    -0.5000000074505806,
    -0.6000000089406967,
    -0.9000000134110451,
    -1.700000025331974,
    -2.7000000402331352,
    -5.000000074505806,
    -7.300000108778477,
    -8.400000125169754,
    -6.200000092387199,
    -5.700000084936619,
    -3.0000000447034836,
    0.20000000298023224,
    1.3000000193715096,
    0.20000000298023224,
    0.10000000149011612,
    1.3000000193715096,
    4.200000062584877,
    5.700000084936619,
    1.1000000163912773,
    0.0,
    -1.8000000268220901,
    -4.000000059604645,
    -2.500000037252903,
    -2.7000000402331352,
    -4.400000065565109,
    -3.200000047683716,
    5.000000074505806,
    8.600000128149986,
    7.700000114738941,
    6.000000089406967,
    4.700000070035458,
    7.500000111758709,
    11.60000017285347,
    12.400000184774399,
    7.800000116229057,
    7.300000108778477,
    7.900000117719173
  ],
  "tasmax": [
    4.400000065565109,
    3.200000047683716,
    0.800000011920929,
    0.20000000298023224,
    0.20000000298023224,
    -2.2000000327825546,
    -3.0000000447034836,
    -3.9000000581145287,
    -4.200000062584877,
    -0.20000000298023224,
    -2.8000000417232513,
    -1.0000000149011612,
    3.6000000536441803,
    6.200000092387199,
    5.000000074505806,
    7.700000114738941,
    3.0000000447034836,
    4.500000067055225,
    4.700000070035458,
    1.3000000193715096,
    1.600000023841858,
    0.20000000298023224,
    -4.400000065565109,
    -1.700000025331974,
    -1.5000000223517418,
    0.4000000059604645,
    0.20000000298023224,
    -0.10000000149011612,
    -0.5000000074505806,
    -1.5000000223517418,
    -2.500000037252903,
    -6.200000092387199,
    -6.900000102818012,
    -4.000000059604645,
    -4.500000067055225,
    -0.9000000134110451,
    1.1000000163912773,
    2.7000000402331352,
    0.800000011920929,
    0.9000000134110451,
    3.7000000551342964,
    7.900000117719173,
    8.900000132620335,
    2.2000000327825546,
    1.1000000163912773,
    1.1000000163912773,
    -2.7000000402331352,
    0.0,
    -0.5000000074505806,
    0.5000000074505806,
    1.0000000149011612,
    8.800000131130219,
    10.600000157952309,
    11.500000171363354,
    7.000000104308128,
    11.300000168383121,
    14.500000216066837,
    18.80000028014183,
    19.000000283122063,
    11.10000016540289,
    15.100000225007534,
    17.00000025331974
  ],