{
  "time": [
    1767225600000000000,
    1767312000000000000,
    1767398400000000000,
    1767484800000000000,
    1767571200000000000,
    1767657600000000000,
    1767744000000000000,
    1767830400000000000,
    1767916800000000000,
    1768003200000000000,
    1768089600000000000,
    1768176000000000000,
    1768262400000000000,
    1768348800000000000,
    1768435200000000000,
    1768521600000000000,
    1768608000000000000,
    1768694400000000000,
    1768780800000000000,
    1768867200000000000,
    1768953600000000000,
    1769040000000000000,
    1769126400000000000,
    1769212800000000000,
    1769299200000000000,
    1769385600000000000,
    1769472000000000000,
    1769558400000000000,
    1769644800000000000,
    1769731200000000000,
    1769817600000000000,
    1769904000000000000,
    1769990400000000000,
    1770076800000000000,
    1770163200000000000,
    1770249600000000000,
    1770336000000000000,
    1770422400000000000,
    1770508800000000000,
    1770595200000000000,
    1770681600000000000,
    1770768000000000000,
    1770854400000000000,
    1770940800000000000,
    1771027200000000000,
    1771113600000000000,
    1771200000000000000,
    1771286400000000000,
    1771372800000000000
  ],
  "hurs": [
    77.90000116080046,
    79.90000119060278,
    89.20000132918358,
    88.40000131726265,
    84.00000125169754,
    91.00000135600567,
    85.70000127702951,
    82.5000012293458,
    77.20000115036964,
    74.50000111013651,
    83.70000124722719,
    87.90000130981207,
    97.70000145584345,
    97.70000145584345,
    98.50000146776438,
    93.50000139325857,
    98.70000147074461,
    88.50000131875277,
    67.0000009983778,
    71.00000105798244,
    78.70000117272139,
    81.70000121742487,
    83.20000123977661,
    85.70000127702951,
    87.00000129640102,
    94.9000014141202,
    92.50000137835741,
    89.20000132918358,
    88.700001321733,
    88.700001321733,
    84.00000125169754,
    73.90000110119581,
    72.20000107586384,
    57.20000085234642,
    80.50000119954348,
    91.50000136345625,
    99.00000147521496,
    98.20000146329403,
    93.00000138580799,
    93.00000138580799,
    89.70000133663416,
    91.70000136643648,
    97.20000144839287,
    93.50000139325857,
    84.00000125169754,
    69.00000102818012,
    78.2000011652708,
    85.90000128000975,
    83.70000124722719
  ],
  "pr": [
    0.0,
    3.5999999046325684,
    5.0,
    0.800000011920929,
    0.0,
    0.0,
    0.0,
    0.30000001192092896,
    0.0,
    0.0,
    0.0,
    2.799999952316284,
    0.0,
    2.9000000953674316,
    0.0,
    0.0,
    0.0,
    0.0,
    0.0,
    0.0,
    0.0,
    0.0,
    0.0,
    0.0,
    6.300000190734863,
    0.5,
    0.0,
    0.0,
    0.0,
    0.20000000298023224,
    0.0,
    0.0,
    0.0,
    0.10000000149011612,
    4.599999904632568,
    2.9000000953674316,
    0.0,
    0.0,
    0.0,
    0.0,
    0.0,
    2.0999999046325684,
    10.699999809265137,
    1.100000023841858,
    0.0,
    0.0,
    0.20000000298023224,
    0.8999999761581421,
    0.0
  ],
  "tas": [
    3.400000050663948,
    2.1000000312924385,
    0.0,
    -1.5000000223517418,
    -1.700000025331974,
    -5.4000000804662704,
    -5.500000081956387,
    -6.500000096857548,
    -6.000000089406967,
    -4.400000065565109,
    -6.000000089406967,
    -6.200000092387199,
    1.5000000223517418,
    3.200000047683716,
    2.600000038743019,
    3.7000000551342964,
    1.3000000193715096,
    1.5000000223517418,
    0.10000000149011612,
    -2.1000000312924385,
    -3.500000052154064,
    -4.000000059604645,
    -6.000000089406967,
    -3.200000047683716,
    -2.7000000402331352,
    -0.5000000074505806,
    -0.6000000089406967,
    -0.9000000134110451,
    -1.700000025331974,
    -2.7000000402331352,
    -5.000000074505806,
    -7.200000107288361,
    -8.400000125169754,
    -6.200000092387199,
    -5.700000084936619,
    -3.0000000447034836,
    0.20000000298023224,
    1.3000000193715096,
    0.4000000059604645,
    0.0,
    1.3000000193715096,
    4.200000062584877,
    5.900000087916851,
    1.1000000163912773,
    0.0,
    -1.8000000268220901,
    -4.000000059604645,
    -2.500000037252903,
    -2.7000000402331352
  ],
  "tasmax": [
    4.400000065565109,
    3.200000047683716,
    0.800000011920929,
    0.20000000298023224,
    0.20000000298023224,
    -2.2000000327825546,
    -3.0000000447034836,
    -3.9000000581145287,
    -4.200000062584877,
    -0.20000000298023224,
    -2.8000000417232513,
    -1.0000000149011612,
    3.6000000536441803,
    6.200000092387199,
    5.000000074505806,
    7.700000114738941,
    3.0000000447034836,
    4.500000067055225,
    4.700000070035458,
    1.3000000193715096,
    1.600000023841858,
    0.20000000298023224,
    -4.400000065565109,
    -1.700000025331974,
    -1.5000000223517418,
    0.4000000059604645,
    0.20000000298023224,
    -0.10000000149011612,
    -0.5000000074505806,
    -1.5000000223517418,
    -2.500000037252903,
    -6.200000092387199,
    -6.800000101327896,
    -4.000000059604645,
    -4.500000067055225,
    -0.9000000134110451,
    1.1000000163912773,
    2.7000000402331352,
    1.0000000149011612,
    0.6000000089406967,
    3.7000000551342964,
    7.900000117719173,
    9.00000013411045,
    2.1000000312924385,
    1.1000000163912773,
    1.1000000163912773,
    -2.8000000417232513,
    0.0,
    -0.5000000074505806
  ],
  "tasmin": [
    2.1000000312924385,
    -0.4000000059604645,
    -1.0000000149011612,
    -4.700000070035458,
    -7.400000110268593,
    -8.300000123679638,
    -8.50000012665987,
    -10.400000154972076,
    -8.00000011920929,
    -7.000000104308128,
    -9.600000143051147,
    -11.800000175833702,
    -0.800000011920929,
    -1.700000025331974,
    -1.8000000268220901,
    0.10000000149011612,
    -1.1000000163912773,
    -1.600000023841858,
    -3.7000000551342964,
    -5.700000084936619,
    -6.70000009983778,
    -7.000000104308128,
    -7.700000114738941,
    -4.400000065565109,
    -3.400000050663948,
    -1.3000000193715096,
    -1.5000000223517418,
    -1.3000000193715096,
    -3.400000050663948,
    -3.9000000581145287,
    -7.000000104308128,
    -8.00000011920929,
    -9.900000147521496,
    -8.800000131130219,
    -7.300000108778477,
    -5.500000081956387,
    -1.3000000193715096,
    0.5000000074505806,
    -0.20000000298023224,
    -0.5000000074505806,
    -0.10000000149011612,
    1.5000000223517418,
    2.0000000298023224,
    0.20000000298023224,
    -1.5000000223517418,
    -4.700000070035458,
    -5.000000074505806,
    -4.500000067055225,
    -8.300000123679638
  ]
}