{
  "time": [
    1767268800000000000,
    1767355200000000000,
    1767441600000000000
  ],
  "hurs": [
    78.50000116974115,
    80.0000011920929,
    89.50000133365393
  ],
  "pr": [
    0.0,
    3.9000000953674316,
    5.400000095367432
  ],
  "tas": [
    3.200000047683716,
    2.0000000298023224,
    -0.10000000149011612
  ],
  "tasmax": [
    4.200000062584877,
    3.200000047683716,
    0.6000000089406967
  ],
  "tasmin": [
    1.8000000268220901,
    -0.4000000059604645,
    -1.1000000163912773
  ]
}