{
  "time": [
    1767225600000000000,
    1767312000000000000,
    1767398400000000000,
    1767484800000000000,
    1767571200000000000,
    1767657600000000000,
    1767744000000000000,
    1767830400000000000,
    1767916800000000000,
    1768003200000000000,
    1768089600000000000,
    1768176000000000000,
    1768262400000000000,
    1768348800000000000,
    1768435200000000000,
    1768521600000000000,
    1768608000000000000,
    1768694400000000000,
    1768780800000000000,
    1768867200000000000,
    1768953600000000000,
    1769040000000000000,
    1769126400000000000,
    1769212800000000000,
    1769299200000000000,
    1769385600000000000,
    1769472000000000000,
    1769558400000000000,
    1769644800000000000,
    1769731200000000000,
    1769817600000000000,
    1769904000000000000,
    1769990400000000000,
    1770076800000000000,
    1770163200000000000,
    1770249600000000000,
    1770336000000000000,
    1770422400000000000,
    1770508800000000000,
    1770595200000000000,
    1770681600000000000,
    1770768000000000000,
    1770854400000000000,
    1770940800000000000,
    1771027200000000000,
    1771113600000000000
  ],
  "hurs": [
    77.90000116080046,
    79.90000119060278,
    89.20000132918358,
    88.40000131726265,
    84.00000125169754,
    91.00000135600567,
    85.70000127702951,
    82.5000012293458,
    77.20000115036964,
    74.50000111013651,
    83.70000124722719,
    87.90000130981207,
    97.70000145584345,
    97.70000145584345,
    98.50000146776438,
    93.50000139325857,
    98.70000147074461,
    88.50000131875277,
    67.0000009983778,
    71.00000105798244,
    78.70000117272139,
    81.70000121742487,
    83.20000123977661,
    85.70000127702951,
    87.00000129640102,
    94.9000014141202,
    92.50000137835741,
    89.20000132918358,
    88.700001321733,
    88.700001321733,
    84.00000125169754,
    73.90000110119581,
    72.20000107586384,
    57.20000085234642,
    80.50000119954348,
    91.50000136345625,
    99.00000147521496,
    98.20000146329403,
    93.00000138580799,
    93.00000138580799,
    89.70000133663416,
    91.70000136643648,
    97.20000144839287,
    93.50000139325857,
    84.00000125169754,
    69.00000102818012
  ]
}