{
  "time": [
    1767225600000000000,
    1767312000000000000,
    1767398400000000000,
    1767484800000000000,
    1767571200000000000,
    1767657600000000000,
    1767744000000000000,
    1767830400000000000,
    1767916800000000000,
    1768003200000000000,
    1768089600000000000,
    1768176000000000000,
    1768262400000000000,
    1768348800000000000,
    1768435200000000000,
    1768521600000000000,
    1768608000000000000,
    1768694400000000000,
    1768780800000000000,
    1768867200000000000,
    1768953600000000000,
    1769040000000000000,
    1769126400000000000,
    1769212800000000000,
    1769299200000000000,
    1769385600000000000,
    1769472000000000000,
    1769558400000000000,
    1769644800000000000,
    1769731200000000000,
    1769817600000000000,
    1769904000000000000,
    1769990400000000000,
    1770076800000000000,
    1770163200000000000
  ],
  "hurs": [
    77.70000115782022,
    80.50000119954348,
    89.00000132620335,
    87.5000013038516,
    83.20000123977661,
    91.70000136643648,
    85.50000127404928,
    82.40000122785568,
    76.50000113993883,
    75.00000111758709,
    84.00000125169754,
    87.70000130683184,
    97.4000014513731,
    97.70000145584345,
    98.90000147372484,
    93.50000139325857,
    99.900001488626,
    89.40000133216381,
    66.50000099092722,
    70.90000105649233,
    78.50000116974115,
    81.50000121444464,
    84.70000126212835,
    85.50000127404928,
    87.5000013038516,
    95.00000141561031,
    92.20000137388706,
    87.90000130981207,
    87.70000130683184,
    88.50000131875277,
    81.70000121742487,
    73.90000110119581,
    72.20000107586384,
    57.20000085234642,
    80.50000119954348
  ]
}