{
  "time": [
    1767225600000000000,
    1767312000000000000,
    1767398400000000000,
    1767484800000000000,
    1767571200000000000,
    1767657600000000000,
    1767744000000000000,
    1767830400000000000,
    1767916800000000000,
    1768003200000000000,
    1768089600000000000,
    1768176000000000000,
    1768262400000000000,
    1768348800000000000,
    1768435200000000000,
    1768521600000000000,
    1768608000000000000,
    1768694400000000000,
    1768780800000000000,
    1768867200000000000,
    1768953600000000000,
    1769040000000000000,
    1769126400000000000,
    1769212800000000000,
    1769299200000000000,
    1769385600000000000,
    1769472000000000000,
    1769558400000000000,
    1769644800000000000,
    1769731200000000000,
    1769817600000000000,
    1769904000000000000,
    1769990400000000000,
    1770076800000000000,
    1770163200000000000,
    1770249600000000000,
    1770336000000000000,
    1770422400000000000,
    1770508800000000000,
    1770595200000000000,
    1770681600000000000,
    1770768000000000000
  ],
  "tas": [
    3.400000050663948,
    2.0000000298023224,
    0.0,
    -1.3000000193715096,
    -1.600000023841858,
    -5.500000081956387,
    -5.500000081956387,
    -6.500000096857548,
    -6.000000089406967,
    -4.500000067055225,
    -6.000000089406967,
    -6.200000092387199,
    1.5000000223517418,
    3.200000047683716,
    2.500000037252903,
    3.7000000551342964,
    1.1000000163912773,
    1.3000000193715096,
    0.20000000298023224,
    -2.1000000312924385,
    -3.500000052154064,
    -4.000000059604645,
    -6.200000092387199,
    -3.200000047683716,
    -2.7000000402331352,
    -0.5000000074505806,
    -0.6000000089406967,
    -0.800000011920929,
    -1.600000023841858,
    -2.7000000402331352,
    -4.90000007301569,
    -7.200000107288361,
    -8.400000125169754,
    -6.200000092387199,
    -5.700000084936619,
    -3.0000000447034836,
    0.20000000298023224,
    1.3000000193715096,
    0.4000000059604645,
    0.0,
    1.3000000193715096,
    4.200000062584877
  ]
}