{
  "time": [
    1767225600000000000,
    1767312000000000000,
    1767398400000000000,
    1767484800000000000,
    1767571200000000000,
    1767657600000000000,
    1767744000000000000,
    1767830400000000000,
    1767916800000000000,
    1768003200000000000,
    1768089600000000000,
    1768176000000000000,
    1768262400000000000,
    1768348800000000000,
    1768435200000000000,
    1768521600000000000,
    1768608000000000000,
    1768694400000000000,
    1768780800000000000,
    1768867200000000000,
    1768953600000000000,
    1769040000000000000,
    1769126400000000000,
    1769212800000000000,
    1769299200000000000,
    1769385600000000000,
    1769472000000000000,
    1769558400000000000,
    1769644800000000000,
    1769731200000000000,
    1769817600000000000,
    1769904000000000000,
    1769990400000000000,
    1770076800000000000,
    1770163200000000000,
    1770249600000000000,
    1770336000000000000,
    1770422400000000000,
    1770508800000000000,
    1770595200000000000
  ],
  "tasmax": [
    4.400000065565109,
    3.200000047683716,
    0.800000011920929,
    0.4000000059604645,
    0.4000000059604645,
    -2.3000000342726707,
    -2.8000000417232513,
    -3.9000000581145287,
    -4.200000062584877,
    0.20000000298023224,
    -2.8000000417232513,
    -0.9000000134110451,
    3.7000000551342964,
    6.400000095367432,
    5.000000074505806,
    7.800000116229057,
    2.8000000417232513,
    4.500000067055225,
    4.700000070035458,
    1.3000000193715096,
    1.700000025331974,
    0.20000000298023224,
    -4.500000067055225,
    -1.8000000268220901,
    -1.5000000223517418,
    0.4000000059604645,
    0.20000000298023224,
    -0.10000000149011612,
    -0.4000000059604645,
    -1.3000000193715096,
    -2.3000000342726707,
    -6.200000092387199,
    -6.800000101327896,
    -4.000000059604645,
    -4.500000067055225,
    -0.9000000134110451,
    1.1000000163912773,
    2.7000000402331352,
    1.0000000149011612,
    0.6000000089406967
  ]
}