{
  "time": [
    1767225600000000000,
    1767312000000000000,
    1767398400000000000,
    1767484800000000000,
    1767571200000000000,
    1767657600000000000,
    1767744000000000000,
    1767830400000000000,
    1767916800000000000,
    1768003200000000000,
    1768089600000000000,
    1768176000000000000,
    1768262400000000000,
    1768348800000000000,
    1768435200000000000,
    1768521600000000000,
    1768608000000000000,
    1768694400000000000,
    1768780800000000000,
    1768867200000000000,
    1768953600000000000,
    1769040000000000000,
    1769126400000000000,
    1769212800000000000,
    1769299200000000000,
    1769385600000000000,
    1769472000000000000,
    1769558400000000000,
    1769644800000000000,
    1769731200000000000,
    1769817600000000000,
    1769904000000000000,
    1769990400000000000,
    1770076800000000000,
    1770163200000000000,
    1770249600000000000,
    1770336000000000000,
    1770422400000000000,
    1770508800000000000,
    1770595200000000000,
    1770681600000000000,
    1770768000000000000,
    1770854400000000000,
    1770940800000000000,
    1771027200000000000,
    1771113600000000000,
    1771200000000000000,
    1771286400000000000,
    1771372800000000000,
    1771459200000000000,
    1771545600000000000,
    1771632000000000000,
    1771718400000000000,
    1771804800000000000,
    1771891200000000000,
    1771977600000000000,
    1772064000000000000,
    1772150400000000000,
    1772236800000000000,
    1772323200000000000,
    1772409600000000000,
    1772496000000000000,
    1772582400000000000,
    1772668800000000000,
    1772755200000000000,
    1772841600000000000,
    1772928000000000000,
    1773014400000000000
  ],
  "tasmax": [
    4.400000065565109,
    3.200000047683716,
    0.800000011920929,
    0.20000000298023224,
    0.20000000298023224,
    -2.2000000327825546,
    -3.0000000447034836,
    -3.9000000581145287,
    -4.200000062584877,
    -0.20000000298023224,
    -2.8000000417232513,
    -1.0000000149011612,
    3.6000000536441803,
    6.200000092387199,
    5.000000074505806,
    7.700000114738941,
    3.0000000447034836,
    4.500000067055225,
    4.700000070035458,
    1.3000000193715096,
    1.600000023841858,
    0.20000000298023224,
    -4.400000065565109,
    -1.700000025331974,
    -1.5000000223517418,
    0.4000000059604645,
    0.20000000298023224,
    -0.10000000149011612,
    -0.5000000074505806,
    -1.5000000223517418,
    -2.500000037252903,
    -6.200000092387199,
    -6.900000102818012,
    -4.000000059604645,
    -4.500000067055225,
    -0.9000000134110451,
    1.1000000163912773,
    2.7000000402331352,
    0.800000011920929,
    0.9000000134110451,
    3.7000000551342964,
    7.900000117719173,
    8.900000132620335,
    2.2000000327825546,
    1.1000000163912773,
    1.1000000163912773,
    -2.7000000402331352,
    0.0,
    -0.5000000074505806,
    0.5000000074505806,
    1.0000000149011612,
    8.800000131130219,
    10.600000157952309,
    11.500000171363354,
    7.000000104308128,
    11.300000168383121,
    14.500000216066837,
    18.80000028014183,
    19.000000283122063,
    11.10000016540289,
    15.100000225007534,
    17.00000025331974,
    11.900000177323818,
    14.100000210106373,
    16.800000250339508,
    17.600000262260437,
    17.30000025779009,
    16.00000023841858
  ]
}