{
  "time": [
    1767225600000000000,
    1767312000000000000,
    1767398400000000000,
    1767484800000000000,
    1767571200000000000,
    1767657600000000000,
    1767744000000000000,
    1767830400000000000,
    1767916800000000000,
    1768003200000000000,
    1768089600000000000,
    1768176000000000000,
    1768262400000000000,
    1768348800000000000,
    1768435200000000000,
    1768521600000000000,
    1768608000000000000,
    1768694400000000000,
    1768780800000000000,
    1768867200000000000,
    1768953600000000000,
    1769040000000000000,
    1769126400000000000,
    1769212800000000000,
    1769299200000000000,
    1769385600000000000,
    1769472000000000000,
    1769558400000000000,
    1769644800000000000,
    1769731200000000000,
    1769817600000000000,
    1769904000000000000,
    1769990400000000000,
    1770076800000000000,
    1770163200000000000,
    1770249600000000000,
    1770336000000000000,
    1770422400000000000,
    1770508800000000000,
    1770595200000000000,
    1770681600000000000,
    1770768000000000000,
    1770854400000000000,
    1770940800000000000,
    1771027200000000000,
    1771113600000000000,
    1771200000000000000,
    1771286400000000000,
    1771372800000000000,
    1771459200000000000,
    1771545600000000000
  ],
  "hurs": [
    84.400001257658,
    86.2000012844801,
    86.50000128895044,
    86.70000129193068,
    91.70000136643648,
    86.70000129193068,
    86.90000129491091,
    92.50000137835741,
    84.50000125914812,
    89.70000133663416,
    85.40000127255917,
    86.40000128746033,
    83.90000125020742,
    84.00000125169754,
    86.50000128895044,
    72.50000108033419,
    76.70000114291906,
    85.40000127255917,
    90.20000134408474,
    92.00000137090683,
    82.70000123232603,
    76.00000113248825,
    78.2000011652708,
    79.70000118762255,
    80.40000119805336,
    86.70000129193068,
    87.00000129640102,
    92.90000138431787,
    90.90000135451555,
    92.50000137835741,
    85.0000012665987,
    89.40000133216381,
    90.00000134110451,
    90.40000134706497,
    90.40000134706497,
    85.50000127404928,
    89.70000133663416,
    88.700001321733,
    90.70000135153532,
    85.70000127702951,
    88.50000131875277,
    88.40000131726265,
    85.20000126957893,
    83.20000123977661,
    77.00000114738941,
    75.20000112056732,
    86.50000128895044,
    76.9000011458993,
    80.70000120252371,
    92.70000138133764,
    86.90000129491091
  ],
  "pr": [
    1.0,
    2.700000047683716,
    1.399999976158142,
    0.0,
    0.800000011920929,
    0.10000000149011612,
    3.299999952316284,
    13.5,
    15.199999809265137,
    2.5,
    0.0,
    6.099999904632568,
    1.100000023841858,
    4.400000095367432,
    0.0,
    0.0,
    0.0,
    0.0,
    0.0,
    0.0,
    0.0,
    0.0,
    2.9000000953674316,
    0.0,
    0.0,
    0.10000000149011612,
    11.199999809265137,
    17.700000762939453,
    0.10000000149011612,
    1.0,
    0.4000000059604645,
    3.4000000953674316,
    3.299999952316284,
    7.900000095367432,
    0.0,
    0.0,
    3.5999999046325684,
    0.10000000149011612,
    0.0,
    0.4000000059604645,
    9.399999618530273,
    14.699999809265137,
    8.699999809265137,
    0.5,
    0.4000000059604645,
    9.0,
    4.199999809265137,
    0.30000001192092896,
    15.5,
    4.900000095367432,
    3.700000047683716
  ],
  "tas": [
    0.20000000298023224,
    0.800000011920929,
    -2.2000000327825546,
    -2.600000038743019,
    -4.90000007301569,
    -2.7000000402331352,
    -3.200000047683716,
    1.3000000193715096,
    5.000000074505806,
    0.20000000298023224,
    -1.1000000163912773,
    3.200000047683716,
    7.500000111758709,
    8.50000012665987,
    8.50000012665987,
    9.400000140070915,
    5.500000081956387,
    1.3000000193715096,
    1.0000000149011612,
    0.10000000149011612,
    0.20000000298023224,
    0.9000000134110451,
    2.7000000402331352,
    1.8000000268220901,
    -1.0000000149011612,
    2.500000037252903,
    3.6000000536441803,
    4.400000065565109,
    3.0000000447034836,
    2.0000000298023224,
    5.700000084936619,
    5.200000077486038,
    4.000000059604645,
    2.500000037252903,
    2.0000000298023224,
    2.8000000417232513,
    4.000000059604645,
    6.500000096857548,
    3.500000052154064,
    3.500000052154064,
    6.200000092387199,
    9.500000141561031,
    8.50000012665987,
    7.500000111758709,
    3.9000000581145287,
    1.600000023841858,
    4.90000007301569,
    4.000000059604645,
    1.700000025331974,
    3.400000050663948,
    3.9000000581145287
  ],
  "tasmax": [
    1.1000000163912773,
    2.3000000342726707,
    -0.4000000059604645,
    -0.20000000298023224,
    -3.7000000551342964,
    -0.6000000089406967,
    -1.5000000223517418,
    5.900000087916851,
    7.400000110268593,
    2.2000000327825546,
    -0.10000000149011612,
    6.400000095367432,
    11.10000016540289,
    10.000000149011612,
    11.10000016540289,
    13.100000195205212,
    9.500000141561031,
    2.7000000402331352,
    2.500000037252903,
    0.9000000134110451,
    3.200000047683716,
    4.000000059604645,
    6.000000089406967,
    4.700000070035458,
    0.9000000134110451,
    5.200000077486038,
    6.500000096857548,
    5.500000081956387,
    5.000000074505806,
    5.200000077486038,
    9.100000135600567,
    7.900000117719173,
    5.4000000804662704,
    4.700000070035458,
    4.700000070035458,
    6.200000092387199,
    7.300000108778477,
    10.900000162422657,
    7.000000104308128,
    6.800000101327896,
    9.500000141561031,
    11.400000169873238,
    10.30000015348196,
    9.600000143051147,
    7.000000104308128,
    3.200000047683716,
    8.50000012665987,
    6.800000101327896,
    5.4000000804662704,
    5.500000081956387,
    5.700000084936619
  ],
  "tasmin": [
    -0.800000011920929,
    -1.700000025331974,
    -4.000000059604645,
    -7.500000111758709,
    -5.700000084936619,
    -4.500000067055225,
    -5.500000081956387,
    -1.3000000193715096,
    1.8000000268220901,
    -1.3000000193715096,
    -2.2000000327825546,
    -0.4000000059604645,
    4.400000065565109,
    6.500000096857548,
    5.900000087916851,
    5.900000087916851,
    1.1000000163912773,
    0.0,
    0.10000000149011612,
    -0.5000000074505806,
    -1.8000000268220901,
    -2.2000000327825546,
    0.0,
    -1.3000000193715096,
    -3.0000000447034836,
    -0.20000000298023224,
    0.4000000059604645,
    2.8000000417232513,
    -0.10000000149011612,
    -0.9000000134110451,
    3.9000000581145287,
    3.7000000551342964,
    2.3000000342726707,
    0.4000000059604645,
    -0.10000000149011612,
    0.800000011920929,
    1.700000025331974,
    1.3000000193715096,
    0.20000000298023224,
    0.9000000134110451,
    1.8000000268220901,
    8.00000011920929,
    7.400000110268593,
    5.500000081956387,
    1.600000023841858,
    0.20000000298023224,
    1.8000000268220901,
    -0.20000000298023224,
    -1.5000000223517418,
    2.1000000312924385,
    1.8000000268220901
  ]
}