{
  "time": [
    1767268800000000000
  ],
  "hurs": [
    84.00000125169754
  ],
  "pr": [
    0.8999999761581421
  ],
  "tas": [
    0.20000000298023224
  ],
  "tasmax": [
    1.1000000163912773
  ],
  "tasmin": [
    -0.800000011920929
  ]
}