{
  "time": [
    1767268800000000000,
    1767355200000000000,
    1767441600000000000
  ],
  "hurs": [
    84.00000125169754,
    87.70000130683184,
    86.2000012844801
  ],
  "pr": [
    0.8999999761581421,
    2.700000047683716,
    1.5
  ],
  "tas": [
    0.20000000298023224,
    0.6000000089406967,
    -2.2000000327825546
  ],
  "tasmax": [
    1.1000000163912773,
    2.2000000327825546,
    -0.20000000298023224
  ],
  "tasmin": [
    -0.800000011920929,
    -2.0000000298023224,
    -4.000000059604645
  ]
}