{
  "time": [
    1767225600000000000,
    1767312000000000000,
    1767398400000000000,
    1767484800000000000,
    1767571200000000000,
    1767657600000000000,
    1767744000000000000,
    1767830400000000000,
    1767916800000000000,
    1768003200000000000,
    1768089600000000000,
    1768176000000000000,
    1768262400000000000,
    1768348800000000000,
    1768435200000000000,
    1768521600000000000,
    1768608000000000000,
    1768694400000000000,
    1768780800000000000,
    1768867200000000000,
    1768953600000000000,
    1769040000000000000,
    1769126400000000000,
    1769212800000000000,
    1769299200000000000,
    1769385600000000000,
    1769472000000000000,
    1769558400000000000,
    1769644800000000000,
    1769731200000000000,
    1769817600000000000,
    1769904000000000000,
    1769990400000000000,
    1770076800000000000,
    1770163200000000000,
    1770249600000000000,
    1770336000000000000,
    1770422400000000000,
    1770508800000000000,
    1770595200000000000,
    1770681600000000000,
    1770768000000000000,
    1770854400000000000,
    1770940800000000000,
    1771027200000000000,
    1771113600000000000,
    1771200000000000000,
    1771286400000000000,
    1771372800000000000,
    1771459200000000000,
    1771545600000000000,
    1771632000000000000,
    1771718400000000000,
    1771804800000000000,
    1771891200000000000,
    1771977600000000000,
    1772064000000000000,
    1772150400000000000,
    1772236800000000000,
    1772323200000000000,
    1772409600000000000,
    1772496000000000000,
    1772582400000000000,
    1772668800000000000,
    1772755200000000000,
    1772841600000000000,
    1772928000000000000,
    1773014400000000000,
    1773100800000000000,
    1773187200000000000,
    1773273600000000000,
    1773360000000000000,
    1773446400000000000,
    1773532800000000000,
    1773619200000000000,
    1773705600000000000,
    1773792000000000000,
    1773878400000000000,
    1773964800000000000,
    1774051200000000000
  ],
  "hurs": [
    84.400001257658,
    86.2000012844801,
    86.50000128895044,
    86.70000129193068,
    91.70000136643648,
    86.70000129193068,
    86.90000129491091,
    92.50000137835741,
    84.50000125914812,
    89.70000133663416,
    85.40000127255917,
    86.40000128746033,
    83.90000125020742,
    84.00000125169754,
    86.50000128895044,
    72.50000108033419,
    76.70000114291906,
    85.40000127255917,
    90.20000134408474,
    92.00000137090683,
    82.70000123232603,
    76.00000113248825,
    78.2000011652708,
    79.70000118762255,
    80.40000119805336,
    86.70000129193068,
    87.00000129640102,
    92.90000138431787,
    90.90000135451555,
    92.50000137835741,
    85.0000012665987,
    89.20000132918358,
    89.90000133961439,
    89.40000133216381,
    90.50000134855509,
    85.50000127404928,
    89.50000133365393,
    88.90000132471323,
    91.00000135600567,
    85.50000127404928,
    88.700001321733,
    88.700001321733,
    84.90000126510859,
    83.00000123679638,
    77.00000114738941,
    75.50000112503767,
    86.50000128895044,
    76.70000114291906,
    81.00000120699406,
    90.70000135153532,
    86.70000129193068,
    87.5000013038516,
    89.50000133365393,
    81.20000120997429,
    94.20000140368938,
    87.40000130236149,
    85.0000012665987,
    72.70000108331442,
    74.90000111609697,
    79.00000117719173,
    73.40000109374523,
    70.00000104308128,
    66.90000099688768,
    64.20000095665455,
    70.00000104308128,
    66.50000099092722,
    67.70000100880861,
    71.70000106841326,
    76.9000011458993,
    87.5000013038516,
    75.7000011280179,
    73.90000110119581,
    83.20000123977661,
    74.00000110268593,
    78.90000117570162,
    76.00000113248825,
    56.600000843405724,
    52.700000785291195,
    60.700000904500484,
    62.10000092536211
  ],
  "pr": [
    1.0,
    2.700000047683716,
    1.399999976158142,
    0.0,
    0.800000011920929,
    0.10000000149011612,
    3.299999952316284,
    13.5,
    15.199999809265137,
    2.5,
    0.0,
    6.099999904632568,
    1.100000023841858,
    4.400000095367432,
    0.0,
    0.0,
    0.0,
    0.0,
    0.0,
    0.0,
    0.0,
    0.0,
    2.9000000953674316,
    0.0,
    0.0,
    0.10000000149011612,
    11.199999809265137,
    17.700000762939453,
    0.10000000149011612,
    1.0,
    0.4000000059604645,
    3.5,
    3.299999952316284,
    8.0,
    0.0,
    0.0,
    3.700000047683716,
    0.10000000149011612,
    0.0,
    0.4000000059604645,
    9.600000381469727,
    14.800000190734863,
    8.699999809265137,
    0.5,
    0.30000001192092896,
    9.100000381469727,
    4.199999809265137,
    0.30000001192092896,
    15.5,
    5.099999904632568,
    3.700000047683716,
    14.300000190734863,
    8.5,
    5.300000190734863,
    0.699999988079071,
    0.0,
    0.0,
    0.0,
    0.0,
    0.0,
    0.0,
    0.0,
    0.0,
    0.0,
    0.0,
    0.0,
    0.0,
    0.0,
    0.800000011920929,
    5.699999809265137,
    0.20000000298023224,
    13.399999618530273,
    0.8999999761581421,
    0.30000001192092896,
    2.200000047683716,
    0.20000000298023224,
    0.0,
    0.0,
    0.0,
    0.0
  ],
  "tas": [
    0.20000000298023224,
    0.800000011920929,
    -2.2000000327825546,
    -2.600000038743019,
    -4.90000007301569,
    -2.7000000402331352,
    -3.200000047683716,
    1.3000000193715096,
    5.000000074505806,
    0.20000000298023224,
    -1.1000000163912773,
    3.200000047683716,
    7.500000111758709,
    8.50000012665987,
    8.50000012665987,
    9.400000140070915,
    5.500000081956387,
    1.3000000193715096,
    1.0000000149011612,
    0.10000000149011612,
    0.20000000298023224,
    0.9000000134110451,
    2.7000000402331352,
    1.8000000268220901,
    -1.0000000149011612,
    2.500000037252903,
    3.6000000536441803,
    4.400000065565109,
    3.0000000447034836,
    2.0000000298023224,
    5.700000084936619,
    5.200000077486038,
    4.000000059604645,
    2.500000037252903,
    2.0000000298023224,
    2.8000000417232513,
    4.000000059604645,
    6.500000096857548,
    3.500000052154064,
    3.6000000536441803,
    6.200000092387199,
    9.500000141561031,
    8.50000012665987,
    7.400000110268593,
    3.9000000581145287,
    1.600000023841858,
    4.90000007301569,
    4.000000059604645,
    1.700000025331974,
    3.7000000551342964,
    4.000000059604645,
    9.00000013411045,
    10.30000015348196,
    10.500000156462193,
    11.000000163912773,
    10.30000015348196,
    10.500000156462193,
    11.500000171363354,
    9.100000135600567,
    6.200000092387199,
    7.800000116229057,
    8.50000012665987,
    9.00000013411045,
    9.400000140070915,
    9.100000135600567,
    9.400000140070915,
    9.00000013411045,
    9.600000143051147,
    9.500000141561031,
    9.300000138580799,
    7.000000104308128,
    9.300000138580799,
    4.500000067055225,
    4.500000067055225,
    6.000000089406967,
    8.800000131130219,
    9.300000138580799,
    9.80000014603138,
    8.00000011920929,
    8.800000131130219
  ],