{
  "time": [
    1767225600000000000,
    1767312000000000000,
    1767398400000000000,
    1767484800000000000,
    1767571200000000000,
    1767657600000000000,
    1767744000000000000,
    1767830400000000000,
    1767916800000000000,
    1768003200000000000,
    1768089600000000000,
    1768176000000000000,
    1768262400000000000,
    1768348800000000000,
    1768435200000000000,
    1768521600000000000,
    1768608000000000000,
    1768694400000000000,
    1768780800000000000,
    1768867200000000000,
    1768953600000000000,
    1769040000000000000,
    1769126400000000000,
    1769212800000000000,
    1769299200000000000,
    1769385600000000000,
    1769472000000000000,
    1769558400000000000,
    1769644800000000000,
    1769731200000000000,
    1769817600000000000,
    1769904000000000000,
    1769990400000000000,
    1770076800000000000,
    1770163200000000000,
    1770249600000000000,
    1770336000000000000
  ],
  "hurs": [
    83.90000125020742,
    86.40000128746033,
    86.2000012844801,
    86.00000128149986,
    90.20000134408474,
    86.70000129193068,
    86.90000129491091,
    92.70000138133764,
    84.50000125914812,
    88.90000132471323,
    85.50000127404928,
    86.70000129193068,
    83.90000125020742,
    83.90000125020742,
    86.70000129193068,
    72.90000108629465,
    75.50000112503767,
    83.70000124722719,
    87.5000013038516,
    92.00000137090683,
    83.20000123977661,
    78.00000116229057,
    76.00000113248825,
    79.70000118762255,
    79.20000118017197,
    87.00000129640102,
    88.40000131726265,
    92.50000137835741,
    92.20000137388706,
    93.00000138580799,
    84.70000126212835,
    89.40000133216381,
    90.00000134110451,
    90.40000134706497,
    90.40000134706497,
    85.50000127404928,
    89.70000133663416
  ],
  "pr": [
    1.0,
    2.700000047683716,
    1.399999976158142,
    0.0,
    0.800000011920929,
    0.10000000149011612,
    3.299999952316284,
    13.5,
    15.199999809265137,
    2.5,
    0.0,
    6.099999904632568,
    1.100000023841858,
    4.400000095367432,
    0.0,
    0.0,
    0.0,
    0.0,
    0.0,
    0.0,
    0.0,
    0.0,
    2.9000000953674316,
    0.0,
    0.0,
    0.10000000149011612,
    11.199999809265137,
    17.700000762939453,
    0.10000000149011612,
    1.0,
    0.4000000059604645,
    3.4000000953674316,
    3.299999952316284,
    7.900000095367432,
    0.0,
    0.0,
    3.5999999046325684
  ],
  "tas": [
    0.20000000298023224,
    0.800000011920929,
    -2.2000000327825546,
    -2.500000037252903,
    -4.700000070035458,
    -2.7000000402331352,
    -3.200000047683716,
    1.1000000163912773,
    5.000000074505806,
    0.4000000059604645,
    -1.1000000163912773,
    3.200000047683716,
    7.500000111758709,
    8.50000012665987,
    8.50000012665987,
    9.400000140070915,
    5.700000084936619,
    1.5000000223517418,
    1.0000000149011612,
    0.20000000298023224,
    0.20000000298023224,
    0.5000000074505806,
    2.7000000402331352,
    1.700000025331974,
    -0.800000011920929,
    2.500000037252903,
    3.400000050663948,
    4.400000065565109,
    2.8000000417232513,
    1.8000000268220901,
    5.700000084936619,
    5.200000077486038,
    4.000000059604645,
    2.500000037252903,
    2.0000000298023224,
    2.8000000417232513,
    4.000000059604645
  ],
  "tasmax": [
    1.1000000163912773,
    2.3000000342726707,
    -0.4000000059604645,
    -0.20000000298023224,
    -3.6000000536441803,
    -0.6000000089406967,
    -1.5000000223517418,
    5.700000084936619,
    7.300000108778477,
    2.3000000342726707,
    -0.20000000298023224,
    6.400000095367432,
    11.300000168383121,
    10.000000149011612,
    11.10000016540289,
    13.100000195205212,
    9.600000143051147,
    3.0000000447034836,
    2.500000037252903,
    1.1000000163912773,
    3.400000050663948,
    3.7000000551342964,
    5.900000087916851,
    4.500000067055225,
    1.1000000163912773,
    5.200000077486038,
    6.200000092387199,
    5.500000081956387,
    4.90000007301569,
    4.90000007301569,
    9.100000135600567,
    7.900000117719173,
    5.4000000804662704,
    4.700000070035458,
    4.700000070035458,
    6.200000092387199,
    7.300000108778477
  ],
  "tasmin": [
    -0.800000011920929,
    -1.700000025331974,
    -4.000000059604645,
    -7.500000111758709,
    -5.500000081956387,
    -4.500000067055225,
    -5.500000081956387,
    -1.5000000223517418,
    1.8000000268220901,
    -1.1000000163912773,
    -2.2000000327825546,
    -0.5000000074505806,
    4.400000065565109,
    6.500000096857548,
    5.700000084936619,
    5.900000087916851,
    1.3000000193715096,
    0.20000000298023224,
    0.10000000149011612,
    -0.4000000059604645,
    -1.8000000268220901,
    -2.500000037252903,
    0.0,
    -1.5000000223517418,
    -2.7000000402331352,
    -0.20000000298023224,
    0.20000000298023224,
    2.8000000417232513,
    -0.20000000298023224,
    -1.1000000163912773,
    3.9000000581145287,
    3.7000000551342964,
    2.3000000342726707,
    0.4000000059604645,
    -0.10000000149011612,
    0.800000011920929,
    1.700000025331974
  ]
}