{
  "time": [
    1767225600000000000,
    1767312000000000000,
    1767398400000000000,
    1767484800000000000,
    1767571200000000000,
    1767657600000000000,
    1767744000000000000,
    1767830400000000000,
    1767916800000000000,
    1768003200000000000,
    1768089600000000000,
    1768176000000000000,
    1768262400000000000,
    1768348800000000000,
    1768435200000000000,
    1768521600000000000,
    1768608000000000000,
    1768694400000000000,
    1768780800000000000,
    1768867200000000000,
    1768953600000000000,
    1769040000000000000,
    1769126400000000000,
    1769212800000000000,
    1769299200000000000,
    1769385600000000000,
    1769472000000000000,
    1769558400000000000,
    1769644800000000000,
    1769731200000000000,
    1769817600000000000,
    1769904000000000000,
    1769990400000000000,
    1770076800000000000,
    1770163200000000000,
    1770249600000000000,
    1770336000000000000,
    1770422400000000000,
    1770508800000000000,
    1770595200000000000,
    1770681600000000000,
    1770768000000000000
  ],
  "hurs": [
    83.90000125020742,
    86.40000128746033,
    86.2000012844801,
    86.00000128149986,
    90.20000134408474,
    86.70000129193068,
    86.90000129491091,
    92.70000138133764,
    84.50000125914812,
    88.90000132471323,
    85.50000127404928,
    86.70000129193068,
    83.90000125020742,
    83.90000125020742,
    86.70000129193068,
    72.90000108629465,
    75.50000112503767,
    83.70000124722719,
    87.5000013038516,
    92.00000137090683,
    83.20000123977661,
    78.00000116229057,
    76.00000113248825,
    79.70000118762255,
    79.20000118017197,
    87.00000129640102,
    88.40000131726265,
    92.50000137835741,
    92.20000137388706,
    93.00000138580799,
    84.70000126212835,
    89.40000133216381,
    90.00000134110451,
    90.40000134706497,
    90.40000134706497,
    85.50000127404928,
    89.70000133663416,
    88.700001321733,
    90.70000135153532,
    85.70000127702951,
    88.50000131875277,
    88.40000131726265
  ]
}