{
  "time": [
    1767268800000000000,
    1767355200000000000,
    1767441600000000000
  ],
  "hurs": [
    84.00000125169754,
    87.70000130683184,
    86.2000012844801
  ]
}