{
  "time": [
    1767247200000000000,
    1767333600000000000,
    1767420000000000000,
    1767506400000000000,
    1767592800000000000,
    1767679200000000000,
    1767765600000000000,
    1767852000000000000,
    1767938400000000000,
    1768024800000000000,
    1768111200000000000,
    1768197600000000000,
    1768284000000000000,
    1768370400000000000,
    1768456800000000000,
    1768543200000000000,
    1768629600000000000,
    1768716000000000000,
    1768802400000000000,
    1768888800000000000,
    1768975200000000000,
    1769061600000000000,
    1769148000000000000,
    1769234400000000000,
    1769320800000000000,
    1769407200000000000,
    1769493600000000000,
    1769580000000000000,
    1769666400000000000,
    1769752800000000000,
    1769839200000000000,
    1769925600000000000,
    1770012000000000000,
    1770098400000000000,
    1770184800000000000,
    1770271200000000000,
    1770357600000000000,
    1770444000000000000,
    1770530400000000000,
    1770616800000000000,
    1770703200000000000,
    1770789600000000000,
    1770876000000000000,
    1770962400000000000,
    1771048800000000000,
    1771135200000000000,
    1771221600000000000,
    1771308000000000000,
    1771394400000000000,
    1771480800000000000,
    1771567200000000000,
    1771653600000000000,
    1771740000000000000,
    1771826400000000000,
    1771912800000000000,
    1771999200000000000,
    1772085600000000000,
    1772172000000000000,
    1772258400000000000,
    1772344800000000000,
    1772431200000000000,
    1772517600000000000,
    1772604000000000000,
    1772690400000000000,
    1772776800000000000,
    1772863200000000000,
    1772949600000000000,
    1773036000000000000,
    1773122400000000000,
    1773208800000000000,
    1773295200000000000,
    1773381600000000000,
    1773468000000000000,
    1773554400000000000,
    1773640800000000000,
    1773727200000000000,
    1773813600000000000,
    1773900000000000000,
    1773986400000000000,
    1774072800000000000,
    1774159200000000000,
    1774245600000000000,
    1774332000000000000,
    1774418400000000000,
    1774504800000000000,
    1774591200000000000,
    1774677600000000000
  ],
  "pr": [
    1.0,
    2.700000047683716,
    1.399999976158142,
    0.0,
    0.800000011920929,
    0.10000000149011612,
    3.299999952316284,
    13.5,
    15.199999809265137,
    2.5,
    0.0,
    6.099999904632568,
    1.100000023841858,
    4.400000095367432,
    0.0,
    0.0,
    0.0,
    0.0,
    0.0,
    0.0,
    0.0,
    0.0,
    2.9000000953674316,
    0.0,
    0.0,
    0.10000000149011612,
    11.199999809265137,
    17.700000762939453,
    0.10000000149011612,
    1.0,
    0.4000000059604645,
    3.5,
    3.299999952316284,
    8.0,
    0.0,
    0.0,
    3.700000047683716,
    0.10000000149011612,
    0.0,
    0.4000000059604645,
    9.600000381469727,
    14.800000190734863,
    8.699999809265137,
    0.5,
    0.30000001192092896,
    9.100000381469727,
    4.199999809265137,
    0.30000001192092896,
    15.5,
    5.099999904632568,
    3.700000047683716,
    14.300000190734863,
    8.5,
    5.300000190734863,
    0.699999988079071,
    0.0,
    0.0,
    0.0,
    0.0,
    0.0,
    0.0,
    0.0,
    0.0,
    0.0,
    0.0,
    0.0,
    0.0,
    0.0,
    0.800000011920929,
    5.699999809265137,
    0.20000000298023224,
    13.399999618530273,
    0.8999999761581421,
    0.30000001192092896,
    2.200000047683716,
    0.20000000298023224,
    0.0,
    0.0,
    0.0,
    0.0,
    0.0,
    0.0,
    0.20000000298023224,
    10.600000381469727,
    1.2000000476837158,
    0.0,
    2.5999999046325684
  ]
}