{
  "time": [
    1767268800000000000,
    1767355200000000000,
    1767441600000000000
  ],
  "tas": [
    0.20000000298023224,
    0.6000000089406967,
    -2.2000000327825546
  ]
}