{
  "time": [
    1767225600000000000,
    1767312000000000000,
    1767398400000000000,
    1767484800000000000,
    1767571200000000000,
    1767657600000000000,
    1767744000000000000,
    1767830400000000000,
    1767916800000000000,
    1768003200000000000,
    1768089600000000000,
    1768176000000000000,
    1768262400000000000,
    1768348800000000000,
    1768435200000000000,
    1768521600000000000,
    1768608000000000000,
    1768694400000000000,
    1768780800000000000,
    1768867200000000000,
    1768953600000000000,
    1769040000000000000,
    1769126400000000000,
    1769212800000000000,
    1769299200000000000,
    1769385600000000000,
    1769472000000000000,
    1769558400000000000,
    1769644800000000000,
    1769731200000000000,
    1769817600000000000,
    1769904000000000000,
    1769990400000000000,
    1770076800000000000,
    1770163200000000000,
    1770249600000000000,
    1770336000000000000,
    1770422400000000000,
    1770508800000000000,
    1770595200000000000,
    1770681600000000000,
    1770768000000000000,
    1770854400000000000
  ],
  "tasmax": [
    1.1000000163912773,
    2.3000000342726707,
    -0.4000000059604645,
    -0.20000000298023224,
    -3.6000000536441803,
    -0.6000000089406967,
    -1.5000000223517418,
    5.700000084936619,
    7.300000108778477,
    2.3000000342726707,
    -0.20000000298023224,
    6.400000095367432,
    11.300000168383121,
    10.000000149011612,
    11.10000016540289,
    13.100000195205212,
    9.600000143051147,
    3.0000000447034836,
    2.500000037252903,
    1.1000000163912773,
    3.400000050663948,
    3.7000000551342964,
    5.900000087916851,
    4.500000067055225,
    1.1000000163912773,
    5.200000077486038,
    6.200000092387199,
    5.500000081956387,
    4.90000007301569,
    4.90000007301569,
    9.100000135600567,
    7.900000117719173,
    5.4000000804662704,
    4.700000070035458,
    4.700000070035458,
    6.200000092387199,
    7.300000108778477,
    10.900000162422657,
    7.000000104308128,
    6.800000101327896,
    9.500000141561031,
    11.400000169873238,
    10.30000015348196
  ]
}