{
  "time": [
    1767225600000000000,
    1767312000000000000,
    1767398400000000000,
    1767484800000000000,
    1767571200000000000,
    1767657600000000000,
    1767744000000000000,
    1767830400000000000,
    1767916800000000000,
    1768003200000000000,
    1768089600000000000,
    1768176000000000000,
    1768262400000000000,
    1768348800000000000,
    1768435200000000000,
    1768521600000000000,
    1768608000000000000,
    1768694400000000000,
    1768780800000000000,
    1768867200000000000,
    1768953600000000000,
    1769040000000000000,
    1769126400000000000,
    1769212800000000000,
    1769299200000000000,
    1769385600000000000,
    1769472000000000000,
    1769558400000000000,
    1769644800000000000,
    1769731200000000000,
    1769817600000000000,
    1769904000000000000,
    1769990400000000000,
    1770076800000000000,
    1770163200000000000,
    1770249600000000000,
    1770336000000000000,
    1770422400000000000,
    1770508800000000000,
    1770595200000000000,
    1770681600000000000,
    1770768000000000000,
    1770854400000000000,
    1770940800000000000,
    1771027200000000000,
    1771113600000000000,
    1771200000000000000,
    1771286400000000000,
    1771372800000000000,
    1771459200000000000,
    1771545600000000000,
    1771632000000000000,
    1771718400000000000,
    1771804800000000000,
    1771891200000000000,
    1771977600000000000,
    1772064000000000000,
    1772150400000000000,
    1772236800000000000,
    1772323200000000000,
    1772409600000000000,
    1772496000000000000,
    1772582400000000000,
    1772668800000000000,
    1772755200000000000,
    1772841600000000000,
    1772928000000000000,
    1773014400000000000,
    1773100800000000000,
    1773187200000000000,
    1773273600000000000,
    1773360000000000000,
    1773446400000000000,
    1773532800000000000,
    1773619200000000000,
    1773705600000000000,
    1773792000000000000,
    1773878400000000000,
    1773964800000000000,
    1774051200000000000,
    1774137600000000000,
    1774224000000000000,
    1774310400000000000,
    1774396800000000000,
    1774483200000000000,
    1774569600000000000,
    1774656000000000000,
    1774742400000000000,
    1774828800000000000,
    1774915200000000000,
    1775001600000000000,
    1775088000000000000,
    1775174400000000000,
    1775260800000000000,
    1775347200000000000,
    1775433600000000000,
    1775520000000000000
  ],
  "tasmax": [
    1.1000000163912773,
    2.3000000342726707,
    -0.4000000059604645,
    -0.20000000298023224,
    -3.7000000551342964,
    -0.6000000089406967,
    -1.5000000223517418,
    5.900000087916851,
    7.400000110268593,
    2.2000000327825546,
    -0.10000000149011612,
    6.400000095367432,
    11.10000016540289,
    10.000000149011612,
    11.10000016540289,
    13.100000195205212,
    9.500000141561031,
    2.7000000402331352,
    2.500000037252903,
    0.9000000134110451,
    3.200000047683716,
    4.000000059604645,
    6.000000089406967,
    4.700000070035458,
    0.9000000134110451,
    5.200000077486038,
    6.500000096857548,
    5.500000081956387,
    5.000000074505806,
    5.200000077486038,
    9.100000135600567,
    7.900000117719173,
    5.500000081956387,
    4.700000070035458,
    4.90000007301569,
    6.200000092387199,
    7.300000108778477,
    10.800000160932541,
    7.000000104308128,
    7.000000104308128,
    9.500000141561031,
    11.400000169873238,
    10.30000015348196,
    9.500000141561031,
    7.000000104308128,
    3.200000047683716,
    8.50000012665987,
    6.800000101327896,
    5.200000077486038,
    6.000000089406967,
    5.900000087916851,
    11.000000163912773,
    11.500000171363354,
    13.100000195205212,
    12.400000184774399,
    16.300000242888927,
    17.80000026524067,
    20.10000029951334,
    14.100000210106373,
    14.000000208616257,
    17.00000025331974,
    18.80000028014183,
    17.00000025331974,
    17.600000262260437,
    18.100000269711018,
    19.10000028461218,
    19.10000028461218,
    18.80000028014183,
    16.100000239908695,
    12.10000018030405,
    12.90000019222498,
    13.600000202655792,
    6.400000095367432,
    9.900000147521496,
    10.900000162422657,
    12.000000178813934,
    13.500000201165676,
    16.300000242888927,
    16.300000242888927,
    15.100000225007534,
    14.600000217556953,
    17.00000025331974,
    17.100000254809856,
    10.30000015348196,
    8.900000132620335,
    9.500000141561031,
    6.000000089406967,
    9.80000014603138,
    9.500000141561031,
    9.900000147521496,
    12.000000178813934,
    14.800000220537186,
    14.500000216066837,
    15.800000235438347,
    16.100000239908695,
    17.30000025779009,
    20.10000029951334
  ]
}