{
  "time": [
    1767225600000000000,
    1767312000000000000,
    1767398400000000000,
    1767484800000000000,
    1767571200000000000,
    1767657600000000000,
    1767744000000000000,
    1767830400000000000,
    1767916800000000000,
    1768003200000000000,
    1768089600000000000,
    1768176000000000000,
    1768262400000000000,
    1768348800000000000,
    1768435200000000000,
    1768521600000000000,
    1768608000000000000,
    1768694400000000000,
    1768780800000000000,
    1768867200000000000,
    1768953600000000000,
    1769040000000000000,
    1769126400000000000,
    1769212800000000000,
    1769299200000000000,
    1769385600000000000,
    1769472000000000000,
    1769558400000000000,
    1769644800000000000,
    1769731200000000000,
    1769817600000000000,
    1769904000000000000,
    1769990400000000000,
    1770076800000000000,
    1770163200000000000,
    1770249600000000000,
    1770336000000000000,
    1770422400000000000
  ],
  "tasmin": [
    -0.800000011920929,
    -1.700000025331974,
    -4.000000059604645,
    -7.500000111758709,
    -5.500000081956387,
    -4.500000067055225,
    -5.500000081956387,
    -1.5000000223517418,
    1.8000000268220901,
    -1.1000000163912773,
    -2.2000000327825546,
    -0.5000000074505806,
    4.400000065565109,
    6.500000096857548,
    5.700000084936619,
    5.900000087916851,
    1.3000000193715096,
    0.20000000298023224,
    0.10000000149011612,
    -0.4000000059604645,
    -1.8000000268220901,
    -2.500000037252903,
    0.0,
    -1.5000000223517418,
    -2.7000000402331352,
    -0.20000000298023224,
    0.20000000298023224,
    2.8000000417232513,
    -0.20000000298023224,
    -1.1000000163912773,
    3.9000000581145287,
    3.7000000551342964,
    2.3000000342726707,
    0.4000000059604645,
    -0.10000000149011612,
    0.800000011920929,
    1.700000025331974,
    1.3000000193715096
  ]
}