{
  "time": [
    1767225600000000000,
    1767312000000000000,
    1767398400000000000,
    1767484800000000000,
    1767571200000000000,
    1767657600000000000,
    1767744000000000000,
    1767830400000000000,
    1767916800000000000,
    1768003200000000000,
    1768089600000000000,
    1768176000000000000,
    1768262400000000000,
    1768348800000000000,
    1768435200000000000,
    1768521600000000000,
    1768608000000000000,
    1768694400000000000,
    1768780800000000000,
    1768867200000000000,
    1768953600000000000,
    1769040000000000000,
    1769126400000000000,
    1769212800000000000,
    1769299200000000000,
    1769385600000000000,
    1769472000000000000,
    1769558400000000000,
    1769644800000000000,
    1769731200000000000,
    1769817600000000000,
    1769904000000000000,
    1769990400000000000,
    1770076800000000000,
    1770163200000000000
  ],
  "hurs": [
    89.00000132620335,
    91.70000136643648,
    92.20000137388706,
    92.00000137090683,
    88.40000131726265,
    89.20000132918358,
    80.70000120252371,
    91.70000136643648,
    78.40000116825104,
    76.20000113546848,
    92.4000013768673,
    90.70000135153532,
    96.2000014334917,
    92.50000137835741,
    93.50000139325857,
    82.40000122785568,
    90.50000134855509,
    83.40000124275684,
    74.00000110268593,
    78.70000117272139,
    79.00000117719173,
    78.40000116825104,
    80.0000011920929,
    80.90000120550394,
    87.20000129938126,
    94.70000141113997,
    91.00000135600567,
    85.20000126957893,
    84.00000125169754,
    85.70000127702951,
    83.00000123679638,
    78.50000116974115,
    73.50000109523535,
    62.000000923871994,
    78.00000116229057
  ],
  "pr": [
    15.0,
    14.699999809265137,
    6.699999809265137,
    0.4000000059604645,
    1.2000000476837158,
    0.20000000298023224,
    0.699999988079071,
    5.800000190734863,
    2.0999999046325684,
    0.0,
    0.0,
    5.199999809265137,
    7.099999904632568,
    3.5999999046325684,
    0.10000000149011612,
    0.0,
    0.0,
    0.0,
    0.0,
    0.0,
    0.0,
    0.0,
    0.0,
    0.6000000238418579,
    3.9000000953674316,
    5.800000190734863,
    0.0,
    0.0,
    0.6000000238418579,
    0.0,
    0.0,
    0.0,
    0.0,
    0.10000000149011612,
    1.0
  ],
  "tas": [
    3.0000000447034836,
    0.6000000089406967,
    -1.1000000163912773,
    -1.8000000268220901,
    -0.6000000089406967,
    -0.9000000134110451,
    -2.0000000298023224,
    -1.1000000163912773,
    -3.1000000461935997,
    -3.200000047683716,
    -9.300000138580799,
    -2.1000000312924385,
    4.200000062584877,
    4.200000062584877,
    4.90000007301569,
    8.00000011920929,
    3.200000047683716,
    3.200000047683716,
    0.0,
    -1.0000000149011612,
    -2.3000000342726707,
    -2.600000038743019,
    -4.200000062584877,
    -3.0000000447034836,
    -1.700000025331974,
    0.4000000059604645,
    0.10000000149011612,
    0.20000000298023224,
    -0.5000000074505806,
    -2.0000000298023224,
    -2.500000037252903,
    -5.900000087916851,
    -7.000000104308128,
    -5.500000081956387,
    -5.000000074505806
  ],
  "tasmax": [
    4.200000062584877,
    2.7000000402331352,
    0.4000000059604645,
    0.800000011920929,
    0.5000000074505806,
    0.20000000298023224,
    -0.20000000298023224,
    0.5000000074505806,
    -2.0000000298023224,
    0.0,
    -6.500000096857548,
    1.5000000223517418,
    6.70000009983778,
    6.400000095367432,
    8.400000125169754,
    11.300000168383121,
    6.900000102818012,
    5.000000074505806,
    3.400000050663948,
    3.7000000551342964,
    1.1000000163912773,
    0.5000000074505806,
    -2.500000037252903,
    -1.700000025331974,
    -0.9000000134110451,
    1.1000000163912773,
    0.5000000074505806,
    0.800000011920929,
    0.800000011920929,
    -1.3000000193715096,
    -1.3000000193715096,
    -5.000000074505806,
    -5.700000084936619,
    -3.9000000581145287,
    -4.000000059604645
  ],
  "tasmin": [
    1.1000000163912773,
    -2.1000000312924385,
    -6.000000089406967,
    -6.800000101327896,
    -1.600000023841858,
    -1.600000023841858,
    -4.000000059604645,
    -2.7000000402331352,
    -4.400000065565109,
    -9.80000014603138,
    -14.000000208616257,
    -7.000000104308128,
    1.3000000193715096,
    -0.20000000298023224,
    -1.0000000149011612,
    5.700000084936619,
    1.1000000163912773,
    -0.10000000149011612,
    -2.600000038743019,
    -3.9000000581145287,
    -4.200000062584877,
    -4.400000065565109,
    -5.500000081956387,
    -4.700000070035458,
    -2.2000000327825546,
    -1.0000000149011612,
    -0.4000000059604645,
    -0.5000000074505806,
    -2.0000000298023224,
    -2.7000000402331352,
    -5.000000074505806,
    -6.900000102818012,
    -8.400000125169754,
    -7.500000111758709,
    -6.500000096857548
  ]
}