{
  "time": [
    1767268800000000000
  ],
  "hurs": [
    90.20000134408474
  ],
  "pr": [
    16.399999618530273
  ],
  "tas": [
    2.8000000417232513
  ],
  "tasmax": [
    4.000000059604645
  ],
  "tasmin": [
    0.9000000134110451
  ]
}