{
  "time": [
    1767225600000000000,
    1767312000000000000,
    1767398400000000000,
    1767484800000000000,
    1767571200000000000,
    1767657600000000000,
    1767744000000000000,
    1767830400000000000,
    1767916800000000000,
    1768003200000000000,
    1768089600000000000,
    1768176000000000000,
    1768262400000000000,
    1768348800000000000,
    1768435200000000000,
    1768521600000000000,
    1768608000000000000,
    1768694400000000000,
    1768780800000000000,
    1768867200000000000,
    1768953600000000000,
    1769040000000000000,
    1769126400000000000,
    1769212800000000000,
    1769299200000000000,
    1769385600000000000,
    1769472000000000000,
    1769558400000000000,
    1769644800000000000,
    1769731200000000000,
    1769817600000000000,
    1769904000000000000,
    1769990400000000000,
    1770076800000000000,
    1770163200000000000,
    1770249600000000000,
    1770336000000000000,
    1770422400000000000,
    1770508800000000000,
    1770595200000000000,
    1770681600000000000,
    1770768000000000000,
    1770854400000000000,
    1770940800000000000,
    1771027200000000000,
    1771113600000000000,
    1771200000000000000,
    1771286400000000000,
    1771372800000000000,
    1771459200000000000,
    1771545600000000000,
    1771632000000000000,
    1771718400000000000,
    1771804800000000000,
    1771891200000000000
  ],
  "hurs": [
    90.70000135153532,
    92.50000137835741,
    93.00000138580799,
    92.4000013768673,
    87.20000129938126,
    89.50000133365393,
    79.70000118762255,
    92.00000137090683,
    78.40000116825104,
    75.90000113099813,
    92.4000013768673,
    91.00000135600567,
    98.20000146329403,
    92.50000137835741,
    94.70000141113997,
    82.20000122487545,
    90.70000135153532,
    83.70000124722719,
    74.50000111013651,
    79.00000117719173,
    80.0000011920929,
    79.4000011831522,
    80.40000119805336,
    79.90000119060278,
    86.50000128895044,
    94.9000014141202,
    91.2000013589859,
    85.20000126957893,
    84.00000125169754,
    85.0000012665987,
    84.20000125467777,
    78.50000116974115,
    73.50000109523535,
    62.000000923871994,
    78.00000116229057,
    86.90000129491091,
    94.70000141113997,
    97.00000144541264,
    91.00000135600567,
    91.00000135600567,
    93.00000138580799,
    99.00000147521496,
    96.50000143796206,
    90.00000134110451,
    83.40000124275684,
    79.4000011831522,
    83.40000124275684,
    92.4000013768673,
    80.70000120252371,
    75.40000112354755,
    75.90000113099813,
    95.40000142157078,
    95.70000142604113,
    90.90000135451555,
    91.2000013589859
  ],
  "pr": [
    15.0,
    14.699999809265137,
    6.699999809265137,
    0.4000000059604645,
    1.2000000476837158,
    0.20000000298023224,
    0.699999988079071,
    5.800000190734863,
    2.0999999046325684,
    0.0,
    0.0,
    5.199999809265137,
    7.099999904632568,
    3.5999999046325684,
    0.10000000149011612,
    0.0,
    0.0,
    0.0,
    0.0,
    0.0,
    0.0,
    0.0,
    0.0,
    0.6000000238418579,
    3.9000000953674316,
    5.800000190734863,
    0.0,
    0.0,
    0.6000000238418579,
    0.0,
    0.0,
    0.0,
    0.0,
    0.10000000149011612,
    1.0,
    0.8999999761581421,
    0.0,
    1.2999999523162842,
    0.0,
    0.0,
    6.800000190734863,
    2.200000047683716,
    7.300000190734863,
    2.0999999046325684,
    0.10000000149011612,
    0.20000000298023224,
    0.699999988079071,
    1.100000023841858,
    0.0,
    0.0,
    5.300000190734863,
    2.9000000953674316,
    9.699999809265137,
    9.100000381469727,
    0.0
  ],
  "tas": [
    2.8000000417232513,
    0.5000000074505806,
    -1.1000000163912773,
    -1.8000000268220901,
    -0.5000000074505806,
    -0.9000000134110451,
    -1.8000000268220901,
    -1.1000000163912773,
    -3.1000000461935997,
    -3.200000047683716,
    -9.300000138580799,
    -2.1000000312924385,
    4.000000059604645,
    4.200000062584877,
    4.700000070035458,
    8.00000011920929,
    3.200000047683716,
    3.200000047683716,
    0.0,
    -1.0000000149011612,
    -2.500000037252903,
    -2.7000000402331352,
    -4.200000062584877,
    -2.8000000417232513,
    -1.600000023841858,
    0.4000000059604645,
    0.10000000149011612,
    0.20000000298023224,
    -0.5000000074505806,
    -1.8000000268220901,
    -2.500000037252903,
    -5.900000087916851,
    -7.000000104308128,
    -5.500000081956387,
    -5.000000074505806,
    -3.200000047683716,
    -0.20000000298023224,
    1.1000000163912773,
    0.5000000074505806,
    0.5000000074505806,
    1.8000000268220901,
    1.8000000268220901,
    1.600000023841858,
    -0.5000000074505806,
    -2.2000000327825546,
    -4.500000067055225,
    -3.1000000461935997,
    -1.3000000193715096,
    -2.500000037252903,
    -4.200000062584877,
    -1.5000000223517418,
    6.000000089406967,
    8.900000132620335,
    7.700000114738941,
    6.400000095367432
  ],
  "tasmax": [
    4.000000059604645,
    2.600000038743019,
    0.4000000059604645,
    0.800000011920929,
    0.6000000089406967,
    0.20000000298023224,
    0.20000000298023224,
    0.4000000059604645,
    -2.0000000298023224,
    -0.10000000149011612,
    -6.400000095367432,
    1.5000000223517418,
    6.500000096857548,
    6.400000095367432,
    8.100000120699406,
    11.400000169873238,
    6.900000102818012,
    5.000000074505806,
    3.400000050663948,
    3.6000000536441803,
    1.1000000163912773,
    0.4000000059604645,
    -2.500000037252903,
    -1.5000000223517418,
    -0.800000011920929,
    1.0000000149011612,
    0.6000000089406967,
    0.9000000134110451,
    0.6000000089406967,
    -1.1000000163912773,
    -1.3000000193715096,
    -5.000000074505806,
    -5.700000084936619,
    -3.9000000581145287,
    -4.000000059604645,
    -2.0000000298023224,
    0.9000000134110451,
    2.1000000312924385,
    1.1000000163912773,
    1.3000000193715096,
    4.000000059604645,
    2.600000038743019,
    2.600000038743019,
    0.800000011920929,
    -0.20000000298023224,
    -0.4000000059604645,
    -2.1000000312924385,
    1.3000000193715096,
    1.1000000163912773,
    -0.20000000298023224,
    3.1000000461935997,
    7.500000111758709,
    10.500000156462193,
    8.900000132620335,
    9.500000141561031
  ],
  "tasmin": [
    0.9000000134110451,
    -2.1000000312924385,
    -6.000000089406967,
    -6.70000009983778,
    -1.5000000223517418,
    -1.600000023841858,
    -3.7000000551342964,
    -2.7000000402331352,
    -4.400000065565109,
    -9.900000147521496,
    -14.000000208616257,
    -7.000000104308128,
    1.1000000163912773,
    -0.20000000298023224,
    -1.1000000163912773,
    5.700000084936619,
    1.3000000193715096,
    -0.10000000149011612,
    -2.600000038743019,
    -3.9000000581145287,
    -4.500000067055225,
    -4.500000067055225,
    -5.500000081956387,
    -4.700000070035458,
    -2.1000000312924385,
    -1.0000000149011612,
    -0.5000000074505806,
    -0.5000000074505806,
    -2.0000000298023224,
    -2.600000038743019,
    -5.000000074505806,
    -6.900000102818012,
    -8.400000125169754,
    -7.500000111758709,
    -6.500000096857548,
    -4.400000065565109,
    -1.8000000268220901,
    0.5000000074505806,
    -0.10000000149011612,
    -0.10000000149011612,
    0.5000000074505806,
    1.1000000163912773,
    0.5000000074505806,
    -1.8000000268220901,
    -8.400000125169754,
    -10.30000015348196,
    -4.200000062584877,
    -3.1000000461935997,
    -7.300000108778477,
    -7.900000117719173,
    -6.70000009983778,
    2.7000000402331352,
    6.900000102818012,
    6.500000096857548,
    4.000000059604645
  ]
}