{
  "time": [
    1767225600000000000,
    1767312000000000000,
    1767398400000000000,
    1767484800000000000,
    1767571200000000000,
    1767657600000000000,
    1767744000000000000,
    1767830400000000000,
    1767916800000000000,
    1768003200000000000,
    1768089600000000000,
    1768176000000000000,
    1768262400000000000,
    1768348800000000000,
    1768435200000000000,
    1768521600000000000,
    1768608000000000000,
    1768694400000000000,
    1768780800000000000,
    1768867200000000000,
    1768953600000000000,
    1769040000000000000,
    1769126400000000000,
    1769212800000000000,
    1769299200000000000,
    1769385600000000000,
    1769472000000000000,
    1769558400000000000,
    1769644800000000000,
    1769731200000000000,
    1769817600000000000,
    1769904000000000000,
    1769990400000000000,
    1770076800000000000,
    1770163200000000000,
    1770249600000000000,
    1770336000000000000,
    1770422400000000000,
    1770508800000000000,
    1770595200000000000,
    1770681600000000000,
    1770768000000000000,
    1770854400000000000,
    1770940800000000000,
    1771027200000000000,
    1771113600000000000,
    1771200000000000000,
    1771286400000000000,
    1771372800000000000,
    1771459200000000000,
    1771545600000000000,
    1771632000000000000,
    1771718400000000000,
    1771804800000000000,
    1771891200000000000,
    1771977600000000000,
    1772064000000000000,
    1772150400000000000,
    1772236800000000000,
    1772323200000000000,
    1772409600000000000,
    1772496000000000000,
    1772582400000000000,
    1772668800000000000,
    1772755200000000000,
    1772841600000000000,
    1772928000000000000,
    1773014400000000000,
    1773100800000000000,
    1773187200000000000,
    1773273600000000000,
    1773360000000000000,
    1773446400000000000,
    1773532800000000000,
    1773619200000000000,
    1773705600000000000,
    1773792000000000000,
    1773878400000000000,
    1773964800000000000,
    1774051200000000000,
    1774137600000000000,
    1774224000000000000,
    1774310400000000000,
    1774396800000000000,
    1774483200000000000,
    1774569600000000000,
    1774656000000000000,
    1774742400000000000,
    1774828800000000000,
    1774915200000000000
  ],
  "hurs": [
    90.70000135153532,
    92.50000137835741,
    93.00000138580799,
    92.4000013768673,
    87.20000129938126,
    89.50000133365393,
    79.70000118762255,
    92.00000137090683,
    78.40000116825104,
    75.90000113099813,
    92.4000013768673,
    91.00000135600567,
    98.20000146329403,
    92.50000137835741,
    94.70000141113997,
    82.20000122487545,
    90.70000135153532,
    83.70000124722719,
    74.50000111013651,
    79.00000117719173,
    80.0000011920929,
    79.4000011831522,
    80.40000119805336,
    79.90000119060278,
    86.50000128895044,
    94.9000014141202,
    91.2000013589859,
    85.20000126957893,
    84.00000125169754,
    85.0000012665987,
    84.20000125467777,
    78.90000117570162,
    73.90000110119581,
    61.90000092238188,
    78.00000116229057,
    87.00000129640102,
    96.00000143051147,
    96.50000143796206,
    90.40000134706497,
    91.40000136196613,
    91.70000136643648,
    98.40000146627426,
    97.00000144541264,
    90.00000134110451,
    82.90000123530626,
    79.20000118017197,
    83.70000124722719,
    92.70000138133764,
    80.0000011920929,
    74.70000111311674,
    74.50000111013651,
    95.00000141561031,
    96.50000143796206,
    92.20000137388706,
    92.50000137835741,
    83.50000124424696,
    80.0000011920929,
    78.00000116229057,
    74.20000110566616,
    67.50000100582838,
    61.4000009149313,
    75.00000111758709,
    70.7000010535121,
    65.20000097155571,
    58.70000087469816,
    69.5000010356307,
    69.40000103414059,
    66.70000099390745,
    76.00000113248825,
    86.50000128895044,
    72.0000010728836,
    78.2000011652708,
    89.70000133663416,
    82.90000123530626,
    79.50000118464231,
    77.90000116080046,
    60.700000904500484,
    67.20000100135803,
    77.50000115483999,
    86.70000129193068,
    68.40000101923943,
    68.70000102370977,
    65.50000097602606,
    70.7000010535121,
    76.50000113993883,
    68.00000101327896,
    81.20000120997429,
    69.5000010356307,
    82.90000123530626,
    80.70000120252371
  ]
}