{
  "time": [
    1767225600000000000,
    1767312000000000000,
    1767398400000000000,
    1767484800000000000,
    1767571200000000000,
    1767657600000000000,
    1767744000000000000,
    1767830400000000000,
    1767916800000000000,
    1768003200000000000,
    1768089600000000000,
    1768176000000000000,
    1768262400000000000,
    1768348800000000000,
    1768435200000000000,
    1768521600000000000,
    1768608000000000000,
    1768694400000000000,
    1768780800000000000,
    1768867200000000000,
    1768953600000000000,
    1769040000000000000,
    1769126400000000000,
    1769212800000000000,
    1769299200000000000,
    1769385600000000000,
    1769472000000000000,
    1769558400000000000,
    1769644800000000000,
    1769731200000000000,
    1769817600000000000,
    1769904000000000000,
    1769990400000000000,
    1770076800000000000,
    1770163200000000000,
    1770249600000000000,
    1770336000000000000,
    1770422400000000000,
    1770508800000000000,
    1770595200000000000,
    1770681600000000000,
    1770768000000000000,
    1770854400000000000,
    1770940800000000000,
    1771027200000000000,
    1771113600000000000,
    1771200000000000000,
    1771286400000000000,
    1771372800000000000,
    1771459200000000000,
    1771545600000000000,
    1771632000000000000,
    1771718400000000000,
    1771804800000000000,
    1771891200000000000,
    1771977600000000000,
    1772064000000000000,
    1772150400000000000,
    1772236800000000000
  ],
  "hurs": [
    90.70000135153532,
    92.50000137835741,
    93.00000138580799,
    92.4000013768673,
    87.20000129938126,
    89.50000133365393,
    79.70000118762255,
    92.00000137090683,
    78.40000116825104,
    75.90000113099813,
    92.4000013768673,
    91.00000135600567,
    98.20000146329403,
    92.50000137835741,
    94.70000141113997,
    82.20000122487545,
    90.70000135153532,
    83.70000124722719,
    74.50000111013651,
    79.00000117719173,
    80.0000011920929,
    79.4000011831522,
    80.40000119805336,
    79.90000119060278,
    86.50000128895044,
    94.9000014141202,
    91.2000013589859,
    85.20000126957893,
    84.00000125169754,
    85.0000012665987,
    84.20000125467777,
    78.50000116974115,
    73.50000109523535,
    62.000000923871994,
    78.00000116229057,
    86.90000129491091,
    94.70000141113997,
    97.00000144541264,
    91.00000135600567,
    91.00000135600567,
    93.00000138580799,
    99.00000147521496,
    96.50000143796206,
    90.00000134110451,
    83.40000124275684,
    79.4000011831522,
    83.40000124275684,
    92.4000013768673,
    80.70000120252371,
    75.40000112354755,
    75.90000113099813,
    95.40000142157078,
    95.70000142604113,
    90.90000135451555,
    91.2000013589859,
    83.20000123977661,
    79.90000119060278,
    78.00000116229057,
    74.20000110566616
  ]
}