{
  "time": [
    1767225600000000000,
    1767312000000000000,
    1767398400000000000,
    1767484800000000000,
    1767571200000000000,
    1767657600000000000,
    1767744000000000000,
    1767830400000000000,
    1767916800000000000,
    1768003200000000000,
    1768089600000000000,
    1768176000000000000,
    1768262400000000000,
    1768348800000000000,
    1768435200000000000,
    1768521600000000000,
    1768608000000000000,
    1768694400000000000,
    1768780800000000000,
    1768867200000000000,
    1768953600000000000,
    1769040000000000000,
    1769126400000000000,
    1769212800000000000,
    1769299200000000000,
    1769385600000000000,
    1769472000000000000,
    1769558400000000000,
    1769644800000000000,
    1769731200000000000,
    1769817600000000000,
    1769904000000000000,
    1769990400000000000,
    1770076800000000000,
    1770163200000000000
  ],
  "hurs": [
    89.00000132620335,
    91.70000136643648,
    92.20000137388706,
    92.00000137090683,
    88.40000131726265,
    89.20000132918358,
    80.70000120252371,
    91.70000136643648,
    78.40000116825104,
    76.20000113546848,
    92.4000013768673,
    90.70000135153532,
    96.2000014334917,
    92.50000137835741,
    93.50000139325857,
    82.40000122785568,
    90.50000134855509,
    83.40000124275684,
    74.00000110268593,
    78.70000117272139,
    79.00000117719173,
    78.40000116825104,
    80.0000011920929,
    80.90000120550394,
    87.20000129938126,
    94.70000141113997,
    91.00000135600567,
    85.20000126957893,
    84.00000125169754,
    85.70000127702951,
    83.00000123679638,
    78.50000116974115,
    73.50000109523535,
    62.000000923871994,
    78.00000116229057
  ]
}