{
  "time": [
    1767268800000000000,
    1767355200000000000,
    1767441600000000000
  ],
  "hurs": [
    90.20000134408474,
    91.70000136643648,
    92.20000137388706
  ]
}