{
  "time": [
    1767290400000000000,
    1767376800000000000,
    1767463200000000000
  ],
  "pr": [
    16.399999618530273,
    15.199999809265137,
    6.699999809265137
  ]
}