{
  "time": [
    1767268800000000000,
    1767355200000000000,
    1767441600000000000
  ],
  "tas": [
    2.8000000417232513,
    0.6000000089406967,
    -1.1000000163912773
  ]
}