{
  "time": [
    1767268800000000000,
    1767355200000000000,
    1767441600000000000
  ],
  "tasmin": [
    0.9000000134110451,
    -2.0000000298023224,
    -6.000000089406967
  ]
}