{
  "time": [
    1767225600000000000,
    1767312000000000000,
    1767398400000000000,
    1767484800000000000,
    1767571200000000000,
    1767657600000000000,
    1767744000000000000,
    1767830400000000000,
    1767916800000000000,
    1768003200000000000,
    1768089600000000000,
    1768176000000000000,
    1768262400000000000,
    1768348800000000000,
    1768435200000000000,
    1768521600000000000,
    1768608000000000000,
    1768694400000000000,
    1768780800000000000,
    1768867200000000000,
    1768953600000000000,
    1769040000000000000,
    1769126400000000000,
    1769212800000000000,
    1769299200000000000,
    1769385600000000000,
    1769472000000000000,
    1769558400000000000,
    1769644800000000000,
    1769731200000000000,
    1769817600000000000,
    1769904000000000000,
    1769990400000000000,
    1770076800000000000,
    1770163200000000000,
    1770249600000000000,
    1770336000000000000,
    1770422400000000000,
    1770508800000000000,
    1770595200000000000,
    1770681600000000000,
    1770768000000000000,
    1770854400000000000,
    1770940800000000000,
    1771027200000000000,
    1771113600000000000,
    1771200000000000000,
    1771286400000000000,
    1771372800000000000,
    1771459200000000000,
    1771545600000000000
  ],
  "tasmax": [
    4.000000059604645,
    2.600000038743019,
    0.4000000059604645,
    0.800000011920929,
    0.6000000089406967,
    0.20000000298023224,
    0.20000000298023224,
    0.4000000059604645,
    -2.0000000298023224,
    -0.10000000149011612,
    -6.400000095367432,
    1.5000000223517418,
    6.500000096857548,
    6.400000095367432,
    8.100000120699406,
    11.400000169873238,
    6.900000102818012,
    5.000000074505806,
    3.400000050663948,
    3.6000000536441803,
    1.1000000163912773,
    0.4000000059604645,
    -2.500000037252903,
    -1.5000000223517418,
    -0.800000011920929,
    1.0000000149011612,
    0.6000000089406967,
    0.9000000134110451,
    0.6000000089406967,
    -1.1000000163912773,
    -1.3000000193715096,
    -5.000000074505806,
    -5.700000084936619,
    -3.9000000581145287,
    -4.000000059604645,
    -2.0000000298023224,
    0.9000000134110451,
    2.1000000312924385,
    1.1000000163912773,
    1.3000000193715096,
    4.000000059604645,
    2.600000038743019,
    2.600000038743019,
    0.800000011920929,
    -0.20000000298023224,
    -0.4000000059604645,
    -2.1000000312924385,
    1.3000000193715096,
    1.1000000163912773,
    -0.20000000298023224,
    3.1000000461935997
  ]
}