{
  "time": [
    1767225600000000000,
    1767312000000000000,
    1767398400000000000,
    1767484800000000000,
    1767571200000000000,
    1767657600000000000,
    1767744000000000000,
    1767830400000000000,
    1767916800000000000,
    1768003200000000000,
    1768089600000000000,
    1768176000000000000,
    1768262400000000000,
    1768348800000000000,
    1768435200000000000,
    1768521600000000000,
    1768608000000000000,
    1768694400000000000,
    1768780800000000000,
    1768867200000000000,
    1768953600000000000,
    1769040000000000000,
    1769126400000000000,
    1769212800000000000,
    1769299200000000000,
    1769385600000000000,
    1769472000000000000,
    1769558400000000000,
    1769644800000000000,
    1769731200000000000,
    1769817600000000000,
    1769904000000000000,
    1769990400000000000,
    1770076800000000000,
    1770163200000000000,
    1770249600000000000,
    1770336000000000000,
    1770422400000000000
  ],
  "tasmin": [
    1.1000000163912773,
    -2.1000000312924385,
    -6.000000089406967,
    -6.800000101327896,
    -1.600000023841858,
    -1.600000023841858,
    -4.000000059604645,
    -2.7000000402331352,
    -4.400000065565109,
    -9.80000014603138,
    -14.000000208616257,
    -7.000000104308128,
    1.3000000193715096,
    -0.20000000298023224,
    -1.0000000149011612,
    5.700000084936619,
    1.1000000163912773,
    -0.10000000149011612,
    -2.600000038743019,
    -3.9000000581145287,
    -4.200000062584877,
    -4.400000065565109,
    -5.500000081956387,
    -4.700000070035458,
    -2.2000000327825546,
    -1.0000000149011612,
    -0.4000000059604645,
    -0.5000000074505806,
    -2.0000000298023224,
    -2.7000000402331352,
    -5.000000074505806,
    -6.900000102818012,
    -8.400000125169754,
    -7.500000111758709,
    -6.500000096857548,
    -4.400000065565109,
    -1.8000000268220901,
    0.5000000074505806
  ]
}