{
  "time": [
    1767268800000000000,
    1767355200000000000,
    1767441600000000000
  ],
  "hurs": [
    79.70000118762255,
    88.90000132471323,
    89.40000133216381
  ],
  "pr": [
    3.4000000953674316,
    3.9000000953674316,
    4.599999904632568
  ],
  "tas": [
    3.200000047683716,
    1.1000000163912773,
    0.4000000059604645
  ],
  "tasmax": [
    4.200000062584877,
    3.200000047683716,
    1.1000000163912773
  ],
  "tasmin": [
    2.2000000327825546,
    -0.10000000149011612,
    -0.4000000059604645
  ]
}