{
  "time": [
    1767225600000000000,
    1767312000000000000,
    1767398400000000000,
    1767484800000000000,
    1767571200000000000,
    1767657600000000000,
    1767744000000000000,
    1767830400000000000,
    1767916800000000000,
    1768003200000000000,
    1768089600000000000,
    1768176000000000000,
    1768262400000000000,
    1768348800000000000,
    1768435200000000000,
    1768521600000000000,
    1768608000000000000,
    1768694400000000000,
    1768780800000000000,
    1768867200000000000,
    1768953600000000000,
    1769040000000000000,
    1769126400000000000,
    1769212800000000000,
    1769299200000000000,
    1769385600000000000,
    1769472000000000000,
    1769558400000000000,
    1769644800000000000,
    1769731200000000000,
    1769817600000000000,
    1769904000000000000,
    1769990400000000000,
    1770076800000000000,
    1770163200000000000,
    1770249600000000000,
    1770336000000000000,
    1770422400000000000,
    1770508800000000000
  ],
  "hurs": [
    80.50000119954348,
    87.70000130683184,
    89.00000132620335,
    85.90000128000975,
    82.00000122189522,
    88.90000132471323,
    81.70000121742487,
    85.50000127404928,
    89.50000133365393,
    83.50000124424696,
    80.70000120252371,
    92.00000137090683,
    88.20000131428242,
    92.70000138133764,
    83.70000124722719,
    83.70000124722719,
    80.70000120252371,
    84.90000126510859,
    85.50000127404928,
    79.4000011831522,
    69.20000103116035,
    67.90000101178885,
    71.50000106543303,
    78.00000116229057,
    80.0000011920929,
    90.90000135451555,
    88.00000131130219,
    93.7000013962388,
    94.70000141113997,
    87.70000130683184,
    87.90000130981207,
    87.00000129640102,
    76.20000113546848,
    84.70000126212835,
    82.70000123232603,
    82.90000123530626,
    87.5000013038516,
    84.70000126212835,
    93.20000138878822
  ]
}