{
  "time": [
    1767268800000000000,
    1767355200000000000,
    1767441600000000000
  ],
  "hurs": [
    79.70000118762255,
    88.90000132471323,
    89.40000133216381
  ]
}