{
  "time": [
    1767225600000000000,
    1767312000000000000,
    1767398400000000000,
    1767484800000000000,
    1767571200000000000,
    1767657600000000000,
    1767744000000000000,
    1767830400000000000,
    1767916800000000000,
    1768003200000000000,
    1768089600000000000,
    1768176000000000000,
    1768262400000000000,
    1768348800000000000,
    1768435200000000000,
    1768521600000000000,
    1768608000000000000,
    1768694400000000000,
    1768780800000000000,
    1768867200000000000,
    1768953600000000000,
    1769040000000000000,
    1769126400000000000,
    1769212800000000000,
    1769299200000000000,
    1769385600000000000,
    1769472000000000000,
    1769558400000000000,
    1769644800000000000,
    1769731200000000000,
    1769817600000000000,
    1769904000000000000,
    1769990400000000000,
    1770076800000000000,
    1770163200000000000,
    1770249600000000000,
    1770336000000000000,
    1770422400000000000,
    1770508800000000000,
    1770595200000000000,
    1770681600000000000,
    1770768000000000000,
    1770854400000000000,
    1770940800000000000,
    1771027200000000000,
    1771113600000000000,
    1771200000000000000,
    1771286400000000000
  ],
  "hurs": [
    80.40000119805336,
    88.00000131130219,
    89.20000132918358,
    85.50000127404928,
    82.5000012293458,
    88.40000131726265,
    81.9000012204051,
    85.40000127255917,
    88.90000132471323,
    83.70000124722719,
    80.90000120550394,
    92.00000137090683,
    88.40000131726265,
    92.50000137835741,
    83.70000124722719,
    83.20000123977661,
    80.50000119954348,
    83.50000124424696,
    85.50000127404928,
    79.00000117719173,
    69.20000103116035,
    68.00000101327896,
    72.40000107884407,
    78.50000116974115,
    80.20000119507313,
    91.00000135600567,
    88.700001321733,
    93.7000013962388,
    94.9000014141202,
    87.20000129938126,
    87.20000129938126,
    87.00000129640102,
    76.20000113546848,
    84.70000126212835,
    82.70000123232603,
    82.90000123530626,
    87.5000013038516,
    84.70000126212835,
    93.20000138878822,
    83.00000123679638,
    84.20000125467777,
    93.50000139325857,
    91.40000136196613,
    82.40000122785568,
    80.40000119805336,
    80.20000119507313,
    90.90000135451555,
    86.90000129491091
  ]
}