{
  "time": [
    1767290400000000000,
    1767376800000000000,
    1767463200000000000
  ],
  "pr": [
    3.4000000953674316,
    3.9000000953674316,
    4.599999904632568
  ]
}