{
  "time": [
    1767225600000000000,
    1767312000000000000,
    1767398400000000000,
    1767484800000000000,
    1767571200000000000,
    1767657600000000000,
    1767744000000000000,
    1767830400000000000,
    1767916800000000000,
    1768003200000000000,
    1768089600000000000,
    1768176000000000000,
    1768262400000000000,
    1768348800000000000,
    1768435200000000000,
    1768521600000000000,
    1768608000000000000,
    1768694400000000000,
    1768780800000000000,
    1768867200000000000,
    1768953600000000000,
    1769040000000000000,
    1769126400000000000,
    1769212800000000000,
    1769299200000000000,
    1769385600000000000,
    1769472000000000000,
    1769558400000000000,
    1769644800000000000,
    1769731200000000000,
    1769817600000000000,
    1769904000000000000,
    1769990400000000000,
    1770076800000000000,
    1770163200000000000,
    1770249600000000000,
    1770336000000000000
  ],
  "tas": [
    3.1000000461935997,
    1.3000000193715096,
    0.4000000059604645,
    0.0,
    -1.5000000223517418,
    -1.1000000163912773,
    -1.1000000163912773,
    1.8000000268220901,
    3.400000050663948,
    -2.1000000312924385,
    -3.200000047683716,
    3.6000000536441803,
    8.900000132620335,
    8.100000120699406,
    9.500000141561031,
    9.900000147521496,
    8.00000011920929,
    2.8000000417232513,
    1.700000025331974,
    2.1000000312924385,
    4.200000062584877,
    3.200000047683716,
    5.4000000804662704,
    3.7000000551342964,
    -0.20000000298023224,
    -0.10000000149011612,
    2.600000038743019,
    3.1000000461935997,
    0.800000011920929,
    2.500000037252903,
    5.500000081956387,
    5.200000077486038,
    4.700000070035458,
    2.0000000298023224,
    5.700000084936619,
    4.200000062584877,
    5.000000074505806
  ]
}