{
  "time": [
    1767268800000000000,
    1767355200000000000,
    1767441600000000000
  ],
  "tas": [
    3.200000047683716,
    1.1000000163912773,
    0.4000000059604645
  ]
}