{
  "time": [
    1767225600000000000,
    1767312000000000000,
    1767398400000000000,
    1767484800000000000,
    1767571200000000000,
    1767657600000000000,
    1767744000000000000,
    1767830400000000000,
    1767916800000000000,
    1768003200000000000,
    1768089600000000000,
    1768176000000000000,
    1768262400000000000,
    1768348800000000000,
    1768435200000000000,
    1768521600000000000,
    1768608000000000000,
    1768694400000000000,
    1768780800000000000,
    1768867200000000000,
    1768953600000000000,
    1769040000000000000,
    1769126400000000000,
    1769212800000000000,
    1769299200000000000,
    1769385600000000000,
    1769472000000000000,
    1769558400000000000,
    1769644800000000000,
    1769731200000000000,
    1769817600000000000,
    1769904000000000000,
    1769990400000000000,
    1770076800000000000,
    1770163200000000000,
    1770249600000000000,
    1770336000000000000,
    1770422400000000000,
    1770508800000000000,
    1770595200000000000
  ],
  "tasmax": [
    4.000000059604645,
    3.500000052154064,
    1.1000000163912773,
    1.1000000163912773,
    0.5000000074505806,
    1.1000000163912773,
    1.1000000163912773,
    3.200000047683716,
    6.200000092387199,
    0.4000000059604645,
    0.6000000089406967,
    8.900000132620335,
    11.10000016540289,
    9.900000147521496,
    11.300000168383121,
    11.500000171363354,
    12.000000178813934,
    5.500000081956387,
    5.000000074505806,
    5.900000087916851,
    7.900000117719173,
    7.200000107288361,
    9.500000141561031,
    8.100000120699406,
    2.1000000312924385,
    0.6000000089406967,
    5.700000084936619,
    5.000000074505806,
    1.600000023841858,
    5.200000077486038,
    8.00000011920929,
    8.400000125169754,
    7.800000116229057,
    4.200000062584877,
    11.000000163912773,
    8.300000123679638,
    7.200000107288361,
    13.600000202655792,
    7.300000108778477,
    7.900000117719173
  ]
}