{
  "time": [
    1767268800000000000,
    1767355200000000000,
    1767441600000000000
  ],
  "tasmin": [
    2.2000000327825546,
    -0.10000000149011612,
    -0.4000000059604645
  ]
}