{
  "time": [
    1767225600000000000,
    1767312000000000000,
    1767398400000000000,
    1767484800000000000,
    1767571200000000000,
    1767657600000000000,
    1767744000000000000,
    1767830400000000000,
    1767916800000000000,
    1768003200000000000,
    1768089600000000000,
    1768176000000000000,
    1768262400000000000,
    1768348800000000000,
    1768435200000000000,
    1768521600000000000,
    1768608000000000000,
    1768694400000000000,
    1768780800000000000,
    1768867200000000000,
    1768953600000000000,
    1769040000000000000,
    1769126400000000000,
    1769212800000000000,
    1769299200000000000,
    1769385600000000000,
    1769472000000000000,
    1769558400000000000,
    1769644800000000000,
    1769731200000000000,
    1769817600000000000,
    1769904000000000000,
    1769990400000000000,
    1770076800000000000,
    1770163200000000000,
    1770249600000000000,
    1770336000000000000,
    1770422400000000000,
    1770508800000000000,
    1770595200000000000,
    1770681600000000000,
    1770768000000000000,
    1770854400000000000,
    1770940800000000000,
    1771027200000000000,
    1771113600000000000,
    1771200000000000000,
    1771286400000000000,
    1771372800000000000,
    1771459200000000000,
    1771545600000000000,
    1771632000000000000,
    1771718400000000000,
    1771804800000000000,
    1771891200000000000,
    1771977600000000000,
    1772064000000000000,
    1772150400000000000,
    1772236800000000000,
    1772323200000000000,
    1772409600000000000,
    1772496000000000000,
    1772582400000000000,
    1772668800000000000,
    1772755200000000000,
    1772841600000000000,
    1772928000000000000,
    1773014400000000000,
    1773100800000000000,
    1773187200000000000,
    1773273600000000000,
    1773360000000000000,
    1773446400000000000,
    1773532800000000000,
    1773619200000000000,
    1773705600000000000,
    1773792000000000000,
    1773878400000000000,
    1773964800000000000,
    1774051200000000000,
    1774137600000000000,
    1774224000000000000,
    1774310400000000000
  ],
  "tasmax": [
    4.200000062584877,
    3.500000052154064,
    1.1000000163912773,
    1.3000000193715096,
    0.4000000059604645,
    1.1000000163912773,
    1.1000000163912773,
    3.200000047683716,
    6.400000095367432,
    0.20000000298023224,
    0.6000000089406967,
    8.900000132620335,
    11.10000016540289,
    10.000000149011612,
    11.300000168383121,
    11.60000017285347,
    12.000000178813934,
    5.900000087916851,
    5.000000074505806,
    6.000000089406967,
    8.00000011920929,
    7.300000108778477,
    9.400000140070915,
    8.100000120699406,
    2.1000000312924385,
    0.6000000089406967,
    5.500000081956387,
    5.000000074505806,
    1.600000023841858,
    5.4000000804662704,
    8.00000011920929,
    8.50000012665987,
    7.700000114738941,
    4.200000062584877,
    11.000000163912773,
    8.300000123679638,
    7.200000107288361,
    13.600000202655792,
    7.500000111758709,
    7.900000117719173,
    9.80000014603138,
    11.500000171363354,
    10.100000150501728,
    7.000000104308128,
    1.5000000223517418,
    4.700000070035458,
    8.00000011920929,
    6.400000095367432,
    5.700000084936619,
    4.90000007301569,
    8.300000123679638,
    11.000000163912773,
    12.500000186264515,
    12.000000178813934,
    12.400000184774399,
    17.30000025779009,
    18.30000027269125,
    19.60000029206276,
    13.500000201165676,
    14.100000210106373,
    17.00000025331974,
    18.600000277161598,
    18.100000269711018,
    18.30000027269125,
    19.10000028461218,
    18.500000275671482,
    19.30000028759241,
    19.000000283122063,
    16.800000250339508,
    11.60000017285347,
    12.90000019222498,
    11.500000171363354,
    5.500000081956387,
    10.500000156462193,
    11.500000171363354,
    12.90000019222498,
    16.50000024586916,
    17.50000026077032,
    15.500000230967999,
    14.500000216066837,
    16.100000239908695,
    16.800000250339508,
    16.600000247359276
  ]
}