{
  "time": [
    1767268800000000000,
    1767355200000000000,
    1767441600000000000
  ],
  "hurs": [
    82.20000122487545,
    87.70000130683184,
    86.50000128895044
  ],
  "pr": [
    3.9000000953674316,
    2.799999952316284,
    3.700000047683716
  ],
  "tas": [
    1.8000000268220901,
    0.4000000059604645,
    -0.20000000298023224
  ],
  "tasmax": [
    2.8000000417232513,
    2.3000000342726707,
    0.9000000134110451
  ],
  "tasmin": [
    0.800000011920929,
    -0.5000000074505806,
    -0.800000011920929
  ]
}