{
  "time": [
    1767268800000000000
  ],
  "hurs": [
    82.20000122487545
  ],
  "pr": [
    3.9000000953674316
  ],
  "tas": [
    1.8000000268220901
  ],
  "tasmax": [
    2.8000000417232513
  ],
  "tasmin": [
    0.800000011920929
  ]
}