{
  "time": [
    1767225600000000000,
    1767312000000000000,
    1767398400000000000,
    1767484800000000000,
    1767571200000000000,
    1767657600000000000,
    1767744000000000000,
    1767830400000000000,
    1767916800000000000,
    1768003200000000000,
    1768089600000000000,
    1768176000000000000,
    1768262400000000000,
    1768348800000000000,
    1768435200000000000,
    1768521600000000000,
    1768608000000000000,
    1768694400000000000,
    1768780800000000000,
    1768867200000000000,
    1768953600000000000,
    1769040000000000000,
    1769126400000000000,
    1769212800000000000,
    1769299200000000000,
    1769385600000000000,
    1769472000000000000,
    1769558400000000000,
    1769644800000000000,
    1769731200000000000,
    1769817600000000000,
    1769904000000000000,
    1769990400000000000,
    1770076800000000000,
    1770163200000000000,
    1770249600000000000,
    1770336000000000000,
    1770422400000000000,
    1770508800000000000,
    1770595200000000000,
    1770681600000000000,
    1770768000000000000,
    1770854400000000000,
    1770940800000000000,
    1771027200000000000,
    1771113600000000000,
    1771200000000000000,
    1771286400000000000,
    1771372800000000000,
    1771459200000000000,
    1771545600000000000,
    1771632000000000000
  ],
  "hurs": [
    82.00000122189522,
    88.50000131875277,
    86.00000128149986,
    86.00000128149986,
    80.90000120550394,
    85.40000127255917,
    82.00000122189522,
    86.40000128746033,
    90.00000134110451,
    87.5000013038516,
    83.90000125020742,
    90.90000135451555,
    89.20000132918358,
    94.50000140815973,
    84.50000125914812,
    81.20000120997429,
    74.90000111609697,
    85.70000127702951,
    83.50000124424696,
    66.50000099092722,
    61.4000009149313,
    63.60000094771385,
    70.40000104904175,
    81.00000120699406,
    82.20000122487545,
    93.20000138878822,
    90.70000135153532,
    94.9000014141202,
    96.2000014334917,
    86.00000128149986,
    84.70000126212835,
    85.50000127404928,
    74.20000110566616,
    85.90000128000975,
    81.50000121444464,
    85.20000126957893,
    82.40000122785568,
    85.70000127702951,
    83.20000123977661,
    79.50000118464231,
    83.50000124424696,
    94.50000140815973,
    92.00000137090683,
    88.50000131875277,
    90.20000134408474,
    79.50000118464231,
    94.20000140368938,
    88.700001321733,
    76.70000114291906,
    82.70000123232603,
    82.5000012293458,
    90.50000134855509
  ],
  "pr": [
    4.0,
    2.9000000953674316,
    3.799999952316284,
    0.10000000149011612,
    0.30000001192092896,
    0.0,
    0.699999988079071,
    4.900000095367432,
    8.600000381469727,
    0.10000000149011612,
    1.100000023841858,
    7.400000095367432,
    2.0,
    3.4000000953674316,
    0.0,
    0.10000000149011612,
    0.0,
    0.0,
    0.0,
    0.0,
    0.0,
    0.10000000149011612,
    0.10000000149011612,
    0.699999988079071,
    0.0,
    4.800000190734863,
    3.5,
    3.700000047683716,
    2.5999999046325684,
    0.0,
    0.10000000149011612,
    0.0,
    0.0,
    5.099999904632568,
    0.0,
    0.0,
    0.6000000238418579,
    0.0,
    0.0,
    0.0,
    0.4000000059604645,
    8.399999618530273,
    7.5,
    0.10000000149011612,
    0.10000000149011612,
    4.300000190734863,
    8.0,
    4.599999904632568,
    0.4000000059604645,
    2.0,
    3.0999999046325684,
    2.700000047683716
  ],
  "tas": [
    1.8000000268220901,
    0.20000000298023224,
    -0.20000000298023224,
    -0.800000011920929,
    -2.8000000417232513,
    -1.8000000268220901,
    -2.8000000417232513,
    0.800000011920929,
    3.1000000461935997,
    -3.1000000461935997,
    -4.90000007301569,
    2.600000038743019,
    7.400000110268593,
    7.500000111758709,
    8.800000131130219,
    9.00000013411045,
    7.700000114738941,
    2.1000000312924385,
    0.6000000089406967,
    3.200000047683716,
    5.000000074505806,
    2.7000000402331352,
    4.500000067055225,
    2.2000000327825546,
    -1.0000000149011612,
    -1.1000000163912773,
    1.3000000193715096,
    2.0000000298023224,
    0.10000000149011612,
    1.3000000193715096,
    4.400000065565109,
    4.500000067055225,
    4.000000059604645,
    1.1000000163912773,
    5.200000077486038,
    2.7000000402331352,
    4.400000065565109,
    7.400000110268593,
    4.90000007301569,
    3.1000000461935997,
    5.500000081956387,
    8.600000128149986,
    7.700000114738941,
    3.6000000536441803,
    -0.800000011920929,
    -1.1000000163912773,
    3.200000047683716,
    3.0000000447034836,
    1.600000023841858,
    1.700000025331974,
    1.8000000268220901,
    8.00000011920929
  ],
  "tasmax": [
    2.8000000417232513,
    2.2000000327825546,
    0.9000000134110451,
    -0.10000000149011612,
    -1.5000000223517418,
    -0.5000000074505806,
    -1.0000000149011612,
    2.1000000312924385,
    5.900000087916851,
    1.0000000149011612,
    -1.0000000149011612,
    7.000000104308128,
    9.300000138580799,
    8.800000131130219,
    10.30000015348196,
    10.400000154972076,
    12.500000186264515,
    6.800000101327896,
    3.1000000461935997,
    8.00000011920929,
    9.00000013411045,
    7.300000108778477,
    8.600000128149986,
    6.000000089406967,
    1.1000000163912773,
    -0.20000000298023224,
    4.000000059604645,
    4.000000059604645,
    0.800000011920929,
    4.200000062584877,
    7.500000111758709,
    7.300000108778477,
    7.500000111758709,
    4.200000062584877,
    10.400000154972076,
    6.500000096857548,
    7.300000108778477,
    11.60000017285347,
    10.400000154972076,
    7.500000111758709,
    7.900000117719173,
    9.900000147521496,
    8.600000128149986,
    6.900000102818012,
    0.20000000298023224,
    3.200000047683716,
    7.000000104308128,
    4.90000007301569,
    4.000000059604645,
    4.000000059604645,
    5.200000077486038,
    10.000000149011612
  ],
  "tasmin": [
    0.9000000134110451,
    -0.6000000089406967,
    -0.9000000134110451,
    -2.8000000417232513,
    -4.500000067055225,
    -3.400000050663948,
    -4.200000062584877,
    -1.600000023841858,
    1.1000000163912773,
    -7.800000116229057,
    -9.900000147521496,
    -1.0000000149011612,
    6.200000092387199,
    6.200000092387199,
    7.200000107288361,
    5.200000077486038,
    2.2000000327825546,
    -1.0000000149011612,
    -1.700000025331974,
    -0.4000000059604645,
    1.0000000149011612,
    -1.600000023841858,
    2.3000000342726707,
    -2.2000000327825546,
    -3.500000052154064,
    -2.1000000312924385,
    -1.1000000163912773,
    -0.10000000149011612,
    -0.5000000074505806,
    -1.3000000193715096,
    2.2000000327825546,
    2.7000000402331352,
    1.1000000163912773,
    -1.700000025331974,
    0.5000000074505806,
    0.10000000149011612,
    1.1000000163912773,
    3.9000000581145287,
    1.1000000163912773,
    -1.5000000223517418,
    2.600000038743019,
    7.300000108778477,
    6.800000101327896,
    0.10000000149011612,
    -3.200000047683716,
    -6.000000089406967,
    0.20000000298023224,
    1.700000025331974,
    -0.20000000298023224,
    -0.20000000298023224,
    -2.3000000342726707,
    5.200000077486038
  ]
}