{
  "time": [
    1767225600000000000,
    1767312000000000000,
    1767398400000000000,
    1767484800000000000,
    1767571200000000000,
    1767657600000000000,
    1767744000000000000,
    1767830400000000000,
    1767916800000000000,
    1768003200000000000,
    1768089600000000000,
    1768176000000000000,
    1768262400000000000,
    1768348800000000000,
    1768435200000000000,
    1768521600000000000,
    1768608000000000000,
    1768694400000000000,
    1768780800000000000,
    1768867200000000000,
    1768953600000000000,
    1769040000000000000,
    1769126400000000000,
    1769212800000000000,
    1769299200000000000,
    1769385600000000000,
    1769472000000000000,
    1769558400000000000,
    1769644800000000000,
    1769731200000000000,
    1769817600000000000,
    1769904000000000000,
    1769990400000000000,
    1770076800000000000,
    1770163200000000000,
    1770249600000000000,
    1770336000000000000,
    1770422400000000000,
    1770508800000000000,
    1770595200000000000,
    1770681600000000000,
    1770768000000000000,
    1770854400000000000,
    1770940800000000000,
    1771027200000000000,
    1771113600000000000,
    1771200000000000000,
    1771286400000000000,
    1771372800000000000,
    1771459200000000000,
    1771545600000000000,
    1771632000000000000,
    1771718400000000000
  ],
  "hurs": [
    82.00000122189522,
    88.50000131875277,
    86.00000128149986,
    86.00000128149986,
    80.90000120550394,
    85.40000127255917,
    82.00000122189522,
    86.40000128746033,
    90.00000134110451,
    87.5000013038516,
    83.90000125020742,
    90.90000135451555,
    89.20000132918358,
    94.50000140815973,
    84.50000125914812,
    81.20000120997429,
    74.90000111609697,
    85.70000127702951,
    83.50000124424696,
    66.50000099092722,
    61.4000009149313,
    63.60000094771385,
    70.40000104904175,
    81.00000120699406,
    82.20000122487545,
    93.20000138878822,
    90.70000135153532,
    94.9000014141202,
    96.2000014334917,
    86.00000128149986,
    84.70000126212835,
    85.50000127404928,
    74.20000110566616,
    85.90000128000975,
    81.50000121444464,
    85.20000126957893,
    82.40000122785568,
    85.70000127702951,
    83.20000123977661,
    79.50000118464231,
    83.50000124424696,
    94.50000140815973,
    92.00000137090683,
    88.50000131875277,
    90.20000134408474,
    79.50000118464231,
    94.20000140368938,
    88.700001321733,
    76.70000114291906,
    82.70000123232603,
    82.5000012293458,
    90.50000134855509,
    95.00000141561031
  ]
}