{
  "time": [
    1767225600000000000,
    1767312000000000000,
    1767398400000000000,
    1767484800000000000,
    1767571200000000000,
    1767657600000000000,
    1767744000000000000,
    1767830400000000000,
    1767916800000000000,
    1768003200000000000,
    1768089600000000000,
    1768176000000000000,
    1768262400000000000,
    1768348800000000000,
    1768435200000000000,
    1768521600000000000,
    1768608000000000000,
    1768694400000000000,
    1768780800000000000,
    1768867200000000000,
    1768953600000000000,
    1769040000000000000,
    1769126400000000000,
    1769212800000000000,
    1769299200000000000,
    1769385600000000000,
    1769472000000000000,
    1769558400000000000,
    1769644800000000000,
    1769731200000000000,
    1769817600000000000,
    1769904000000000000,
    1769990400000000000,
    1770076800000000000,
    1770163200000000000,
    1770249600000000000,
    1770336000000000000,
    1770422400000000000,
    1770508800000000000,
    1770595200000000000,
    1770681600000000000,
    1770768000000000000,
    1770854400000000000
  ],
  "hurs": [
    82.20000122487545,
    87.70000130683184,
    87.70000130683184,
    85.90000128000975,
    80.70000120252371,
    84.70000126212835,
    82.20000122487545,
    88.00000131130219,
    90.50000134855509,
    84.90000126510859,
    83.70000124722719,
    91.2000013589859,
    90.00000134110451,
    93.7000013962388,
    84.50000125914812,
    81.40000121295452,
    76.00000113248825,
    86.2000012844801,
    84.20000125467777,
    66.50000099092722,
    61.200000911951065,
    63.500000946223736,
    69.5000010356307,
    81.9000012204051,
    81.70000121742487,
    93.50000139325857,
    90.70000135153532,
    97.20000144839287,
    96.2000014334917,
    86.50000128895044,
    87.20000129938126,
    85.50000127404928,
    74.20000110566616,
    85.90000128000975,
    81.50000121444464,
    85.20000126957893,
    82.40000122785568,
    85.70000127702951,
    83.20000123977661,
    79.50000118464231,
    83.50000124424696,
    94.50000140815973,
    92.00000137090683
  ]
}