{
  "time": [
    1767268800000000000,
    1767355200000000000,
    1767441600000000000
  ],
  "hurs": [
    82.20000122487545,
    87.70000130683184,
    86.50000128895044
  ]
}