{
  "time": [
    1767290400000000000,
    1767376800000000000,
    1767463200000000000
  ],
  "pr": [
    3.9000000953674316,
    2.799999952316284,
    3.700000047683716
  ]
}