{
  "time": [
    1767225600000000000,
    1767312000000000000,
    1767398400000000000,
    1767484800000000000,
    1767571200000000000,
    1767657600000000000,
    1767744000000000000,
    1767830400000000000,
    1767916800000000000,
    1768003200000000000,
    1768089600000000000,
    1768176000000000000,
    1768262400000000000,
    1768348800000000000,
    1768435200000000000,
    1768521600000000000,
    1768608000000000000,
    1768694400000000000,
    1768780800000000000,
    1768867200000000000,
    1768953600000000000,
    1769040000000000000,
    1769126400000000000,
    1769212800000000000,
    1769299200000000000,
    1769385600000000000,
    1769472000000000000,
    1769558400000000000,
    1769644800000000000,
    1769731200000000000,
    1769817600000000000,
    1769904000000000000,
    1769990400000000000,
    1770076800000000000,
    1770163200000000000,
    1770249600000000000,
    1770336000000000000,
    1770422400000000000,
    1770508800000000000,
    1770595200000000000,
    1770681600000000000,
    1770768000000000000,
    1770854400000000000,
    1770940800000000000,
    1771027200000000000,
    1771113600000000000,
    1771200000000000000,
    1771286400000000000,
    1771372800000000000,
    1771459200000000000,
    1771545600000000000,
    1771632000000000000,
    1771718400000000000,
    1771804800000000000,
    1771891200000000000,
    1771977600000000000,
    1772064000000000000
  ],
  "tas": [
    1.8000000268220901,
    0.20000000298023224,
    -0.20000000298023224,
    -0.800000011920929,
    -2.8000000417232513,
    -1.8000000268220901,
    -2.8000000417232513,
    0.800000011920929,
    3.1000000461935997,
    -3.1000000461935997,
    -4.90000007301569,
    2.600000038743019,
    7.400000110268593,
    7.500000111758709,
    8.800000131130219,
    9.00000013411045,
    7.700000114738941,
    2.1000000312924385,
    0.6000000089406967,
    3.200000047683716,
    5.000000074505806,
    2.7000000402331352,
    4.500000067055225,
    2.2000000327825546,
    -1.0000000149011612,
    -1.1000000163912773,
    1.3000000193715096,
    2.0000000298023224,
    0.10000000149011612,
    1.3000000193715096,
    4.400000065565109,
    4.500000067055225,
    4.000000059604645,
    1.1000000163912773,
    5.200000077486038,
    2.7000000402331352,
    4.400000065565109,
    7.400000110268593,
    4.90000007301569,
    3.1000000461935997,
    5.500000081956387,
    8.600000128149986,
    7.700000114738941,
    3.6000000536441803,
    -0.800000011920929,
    -1.1000000163912773,
    3.200000047683716,
    3.0000000447034836,
    1.600000023841858,
    1.700000025331974,
    1.8000000268220901,
    8.00000011920929,
    10.500000156462193,
    8.600000128149986,
    9.400000140070915,
    11.10000016540289,
    12.000000178813934
  ]
}