{
  "time": [
    1767225600000000000,
    1767312000000000000,
    1767398400000000000,
    1767484800000000000,
    1767571200000000000,
    1767657600000000000,
    1767744000000000000,
    1767830400000000000,
    1767916800000000000,
    1768003200000000000,
    1768089600000000000,
    1768176000000000000,
    1768262400000000000,
    1768348800000000000,
    1768435200000000000,
    1768521600000000000,
    1768608000000000000,
    1768694400000000000,
    1768780800000000000,
    1768867200000000000,
    1768953600000000000,
    1769040000000000000,
    1769126400000000000,
    1769212800000000000,
    1769299200000000000,
    1769385600000000000,
    1769472000000000000,
    1769558400000000000,
    1769644800000000000,
    1769731200000000000,
    1769817600000000000,
    1769904000000000000,
    1769990400000000000,
    1770076800000000000,
    1770163200000000000,
    1770249600000000000,
    1770336000000000000,
    1770422400000000000,
    1770508800000000000,
    1770595200000000000,
    1770681600000000000,
    1770768000000000000,
    1770854400000000000,
    1770940800000000000,
    1771027200000000000,
    1771113600000000000,
    1771200000000000000,
    1771286400000000000,
    1771372800000000000,
    1771459200000000000,
    1771545600000000000,
    1771632000000000000,
    1771718400000000000,
    1771804800000000000,
    1771891200000000000,
    1771977600000000000,
    1772064000000000000,
    1772150400000000000,
    1772236800000000000,
    1772323200000000000,
    1772409600000000000,
    1772496000000000000,
    1772582400000000000,
    1772668800000000000,
    1772755200000000000,
    1772841600000000000,
    1772928000000000000,
    1773014400000000000,
    1773100800000000000,
    1773187200000000000,
    1773273600000000000,
    1773360000000000000,
    1773446400000000000,
    1773532800000000000,
    1773619200000000000,
    1773705600000000000,
    1773792000000000000,
    1773878400000000000,
    1773964800000000000,
    1774051200000000000,
    1774137600000000000,
    1774224000000000000,
    1774310400000000000,
    1774396800000000000,
    1774483200000000000,
    1774569600000000000,
    1774656000000000000,
    1774742400000000000,
    1774828800000000000,
    1774915200000000000
  ],
  "tasmax": [
    2.8000000417232513,
    2.2000000327825546,
    0.9000000134110451,
    -0.10000000149011612,
    -1.5000000223517418,
    -0.5000000074505806,
    -1.0000000149011612,
    2.1000000312924385,
    5.900000087916851,
    1.0000000149011612,
    -1.0000000149011612,
    7.000000104308128,
    9.300000138580799,
    8.800000131130219,
    10.30000015348196,
    10.400000154972076,
    12.500000186264515,
    6.800000101327896,
    3.1000000461935997,
    8.00000011920929,
    9.00000013411045,
    7.300000108778477,
    8.600000128149986,
    6.000000089406967,
    1.1000000163912773,
    -0.20000000298023224,
    4.000000059604645,
    4.000000059604645,
    0.800000011920929,
    4.200000062584877,
    7.500000111758709,
    7.400000110268593,
    7.500000111758709,
    4.000000059604645,
    10.500000156462193,
    6.500000096857548,
    7.400000110268593,
    11.500000171363354,
    10.400000154972076,
    7.500000111758709,
    7.900000117719173,
    10.000000149011612,
    8.600000128149986,
    6.800000101327896,
    0.4000000059604645,
    3.0000000447034836,
    7.000000104308128,
    4.90000007301569,
    4.000000059604645,
    4.200000062584877,
    5.4000000804662704,
    10.000000149011612,
    11.300000168383121,
    10.000000149011612,
    11.000000163912773,
    16.100000239908695,
    16.800000250339508,
    18.500000275671482,
    13.000000193715096,
    12.90000019222498,
    15.100000225007534,
    17.00000025331974,
    16.800000250339508,
    17.50000026077032,
    18.30000027269125,
    17.30000025779009,
    18.600000277161598,
    17.80000026524067,
    16.800000250339508,
    11.000000163912773,
    11.000000163912773,
    10.30000015348196,
    4.000000059604645,
    8.400000125169754,
    9.500000141561031,
    10.900000162422657,
    14.800000220537186,
    15.100000225007534,
    13.100000195205212,
    12.500000186264515,
    15.000000223517418,
    15.800000235438347,
    16.100000239908695,
    11.400000169873238,
    5.900000087916851,
    8.300000123679638,
    6.70000009983778,
    10.000000149011612,
    9.600000143051147,
    9.900000147521496
  ]
}