{
  "time": [
    1767225600000000000,
    1767312000000000000,
    1767398400000000000,
    1767484800000000000,
    1767571200000000000,
    1767657600000000000,
    1767744000000000000,
    1767830400000000000,
    1767916800000000000,
    1768003200000000000,
    1768089600000000000,
    1768176000000000000,
    1768262400000000000,
    1768348800000000000,
    1768435200000000000,
    1768521600000000000,
    1768608000000000000,
    1768694400000000000,
    1768780800000000000,
    1768867200000000000,
    1768953600000000000,
    1769040000000000000,
    1769126400000000000,
    1769212800000000000,
    1769299200000000000,
    1769385600000000000,
    1769472000000000000,
    1769558400000000000,
    1769644800000000000,
    1769731200000000000,
    1769817600000000000,
    1769904000000000000,
    1769990400000000000,
    1770076800000000000,
    1770163200000000000,
    1770249600000000000,
    1770336000000000000,
    1770422400000000000,
    1770508800000000000,
    1770595200000000000,
    1770681600000000000,
    1770768000000000000,
    1770854400000000000
  ],
  "tasmax": [
    2.8000000417232513,
    2.3000000342726707,
    0.6000000089406967,
    -0.10000000149011612,
    -1.600000023841858,
    -0.5000000074505806,
    -1.0000000149011612,
    2.0000000298023224,
    5.700000084936619,
    1.3000000193715096,
    -1.1000000163912773,
    7.000000104308128,
    9.100000135600567,
    8.800000131130219,
    10.30000015348196,
    10.500000156462193,
    12.400000184774399,
    6.70000009983778,
    3.1000000461935997,
    7.800000116229057,
    9.00000013411045,
    7.400000110268593,
    9.00000013411045,
    6.000000089406967,
    1.3000000193715096,
    -0.20000000298023224,
    4.000000059604645,
    3.9000000581145287,
    0.800000011920929,
    4.200000062584877,
    7.300000108778477,
    7.300000108778477,
    7.500000111758709,
    4.200000062584877,
    10.400000154972076,
    6.500000096857548,
    7.300000108778477,
    11.60000017285347,
    10.400000154972076,
    7.500000111758709,
    7.900000117719173,
    9.900000147521496,
    8.600000128149986
  ]
}