{
  "time": [
    1767225600000000000,
    1767312000000000000,
    1767398400000000000,
    1767484800000000000,
    1767571200000000000,
    1767657600000000000,
    1767744000000000000,
    1767830400000000000,
    1767916800000000000,
    1768003200000000000,
    1768089600000000000,
    1768176000000000000,
    1768262400000000000,
    1768348800000000000,
    1768435200000000000,
    1768521600000000000,
    1768608000000000000,
    1768694400000000000,
    1768780800000000000,
    1768867200000000000,
    1768953600000000000,
    1769040000000000000,
    1769126400000000000,
    1769212800000000000,
    1769299200000000000,
    1769385600000000000,
    1769472000000000000,
    1769558400000000000,
    1769644800000000000,
    1769731200000000000,
    1769817600000000000,
    1769904000000000000,
    1769990400000000000,
    1770076800000000000,
    1770163200000000000,
    1770249600000000000,
    1770336000000000000,
    1770422400000000000,
    1770508800000000000,
    1770595200000000000,
    1770681600000000000,
    1770768000000000000,
    1770854400000000000,
    1770940800000000000,
    1771027200000000000,
    1771113600000000000,
    1771200000000000000,
    1771286400000000000,
    1771372800000000000,
    1771459200000000000,
    1771545600000000000,
    1771632000000000000,
    1771718400000000000,
    1771804800000000000,
    1771891200000000000,
    1771977600000000000,
    1772064000000000000,
    1772150400000000000,
    1772236800000000000,
    1772323200000000000,
    1772409600000000000,
    1772496000000000000,
    1772582400000000000,
    1772668800000000000,
    1772755200000000000,
    1772841600000000000,
    1772928000000000000,
    1773014400000000000,
    1773100800000000000,
    1773187200000000000,
    1773273600000000000,
    1773360000000000000,
    1773446400000000000,
    1773532800000000000,
    1773619200000000000,
    1773705600000000000,
    1773792000000000000,
    1773878400000000000,
    1773964800000000000,
    1774051200000000000,
    1774137600000000000,
    1774224000000000000,
    1774310400000000000,
    1774396800000000000,
    1774483200000000000
  ],
  "hurs": [
    80.0000011920929,
    89.00000132620335,
    87.5000013038516,
    85.50000127404928,
    80.0000011920929,
    85.40000127255917,
    79.20000118017197,
    83.90000125020742,
    88.50000131875277,
    83.00000123679638,
    81.20000120997429,
    89.20000132918358,
    86.50000128895044,
    93.00000138580799,
    82.70000123232603,
    78.70000117272139,
    80.70000120252371,
    91.70000136643648,
    87.20000129938126,
    77.40000115334988,
    69.00000102818012,
    69.20000103116035,
    75.7000011280179,
    85.50000127404928,
    83.90000125020742,
    91.70000136643648,
    90.20000134408474,
    94.9000014141202,
    93.50000139325857,
    85.0000012665987,
    84.50000125914812,
    83.50000124424696,
    74.20000110566616,
    83.40000124275684,
    82.40000122785568,
    82.90000123530626,
    86.00000128149986,
    87.5000013038516,
    89.20000132918358,
    82.20000122487545,
    81.00000120699406,
    94.9000014141202,
    93.50000139325857,
    85.40000127255917,
    85.0000012665987,
    79.20000118017197,
    93.00000138580799,
    87.70000130683184,
    79.00000117719173,
    77.20000115036964,
    81.70000121742487,
    88.50000131875277,
    94.00000140070915,
    81.70000121742487,
    91.70000136643648,
    81.20000120997429,
    76.40000113844872,
    67.70000100880861,
    72.70000108331442,
    68.00000101327896,
    61.50000091642141,
    66.90000099688768,
    81.20000120997429,
    62.500000931322575,
    61.700000919401646,
    72.20000107586384,
    70.7000010535121,
    66.70000099390745,
    76.9000011458993,
    84.20000125467777,
    72.40000107884407,
    80.40000119805336,
    93.50000139325857,
    77.50000115483999,
    74.50000111013651,
    83.00000123679638,
    57.00000084936619,
    65.90000098198652,
    72.40000107884407,
    75.90000113099813,
    63.20000094175339,
    60.700000904500484,
    58.100000865757465,
    73.200001090765,
    78.90000117570162
  ],
  "pr": [
    4.099999904632568,
    1.7999999523162842,
    1.7999999523162842,
    0.20000000298023224,
    0.4000000059604645,
    0.0,
    0.20000000298023224,
    8.199999809265137,
    4.800000190734863,
    0.0,
    2.5999999046325684,
    8.800000190734863,
    2.299999952316284,
    3.4000000953674316,
    0.10000000149011612,
    0.0,
    0.0,
    0.0,
    0.0,
    0.0,
    0.0,
    0.10000000149011612,
    0.30000001192092896,
    0.800000011920929,
    0.0,
    4.400000095367432,
    5.400000095367432,
    2.700000047683716,
    1.899999976158142,
    0.0,
    0.30000001192092896,
    0.0,
    0.0,
    2.700000047683716,
    0.0,
    0.10000000149011612,
    1.2999999523162842,
    0.0,
    0.0,
    0.0,
    0.4000000059604645,
    8.300000190734863,
    4.199999809265137,
    0.10000000149011612,
    0.10000000149011612,
    6.300000190734863,
    5.800000190734863,
    2.799999952316284,
    1.399999976158142,
    1.0,
    2.700000047683716,
    2.200000047683716,
    11.899999618530273,
    14.5,
    0.0,
    0.0,
    0.0,
    0.4000000059604645,
    0.10000000149011612,
    0.0,
    0.0,
    0.0,
    0.0,
    0.0,
    0.0,
    0.0,
    0.0,
    0.0,
    1.5,
    2.5999999046325684,
    0.0,
    15.199999809265137,
    5.0,
    6.5,
    2.9000000953674316,
    0.0,
    0.0,
    0.0,
    0.0,
    0.0,
    0.0,
    0.0,
    0.20000000298023224,
    4.699999809265137,
    2.0999999046325684
  ],
  "tas": [
    2.7000000402331352,
    1.0000000149011612,
    0.5000000074505806,
    0.20000000298023224,
    -1.600000023841858,
    -0.9000000134110451,
    -1.600000023841858,
    1.8000000268220901,
    3.6000000536441803,
    -2.8000000417232513,
    -4.200000062584877,
    3.500000052154064,
    8.50000012665987,
    7.800000116229057,
    9.400000140070915,
    10.000000149011612,
    7.200000107288361,
    1.5000000223517418,
    0.20000000298023224,
    1.700000025331974,
    4.000000059604645,
    1.700000025331974,
    4.000000059604645,
    1.1000000163912773,
    -1.1000000163912773,
    -0.20000000298023224,
    1.600000023841858,
    1.8000000268220901,
    0.20000000298023224,
    1.5000000223517418,
    4.500000067055225,
    5.000000074505806,
    3.9000000581145287,
    0.5000000074505806,
    5.000000074505806,
    2.600000038743019,
    3.7000000551342964,
    7.200000107288361,
    4.200000062584877,
    3.0000000447034836,
    6.000000089406967,
    8.900000132620335,
    8.00000011920929,
    3.6000000536441803,
    -0.10000000149011612,
    -0.5000000074505806,
    3.6000000536441803,
    3.7000000551342964,
    1.700000025331974,
    1.8000000268220901,
    2.2000000327825546,
    8.800000131130219,
    11.10000016540289,
    9.400000140070915,
    9.80000014603138,
    11.400000169873238,
    12.800000190734863,
    14.000000208616257,
    10.900000162422657,
    8.50000012665987,
    10.000000149011612,
    10.400000154972076,
    8.50000012665987,
    10.500000156462193,
    10.500000156462193,
    9.80000014603138,
    9.80000014603138,
    10.400000154972076,
    10.500000156462193,
    9.500000141561031,
    8.300000123679638,
    7.800000116229057,
    3.6000000536441803,
    5.4000000804662704,
    6.200000092387199,
    8.50000012665987,
    10.000000149011612,
    8.50000012665987,
    7.700000114738941,
    6.900000102818012,
    9.00000013411045,
    9.400000140070915,
    11.300000168383121,
    7.400000110268593,
    3.200000047683716
  ],