{
  "time": [
    1767268800000000000,
    1767355200000000000,
    1767441600000000000
  ],
  "hurs": [
    80.40000119805336,
    88.700001321733,
    88.20000131428242
  ],
  "pr": [
    4.0,
    1.7999999523162842,
    1.7999999523162842
  ],
  "tas": [
    2.7000000402331352,
    1.0000000149011612,
    0.4000000059604645
  ],
  "tasmax": [
    3.9000000581145287,
    3.200000047683716,
    1.3000000193715096
  ],
  "tasmin": [
    1.5000000223517418,
    0.20000000298023224,
    -0.20000000298023224
  ]
}