{
  "time": [
    1767225600000000000,
    1767312000000000000,
    1767398400000000000,
    1767484800000000000,
    1767571200000000000,
    1767657600000000000,
    1767744000000000000,
    1767830400000000000,
    1767916800000000000,
    1768003200000000000,
    1768089600000000000,
    1768176000000000000,
    1768262400000000000,
    1768348800000000000,
    1768435200000000000,
    1768521600000000000,
    1768608000000000000,
    1768694400000000000,
    1768780800000000000,
    1768867200000000000,
    1768953600000000000,
    1769040000000000000,
    1769126400000000000,
    1769212800000000000,
    1769299200000000000,
    1769385600000000000,
    1769472000000000000,
    1769558400000000000,
    1769644800000000000,
    1769731200000000000,
    1769817600000000000,
    1769904000000000000,
    1769990400000000000,
    1770076800000000000,
    1770163200000000000,
    1770249600000000000,
    1770336000000000000,
    1770422400000000000,
    1770508800000000000,
    1770595200000000000,
    1770681600000000000,
    1770768000000000000,
    1770854400000000000
  ],
  "hurs": [
    79.90000119060278,
    88.700001321733,
    87.40000130236149,
    85.0000012665987,
    80.40000119805336,
    84.50000125914812,
    79.20000118017197,
    84.50000125914812,
    89.70000133663416,
    82.70000123232603,
    81.20000120997429,
    89.70000133663416,
    87.20000129938126,
    91.70000136643648,
    83.70000124722719,
    78.70000117272139,
    80.40000119805336,
    91.2000013589859,
    86.90000129491091,
    77.70000115782022,
    69.40000103414059,
    69.20000103116035,
    76.20000113546848,
    84.20000125467777,
    83.50000124424696,
    91.40000136196613,
    91.2000013589859,
    95.00000141561031,
    94.70000141113997,
    85.90000128000975,
    85.90000128000975,
    83.50000124424696,
    75.7000011280179,
    83.50000124424696,
    82.70000123232603,
    82.20000122487545,
    86.2000012844801,
    87.00000129640102,
    90.50000134855509,
    82.00000122189522,
    81.00000120699406,
    94.9000014141202,
    93.20000138878822
  ],
  "pr": [
    4.099999904632568,
    1.7999999523162842,
    1.7999999523162842,
    0.20000000298023224,
    0.4000000059604645,
    0.0,
    0.20000000298023224,
    8.199999809265137,
    4.800000190734863,
    0.0,
    2.5999999046325684,
    8.800000190734863,
    2.299999952316284,
    3.4000000953674316,
    0.10000000149011612,
    0.0,
    0.0,
    0.0,
    0.0,
    0.0,
    0.0,
    0.10000000149011612,
    0.30000001192092896,
    0.800000011920929,
    0.0,
    4.400000095367432,
    5.400000095367432,
    2.700000047683716,
    1.899999976158142,
    0.0,
    0.30000001192092896,
    0.0,
    0.0,
    2.700000047683716,
    0.0,
    0.10000000149011612,
    1.2999999523162842,
    0.0,
    0.0,
    0.0,
    0.4000000059604645,
    8.300000190734863,
    4.199999809265137
  ],
  "tas": [
    2.8000000417232513,
    1.0000000149011612,
    0.5000000074505806,
    0.20000000298023224,
    -1.600000023841858,
    -0.800000011920929,
    -1.600000023841858,
    1.700000025331974,
    3.6000000536441803,
    -2.8000000417232513,
    -4.200000062584877,
    3.500000052154064,
    8.50000012665987,
    7.900000117719173,
    9.300000138580799,
    10.000000149011612,
    7.200000107288361,
    1.600000023841858,
    0.20000000298023224,
    1.600000023841858,
    4.000000059604645,
    1.700000025331974,
    4.000000059604645,
    1.3000000193715096,
    -1.0000000149011612,
    -0.20000000298023224,
    1.5000000223517418,
    1.700000025331974,
    0.0,
    1.3000000193715096,
    4.400000065565109,
    5.000000074505806,
    3.7000000551342964,
    0.5000000074505806,
    5.000000074505806,
    2.600000038743019,
    3.7000000551342964,
    7.300000108778477,
    4.000000059604645,
    3.0000000447034836,
    6.000000089406967,
    8.900000132620335,
    8.00000011920929
  ],
  "tasmax": [
    4.000000059604645,
    3.200000047683716,
    1.3000000193715096,
    0.6000000089406967,
    -0.4000000059604645,
    0.20000000298023224,
    0.4000000059604645,
    3.400000050663948,
    7.300000108778477,
    1.600000023841858,
    0.4000000059604645,
    7.900000117719173,
    10.500000156462193,
    10.100000150501728,
    11.400000169873238,
    11.500000171363354,
    13.100000195205212,
    6.000000089406967,
    5.000000074505806,
    7.300000108778477,
    8.400000125169754,
    6.500000096857548,
    8.00000011920929,
    4.400000065565109,
    1.0000000149011612,
    0.6000000089406967,
    3.6000000536441803,
    3.200000047683716,
    0.800000011920929,
    4.700000070035458,
    7.500000111758709,
    8.00000011920929,
    7.400000110268593,
    3.200000047683716,
    10.900000162422657,
    6.200000092387199,
    7.300000108778477,
    13.100000195205212,
    10.400000154972076,
    8.800000131130219,
    9.300000138580799,
    10.500000156462193,
    8.900000132620335
  ],
  "tasmin": [
    1.600000023841858,
    0.20000000298023224,
    -0.20000000298023224,
    -2.0000000298023224,
    -3.200000047683716,
    -2.7000000402331352,
    -3.200000047683716,
    -0.20000000298023224,
    1.3000000193715096,
    -7.400000110268593,
    -9.400000140070915,
    -0.20000000298023224,
    7.000000104308128,
    5.500000081956387,
    6.200000092387199,
    5.700000084936619,
    1.5000000223517418,
    -1.8000000268220901,
    -3.1000000461935997,
    -2.2000000327825546,
    -0.6000000089406967,
    -2.7000000402331352,
    1.5000000223517418,
    -2.1000000312924385,
    -3.500000052154064,
    -1.1000000163912773,
    -0.5000000074505806,
    -0.20000000298023224,
    -0.5000000074505806,
    -1.1000000163912773,
    1.3000000193715096,
    2.2000000327825546,
    0.10000000149011612,
    -2.0000000298023224,
    0.20000000298023224,
    0.10000000149011612,
    0.20000000298023224,
    3.0000000447034836,
    -0.20000000298023224,
    -2.0000000298023224,
    1.600000023841858,
    7.000000104308128,
    6.900000102818012
  ]
}