{
  "time": [
    1767225600000000000,
    1767312000000000000,
    1767398400000000000,
    1767484800000000000,
    1767571200000000000,
    1767657600000000000,
    1767744000000000000,
    1767830400000000000,
    1767916800000000000,
    1768003200000000000,
    1768089600000000000,
    1768176000000000000,
    1768262400000000000,
    1768348800000000000,
    1768435200000000000,
    1768521600000000000,
    1768608000000000000,
    1768694400000000000,
    1768780800000000000,
    1768867200000000000,
    1768953600000000000,
    1769040000000000000,
    1769126400000000000,
    1769212800000000000,
    1769299200000000000,
    1769385600000000000,
    1769472000000000000,
    1769558400000000000,
    1769644800000000000,
    1769731200000000000,
    1769817600000000000,
    1769904000000000000,
    1769990400000000000,
    1770076800000000000,
    1770163200000000000,
    1770249600000000000,
    1770336000000000000,
    1770422400000000000,
    1770508800000000000,
    1770595200000000000,
    1770681600000000000,
    1770768000000000000,
    1770854400000000000,
    1770940800000000000,
    1771027200000000000,
    1771113600000000000,
    1771200000000000000,
    1771286400000000000,
    1771372800000000000,
    1771459200000000000,
    1771545600000000000,
    1771632000000000000,
    1771718400000000000,
    1771804800000000000,
    1771891200000000000,
    1771977600000000000,
    1772064000000000000,
    1772150400000000000,
    1772236800000000000,
    1772323200000000000,
    1772409600000000000,
    1772496000000000000,
    1772582400000000000,
    1772668800000000000,
    1772755200000000000,
    1772841600000000000,
    1772928000000000000,
    1773014400000000000,
    1773100800000000000,
    1773187200000000000,
    1773273600000000000,
    1773360000000000000,
    1773446400000000000,
    1773532800000000000,
    1773619200000000000,
    1773705600000000000,
    1773792000000000000,
    1773878400000000000,
    1773964800000000000,
    1774051200000000000,
    1774137600000000000,
    1774224000000000000,
    1774310400000000000
  ],
  "hurs": [
    80.0000011920929,
    89.00000132620335,
    87.5000013038516,
    85.50000127404928,
    80.0000011920929,
    85.40000127255917,
    79.20000118017197,
    83.90000125020742,
    88.50000131875277,
    83.00000123679638,
    81.20000120997429,
    89.20000132918358,
    86.50000128895044,
    93.00000138580799,
    82.70000123232603,
    78.70000117272139,
    80.70000120252371,
    91.70000136643648,
    87.20000129938126,
    77.40000115334988,
    69.00000102818012,
    69.20000103116035,
    75.7000011280179,
    85.50000127404928,
    83.90000125020742,
    91.70000136643648,
    90.20000134408474,
    94.9000014141202,
    93.50000139325857,
    85.0000012665987,
    84.50000125914812,
    83.50000124424696,
    74.20000110566616,
    83.40000124275684,
    82.40000122785568,
    82.90000123530626,
    86.00000128149986,
    87.5000013038516,
    89.20000132918358,
    82.20000122487545,
    81.00000120699406,
    94.9000014141202,
    93.50000139325857,
    85.40000127255917,
    85.0000012665987,
    79.20000118017197,
    93.00000138580799,
    87.70000130683184,
    79.00000117719173,
    77.20000115036964,
    81.70000121742487,
    88.50000131875277,
    94.00000140070915,
    81.70000121742487,
    91.70000136643648,
    81.20000120997429,
    76.40000113844872,
    67.70000100880861,
    72.70000108331442,
    68.00000101327896,
    61.50000091642141,
    66.90000099688768,
    81.20000120997429,
    62.500000931322575,
    61.700000919401646,
    72.20000107586384,
    70.7000010535121,
    66.70000099390745,
    76.9000011458993,
    84.20000125467777,
    72.40000107884407,
    80.40000119805336,
    93.50000139325857,
    77.50000115483999,
    74.50000111013651,
    83.00000123679638,
    57.00000084936619,
    65.90000098198652,
    72.40000107884407,
    75.90000113099813,
    63.20000094175339,
    60.700000904500484,
    58.100000865757465
  ]
}