{
  "time": [
    1767268800000000000,
    1767355200000000000,
    1767441600000000000
  ],
  "hurs": [
    80.40000119805336,
    88.700001321733,
    88.20000131428242
  ]
}