{
  "time": [
    1767225600000000000,
    1767312000000000000,
    1767398400000000000,
    1767484800000000000,
    1767571200000000000,
    1767657600000000000,
    1767744000000000000,
    1767830400000000000,
    1767916800000000000,
    1768003200000000000,
    1768089600000000000,
    1768176000000000000,
    1768262400000000000,
    1768348800000000000,
    1768435200000000000,
    1768521600000000000,
    1768608000000000000,
    1768694400000000000,
    1768780800000000000,
    1768867200000000000,
    1768953600000000000,
    1769040000000000000,
    1769126400000000000,
    1769212800000000000,
    1769299200000000000,
    1769385600000000000,
    1769472000000000000,
    1769558400000000000,
    1769644800000000000,
    1769731200000000000,
    1769817600000000000,
    1769904000000000000,
    1769990400000000000,
    1770076800000000000,
    1770163200000000000,
    1770249600000000000,
    1770336000000000000
  ],
  "hurs": [
    79.90000119060278,
    88.700001321733,
    87.40000130236149,
    85.0000012665987,
    80.40000119805336,
    84.50000125914812,
    79.20000118017197,
    84.50000125914812,
    89.70000133663416,
    82.70000123232603,
    81.20000120997429,
    89.70000133663416,
    87.20000129938126,
    91.70000136643648,
    83.70000124722719,
    78.70000117272139,
    80.40000119805336,
    91.2000013589859,
    86.90000129491091,
    77.70000115782022,
    69.40000103414059,
    69.20000103116035,
    76.20000113546848,
    84.20000125467777,
    83.50000124424696,
    91.40000136196613,
    91.2000013589859,
    95.00000141561031,
    94.70000141113997,
    85.90000128000975,
    85.90000128000975,
    83.50000124424696,
    75.7000011280179,
    83.50000124424696,
    82.70000123232603,
    82.20000122487545,
    86.2000012844801
  ]
}