{
  "time": [
    1767225600000000000,
    1767312000000000000,
    1767398400000000000,
    1767484800000000000,
    1767571200000000000,
    1767657600000000000,
    1767744000000000000,
    1767830400000000000,
    1767916800000000000,
    1768003200000000000,
    1768089600000000000,
    1768176000000000000,
    1768262400000000000,
    1768348800000000000,
    1768435200000000000,
    1768521600000000000,
    1768608000000000000,
    1768694400000000000,
    1768780800000000000,
    1768867200000000000,
    1768953600000000000,
    1769040000000000000,
    1769126400000000000,
    1769212800000000000,
    1769299200000000000,
    1769385600000000000,
    1769472000000000000,
    1769558400000000000,
    1769644800000000000,
    1769731200000000000,
    1769817600000000000,
    1769904000000000000,
    1769990400000000000,
    1770076800000000000,
    1770163200000000000,
    1770249600000000000,
    1770336000000000000,
    1770422400000000000,
    1770508800000000000,
    1770595200000000000,
    1770681600000000000,
    1770768000000000000,
    1770854400000000000,
    1770940800000000000,
    1771027200000000000,
    1771113600000000000,
    1771200000000000000,
    1771286400000000000,
    1771372800000000000,
    1771459200000000000,
    1771545600000000000,
    1771632000000000000,
    1771718400000000000,
    1771804800000000000,
    1771891200000000000,
    1771977600000000000,
    1772064000000000000,
    1772150400000000000,
    1772236800000000000,
    1772323200000000000,
    1772409600000000000,
    1772496000000000000,
    1772582400000000000,
    1772668800000000000,
    1772755200000000000,
    1772841600000000000,
    1772928000000000000,
    1773014400000000000,
    1773100800000000000,
    1773187200000000000
  ],
  "tas": [
    2.7000000402331352,
    1.0000000149011612,
    0.5000000074505806,
    0.20000000298023224,
    -1.600000023841858,
    -0.9000000134110451,
    -1.600000023841858,
    1.8000000268220901,
    3.6000000536441803,
    -2.8000000417232513,
    -4.200000062584877,
    3.500000052154064,
    8.50000012665987,
    7.800000116229057,
    9.400000140070915,
    10.000000149011612,
    7.200000107288361,
    1.5000000223517418,
    0.20000000298023224,
    1.700000025331974,
    4.000000059604645,
    1.700000025331974,
    4.000000059604645,
    1.1000000163912773,
    -1.1000000163912773,
    -0.20000000298023224,
    1.600000023841858,
    1.8000000268220901,
    0.20000000298023224,
    1.5000000223517418,
    4.500000067055225,
    5.000000074505806,
    3.9000000581145287,
    0.5000000074505806,
    5.000000074505806,
    2.600000038743019,
    3.7000000551342964,
    7.200000107288361,
    4.200000062584877,
    3.0000000447034836,
    6.000000089406967,
    8.900000132620335,
    8.00000011920929,
    3.6000000536441803,
    -0.10000000149011612,
    -0.5000000074505806,
    3.6000000536441803,
    3.7000000551342964,
    1.700000025331974,
    1.8000000268220901,
    2.2000000327825546,
    8.800000131130219,
    11.10000016540289,
    9.400000140070915,
    9.80000014603138,
    11.400000169873238,
    12.800000190734863,
    14.000000208616257,
    11.000000163912773,
    8.50000012665987,
    10.000000149011612,
    10.400000154972076,
    8.50000012665987,
    10.500000156462193,
    10.500000156462193,
    9.80000014603138,
    9.80000014603138,
    10.400000154972076,
    10.500000156462193,
    9.500000141561031
  ]
}