{
  "time": [
    1767225600000000000,
    1767312000000000000,
    1767398400000000000,
    1767484800000000000,
    1767571200000000000,
    1767657600000000000,
    1767744000000000000,
    1767830400000000000,
    1767916800000000000,
    1768003200000000000,
    1768089600000000000,
    1768176000000000000,
    1768262400000000000,
    1768348800000000000,
    1768435200000000000,
    1768521600000000000,
    1768608000000000000,
    1768694400000000000,
    1768780800000000000,
    1768867200000000000,
    1768953600000000000,
    1769040000000000000,
    1769126400000000000,
    1769212800000000000,
    1769299200000000000,
    1769385600000000000,
    1769472000000000000,
    1769558400000000000,
    1769644800000000000,
    1769731200000000000,
    1769817600000000000,
    1769904000000000000,
    1769990400000000000,
    1770076800000000000,
    1770163200000000000,
    1770249600000000000,
    1770336000000000000,
    1770422400000000000,
    1770508800000000000,
    1770595200000000000,
    1770681600000000000,
    1770768000000000000,
    1770854400000000000,
    1770940800000000000,
    1771027200000000000
  ],
  "tas": [
    2.8000000417232513,
    1.0000000149011612,
    0.5000000074505806,
    0.20000000298023224,
    -1.600000023841858,
    -0.800000011920929,
    -1.600000023841858,
    1.700000025331974,
    3.6000000536441803,
    -2.8000000417232513,
    -4.200000062584877,
    3.500000052154064,
    8.50000012665987,
    7.900000117719173,
    9.300000138580799,
    10.000000149011612,
    7.200000107288361,
    1.600000023841858,
    0.20000000298023224,
    1.600000023841858,
    4.000000059604645,
    1.700000025331974,
    4.000000059604645,
    1.3000000193715096,
    -1.0000000149011612,
    -0.20000000298023224,
    1.5000000223517418,
    1.700000025331974,
    0.0,
    1.3000000193715096,
    4.400000065565109,
    5.000000074505806,
    3.7000000551342964,
    0.5000000074505806,
    5.000000074505806,
    2.600000038743019,
    3.7000000551342964,
    7.300000108778477,
    4.000000059604645,
    3.0000000447034836,
    6.000000089406967,
    8.900000132620335,
    8.00000011920929,
    3.6000000536441803,
    -0.10000000149011612
  ]
}