{
  "time": [
    1767225600000000000,
    1767312000000000000,
    1767398400000000000,
    1767484800000000000,
    1767571200000000000,
    1767657600000000000,
    1767744000000000000,
    1767830400000000000,
    1767916800000000000,
    1768003200000000000,
    1768089600000000000,
    1768176000000000000,
    1768262400000000000,
    1768348800000000000,
    1768435200000000000,
    1768521600000000000,
    1768608000000000000,
    1768694400000000000,
    1768780800000000000,
    1768867200000000000,
    1768953600000000000,
    1769040000000000000,
    1769126400000000000,
    1769212800000000000,
    1769299200000000000,
    1769385600000000000,
    1769472000000000000,
    1769558400000000000,
    1769644800000000000,
    1769731200000000000,
    1769817600000000000,
    1769904000000000000,
    1769990400000000000,
    1770076800000000000
  ],
  "tasmax": [
    4.000000059604645,
    3.200000047683716,
    1.3000000193715096,
    0.6000000089406967,
    -0.4000000059604645,
    0.20000000298023224,
    0.4000000059604645,
    3.400000050663948,
    7.300000108778477,
    1.600000023841858,
    0.4000000059604645,
    7.900000117719173,
    10.500000156462193,
    10.100000150501728,
    11.400000169873238,
    11.500000171363354,
    13.100000195205212,
    6.000000089406967,
    5.000000074505806,
    7.300000108778477,
    8.400000125169754,
    6.500000096857548,
    8.00000011920929,
    4.400000065565109,
    1.0000000149011612,
    0.6000000089406967,
    3.6000000536441803,
    3.200000047683716,
    0.800000011920929,
    4.700000070035458,
    7.500000111758709,
    8.00000011920929,
    7.400000110268593,
    3.200000047683716
  ]
}