{
  "time": [
    1767268800000000000,
    1767355200000000000,
    1767441600000000000
  ],
  "tasmin": [
    1.5000000223517418,
    0.20000000298023224,
    -0.20000000298023224
  ]
}