{
  "time": [
    1767225600000000000,
    1767312000000000000,
    1767398400000000000,
    1767484800000000000,
    1767571200000000000,
    1767657600000000000,
    1767744000000000000,
    1767830400000000000,
    1767916800000000000,
    1768003200000000000,
    1768089600000000000,
    1768176000000000000,
    1768262400000000000,
    1768348800000000000,
    1768435200000000000,
    1768521600000000000,
    1768608000000000000,
    1768694400000000000,
    1768780800000000000,
    1768867200000000000,
    1768953600000000000,
    1769040000000000000,
    1769126400000000000,
    1769212800000000000,
    1769299200000000000,
    1769385600000000000,
    1769472000000000000,
    1769558400000000000,
    1769644800000000000,
    1769731200000000000,
    1769817600000000000,
    1769904000000000000,
    1769990400000000000,
    1770076800000000000,
    1770163200000000000,
    1770249600000000000,
    1770336000000000000,
    1770422400000000000,
    1770508800000000000,
    1770595200000000000,
    1770681600000000000,
    1770768000000000000,
    1770854400000000000,
    1770940800000000000,
    1771027200000000000,
    1771113600000000000,
    1771200000000000000,
    1771286400000000000,
    1771372800000000000,
    1771459200000000000,
    1771545600000000000,
    1771632000000000000,
    1771718400000000000,
    1771804800000000000,
    1771891200000000000,
    1771977600000000000,
    1772064000000000000,
    1772150400000000000
  ],
  "tasmax": [
    3.9000000581145287,
    3.200000047683716,
    1.5000000223517418,
    0.800000011920929,
    -0.4000000059604645,
    0.20000000298023224,
    0.4000000059604645,
    3.400000050663948,
    7.200000107288361,
    1.700000025331974,
    0.4000000059604645,
    8.00000011920929,
    10.500000156462193,
    10.000000149011612,
    11.500000171363354,
    11.60000017285347,
    13.100000195205212,
    6.000000089406967,
    5.200000077486038,
    8.50000012665987,
    8.50000012665987,
    6.500000096857548,
    8.00000011920929,
    4.200000062584877,
    0.9000000134110451,
    0.6000000089406967,
    3.6000000536441803,
    3.200000047683716,
    0.9000000134110451,
    4.90000007301569,
    7.800000116229057,
    8.00000011920929,
    7.400000110268593,
    3.200000047683716,
    10.900000162422657,
    6.200000092387199,
    7.300000108778477,
    13.100000195205212,
    10.400000154972076,
    8.800000131130219,
    9.300000138580799,
    10.500000156462193,
    8.900000132620335,
    7.200000107288361,
    0.6000000089406967,
    4.400000065565109,
    7.900000117719173,
    6.200000092387199,
    4.000000059604645,
    4.000000059604645,
    6.500000096857548,
    11.10000016540289,
    12.000000178813934,
    10.500000156462193,
    12.10000018030405,
    17.80000026524067,
    17.80000026524067,
    19.500000290572643
  ]
}