{
  "time": [
    1767268800000000000
  ],
  "hurs": [
    86.40000128746033
  ],
  "pr": [
    5.5
  ],
  "tas": [
    2.1000000312924385
  ],
  "tasmax": [
    3.1000000461935997
  ],
  "tasmin": [
    0.5000000074505806
  ]
}