{
  "time": [
    1767268800000000000,
    1767355200000000000,
    1767441600000000000
  ],
  "hurs": [
    86.40000128746033,
    89.20000132918358,
    90.50000134855509
  ],
  "pr": [
    5.5,
    3.700000047683716,
    3.200000047683716
  ],
  "tas": [
    2.1000000312924385,
    0.9000000134110451,
    0.20000000298023224
  ],
  "tasmax": [
    3.1000000461935997,
    1.600000023841858,
    1.1000000163912773
  ],
  "tasmin": [
    0.5000000074505806,
    -0.10000000149011612,
    -0.5000000074505806
  ]
}