{
  "time": [
    1767225600000000000,
    1767312000000000000,
    1767398400000000000,
    1767484800000000000,
    1767571200000000000,
    1767657600000000000,
    1767744000000000000,
    1767830400000000000,
    1767916800000000000,
    1768003200000000000,
    1768089600000000000,
    1768176000000000000,
    1768262400000000000,
    1768348800000000000,
    1768435200000000000,
    1768521600000000000,
    1768608000000000000,
    1768694400000000000,
    1768780800000000000,
    1768867200000000000,
    1768953600000000000,
    1769040000000000000,
    1769126400000000000,
    1769212800000000000,
    1769299200000000000,
    1769385600000000000,
    1769472000000000000,
    1769558400000000000,
    1769644800000000000,
    1769731200000000000,
    1769817600000000000,
    1769904000000000000,
    1769990400000000000,
    1770076800000000000,
    1770163200000000000,
    1770249600000000000,
    1770336000000000000,
    1770422400000000000,
    1770508800000000000,
    1770595200000000000,
    1770681600000000000,
    1770768000000000000,
    1770854400000000000,
    1770940800000000000,
    1771027200000000000,
    1771113600000000000,
    1771200000000000000,
    1771286400000000000,
    1771372800000000000,
    1771459200000000000,
    1771545600000000000,
    1771632000000000000,
    1771718400000000000,
    1771804800000000000,
    1771891200000000000,
    1771977600000000000,
    1772064000000000000,
    1772150400000000000,
    1772236800000000000,
    1772323200000000000,
    1772409600000000000,
    1772496000000000000,
    1772582400000000000,
    1772668800000000000,
    1772755200000000000,
    1772841600000000000,
    1772928000000000000,
    1773014400000000000,
    1773100800000000000,
    1773187200000000000,
    1773273600000000000,
    1773360000000000000,
    1773446400000000000,
    1773532800000000000,
    1773619200000000000,
    1773705600000000000,
    1773792000000000000,
    1773878400000000000,
    1773964800000000000,
    1774051200000000000,
    1774137600000000000,
    1774224000000000000,
    1774310400000000000,
    1774396800000000000,
    1774483200000000000
  ],
  "hurs": [
    86.2000012844801,
    88.90000132471323,
    90.40000134706497,
    87.90000130981207,
    82.70000123232603,
    87.90000130981207,
    79.4000011831522,
    87.00000129640102,
    92.50000137835741,
    79.00000117719173,
    85.70000127702951,
    92.20000137388706,
    93.50000139325857,
    91.2000013589859,
    88.00000131130219,
    79.00000117719173,
    84.50000125914812,
    95.20000141859055,
    87.00000129640102,
    81.70000121742487,
    74.90000111609697,
    77.70000115782022,
    80.20000119507313,
    83.70000124722719,
    87.90000130981207,
    93.20000138878822,
    91.40000136196613,
    92.50000137835741,
    90.70000135153532,
    89.40000133216381,
    88.90000132471323,
    84.90000126510859,
    81.00000120699406,
    80.20000119507313,
    90.90000135451555,
    89.90000133961439,
    92.70000138133764,
    96.50000143796206,
    99.40000148117542,
    90.00000134110451,
    87.70000130683184,
    98.50000146776438,
    96.70000144094229,
    92.20000137388706,
    87.40000130236149,
    80.20000119507313,
    95.20000141859055,
    90.90000135451555,
    86.00000128149986,
    74.20000110566616,
    77.40000115334988,
    89.20000132918358,
    94.20000140368938,
    88.00000131130219,
    89.00000132620335,
    85.50000127404928,
    78.00000116229057,
    68.70000102370977,
    74.50000111013651,
    69.20000103116035,
    64.5000009611249,
    72.70000108331442,
    85.50000127404928,
    71.40000106394291,
    70.7000010535121,
    76.40000113844872,
    76.00000113248825,
    73.70000109821558,
    79.00000117719173,
    85.70000127702951,
    76.40000113844872,
    81.00000120699406,
    93.90000139921904,
    84.70000126212835,
    77.70000115782022,
    83.50000124424696,
    63.20000094175339,
    70.20000104606152,
    73.40000109374523,
    89.50000133365393,
    71.50000106543303,
    67.40000100433826,
    61.200000911951065,
    75.20000112056732,
    80.0000011920929
  ],
  "pr": [
    5.300000190734863,
    3.5999999046325684,
    3.0999999046325684,
    1.2000000476837158,
    0.20000000298023224,
    0.0,
    3.200000047683716,
    5.900000095367432,
    4.699999809265137,
    0.0,
    0.699999988079071,
    3.4000000953674316,
    4.699999809265137,
    3.0999999046325684,
    0.800000011920929,
    0.6000000238418579,
    0.0,
    0.0,
    0.0,
    0.0,
    0.0,
    0.6000000238418579,
    0.5,
    0.5,
    0.6000000238418579,
    5.199999809265137,
    3.700000047683716,
    3.5,
    3.200000047683716,
    0.0,
    0.0,
    0.0,
    0.0,
    3.0,
    0.0,
    0.0,
    1.7000000476837158,
    0.0,
    0.0,
    0.0,
    0.20000000298023224,
    12.5,
    11.800000190734863,
    2.799999952316284,
    0.10000000149011612,
    5.0,
    5.599999904632568,
    4.400000095367432,
    0.0,
    0.0,
    3.9000000953674316,
    2.200000047683716,
    12.399999618530273,
    9.399999618530273,
    0.10000000149011612,
    0.0,
    0.0,
    2.4000000953674316,
    0.10000000149011612,
    0.0,
    0.0,
    0.0,
    0.0,
    0.0,
    0.0,
    0.0,
    0.0,
    0.0,
    1.7000000476837158,
    6.800000190734863,
    0.0,
    10.0,
    6.199999809265137,
    1.2999999523162842,
    5.199999809265137,
    0.10000000149011612,
    0.0,
    0.0,
    0.0,
    0.0,
    0.0,
    0.0,
    1.5,
    4.400000095367432,
    0.8999999761581421
  ],
  "tas": [
    2.1000000312924385,
    0.9000000134110451,
    0.20000000298023224,
    0.4000000059604645,
    -1.5000000223517418,
    -0.800000011920929,
    -1.3000000193715096,
    1.0000000149011612,
    0.0,
    -4.400000065565109,
    -7.000000104308128,
    1.5000000223517418,
    6.70000009983778,
    5.500000081956387,
    8.00000011920929,
    9.900000147521496,
    5.700000084936619,
    0.5000000074505806,
    0.10000000149011612,
    0.20000000298023224,
    1.3000000193715096,
    -1.8000000268220901,
    -0.9000000134110451,
    -1.700000025331974,
    -1.700000025331974,
    -0.6000000089406967,
    -0.20000000298023224,
    -0.5000000074505806,
    -1.1000000163912773,
    -1.1000000163912773,
    1.1000000163912773,
    0.20000000298023224,
    -2.600000038743019,
    -4.200000062584877,
    -1.1000000163912773,
    -2.2000000327825546,
    0.800000011920929,
    3.7000000551342964,
    1.5000000223517418,
    2.3000000342726707,
    3.500000052154064,
    6.500000096857548,
    7.000000104308128,
    1.700000025331974,
    -1.3000000193715096,
    -1.3000000193715096,
    1.5000000223517418,
    3.200000047683716,
    -0.4000000059604645,
    -0.4000000059604645,
    1.3000000193715096,
    8.300000123679638,
    10.500000156462193,
    8.50000012665987,
    8.900000132620335,
    10.600000157952309,
    12.000000178813934,
    13.90000020712614,
    10.900000162422657,
    8.400000125169754,
    9.80000014603138,
    9.500000141561031,
    7.000000104308128,
    9.900000147521496,
    9.500000141561031,
    9.500000141561031,
    9.80000014603138,
    9.400000140070915,
    10.000000149011612,
    9.400000140070915,
    7.500000111758709,
    7.500000111758709,
    3.500000052154064,
    4.500000067055225,
    5.500000081956387,
    7.400000110268593,
    9.100000135600567,
    8.100000120699406,
    8.100000120699406,
    5.000000074505806,
    7.700000114738941,
    8.100000120699406,
    10.800000160932541,
    7.300000108778477,
    3.0000000447034836
  ],