{
  "time": [
    1767268800000000000,
    1767355200000000000,
    1767441600000000000
  ],
  "hurs": [
    86.40000128746033,
    89.20000132918358,
    90.50000134855509
  ]
}