{
  "time": [
    1767225600000000000,
    1767312000000000000,
    1767398400000000000,
    1767484800000000000,
    1767571200000000000,
    1767657600000000000,
    1767744000000000000,
    1767830400000000000,
    1767916800000000000,
    1768003200000000000,
    1768089600000000000,
    1768176000000000000,
    1768262400000000000,
    1768348800000000000,
    1768435200000000000,
    1768521600000000000,
    1768608000000000000,
    1768694400000000000,
    1768780800000000000,
    1768867200000000000,
    1768953600000000000,
    1769040000000000000,
    1769126400000000000,
    1769212800000000000,
    1769299200000000000,
    1769385600000000000,
    1769472000000000000,
    1769558400000000000,
    1769644800000000000,
    1769731200000000000,
    1769817600000000000,
    1769904000000000000,
    1769990400000000000,
    1770076800000000000,
    1770163200000000000,
    1770249600000000000,
    1770336000000000000,
    1770422400000000000,
    1770508800000000000,
    1770595200000000000,
    1770681600000000000,
    1770768000000000000,
    1770854400000000000,
    1770940800000000000,
    1771027200000000000,
    1771113600000000000,
    1771200000000000000,
    1771286400000000000,
    1771372800000000000,
    1771459200000000000,
    1771545600000000000,
    1771632000000000000
  ],
  "hurs": [
    86.2000012844801,
    88.90000132471323,
    90.40000134706497,
    87.90000130981207,
    82.70000123232603,
    87.90000130981207,
    79.4000011831522,
    87.00000129640102,
    92.50000137835741,
    79.00000117719173,
    85.70000127702951,
    92.20000137388706,
    93.50000139325857,
    91.2000013589859,
    88.00000131130219,
    79.00000117719173,
    84.50000125914812,
    95.20000141859055,
    87.00000129640102,
    81.70000121742487,
    74.90000111609697,
    77.70000115782022,
    80.20000119507313,
    83.70000124722719,
    87.90000130981207,
    93.20000138878822,
    91.40000136196613,
    92.50000137835741,
    90.70000135153532,
    89.40000133216381,
    88.90000132471323,
    85.0000012665987,
    81.50000121444464,
    78.90000117570162,
    90.50000134855509,
    90.00000134110451,
    92.20000137388706,
    97.20000144839287,
    99.00000147521496,
    89.70000133663416,
    88.90000132471323,
    98.0000014603138,
    96.70000144094229,
    91.50000136345625,
    87.5000013038516,
    80.20000119507313,
    96.50000143796206,
    91.00000135600567,
    86.2000012844801,
    74.00000110268593,
    77.50000115483999,
    89.50000133365393
  ]
}