{
  "time": [
    1767225600000000000,
    1767312000000000000,
    1767398400000000000,
    1767484800000000000,
    1767571200000000000,
    1767657600000000000,
    1767744000000000000,
    1767830400000000000,
    1767916800000000000,
    1768003200000000000,
    1768089600000000000,
    1768176000000000000,
    1768262400000000000,
    1768348800000000000,
    1768435200000000000,
    1768521600000000000,
    1768608000000000000,
    1768694400000000000,
    1768780800000000000,
    1768867200000000000,
    1768953600000000000,
    1769040000000000000,
    1769126400000000000,
    1769212800000000000,
    1769299200000000000,
    1769385600000000000,
    1769472000000000000,
    1769558400000000000,
    1769644800000000000,
    1769731200000000000,
    1769817600000000000,
    1769904000000000000,
    1769990400000000000,
    1770076800000000000,
    1770163200000000000,
    1770249600000000000,
    1770336000000000000,
    1770422400000000000,
    1770508800000000000,
    1770595200000000000,
    1770681600000000000,
    1770768000000000000,
    1770854400000000000,
    1770940800000000000,
    1771027200000000000,
    1771113600000000000,
    1771200000000000000,
    1771286400000000000,
    1771372800000000000,
    1771459200000000000,
    1771545600000000000,
    1771632000000000000,
    1771718400000000000,
    1771804800000000000,
    1771891200000000000,
    1771977600000000000,
    1772064000000000000,
    1772150400000000000,
    1772236800000000000,
    1772323200000000000,
    1772409600000000000,
    1772496000000000000,
    1772582400000000000,
    1772668800000000000,
    1772755200000000000,
    1772841600000000000,
    1772928000000000000,
    1773014400000000000,
    1773100800000000000,
    1773187200000000000,
    1773273600000000000,
    1773360000000000000,
    1773446400000000000,
    1773532800000000000,
    1773619200000000000,
    1773705600000000000,
    1773792000000000000,
    1773878400000000000,
    1773964800000000000,
    1774051200000000000,
    1774137600000000000,
    1774224000000000000,
    1774310400000000000,
    1774396800000000000,
    1774483200000000000,
    1774569600000000000,
    1774656000000000000,
    1774742400000000000,
    1774828800000000000,
    1774915200000000000,
    1775001600000000000,
    1775088000000000000,
    1775174400000000000,
    1775260800000000000,
    1775347200000000000,
    1775433600000000000,
    1775520000000000000
  ],
  "hurs": [
    86.2000012844801,
    88.90000132471323,
    90.40000134706497,
    87.90000130981207,
    82.70000123232603,
    87.90000130981207,
    79.4000011831522,
    87.00000129640102,
    92.50000137835741,
    79.00000117719173,
    85.70000127702951,
    92.20000137388706,
    93.50000139325857,
    91.2000013589859,
    88.00000131130219,
    79.00000117719173,
    84.50000125914812,
    95.20000141859055,
    87.00000129640102,
    81.70000121742487,
    74.90000111609697,
    77.70000115782022,
    80.20000119507313,
    83.70000124722719,
    87.90000130981207,
    93.20000138878822,
    91.40000136196613,
    92.50000137835741,
    90.70000135153532,
    89.40000133216381,
    88.90000132471323,
    84.90000126510859,
    81.00000120699406,
    80.20000119507313,
    90.90000135451555,
    89.90000133961439,
    92.70000138133764,
    96.50000143796206,
    99.40000148117542,
    90.00000134110451,
    87.70000130683184,
    98.50000146776438,
    96.70000144094229,
    92.20000137388706,
    87.40000130236149,
    80.20000119507313,
    95.20000141859055,
    90.90000135451555,
    86.00000128149986,
    74.20000110566616,
    77.40000115334988,
    89.20000132918358,
    94.20000140368938,
    88.00000131130219,
    89.00000132620335,
    85.50000127404928,
    78.00000116229057,
    68.70000102370977,
    74.50000111013651,
    68.70000102370977,
    65.20000097155571,
    72.90000108629465,
    85.90000128000975,
    71.50000106543303,
    71.50000106543303,
    76.50000113993883,
    76.50000113993883,
    73.50000109523535,
    79.00000117719173,
    86.2000012844801,
    74.90000111609697,
    80.90000120550394,
    94.50000140815973,
    83.50000124424696,
    78.70000117272139,
    83.20000123977661,
    63.20000094175339,
    70.50000105053186,
    73.50000109523535,
    89.50000133365393,
    71.50000106543303,
    67.70000100880861,
    61.00000090897083,
    74.70000111311674,
    79.90000119060278,
    71.00000105798244,
    85.20000126957893,
    72.0000010728836,
    83.00000123679638,
    77.70000115782022,
    76.20000113546848,
    79.4000011831522,
    70.00000104308128,
    73.70000109821558,
    67.40000100433826,
    62.60000093281269,
    62.200000926852226
  ]
}