{
  "time": [
    1767268800000000000,
    1767355200000000000,
    1767441600000000000
  ],
  "tas": [
    2.1000000312924385,
    0.9000000134110451,
    0.20000000298023224
  ]
}