{
  "time": [
    1767225600000000000,
    1767312000000000000,
    1767398400000000000,
    1767484800000000000,
    1767571200000000000,
    1767657600000000000,
    1767744000000000000,
    1767830400000000000,
    1767916800000000000,
    1768003200000000000,
    1768089600000000000,
    1768176000000000000,
    1768262400000000000,
    1768348800000000000,
    1768435200000000000,
    1768521600000000000,
    1768608000000000000,
    1768694400000000000,
    1768780800000000000,
    1768867200000000000,
    1768953600000000000,
    1769040000000000000,
    1769126400000000000,
    1769212800000000000,
    1769299200000000000,
    1769385600000000000,
    1769472000000000000,
    1769558400000000000,
    1769644800000000000,
    1769731200000000000,
    1769817600000000000,
    1769904000000000000,
    1769990400000000000,
    1770076800000000000,
    1770163200000000000,
    1770249600000000000,
    1770336000000000000,
    1770422400000000000,
    1770508800000000000,
    1770595200000000000,
    1770681600000000000,
    1770768000000000000,
    1770854400000000000,
    1770940800000000000,
    1771027200000000000,
    1771113600000000000,
    1771200000000000000,
    1771286400000000000,
    1771372800000000000,
    1771459200000000000,
    1771545600000000000,
    1771632000000000000,
    1771718400000000000,
    1771804800000000000,
    1771891200000000000,
    1771977600000000000,
    1772064000000000000,
    1772150400000000000,
    1772236800000000000,
    1772323200000000000,
    1772409600000000000,
    1772496000000000000,
    1772582400000000000,
    1772668800000000000,
    1772755200000000000,
    1772841600000000000,
    1772928000000000000,
    1773014400000000000
  ],
  "tas": [
    2.1000000312924385,
    0.9000000134110451,
    0.20000000298023224,
    0.4000000059604645,
    -1.5000000223517418,
    -0.800000011920929,
    -1.3000000193715096,
    1.0000000149011612,
    0.0,
    -4.400000065565109,
    -7.000000104308128,
    1.5000000223517418,
    6.70000009983778,
    5.500000081956387,
    8.00000011920929,
    9.900000147521496,
    5.700000084936619,
    0.5000000074505806,
    0.10000000149011612,
    0.20000000298023224,
    1.3000000193715096,
    -1.8000000268220901,
    -0.9000000134110451,
    -1.700000025331974,
    -1.700000025331974,
    -0.6000000089406967,
    -0.20000000298023224,
    -0.5000000074505806,
    -1.1000000163912773,
    -1.1000000163912773,
    1.1000000163912773,
    0.20000000298023224,
    -2.600000038743019,
    -4.200000062584877,
    -1.1000000163912773,
    -2.2000000327825546,
    0.800000011920929,
    3.7000000551342964,
    1.5000000223517418,
    2.3000000342726707,
    3.500000052154064,
    6.500000096857548,
    7.000000104308128,
    1.700000025331974,
    -1.3000000193715096,
    -1.3000000193715096,
    1.5000000223517418,
    3.200000047683716,
    -0.4000000059604645,
    -0.4000000059604645,
    1.3000000193715096,
    8.300000123679638,
    10.500000156462193,
    8.50000012665987,
    8.900000132620335,
    10.600000157952309,
    12.000000178813934,
    13.800000205636024,
    10.900000162422657,
    8.400000125169754,
    9.80000014603138,
    9.500000141561031,
    7.000000104308128,
    9.900000147521496,
    9.500000141561031,
    9.500000141561031,
    9.80000014603138,
    9.400000140070915
  ]
}