{
  "time": [
    1767225600000000000,
    1767312000000000000,
    1767398400000000000,
    1767484800000000000,
    1767571200000000000,
    1767657600000000000,
    1767744000000000000,
    1767830400000000000,
    1767916800000000000,
    1768003200000000000,
    1768089600000000000,
    1768176000000000000,
    1768262400000000000,
    1768348800000000000,
    1768435200000000000,
    1768521600000000000,
    1768608000000000000,
    1768694400000000000,
    1768780800000000000,
    1768867200000000000,
    1768953600000000000,
    1769040000000000000,
    1769126400000000000,
    1769212800000000000,
    1769299200000000000,
    1769385600000000000,
    1769472000000000000,
    1769558400000000000,
    1769644800000000000,
    1769731200000000000,
    1769817600000000000,
    1769904000000000000,
    1769990400000000000,
    1770076800000000000,
    1770163200000000000,
    1770249600000000000,
    1770336000000000000,
    1770422400000000000,
    1770508800000000000,
    1770595200000000000,
    1770681600000000000,
    1770768000000000000,
    1770854400000000000,
    1770940800000000000,
    1771027200000000000,
    1771113600000000000,
    1771200000000000000,
    1771286400000000000,
    1771372800000000000,
    1771459200000000000,
    1771545600000000000,
    1771632000000000000,
    1771718400000000000,
    1771804800000000000,
    1771891200000000000,
    1771977600000000000,
    1772064000000000000,
    1772150400000000000
  ],
  "tasmax": [
    3.1000000461935997,
    1.700000025331974,
    1.1000000163912773,
    1.1000000163912773,
    0.10000000149011612,
    0.10000000149011612,
    0.20000000298023224,
    2.7000000402331352,
    2.1000000312924385,
    -2.1000000312924385,
    -2.7000000402331352,
    4.200000062584877,
    8.50000012665987,
    8.50000012665987,
    10.500000156462193,
    11.800000175833702,
    11.000000163912773,
    2.2000000327825546,
    4.500000067055225,
    4.90000007301569,
    5.200000077486038,
    0.5000000074505806,
    0.6000000089406967,
    -0.5000000074505806,
    0.10000000149011612,
    0.6000000089406967,
    1.1000000163912773,
    0.6000000089406967,
    -0.5000000074505806,
    0.9000000134110451,
    2.1000000312924385,
    2.2000000327825546,
    -1.1000000163912773,
    -1.3000000193715096,
    1.0000000149011612,
    0.10000000149011612,
    2.3000000342726707,
    8.300000123679638,
    2.8000000417232513,
    6.000000089406967,
    6.70000009983778,
    8.800000131130219,
    8.00000011920929,
    6.000000089406967,
    -0.20000000298023224,
    2.600000038743019,
    5.000000074505806,
    6.200000092387199,
    2.1000000312924385,
    1.700000025331974,
    5.700000084936619,
    10.400000154972076,
    11.400000169873238,
    10.000000149011612,
    12.000000178813934,
    15.800000235438347,
    16.800000250339508,
    18.80000028014183
  ]
}