{
  "time": [
    1767268800000000000,
    1767355200000000000,
    1767441600000000000
  ],
  "tasmax": [
    3.1000000461935997,
    1.600000023841858,
    1.1000000163912773
  ]
}