{
  "time": [
    1767225600000000000,
    1767312000000000000,
    1767398400000000000,
    1767484800000000000,
    1767571200000000000,
    1767657600000000000,
    1767744000000000000,
    1767830400000000000,
    1767916800000000000,
    1768003200000000000,
    1768089600000000000,
    1768176000000000000,
    1768262400000000000,
    1768348800000000000,
    1768435200000000000,
    1768521600000000000,
    1768608000000000000,
    1768694400000000000,
    1768780800000000000,
    1768867200000000000,
    1768953600000000000,
    1769040000000000000,
    1769126400000000000,
    1769212800000000000,
    1769299200000000000,
    1769385600000000000,
    1769472000000000000,
    1769558400000000000,
    1769644800000000000,
    1769731200000000000,
    1769817600000000000,
    1769904000000000000,
    1769990400000000000,
    1770076800000000000,
    1770163200000000000,
    1770249600000000000,
    1770336000000000000,
    1770422400000000000,
    1770508800000000000,
    1770595200000000000,
    1770681600000000000,
    1770768000000000000,
    1770854400000000000,
    1770940800000000000
  ],
  "tasmax": [
    3.0000000447034836,
    1.8000000268220901,
    1.1000000163912773,
    1.0000000149011612,
    0.10000000149011612,
    0.10000000149011612,
    0.20000000298023224,
    2.7000000402331352,
    2.2000000327825546,
    -2.2000000327825546,
    -2.7000000402331352,
    4.200000062584877,
    8.50000012665987,
    8.50000012665987,
    10.500000156462193,
    11.800000175833702,
    11.300000168383121,
    2.2000000327825546,
    4.500000067055225,
    5.000000074505806,
    5.200000077486038,
    0.5000000074505806,
    0.9000000134110451,
    -0.5000000074505806,
    0.10000000149011612,
    0.6000000089406967,
    1.3000000193715096,
    0.5000000074505806,
    -0.5000000074505806,
    1.0000000149011612,
    2.2000000327825546,
    2.2000000327825546,
    -1.1000000163912773,
    -1.3000000193715096,
    1.0000000149011612,
    0.10000000149011612,
    2.3000000342726707,
    8.300000123679638,
    2.8000000417232513,
    6.000000089406967,
    6.70000009983778,
    8.800000131130219,
    8.00000011920929,
    6.000000089406967
  ]
}