{
  "time": [
    1767225600000000000,
    1767312000000000000,
    1767398400000000000,
    1767484800000000000,
    1767571200000000000,
    1767657600000000000,
    1767744000000000000,
    1767830400000000000,
    1767916800000000000,
    1768003200000000000,
    1768089600000000000,
    1768176000000000000,
    1768262400000000000,
    1768348800000000000,
    1768435200000000000,
    1768521600000000000,
    1768608000000000000,
    1768694400000000000,
    1768780800000000000,
    1768867200000000000,
    1768953600000000000,
    1769040000000000000,
    1769126400000000000,
    1769212800000000000,
    1769299200000000000,
    1769385600000000000,
    1769472000000000000,
    1769558400000000000,
    1769644800000000000,
    1769731200000000000,
    1769817600000000000,
    1769904000000000000,
    1769990400000000000,
    1770076800000000000,
    1770163200000000000,
    1770249600000000000,
    1770336000000000000,
    1770422400000000000,
    1770508800000000000,
    1770595200000000000,
    1770681600000000000,
    1770768000000000000,
    1770854400000000000,
    1770940800000000000,
    1771027200000000000,
    1771113600000000000,
    1771200000000000000,
    1771286400000000000,
    1771372800000000000,
    1771459200000000000,
    1771545600000000000,
    1771632000000000000,
    1771718400000000000,
    1771804800000000000,
    1771891200000000000,
    1771977600000000000,
    1772064000000000000,
    1772150400000000000
  ],
  "tasmin": [
    0.6000000089406967,
    0.0,
    -0.5000000074505806,
    -0.9000000134110451,
    -4.000000059604645,
    -1.8000000268220901,
    -3.0000000447034836,
    -0.800000011920929,
    -3.7000000551342964,
    -8.50000012665987,
    -12.000000178813934,
    -2.8000000417232513,
    3.200000047683716,
    0.0,
    3.400000050663948,
    7.000000104308128,
    0.10000000149011612,
    -1.3000000193715096,
    -3.0000000447034836,
    -3.400000050663948,
    -1.8000000268220901,
    -3.7000000551342964,
    -3.1000000461935997,
    -2.8000000417232513,
    -3.7000000551342964,
    -1.700000025331974,
    -1.3000000193715096,
    -1.3000000193715096,
    -1.700000025331974,
    -3.0000000447034836,
    -0.5000000074505806,
    -1.8000000268220901,
    -5.500000081956387,
    -5.500000081956387,
    -3.1000000461935997,
    -3.7000000551342964,
    -0.6000000089406967,
    0.4000000059604645,
    0.10000000149011612,
    0.10000000149011612,
    -0.6000000089406967,
    3.7000000551342964,
    5.200000077486038,
    -0.5000000074505806,
    -4.700000070035458,
    -6.200000092387199,
    -1.1000000163912773,
    1.0000000149011612,
    -1.700000025331974,
    -1.8000000268220901,
    -2.7000000402331352,
    5.700000084936619,
    8.50000012665987,
    6.500000096857548,
    5.4000000804662704,
    5.900000087916851,
    7.000000104308128,
    9.00000013411045
  ]
}