{
  "time": [
    1767268800000000000,
    1767355200000000000,
    1767441600000000000
  ],
  "hurs": [
    80.70000120252371,
    91.50000136345625,
    90.70000135153532
  ],
  "pr": [
    3.299999952316284,
    2.799999952316284,
    5.199999809265137
  ],
  "tas": [
    3.200000047683716,
    1.1000000163912773,
    0.5000000074505806
  ],
  "tasmax": [
    4.400000065565109,
    3.400000050663948,
    1.1000000163912773
  ],
  "tasmin": [
    2.1000000312924385,
    0.10000000149011612,
    -0.20000000298023224
  ]
}