{
  "time": [
    1767225600000000000,
    1767312000000000000,
    1767398400000000000,
    1767484800000000000,
    1767571200000000000,
    1767657600000000000,
    1767744000000000000,
    1767830400000000000,
    1767916800000000000,
    1768003200000000000,
    1768089600000000000,
    1768176000000000000,
    1768262400000000000,
    1768348800000000000,
    1768435200000000000,
    1768521600000000000,
    1768608000000000000,
    1768694400000000000,
    1768780800000000000,
    1768867200000000000,
    1768953600000000000,
    1769040000000000000,
    1769126400000000000,
    1769212800000000000,
    1769299200000000000,
    1769385600000000000,
    1769472000000000000,
    1769558400000000000,
    1769644800000000000,
    1769731200000000000,
    1769817600000000000,
    1769904000000000000,
    1769990400000000000,
    1770076800000000000,
    1770163200000000000,
    1770249600000000000,
    1770336000000000000,
    1770422400000000000,
    1770508800000000000,
    1770595200000000000,
    1770681600000000000,
    1770768000000000000,
    1770854400000000000,
    1770940800000000000,
    1771027200000000000,
    1771113600000000000,
    1771200000000000000,
    1771286400000000000,
    1771372800000000000,
    1771459200000000000,
    1771545600000000000
  ],
  "hurs": [
    80.70000120252371,
    91.2000013589859,
    91.40000136196613,
    88.20000131428242,
    84.50000125914812,
    88.50000131875277,
    83.20000123977661,
    85.0000012665987,
    90.00000134110451,
    81.50000121444464,
    80.50000119954348,
    91.00000135600567,
    88.50000131875277,
    91.70000136643648,
    82.40000122785568,
    82.90000123530626,
    78.70000117272139,
    85.40000127255917,
    83.90000125020742,
    76.00000113248825,
    66.50000099092722,
    68.00000101327896,
    71.90000107139349,
    79.50000118464231,
    79.70000118762255,
    91.00000135600567,
    89.20000132918358,
    93.50000139325857,
    94.20000140368938,
    86.40000128746033,
    85.50000127404928,
    84.20000125467777,
    73.00000108778477,
    82.20000122487545,
    80.20000119507313,
    80.20000119507313,
    85.90000128000975,
    83.50000124424696,
    91.50000136345625,
    80.50000119954348,
    81.70000121742487,
    95.70000142604113,
    92.20000137388706,
    79.20000118017197,
    79.00000117719173,
    79.00000117719173,
    91.50000136345625,
    87.5000013038516,
    74.00000110268593,
    81.00000120699406,
    80.70000120252371
  ],
  "pr": [
    3.299999952316284,
    2.9000000953674316,
    5.300000190734863,
    0.30000001192092896,
    1.600000023841858,
    0.0,
    3.5999999046325684,
    8.399999618530273,
    11.600000381469727,
    0.0,
    1.7000000476837158,
    11.399999618530273,
    3.4000000953674316,
    2.0999999046325684,
    0.10000000149011612,
    0.6000000238418579,
    0.0,
    0.0,
    0.0,
    0.0,
    0.0,
    0.10000000149011612,
    0.10000000149011612,
    0.10000000149011612,
    0.0,
    0.4000000059604645,
    3.9000000953674316,
    3.0999999046325684,
    0.6000000238418579,
    0.10000000149011612,
    0.5,
    0.10000000149011612,
    0.0,
    4.199999809265137,
    0.0,
    0.0,
    1.0,
    0.0,
    0.0,
    0.0,
    2.799999952316284,
    6.400000095367432,
    2.700000047683716,
    0.0,
    0.0,
    4.400000095367432,
    6.0,
    2.299999952316284,
    3.200000047683716,
    4.599999904632568,
    2.4000000953674316
  ],
  "tas": [
    3.200000047683716,
    1.1000000163912773,
    0.5000000074505806,
    0.20000000298023224,
    -1.5000000223517418,
    -0.800000011920929,
    -1.3000000193715096,
    2.0000000298023224,
    3.200000047683716,
    -2.2000000327825546,
    -3.200000047683716,
    3.6000000536441803,
    8.800000131130219,
    8.100000120699406,
    9.900000147521496,
    10.100000150501728,
    8.50000012665987,
    3.0000000447034836,
    1.600000023841858,
    2.500000037252903,
    4.90000007301569,
    3.200000047683716,
    5.500000081956387,
    3.400000050663948,
    -0.10000000149011612,
    0.10000000149011612,
    2.3000000342726707,
    2.7000000402331352,
    0.800000011920929,
    2.3000000342726707,
    5.500000081956387,
    5.200000077486038,
    4.400000065565109,
    1.600000023841858,
    5.900000087916851,
    4.000000059604645,
    4.90000007301569,
    8.300000123679638,
    4.700000070035458,
    3.9000000581145287,
    6.70000009983778,
    9.00000013411045,
    8.400000125169754,
    4.000000059604645,
    0.10000000149011612,
    -0.20000000298023224,
    3.7000000551342964,
    4.000000059604645,
    2.3000000342726707,
    2.3000000342726707,
    3.500000052154064
  ],
  "tasmax": [
    4.200000062584877,
    3.400000050663948,
    1.1000000163912773,
    1.1000000163912773,
    -0.10000000149011612,
    0.6000000089406967,
    0.800000011920929,
    3.1000000461935997,
    6.000000089406967,
    0.5000000074505806,
    0.4000000059604645,
    8.100000120699406,
    10.600000157952309,
    9.80000014603138,
    11.400000169873238,
    11.500000171363354,
    13.000000193715096,
    6.800000101327896,
    4.400000065565109,
    6.900000102818012,
    8.600000128149986,
    7.800000116229057,
    9.80000014603138,
    7.300000108778477,
    2.1000000312924385,
    0.800000011920929,
    5.000000074505806,
    4.500000067055225,
    1.600000023841858,
    5.4000000804662704,
    7.800000116229057,
    8.00000011920929,
    8.00000011920929,
    5.000000074505806,
    11.500000171363354,
    8.300000123679638,
    7.500000111758709,
    13.100000195205212,
    8.00000011920929,
    8.00000011920929,
    9.400000140070915,
    10.800000160932541,
    9.900000147521496,
    7.200000107288361,
    1.3000000193715096,
    4.400000065565109,
    7.500000111758709,
    6.500000096857548,
    4.90000007301569,
    4.500000067055225,
    7.800000116229057
  ],
  "tasmin": [
    2.1000000312924385,
    0.10000000149011612,
    -0.20000000298023224,
    -2.3000000342726707,
    -3.6000000536441803,
    -3.0000000447034836,
    -2.7000000402331352,
    0.5000000074505806,
    0.10000000149011612,
    -5.700000084936619,
    -7.900000117719173,
    0.20000000298023224,
    7.200000107288361,
    6.000000089406967,
    8.300000123679638,
    6.500000096857548,
    4.000000059604645,
    0.10000000149011612,
    -0.9000000134110451,
    -1.3000000193715096,
    1.5000000223517418,
    -1.5000000223517418,
    3.400000050663948,
    -0.6000000089406967,
    -2.1000000312924385,
    -0.5000000074505806,
    -0.20000000298023224,
    0.20000000298023224,
    0.0,
    -0.4000000059604645,
    3.500000052154064,
    2.500000037252903,
    0.800000011920929,
    -1.1000000163912773,
    1.0000000149011612,
    0.5000000074505806,
    2.3000000342726707,
    4.700000070035458,
    1.3000000193715096,
    -0.5000000074505806,
    3.7000000551342964,
    7.300000108778477,
    7.000000104308128,
    1.3000000193715096,
    -3.200000047683716,
    -5.200000077486038,
    0.6000000089406967,
    2.600000038743019,
    0.800000011920929,
    0.20000000298023224,
    -0.4000000059604645
  ]
}