{
  "time": [
    1767225600000000000,
    1767312000000000000,
    1767398400000000000,
    1767484800000000000,
    1767571200000000000,
    1767657600000000000,
    1767744000000000000,
    1767830400000000000,
    1767916800000000000,
    1768003200000000000,
    1768089600000000000,
    1768176000000000000,
    1768262400000000000,
    1768348800000000000,
    1768435200000000000,
    1768521600000000000,
    1768608000000000000,
    1768694400000000000,
    1768780800000000000,
    1768867200000000000,
    1768953600000000000,
    1769040000000000000,
    1769126400000000000,
    1769212800000000000,
    1769299200000000000,
    1769385600000000000,
    1769472000000000000,
    1769558400000000000,
    1769644800000000000,
    1769731200000000000,
    1769817600000000000,
    1769904000000000000,
    1769990400000000000,
    1770076800000000000,
    1770163200000000000
  ],
  "hurs": [
    80.20000119507313,
    91.50000136345625,
    91.00000135600567,
    87.90000130981207,
    84.00000125169754,
    88.50000131875277,
    83.00000123679638,
    85.0000012665987,
    88.50000131875277,
    82.00000122189522,
    80.0000011920929,
    91.70000136643648,
    89.20000132918358,
    92.70000138133764,
    82.40000122785568,
    83.00000123679638,
    78.40000116825104,
    84.90000126510859,
    84.00000125169754,
    75.50000112503767,
    66.50000099092722,
    67.70000100880861,
    71.50000106543303,
    79.20000118017197,
    79.50000118464231,
    90.90000135451555,
    88.00000131130219,
    92.50000137835741,
    93.40000139176846,
    85.90000128000975,
    85.50000127404928,
    84.20000125467777,
    73.00000108778477,
    82.20000122487545,
    80.20000119507313
  ],
  "pr": [
    3.299999952316284,
    2.9000000953674316,
    5.300000190734863,
    0.30000001192092896,
    1.600000023841858,
    0.0,
    3.5999999046325684,
    8.399999618530273,
    11.600000381469727,
    0.0,
    1.7000000476837158,
    11.399999618530273,
    3.4000000953674316,
    2.0999999046325684,
    0.10000000149011612,
    0.6000000238418579,
    0.0,
    0.0,
    0.0,
    0.0,
    0.0,
    0.10000000149011612,
    0.10000000149011612,
    0.10000000149011612,
    0.0,
    0.4000000059604645,
    3.9000000953674316,
    3.0999999046325684,
    0.6000000238418579,
    0.10000000149011612,
    0.5,
    0.10000000149011612,
    0.0,
    4.199999809265137,
    0.0
  ],
  "tas": [
    3.200000047683716,
    1.1000000163912773,
    0.5000000074505806,
    0.20000000298023224,
    -1.5000000223517418,
    -0.800000011920929,
    -1.3000000193715096,
    2.0000000298023224,
    3.400000050663948,
    -2.2000000327825546,
    -3.200000047683716,
    3.500000052154064,
    8.600000128149986,
    8.00000011920929,
    9.900000147521496,
    10.000000149011612,
    8.50000012665987,
    3.0000000447034836,
    1.5000000223517418,
    2.500000037252903,
    4.90000007301569,
    3.200000047683716,
    5.500000081956387,
    3.200000047683716,
    -0.10000000149011612,
    0.10000000149011612,
    2.500000037252903,
    2.7000000402331352,
    0.9000000134110451,
    2.500000037252903,
    5.500000081956387,
    5.200000077486038,
    4.400000065565109,
    1.600000023841858,
    5.900000087916851
  ],
  "tasmax": [
    4.400000065565109,
    3.400000050663948,
    1.1000000163912773,
    1.1000000163912773,
    -0.10000000149011612,
    0.6000000089406967,
    0.800000011920929,
    3.1000000461935997,
    6.200000092387199,
    0.5000000074505806,
    0.5000000074505806,
    8.00000011920929,
    10.500000156462193,
    9.600000143051147,
    11.500000171363354,
    11.500000171363354,
    12.90000019222498,
    6.800000101327896,
    4.200000062584877,
    6.900000102818012,
    8.50000012665987,
    7.700000114738941,
    9.600000143051147,
    7.000000104308128,
    2.2000000327825546,
    0.800000011920929,
    5.000000074505806,
    4.500000067055225,
    1.700000025331974,
    5.500000081956387,
    7.900000117719173,
    8.00000011920929,
    8.00000011920929,
    5.000000074505806,
    11.500000171363354
  ],
  "tasmin": [
    2.2000000327825546,
    0.20000000298023224,
    -0.20000000298023224,
    -2.7000000402331352,
    -3.6000000536441803,
    -3.0000000447034836,
    -2.7000000402331352,
    0.5000000074505806,
    0.4000000059604645,
    -5.700000084936619,
    -8.00000011920929,
    0.10000000149011612,
    7.000000104308128,
    5.700000084936619,
    8.300000123679638,
    6.500000096857548,
    4.000000059604645,
    0.10000000149011612,
    -0.9000000134110451,
    -1.3000000193715096,
    1.600000023841858,
    -1.5000000223517418,
    3.400000050663948,
    -0.800000011920929,
    -2.1000000312924385,
    -0.6000000089406967,
    -0.10000000149011612,
    0.20000000298023224,
    0.10000000149011612,
    -0.10000000149011612,
    3.500000052154064,
    2.500000037252903,
    0.800000011920929,
    -1.1000000163912773,
    1.0000000149011612
  ]
}