{
  "time": [
    1767225600000000000,
    1767312000000000000,
    1767398400000000000,
    1767484800000000000,
    1767571200000000000,
    1767657600000000000,
    1767744000000000000,
    1767830400000000000,
    1767916800000000000,
    1768003200000000000,
    1768089600000000000,
    1768176000000000000,
    1768262400000000000,
    1768348800000000000,
    1768435200000000000,
    1768521600000000000,
    1768608000000000000,
    1768694400000000000,
    1768780800000000000,
    1768867200000000000,
    1768953600000000000,
    1769040000000000000,
    1769126400000000000,
    1769212800000000000,
    1769299200000000000,
    1769385600000000000,
    1769472000000000000,
    1769558400000000000,
    1769644800000000000,
    1769731200000000000,
    1769817600000000000,
    1769904000000000000,
    1769990400000000000,
    1770076800000000000,
    1770163200000000000,
    1770249600000000000,
    1770336000000000000,
    1770422400000000000,
    1770508800000000000,
    1770595200000000000,
    1770681600000000000,
    1770768000000000000,
    1770854400000000000,
    1770940800000000000,
    1771027200000000000,
    1771113600000000000,
    1771200000000000000,
    1771286400000000000,
    1771372800000000000,
    1771459200000000000,
    1771545600000000000,
    1771632000000000000,
    1771718400000000000,
    1771804800000000000,
    1771891200000000000,
    1771977600000000000,
    1772064000000000000,
    1772150400000000000,
    1772236800000000000,
    1772323200000000000
  ],
  "hurs": [
    80.70000120252371,
    91.2000013589859,
    91.40000136196613,
    88.20000131428242,
    84.50000125914812,
    88.50000131875277,
    83.20000123977661,
    85.0000012665987,
    90.00000134110451,
    81.50000121444464,
    80.50000119954348,
    91.00000135600567,
    88.50000131875277,
    91.70000136643648,
    82.40000122785568,
    82.90000123530626,
    78.70000117272139,
    85.40000127255917,
    83.90000125020742,
    76.00000113248825,
    66.50000099092722,
    68.00000101327896,
    71.90000107139349,
    79.50000118464231,
    79.70000118762255,
    91.00000135600567,
    89.20000132918358,
    93.50000139325857,
    94.20000140368938,
    86.40000128746033,
    85.50000127404928,
    85.50000127404928,
    73.90000110119581,
    82.5000012293458,
    80.0000011920929,
    80.20000119507313,
    85.50000127404928,
    83.50000124424696,
    90.20000134408474,
    80.20000119507313,
    81.9000012204051,
    95.20000141859055,
    92.00000137090683,
    81.00000120699406,
    78.40000116825104,
    79.4000011831522,
    90.90000135451555,
    87.40000130236149,
    73.50000109523535,
    81.20000120997429,
    80.20000119507313,
    87.40000130236149,
    91.70000136643648,
    82.5000012293458,
    93.40000139176846,
    80.90000120550394,
    74.90000111609697,
    69.40000103414059,
    75.20000112056732,
    68.70000102370977
  ],
  "pr": [
    3.299999952316284,
    2.9000000953674316,
    5.300000190734863,
    0.30000001192092896,
    1.600000023841858,
    0.0,
    3.5999999046325684,
    8.399999618530273,
    11.600000381469727,
    0.0,
    1.7000000476837158,
    11.399999618530273,
    3.4000000953674316,
    2.0999999046325684,
    0.10000000149011612,
    0.6000000238418579,
    0.0,
    0.0,
    0.0,
    0.0,
    0.0,
    0.10000000149011612,
    0.10000000149011612,
    0.10000000149011612,
    0.0,
    0.4000000059604645,
    3.9000000953674316,
    3.0999999046325684,
    0.6000000238418579,
    0.10000000149011612,
    0.5,
    0.10000000149011612,
    0.0,
    4.199999809265137,
    0.0,
    0.0,
    1.0,
    0.0,
    0.0,
    0.0,
    3.5,
    6.400000095367432,
    2.799999952316284,
    0.0,
    0.0,
    4.400000095367432,
    6.099999904632568,
    2.299999952316284,
    3.200000047683716,
    2.5999999046325684,
    2.4000000953674316,
    3.0,
    8.0,
    5.800000190734863,
    0.0,
    0.0,
    0.4000000059604645,
    4.599999904632568,
    0.10000000149011612,
    0.0
  ],
  "tas": [
    3.200000047683716,
    1.1000000163912773,
    0.5000000074505806,
    0.20000000298023224,
    -1.5000000223517418,
    -0.800000011920929,
    -1.3000000193715096,
    2.0000000298023224,
    3.200000047683716,
    -2.2000000327825546,
    -3.200000047683716,
    3.6000000536441803,
    8.800000131130219,
    8.100000120699406,
    9.900000147521496,
    10.100000150501728,
    8.50000012665987,
    3.0000000447034836,
    1.600000023841858,
    2.500000037252903,
    4.90000007301569,
    3.200000047683716,
    5.500000081956387,
    3.400000050663948,
    -0.10000000149011612,
    0.10000000149011612,
    2.3000000342726707,
    2.7000000402331352,
    0.800000011920929,
    2.3000000342726707,
    5.500000081956387,
    5.000000074505806,
    4.200000062584877,
    1.600000023841858,
    6.000000089406967,
    4.000000059604645,
    5.000000074505806,
    8.300000123679638,
    4.90000007301569,
    4.000000059604645,
    6.70000009983778,
    9.00000013411045,
    8.400000125169754,
    4.000000059604645,
    0.20000000298023224,
    -0.20000000298023224,
    3.9000000581145287,
    4.000000059604645,
    2.3000000342726707,
    2.2000000327825546,
    3.500000052154064,
    9.300000138580799,
    11.500000171363354,
    9.500000141561031,
    10.100000150501728,
    12.500000186264515,
    13.40000019967556,
    14.000000208616257,
    10.800000160932541,
    8.900000132620335
  ],
  "tasmax": [
    4.200000062584877,
    3.400000050663948,
    1.1000000163912773,
    1.1000000163912773,
    -0.10000000149011612,
    0.6000000089406967,
    0.800000011920929,
    3.1000000461935997,
    6.000000089406967,
    0.5000000074505806,
    0.4000000059604645,
    8.100000120699406,
    10.600000157952309,
    9.80000014603138,
    11.400000169873238,
    11.500000171363354,
    13.000000193715096,
    6.800000101327896,
    4.400000065565109,
    6.900000102818012,
    8.600000128149986,
    7.800000116229057,
    9.80000014603138,
    7.300000108778477,
    2.1000000312924385,
    0.800000011920929,
    5.000000074505806,
    4.500000067055225,
    1.600000023841858,
    5.4000000804662704,
    7.800000116229057,
    7.900000117719173,
    7.800000116229057,
    5.000000074505806,
    11.60000017285347,
    8.100000120699406,
    7.700000114738941,
    13.100000195205212,
    8.400000125169754,
    8.100000120699406,
    9.500000141561031,
    10.600000157952309,
    9.900000147521496,
    7.300000108778477,
    1.3000000193715096,
    4.500000067055225,
    7.800000116229057,
    6.500000096857548,
    4.90000007301569,
    4.500000067055225,
    7.900000117719173,
    11.10000016540289,
    12.500000186264515,
    11.400000169873238,
    11.900000177323818,
    17.50000026077032,
    18.30000027269125,
    19.80000029504299,
    14.000000208616257,
    14.100000210106373
  ],