{
  "time": [
    1767225600000000000,
    1767312000000000000,
    1767398400000000000,
    1767484800000000000,
    1767571200000000000,
    1767657600000000000,
    1767744000000000000,
    1767830400000000000,
    1767916800000000000,
    1768003200000000000,
    1768089600000000000,
    1768176000000000000,
    1768262400000000000,
    1768348800000000000,
    1768435200000000000,
    1768521600000000000,
    1768608000000000000,
    1768694400000000000,
    1768780800000000000,
    1768867200000000000,
    1768953600000000000,
    1769040000000000000,
    1769126400000000000,
    1769212800000000000,
    1769299200000000000,
    1769385600000000000,
    1769472000000000000,
    1769558400000000000,
    1769644800000000000,
    1769731200000000000,
    1769817600000000000,
    1769904000000000000,
    1769990400000000000,
    1770076800000000000,
    1770163200000000000,
    1770249600000000000,
    1770336000000000000,
    1770422400000000000,
    1770508800000000000,
    1770595200000000000,
    1770681600000000000,
    1770768000000000000,
    1770854400000000000,
    1770940800000000000,
    1771027200000000000,
    1771113600000000000,
    1771200000000000000,
    1771286400000000000,
    1771372800000000000,
    1771459200000000000,
    1771545600000000000,
    1771632000000000000,
    1771718400000000000,
    1771804800000000000,
    1771891200000000000,
    1771977600000000000,
    1772064000000000000,
    1772150400000000000,
    1772236800000000000,
    1772323200000000000,
    1772409600000000000,
    1772496000000000000,
    1772582400000000000
  ],
  "hurs": [
    80.70000120252371,
    91.2000013589859,
    91.40000136196613,
    88.20000131428242,
    84.50000125914812,
    88.50000131875277,
    83.20000123977661,
    85.0000012665987,
    90.00000134110451,
    81.50000121444464,
    80.50000119954348,
    91.00000135600567,
    88.50000131875277,
    91.70000136643648,
    82.40000122785568,
    82.90000123530626,
    78.70000117272139,
    85.40000127255917,
    83.90000125020742,
    76.00000113248825,
    66.50000099092722,
    68.00000101327896,
    71.90000107139349,
    79.50000118464231,
    79.70000118762255,
    91.00000135600567,
    89.20000132918358,
    93.50000139325857,
    94.20000140368938,
    86.40000128746033,
    85.50000127404928,
    85.50000127404928,
    73.90000110119581,
    82.5000012293458,
    80.0000011920929,
    80.20000119507313,
    85.50000127404928,
    83.50000124424696,
    90.20000134408474,
    80.20000119507313,
    81.9000012204051,
    95.20000141859055,
    92.00000137090683,
    81.00000120699406,
    78.40000116825104,
    79.4000011831522,
    90.90000135451555,
    87.40000130236149,
    73.50000109523535,
    81.20000120997429,
    80.20000119507313,
    87.40000130236149,
    91.70000136643648,
    82.5000012293458,
    93.40000139176846,
    80.90000120550394,
    74.90000111609697,
    69.40000103414059,
    75.20000112056732,
    68.70000102370977,
    60.700000904500484,
    64.70000096410513,
    74.70000111311674
  ]
}