{
  "time": [
    1767268800000000000,
    1767355200000000000,
    1767441600000000000
  ],
  "hurs": [
    80.70000120252371,
    91.50000136345625,
    90.70000135153532
  ]
}