{
  "time": [
    1767225600000000000,
    1767312000000000000,
    1767398400000000000,
    1767484800000000000,
    1767571200000000000,
    1767657600000000000,
    1767744000000000000,
    1767830400000000000,
    1767916800000000000,
    1768003200000000000,
    1768089600000000000,
    1768176000000000000,
    1768262400000000000,
    1768348800000000000,
    1768435200000000000,
    1768521600000000000,
    1768608000000000000,
    1768694400000000000,
    1768780800000000000,
    1768867200000000000,
    1768953600000000000,
    1769040000000000000,
    1769126400000000000,
    1769212800000000000,
    1769299200000000000,
    1769385600000000000,
    1769472000000000000,
    1769558400000000000,
    1769644800000000000,
    1769731200000000000,
    1769817600000000000,
    1769904000000000000,
    1769990400000000000,
    1770076800000000000,
    1770163200000000000,
    1770249600000000000,
    1770336000000000000,
    1770422400000000000
  ],
  "hurs": [
    80.20000119507313,
    91.50000136345625,
    91.00000135600567,
    87.90000130981207,
    84.00000125169754,
    88.50000131875277,
    83.00000123679638,
    85.0000012665987,
    88.50000131875277,
    82.00000122189522,
    80.0000011920929,
    91.70000136643648,
    89.20000132918358,
    92.70000138133764,
    82.40000122785568,
    83.00000123679638,
    78.40000116825104,
    84.90000126510859,
    84.00000125169754,
    75.50000112503767,
    66.50000099092722,
    67.70000100880861,
    71.50000106543303,
    79.20000118017197,
    79.50000118464231,
    90.90000135451555,
    88.00000131130219,
    92.50000137835741,
    93.40000139176846,
    85.90000128000975,
    85.50000127404928,
    84.20000125467777,
    73.00000108778477,
    82.20000122487545,
    80.20000119507313,
    80.20000119507313,
    85.90000128000975,
    83.50000124424696
  ]
}