{
  "time": [
    1767225600000000000,
    1767312000000000000,
    1767398400000000000,
    1767484800000000000,
    1767571200000000000,
    1767657600000000000,
    1767744000000000000,
    1767830400000000000,
    1767916800000000000,
    1768003200000000000,
    1768089600000000000,
    1768176000000000000,
    1768262400000000000,
    1768348800000000000,
    1768435200000000000,
    1768521600000000000,
    1768608000000000000,
    1768694400000000000,
    1768780800000000000,
    1768867200000000000,
    1768953600000000000,
    1769040000000000000,
    1769126400000000000,
    1769212800000000000,
    1769299200000000000,
    1769385600000000000,
    1769472000000000000,
    1769558400000000000,
    1769644800000000000,
    1769731200000000000,
    1769817600000000000,
    1769904000000000000,
    1769990400000000000,
    1770076800000000000,
    1770163200000000000,
    1770249600000000000,
    1770336000000000000,
    1770422400000000000,
    1770508800000000000,
    1770595200000000000,
    1770681600000000000,
    1770768000000000000,
    1770854400000000000,
    1770940800000000000,
    1771027200000000000,
    1771113600000000000,
    1771200000000000000,
    1771286400000000000
  ],
  "hurs": [
    80.70000120252371,
    91.2000013589859,
    91.40000136196613,
    88.20000131428242,
    84.50000125914812,
    88.50000131875277,
    83.20000123977661,
    85.0000012665987,
    90.00000134110451,
    81.50000121444464,
    80.50000119954348,
    91.00000135600567,
    88.50000131875277,
    91.70000136643648,
    82.40000122785568,
    82.90000123530626,
    78.70000117272139,
    85.40000127255917,
    83.90000125020742,
    76.00000113248825,
    66.50000099092722,
    68.00000101327896,
    71.90000107139349,
    79.50000118464231,
    79.70000118762255,
    91.00000135600567,
    89.20000132918358,
    93.50000139325857,
    94.20000140368938,
    86.40000128746033,
    85.50000127404928,
    84.20000125467777,
    73.00000108778477,
    82.20000122487545,
    80.20000119507313,
    80.20000119507313,
    85.90000128000975,
    83.50000124424696,
    91.50000136345625,
    80.50000119954348,
    81.70000121742487,
    95.70000142604113,
    92.20000137388706,
    79.20000118017197,
    79.00000117719173,
    79.00000117719173,
    91.50000136345625,
    87.5000013038516
  ]
}