{
  "time": [
    1767290400000000000,
    1767376800000000000,
    1767463200000000000
  ],
  "pr": [
    3.299999952316284,
    2.799999952316284,
    5.199999809265137
  ]
}