{
  "time": [
    1767225600000000000,
    1767312000000000000,
    1767398400000000000,
    1767484800000000000,
    1767571200000000000,
    1767657600000000000,
    1767744000000000000,
    1767830400000000000,
    1767916800000000000,
    1768003200000000000,
    1768089600000000000,
    1768176000000000000,
    1768262400000000000,
    1768348800000000000,
    1768435200000000000,
    1768521600000000000,
    1768608000000000000,
    1768694400000000000,
    1768780800000000000,
    1768867200000000000,
    1768953600000000000,
    1769040000000000000,
    1769126400000000000,
    1769212800000000000,
    1769299200000000000,
    1769385600000000000,
    1769472000000000000,
    1769558400000000000,
    1769644800000000000,
    1769731200000000000,
    1769817600000000000,
    1769904000000000000,
    1769990400000000000,
    1770076800000000000,
    1770163200000000000,
    1770249600000000000,
    1770336000000000000,
    1770422400000000000,
    1770508800000000000,
    1770595200000000000,
    1770681600000000000,
    1770768000000000000,
    1770854400000000000,
    1770940800000000000,
    1771027200000000000,
    1771113600000000000,
    1771200000000000000,
    1771286400000000000,
    1771372800000000000,
    1771459200000000000,
    1771545600000000000,
    1771632000000000000,
    1771718400000000000,
    1771804800000000000,
    1771891200000000000,
    1771977600000000000,
    1772064000000000000,
    1772150400000000000,
    1772236800000000000,
    1772323200000000000,
    1772409600000000000,
    1772496000000000000,
    1772582400000000000,
    1772668800000000000,
    1772755200000000000,
    1772841600000000000,
    1772928000000000000,
    1773014400000000000,
    1773100800000000000,
    1773187200000000000,
    1773273600000000000,
    1773360000000000000,
    1773446400000000000,
    1773532800000000000,
    1773619200000000000,
    1773705600000000000,
    1773792000000000000,
    1773878400000000000,
    1773964800000000000,
    1774051200000000000,
    1774137600000000000,
    1774224000000000000,
    1774310400000000000,
    1774396800000000000,
    1774483200000000000,
    1774569600000000000,
    1774656000000000000,
    1774742400000000000,
    1774828800000000000,
    1774915200000000000,
    1775001600000000000,
    1775088000000000000,
    1775174400000000000
  ],
  "tasmax": [
    4.200000062584877,
    3.400000050663948,
    1.1000000163912773,
    1.1000000163912773,
    -0.10000000149011612,
    0.6000000089406967,
    0.800000011920929,
    3.1000000461935997,
    6.000000089406967,
    0.5000000074505806,
    0.4000000059604645,
    8.100000120699406,
    10.600000157952309,
    9.80000014603138,
    11.400000169873238,
    11.500000171363354,
    13.000000193715096,
    6.800000101327896,
    4.400000065565109,
    6.900000102818012,
    8.600000128149986,
    7.800000116229057,
    9.80000014603138,
    7.300000108778477,
    2.1000000312924385,
    0.800000011920929,
    5.000000074505806,
    4.500000067055225,
    1.600000023841858,
    5.4000000804662704,
    7.800000116229057,
    7.900000117719173,
    7.800000116229057,
    5.000000074505806,
    11.60000017285347,
    8.100000120699406,
    7.700000114738941,
    13.100000195205212,
    8.400000125169754,
    8.100000120699406,
    9.500000141561031,
    10.600000157952309,
    9.900000147521496,
    7.300000108778477,
    1.3000000193715096,
    4.500000067055225,
    7.800000116229057,
    6.500000096857548,
    4.90000007301569,
    4.500000067055225,
    7.900000117719173,
    11.10000016540289,
    12.500000186264515,
    11.400000169873238,
    11.900000177323818,
    17.50000026077032,
    18.500000275671482,
    19.80000029504299,
    14.000000208616257,
    14.100000210106373,
    16.600000247359276,
    18.0000002682209,
    17.600000262260437,
    18.80000028014183,
    18.80000028014183,
    18.600000277161598,
    19.10000028461218,
    18.30000027269125,
    16.800000250339508,
    11.500000171363354,
    12.500000186264515,
    11.500000171363354,
    4.500000067055225,
    10.400000154972076,
    11.400000169873238,
    12.500000186264515,
    16.300000242888927,
    17.100000254809856,
    15.000000223517418,
    13.800000205636024,
    16.300000242888927,
    16.600000247359276,
    16.800000250339508,
    13.100000195205212,
    8.00000011920929,
    9.80000014603138,
    9.80000014603138,
    11.300000168383121,
    11.500000171363354,
    11.800000175833702,
    13.800000205636024,
    11.000000163912773,
    13.40000019967556
  ]
}