{
  "time": [
    1767225600000000000,
    1767312000000000000,
    1767398400000000000,
    1767484800000000000,
    1767571200000000000,
    1767657600000000000,
    1767744000000000000,
    1767830400000000000,
    1767916800000000000,
    1768003200000000000,
    1768089600000000000,
    1768176000000000000,
    1768262400000000000,
    1768348800000000000,
    1768435200000000000,
    1768521600000000000,
    1768608000000000000,
    1768694400000000000,
    1768780800000000000,
    1768867200000000000,
    1768953600000000000,
    1769040000000000000,
    1769126400000000000,
    1769212800000000000,
    1769299200000000000,
    1769385600000000000,
    1769472000000000000,
    1769558400000000000,
    1769644800000000000,
    1769731200000000000,
    1769817600000000000,
    1769904000000000000,
    1769990400000000000,
    1770076800000000000,
    1770163200000000000,
    1770249600000000000,
    1770336000000000000,
    1770422400000000000,
    1770508800000000000,
    1770595200000000000,
    1770681600000000000,
    1770768000000000000,
    1770854400000000000
  ],
  "tasmax": [
    4.400000065565109,
    3.400000050663948,
    1.1000000163912773,
    1.1000000163912773,
    -0.10000000149011612,
    0.6000000089406967,
    0.800000011920929,
    3.1000000461935997,
    6.200000092387199,
    0.5000000074505806,
    0.5000000074505806,
    8.00000011920929,
    10.500000156462193,
    9.600000143051147,
    11.500000171363354,
    11.500000171363354,
    12.90000019222498,
    6.800000101327896,
    4.200000062584877,
    6.900000102818012,
    8.50000012665987,
    7.700000114738941,
    9.600000143051147,
    7.000000104308128,
    2.2000000327825546,
    0.800000011920929,
    5.000000074505806,
    4.500000067055225,
    1.700000025331974,
    5.500000081956387,
    7.900000117719173,
    8.00000011920929,
    8.00000011920929,
    5.000000074505806,
    11.500000171363354,
    8.300000123679638,
    7.500000111758709,
    13.100000195205212,
    8.00000011920929,
    8.00000011920929,
    9.400000140070915,
    10.800000160932541,
    9.900000147521496
  ]
}