{
  "time": [
    1767268800000000000
  ],
  "hurs": [
    79.70000118762255
  ],
  "pr": [
    3.5999999046325684
  ],
  "tas": [
    3.0000000447034836
  ],
  "tasmax": [
    4.000000059604645
  ],
  "tasmin": [
    2.0000000298023224
  ]
}