{
  "time": [
    1767268800000000000,
    1767355200000000000,
    1767441600000000000
  ],
  "hurs": [
    79.70000118762255,
    90.00000134110451,
    90.50000134855509
  ],
  "pr": [
    3.5999999046325684,
    2.4000000953674316,
    4.099999904632568
  ],
  "tas": [
    3.0000000447034836,
    1.0000000149011612,
    0.20000000298023224
  ],
  "tasmax": [
    4.000000059604645,
    3.200000047683716,
    1.1000000163912773
  ],
  "tasmin": [
    2.0000000298023224,
    0.10000000149011612,
    -0.5000000074505806
  ]
}