{
  "time": [
    1767225600000000000,
    1767312000000000000,
    1767398400000000000,
    1767484800000000000,
    1767571200000000000,
    1767657600000000000,
    1767744000000000000,
    1767830400000000000,
    1767916800000000000,
    1768003200000000000,
    1768089600000000000,
    1768176000000000000,
    1768262400000000000,
    1768348800000000000,
    1768435200000000000,
    1768521600000000000,
    1768608000000000000,
    1768694400000000000,
    1768780800000000000,
    1768867200000000000,
    1768953600000000000,
    1769040000000000000,
    1769126400000000000,
    1769212800000000000,
    1769299200000000000,
    1769385600000000000,
    1769472000000000000,
    1769558400000000000,
    1769644800000000000,
    1769731200000000000,
    1769817600000000000,
    1769904000000000000,
    1769990400000000000,
    1770076800000000000,
    1770163200000000000,
    1770249600000000000,
    1770336000000000000,
    1770422400000000000,
    1770508800000000000,
    1770595200000000000,
    1770681600000000000,
    1770768000000000000,
    1770854400000000000
  ],
  "hurs": [
    81.00000120699406,
    90.00000134110451,
    89.00000132620335,
    86.70000129193068,
    82.5000012293458,
    88.00000131130219,
    82.00000122189522,
    85.0000012665987,
    87.40000130236149,
    84.00000125169754,
    81.00000120699406,
    91.00000135600567,
    88.20000131428242,
    93.00000138580799,
    83.50000124424696,
    81.20000120997429,
    76.9000011458993,
    85.50000127404928,
    84.00000125169754,
    72.0000010728836,
    63.10000094026327,
    67.20000100135803,
    71.00000105798244,
    81.50000121444464,
    81.00000120699406,
    91.70000136643648,
    88.700001321733,
    95.00000141561031,
    94.20000140368938,
    85.90000128000975,
    83.20000123977661,
    84.20000125467777,
    73.00000108778477,
    83.20000123977661,
    80.20000119507313,
    81.50000121444464,
    85.0000012665987,
    84.70000126212835,
    88.700001321733,
    79.4000011831522,
    81.20000120997429,
    95.20000141859055,
    93.20000138878822
  ],
  "pr": [
    3.700000047683716,
    2.4000000953674316,
    4.199999809265137,
    0.10000000149011612,
    1.5,
    0.0,
    2.4000000953674316,
    8.399999618530273,
    11.300000190734863,
    0.0,
    1.7999999523162842,
    9.600000381469727,
    3.299999952316284,
    3.0,
    0.10000000149011612,
    0.30000001192092896,
    0.0,
    0.0,
    0.0,
    0.0,
    0.0,
    0.0,
    0.10000000149011612,
    0.10000000149011612,
    0.0,
    0.5,
    4.099999904632568,
    4.0,
    0.800000011920929,
    0.0,
    0.0,
    0.0,
    0.0,
    3.9000000953674316,
    0.0,
    0.10000000149011612,
    1.2999999523162842,
    0.0,
    0.0,
    0.0,
    1.7999999523162842,
    7.400000095367432,
    3.5
  ],
  "tas": [
    2.8000000417232513,
    1.0000000149011612,
    0.4000000059604645,
    0.10000000149011612,
    -1.700000025331974,
    -1.0000000149011612,
    -1.600000023841858,
    1.8000000268220901,
    3.400000050663948,
    -2.500000037252903,
    -3.6000000536441803,
    3.400000050663948,
    8.300000123679638,
    8.00000011920929,
    9.500000141561031,
    10.000000149011612,
    8.600000128149986,
    3.0000000447034836,
    1.3000000193715096,
    3.0000000447034836,
    5.500000081956387,
    3.200000047683716,
    5.500000081956387,
    2.8000000417232513,
    -0.4000000059604645,
    -0.20000000298023224,
    2.2000000327825546,
    2.3000000342726707,
    0.6000000089406967,
    2.2000000327825546,
    5.500000081956387,
    5.000000074505806,
    4.000000059604645,
    1.3000000193715096,
    5.700000084936619,
    3.7000000551342964,
    4.90000007301569,
    8.00000011920929,
    5.000000074505806,
    3.7000000551342964,
    6.500000096857548,
    9.00000013411045,
    8.100000120699406
  ],
  "tasmax": [
    3.9000000581145287,
    3.200000047683716,
    1.1000000163912773,
    0.9000000134110451,
    -0.5000000074505806,
    0.20000000298023224,
    0.4000000059604645,
    3.0000000447034836,
    6.200000092387199,
    0.5000000074505806,
    0.0,
    7.800000116229057,
    10.400000154972076,
    9.80000014603138,
    11.000000163912773,
    11.500000171363354,
    12.800000190734863,
    7.200000107288361,
    4.000000059604645,
    7.800000116229057,
    9.100000135600567,
    7.500000111758709,
    9.400000140070915,
    6.70000009983778,
    1.600000023841858,
    0.4000000059604645,
    4.700000070035458,
    4.200000062584877,
    1.3000000193715096,
    5.4000000804662704,
    8.00000011920929,
    7.800000116229057,
    7.800000116229057,
    4.90000007301569,
    11.60000017285347,
    7.900000117719173,
    7.800000116229057,
    12.500000186264515,
    8.900000132620335,
    7.800000116229057,
    9.00000013411045,
    10.500000156462193,
    9.00000013411045
  ],
  "tasmin": [
    1.8000000268220901,
    0.10000000149011612,
    -0.20000000298023224,
    -2.3000000342726707,
    -3.6000000536441803,
    -2.8000000417232513,
    -3.0000000447034836,
    0.10000000149011612,
    0.800000011920929,
    -6.000000089406967,
    -8.00000011920929,
    -0.10000000149011612,
    6.900000102818012,
    6.200000092387199,
    7.900000117719173,
    6.500000096857548,
    4.000000059604645,
    -0.20000000298023224,
    -1.1000000163912773,
    -0.800000011920929,
    2.2000000327825546,
    -1.3000000193715096,
    3.200000047683716,
    -1.1000000163912773,
    -2.3000000342726707,
    -1.1000000163912773,
    -0.20000000298023224,
    -0.10000000149011612,
    -0.10000000149011612,
    -0.20000000298023224,
    3.6000000536441803,
    2.3000000342726707,
    0.5000000074505806,
    -1.600000023841858,
    0.5000000074505806,
    0.4000000059604645,
    2.1000000312924385,
    4.700000070035458,
    1.1000000163912773,
    -0.800000011920929,
    3.7000000551342964,
    7.400000110268593,
    7.000000104308128
  ]
}