{
  "time": [
    1767225600000000000,
    1767312000000000000,
    1767398400000000000,
    1767484800000000000,
    1767571200000000000,
    1767657600000000000,
    1767744000000000000,
    1767830400000000000,
    1767916800000000000,
    1768003200000000000,
    1768089600000000000,
    1768176000000000000,
    1768262400000000000,
    1768348800000000000,
    1768435200000000000,
    1768521600000000000,
    1768608000000000000,
    1768694400000000000,
    1768780800000000000,
    1768867200000000000,
    1768953600000000000,
    1769040000000000000,
    1769126400000000000,
    1769212800000000000,
    1769299200000000000,
    1769385600000000000,
    1769472000000000000,
    1769558400000000000,
    1769644800000000000,
    1769731200000000000,
    1769817600000000000,
    1769904000000000000,
    1769990400000000000,
    1770076800000000000,
    1770163200000000000,
    1770249600000000000,
    1770336000000000000,
    1770422400000000000,
    1770508800000000000,
    1770595200000000000,
    1770681600000000000,
    1770768000000000000,
    1770854400000000000,
    1770940800000000000,
    1771027200000000000,
    1771113600000000000,
    1771200000000000000,
    1771286400000000000,
    1771372800000000000,
    1771459200000000000,
    1771545600000000000,
    1771632000000000000,
    1771718400000000000,
    1771804800000000000
  ],
  "hurs": [
    81.00000120699406,
    89.70000133663416,
    89.70000133663416,
    87.70000130683184,
    82.90000123530626,
    87.40000130236149,
    82.5000012293458,
    84.70000126212835,
    89.20000132918358,
    82.00000122189522,
    80.40000119805336,
    92.00000137090683,
    88.90000132471323,
    93.00000138580799,
    83.70000124722719,
    81.20000120997429,
    75.50000112503767,
    84.90000126510859,
    84.50000125914812,
    71.70000106841326,
    63.20000094175339,
    65.70000097900629,
    71.20000106096268,
    81.00000120699406,
    79.70000118762255,
    92.00000137090683,
    89.70000133663416,
    95.5000014230609,
    95.20000141859055,
    86.00000128149986,
    85.90000128000975,
    84.20000125467777,
    73.00000108778477,
    83.20000123977661,
    80.20000119507313,
    81.50000121444464,
    85.0000012665987,
    84.70000126212835,
    88.700001321733,
    79.4000011831522,
    81.20000120997429,
    95.20000141859055,
    93.20000138878822,
    80.20000119507313,
    81.70000121742487,
    80.0000011920929,
    92.50000137835741,
    89.00000132620335,
    75.00000111758709,
    80.50000119954348,
    82.40000122785568,
    88.50000131875277,
    94.40000140666962,
    83.00000123679638
  ]
}