{
  "time": [
    1767268800000000000,
    1767355200000000000,
    1767441600000000000
  ],
  "hurs": [
    79.70000118762255,
    90.00000134110451,
    90.50000134855509
  ]
}