{
  "time": [
    1767225600000000000,
    1767312000000000000,
    1767398400000000000,
    1767484800000000000,
    1767571200000000000,
    1767657600000000000,
    1767744000000000000,
    1767830400000000000,
    1767916800000000000,
    1768003200000000000,
    1768089600000000000,
    1768176000000000000,
    1768262400000000000,
    1768348800000000000,
    1768435200000000000,
    1768521600000000000,
    1768608000000000000,
    1768694400000000000,
    1768780800000000000,
    1768867200000000000,
    1768953600000000000,
    1769040000000000000,
    1769126400000000000,
    1769212800000000000,
    1769299200000000000,
    1769385600000000000,
    1769472000000000000,
    1769558400000000000,
    1769644800000000000,
    1769731200000000000,
    1769817600000000000,
    1769904000000000000,
    1769990400000000000,
    1770076800000000000,
    1770163200000000000,
    1770249600000000000,
    1770336000000000000,
    1770422400000000000,
    1770508800000000000,
    1770595200000000000,
    1770681600000000000,
    1770768000000000000,
    1770854400000000000,
    1770940800000000000,
    1771027200000000000,
    1771113600000000000,
    1771200000000000000,
    1771286400000000000,
    1771372800000000000,
    1771459200000000000,
    1771545600000000000,
    1771632000000000000,
    1771718400000000000,
    1771804800000000000,
    1771891200000000000,
    1771977600000000000,
    1772064000000000000,
    1772150400000000000,
    1772236800000000000,
    1772323200000000000,
    1772409600000000000,
    1772496000000000000,
    1772582400000000000,
    1772668800000000000,
    1772755200000000000,
    1772841600000000000,
    1772928000000000000,
    1773014400000000000,
    1773100800000000000,
    1773187200000000000,
    1773273600000000000,
    1773360000000000000,
    1773446400000000000,
    1773532800000000000,
    1773619200000000000,
    1773705600000000000,
    1773792000000000000,
    1773878400000000000,
    1773964800000000000,
    1774051200000000000,
    1774137600000000000,
    1774224000000000000,
    1774310400000000000,
    1774396800000000000,
    1774483200000000000,
    1774569600000000000
  ],
  "hurs": [
    81.00000120699406,
    89.70000133663416,
    89.70000133663416,
    87.70000130683184,
    82.90000123530626,
    87.40000130236149,
    82.5000012293458,
    84.70000126212835,
    89.20000132918358,
    82.00000122189522,
    80.40000119805336,
    92.00000137090683,
    88.90000132471323,
    93.00000138580799,
    83.70000124722719,
    81.20000120997429,
    75.50000112503767,
    84.90000126510859,
    84.50000125914812,
    71.70000106841326,
    63.20000094175339,
    65.70000097900629,
    71.20000106096268,
    81.00000120699406,
    79.70000118762255,
    92.00000137090683,
    89.70000133663416,
    95.5000014230609,
    95.20000141859055,
    86.00000128149986,
    85.90000128000975,
    84.70000126212835,
    72.90000108629465,
    82.20000122487545,
    79.00000117719173,
    81.50000121444464,
    84.70000126212835,
    84.70000126212835,
    89.50000133365393,
    80.0000011920929,
    81.40000121295452,
    95.20000141859055,
    93.50000139325857,
    82.00000122189522,
    81.50000121444464,
    78.2000011652708,
    92.90000138431787,
    88.50000131875277,
    73.70000109821558,
    81.00000120699406,
    82.00000122189522,
    88.20000131428242,
    94.20000140368938,
    83.00000123679638,
    93.40000139176846,
    80.20000119507313,
    75.7000011280179,
    68.40000101923943,
    74.00000110268593,
    68.50000102072954,
    60.50000090152025,
    63.20000094175339,
    74.20000110566616,
    56.600000843405724,
    55.2000008225441,
    67.0000009983778,
    66.00000098347664,
    63.40000094473362,
    74.40000110864639,
    85.50000127404928,
    72.20000107586384,
    81.50000121444464,
    92.4000013768673,
    77.40000115334988,
    75.20000112056732,
    82.00000122189522,
    53.00000078976154,
    60.00000089406967,
    66.70000099390745,
    71.90000107139349,
    61.200000911951065,
    57.700000859797,
    57.90000086277723,
    73.40000109374523,
    77.50000115483999,
    68.2000010162592
  ]
}