{
  "time": [
    1767225600000000000,
    1767312000000000000,
    1767398400000000000,
    1767484800000000000,
    1767571200000000000,
    1767657600000000000,
    1767744000000000000,
    1767830400000000000,
    1767916800000000000,
    1768003200000000000,
    1768089600000000000,
    1768176000000000000,
    1768262400000000000,
    1768348800000000000,
    1768435200000000000,
    1768521600000000000,
    1768608000000000000,
    1768694400000000000,
    1768780800000000000,
    1768867200000000000,
    1768953600000000000,
    1769040000000000000,
    1769126400000000000,
    1769212800000000000,
    1769299200000000000,
    1769385600000000000,
    1769472000000000000,
    1769558400000000000,
    1769644800000000000,
    1769731200000000000,
    1769817600000000000,
    1769904000000000000,
    1769990400000000000,
    1770076800000000000,
    1770163200000000000,
    1770249600000000000,
    1770336000000000000,
    1770422400000000000,
    1770508800000000000,
    1770595200000000000
  ],
  "hurs": [
    81.00000120699406,
    90.00000134110451,
    89.00000132620335,
    86.70000129193068,
    82.5000012293458,
    88.00000131130219,
    82.00000122189522,
    85.0000012665987,
    87.40000130236149,
    84.00000125169754,
    81.00000120699406,
    91.00000135600567,
    88.20000131428242,
    93.00000138580799,
    83.50000124424696,
    81.20000120997429,
    76.9000011458993,
    85.50000127404928,
    84.00000125169754,
    72.0000010728836,
    63.10000094026327,
    67.20000100135803,
    71.00000105798244,
    81.50000121444464,
    81.00000120699406,
    91.70000136643648,
    88.700001321733,
    95.00000141561031,
    94.20000140368938,
    85.90000128000975,
    83.20000123977661,
    84.20000125467777,
    73.00000108778477,
    83.20000123977661,
    80.20000119507313,
    81.50000121444464,
    85.0000012665987,
    84.70000126212835,
    88.700001321733,
    79.4000011831522
  ]
}