{
  "time": [
    1767290400000000000,
    1767376800000000000,
    1767463200000000000
  ],
  "pr": [
    3.5999999046325684,
    2.4000000953674316,
    4.099999904632568
  ]
}