{
  "time": [
    1767268800000000000,
    1767355200000000000,
    1767441600000000000
  ],
  "tas": [
    3.0000000447034836,
    1.0000000149011612,
    0.20000000298023224
  ]
}