{
  "time": [
    1767225600000000000,
    1767312000000000000,
    1767398400000000000,
    1767484800000000000,
    1767571200000000000,
    1767657600000000000,
    1767744000000000000,
    1767830400000000000,
    1767916800000000000,
    1768003200000000000,
    1768089600000000000,
    1768176000000000000,
    1768262400000000000,
    1768348800000000000,
    1768435200000000000,
    1768521600000000000,
    1768608000000000000,
    1768694400000000000,
    1768780800000000000,
    1768867200000000000,
    1768953600000000000,
    1769040000000000000,
    1769126400000000000,
    1769212800000000000,
    1769299200000000000,
    1769385600000000000,
    1769472000000000000,
    1769558400000000000,
    1769644800000000000,
    1769731200000000000,
    1769817600000000000,
    1769904000000000000,
    1769990400000000000,
    1770076800000000000,
    1770163200000000000,
    1770249600000000000,
    1770336000000000000,
    1770422400000000000,
    1770508800000000000,
    1770595200000000000
  ],
  "tasmax": [
    3.9000000581145287,
    3.200000047683716,
    1.1000000163912773,
    0.9000000134110451,
    -0.5000000074505806,
    0.20000000298023224,
    0.4000000059604645,
    3.0000000447034836,
    6.200000092387199,
    0.5000000074505806,
    0.0,
    7.800000116229057,
    10.400000154972076,
    9.80000014603138,
    11.000000163912773,
    11.500000171363354,
    12.800000190734863,
    7.200000107288361,
    4.000000059604645,
    7.800000116229057,
    9.100000135600567,
    7.500000111758709,
    9.400000140070915,
    6.70000009983778,
    1.600000023841858,
    0.4000000059604645,
    4.700000070035458,
    4.200000062584877,
    1.3000000193715096,
    5.4000000804662704,
    8.00000011920929,
    7.800000116229057,
    7.800000116229057,
    4.90000007301569,
    11.60000017285347,
    7.900000117719173,
    7.800000116229057,
    12.500000186264515,
    8.900000132620335,
    7.800000116229057
  ]
}