{
  "time": [
    1767225600000000000,
    1767312000000000000,
    1767398400000000000,
    1767484800000000000,
    1767571200000000000,
    1767657600000000000,
    1767744000000000000,
    1767830400000000000,
    1767916800000000000,
    1768003200000000000,
    1768089600000000000,
    1768176000000000000,
    1768262400000000000,
    1768348800000000000,
    1768435200000000000,
    1768521600000000000,
    1768608000000000000,
    1768694400000000000,
    1768780800000000000,
    1768867200000000000,
    1768953600000000000,
    1769040000000000000,
    1769126400000000000,
    1769212800000000000,
    1769299200000000000,
    1769385600000000000,
    1769472000000000000,
    1769558400000000000,
    1769644800000000000,
    1769731200000000000,
    1769817600000000000,
    1769904000000000000,
    1769990400000000000,
    1770076800000000000,
    1770163200000000000,
    1770249600000000000,
    1770336000000000000,
    1770422400000000000,
    1770508800000000000,
    1770595200000000000,
    1770681600000000000,
    1770768000000000000,
    1770854400000000000,
    1770940800000000000,
    1771027200000000000,
    1771113600000000000,
    1771200000000000000,
    1771286400000000000,
    1771372800000000000,
    1771459200000000000,
    1771545600000000000,
    1771632000000000000,
    1771718400000000000,
    1771804800000000000,
    1771891200000000000,
    1771977600000000000,
    1772064000000000000,
    1772150400000000000,
    1772236800000000000,
    1772323200000000000,
    1772409600000000000,
    1772496000000000000,
    1772582400000000000,
    1772668800000000000,
    1772755200000000000,
    1772841600000000000,
    1772928000000000000,
    1773014400000000000,
    1773100800000000000,
    1773187200000000000,
    1773273600000000000,
    1773360000000000000
  ],
  "tasmax": [
    3.9000000581145287,
    3.200000047683716,
    1.3000000193715096,
    0.800000011920929,
    -0.5000000074505806,
    0.20000000298023224,
    0.20000000298023224,
    3.0000000447034836,
    6.000000089406967,
    0.800000011920929,
    0.0,
    7.700000114738941,
    10.30000015348196,
    9.80000014603138,
    11.000000163912773,
    11.400000169873238,
    13.100000195205212,
    7.200000107288361,
    4.000000059604645,
    7.900000117719173,
    9.100000135600567,
    7.800000116229057,
    9.400000140070915,
    7.000000104308128,
    1.8000000268220901,
    0.5000000074505806,
    4.700000070035458,
    4.400000065565109,
    1.1000000163912773,
    5.4000000804662704,
    7.700000114738941,
    7.700000114738941,
    8.00000011920929,
    4.90000007301569,
    11.500000171363354,
    7.800000116229057,
    7.800000116229057,
    12.500000186264515,
    9.00000013411045,
    7.800000116229057,
    8.900000132620335,
    10.500000156462193,
    9.00000013411045,
    7.400000110268593,
    0.6000000089406967,
    4.200000062584877,
    7.500000111758709,
    5.700000084936619,
    4.700000070035458,
    4.200000062584877,
    6.70000009983778,
    10.900000162422657,
    12.000000178813934,
    11.000000163912773,
    11.500000171363354,
    17.100000254809856,
    17.80000026524067,
    19.60000029206276,
    14.000000208616257,
    13.800000205636024,
    16.300000242888927,
    17.80000026524067,
    17.100000254809856,
    18.600000277161598,
    19.000000283122063,
    18.100000269711018,
    19.10000028461218,
    18.100000269711018,
    16.50000024586916,
    11.300000168383121,
    12.500000186264515,
    11.300000168383121
  ]
}