{
  "time": [
    1767225600000000000,
    1767312000000000000,
    1767398400000000000,
    1767484800000000000,
    1767571200000000000,
    1767657600000000000,
    1767744000000000000,
    1767830400000000000,
    1767916800000000000,
    1768003200000000000,
    1768089600000000000,
    1768176000000000000,
    1768262400000000000,
    1768348800000000000,
    1768435200000000000,
    1768521600000000000,
    1768608000000000000,
    1768694400000000000,
    1768780800000000000,
    1768867200000000000,
    1768953600000000000,
    1769040000000000000,
    1769126400000000000,
    1769212800000000000,
    1769299200000000000,
    1769385600000000000,
    1769472000000000000,
    1769558400000000000,
    1769644800000000000,
    1769731200000000000,
    1769817600000000000,
    1769904000000000000,
    1769990400000000000,
    1770076800000000000,
    1770163200000000000,
    1770249600000000000,
    1770336000000000000,
    1770422400000000000,
    1770508800000000000,
    1770595200000000000,
    1770681600000000000,
    1770768000000000000,
    1770854400000000000,
    1770940800000000000,
    1771027200000000000,
    1771113600000000000,
    1771200000000000000,
    1771286400000000000,
    1771372800000000000,
    1771459200000000000,
    1771545600000000000,
    1771632000000000000,
    1771718400000000000,
    1771804800000000000,
    1771891200000000000,
    1771977600000000000,
    1772064000000000000,
    1772150400000000000,
    1772236800000000000,
    1772323200000000000,
    1772409600000000000,
    1772496000000000000,
    1772582400000000000,
    1772668800000000000,
    1772755200000000000
  ],
  "tasmin": [
    1.8000000268220901,
    0.10000000149011612,
    -0.20000000298023224,
    -2.2000000327825546,
    -3.6000000536441803,
    -3.0000000447034836,
    -3.1000000461935997,
    0.10000000149011612,
    0.5000000074505806,
    -5.900000087916851,
    -8.00000011920929,
    -0.4000000059604645,
    6.800000101327896,
    6.200000092387199,
    7.900000117719173,
    6.500000096857548,
    4.200000062584877,
    -0.10000000149011612,
    -1.0000000149011612,
    -0.800000011920929,
    1.8000000268220901,
    -1.1000000163912773,
    3.200000047683716,
    -1.0000000149011612,
    -2.1000000312924385,
    -1.1000000163912773,
    -0.4000000059604645,
    -0.10000000149011612,
    -0.20000000298023224,
    -0.10000000149011612,
    3.400000050663948,
    2.2000000327825546,
    0.6000000089406967,
    -1.600000023841858,
    0.9000000134110451,
    0.5000000074505806,
    2.1000000312924385,
    4.700000070035458,
    1.1000000163912773,
    -0.6000000089406967,
    3.7000000551342964,
    7.400000110268593,
    6.900000102818012,
    0.9000000134110451,
    -3.0000000447034836,
    -4.90000007301569,
    0.5000000074505806,
    2.3000000342726707,
    0.5000000074505806,
    0.10000000149011612,
    -1.3000000193715096,
    6.900000102818012,
    9.80000014603138,
    7.500000111758709,
    7.900000117719173,
    7.900000117719173,
    9.400000140070915,
    9.500000141561031,
    6.500000096857548,
    3.200000047683716,
    5.500000081956387,
    6.000000089406967,
    3.500000052154064,
    5.000000074505806,
    6.400000095367432
  ]
}