{
  "time": [
    1767268800000000000,
    1767355200000000000,
    1767441600000000000
  ],
  "tasmax": [
    4.000000059604645,
    3.200000047683716,
    1.1000000163912773
  ]
}