{
  "time": [
    1767225600000000000,
    1767312000000000000,
    1767398400000000000,
    1767484800000000000,
    1767571200000000000,
    1767657600000000000,
    1767744000000000000,
    1767830400000000000,
    1767916800000000000,
    1768003200000000000,
    1768089600000000000,
    1768176000000000000,
    1768262400000000000,
    1768348800000000000,
    1768435200000000000,
    1768521600000000000,
    1768608000000000000,
    1768694400000000000,
    1768780800000000000,
    1768867200000000000,
    1768953600000000000,
    1769040000000000000,
    1769126400000000000,
    1769212800000000000,
    1769299200000000000,
    1769385600000000000,
    1769472000000000000,
    1769558400000000000,
    1769644800000000000,
    1769731200000000000,
    1769817600000000000,
    1769904000000000000,
    1769990400000000000,
    1770076800000000000,
    1770163200000000000,
    1770249600000000000,
    1770336000000000000,
    1770422400000000000,
    1770508800000000000
  ],
  "hurs": [
    84.00000125169754,
    87.5000013038516,
    88.40000131726265,
    86.50000128895044,
    79.70000118762255,
    84.50000125914812,
    76.9000011458993,
    84.00000125169754,
    92.00000137090683,
    78.90000117570162,
    84.50000125914812,
    91.2000013589859,
    90.00000134110451,
    91.50000136345625,
    85.0000012665987,
    75.00000111758709,
    86.2000012844801,
    92.20000137388706,
    83.50000124424696,
    76.9000011458993,
    70.20000104606152,
    73.00000108778477,
    75.50000112503767,
    79.70000118762255,
    83.50000124424696,
    92.50000137835741,
    89.00000132620335,
    90.00000134110451,
    90.20000134408474,
    85.50000127404928,
    85.0000012665987,
    85.70000127702951,
    79.00000117719173,
    81.50000121444464,
    91.50000136345625,
    86.50000128895044,
    89.50000133365393,
    95.70000142604113,
    96.00000143051147
  ],
  "pr": [
    8.5,
    3.4000000953674316,
    2.299999952316284,
    1.2000000476837158,
    0.8999999761581421,
    0.30000001192092896,
    1.2000000476837158,
    6.199999809265137,
    4.699999809265137,
    0.10000000149011612,
    0.800000011920929,
    6.599999904632568,
    2.799999952316284,
    4.300000190734863,
    0.4000000059604645,
    0.0,
    0.0,
    0.0,
    0.0,
    0.0,
    0.0,
    0.0,
    0.0,
    1.0,
    1.7999999523162842,
    4.400000095367432,
    4.199999809265137,
    3.0999999046325684,
    3.200000047683716,
    0.10000000149011612,
    0.800000011920929,
    0.10000000149011612,
    0.0,
    4.800000190734863,
    0.0,
    0.0,
    0.800000011920929,
    0.10000000149011612,
    0.0
  ],
  "tas": [
    2.0000000298023224,
    0.800000011920929,
    0.20000000298023224,
    0.20000000298023224,
    -1.700000025331974,
    -1.1000000163912773,
    -2.1000000312924385,
    0.9000000134110451,
    1.0000000149011612,
    -4.700000070035458,
    -7.200000107288361,
    1.3000000193715096,
    6.70000009983778,
    6.000000089406967,
    8.400000125169754,
    9.900000147521496,
    4.700000070035458,
    0.6000000089406967,
    0.5000000074505806,
    0.6000000089406967,
    1.5000000223517418,
    -1.3000000193715096,
    -0.10000000149011612,
    -1.5000000223517418,
    -1.3000000193715096,
    -0.9000000134110451,
    0.0,
    -0.20000000298023224,
    -1.3000000193715096,
    -0.5000000074505806,
    1.8000000268220901,
    1.700000025331974,
    -1.3000000193715096,
    -3.200000047683716,
    -0.10000000149011612,
    -1.1000000163912773,
    1.1000000163912773,
    4.000000059604645,
    1.8000000268220901
  ],
  "tasmax": [
    2.8000000417232513,
    1.5000000223517418,
    0.800000011920929,
    0.9000000134110451,
    -0.10000000149011612,
    0.10000000149011612,
    0.10000000149011612,
    2.3000000342726707,
    3.1000000461935997,
    -1.8000000268220901,
    -1.8000000268220901,
    4.200000062584877,
    8.50000012665987,
    9.100000135600567,
    11.400000169873238,
    12.400000184774399,
    10.100000150501728,
    2.8000000417232513,
    6.500000096857548,
    7.200000107288361,
    7.200000107288361,
    2.7000000402331352,
    2.8000000417232513,
    -0.20000000298023224,
    0.800000011920929,
    0.5000000074505806,
    1.5000000223517418,
    1.0000000149011612,
    -0.5000000074505806,
    1.5000000223517418,
    3.500000052154064,
    3.9000000581145287,
    0.6000000089406967,
    -1.1000000163912773,
    1.8000000268220901,
    1.3000000193715096,
    2.7000000402331352,
    10.000000149011612,
    3.7000000551342964
  ],
  "tasmin": [
    0.5000000074505806,
    -0.10000000149011612,
    -0.5000000074505806,
    -0.800000011920929,
    -3.9000000581145287,
    -2.7000000402331352,
    -5.500000081956387,
    -1.1000000163912773,
    -2.500000037252903,
    -9.400000140070915,
    -12.300000183284283,
    -3.1000000461935997,
    2.2000000327825546,
    1.1000000163912773,
    4.500000067055225,
    7.300000108778477,
    -0.20000000298023224,
    -2.1000000312924385,
    -2.7000000402331352,
    -3.6000000536441803,
    -2.2000000327825546,
    -4.500000067055225,
    -2.7000000402331352,
    -3.1000000461935997,
    -3.6000000536441803,
    -2.2000000327825546,
    -1.3000000193715096,
    -1.1000000163912773,
    -1.8000000268220901,
    -3.9000000581145287,
    0.0,
    0.4000000059604645,
    -4.500000067055225,
    -4.90000007301569,
    -2.2000000327825546,
    -3.1000000461935997,
    -0.20000000298023224,
    0.4000000059604645,
    -0.20000000298023224
  ]
}