{
  "time": [
    1767268800000000000,
    1767355200000000000,
    1767441600000000000
  ],
  "hurs": [
    84.00000125169754,
    87.5000013038516,
    88.700001321733
  ],
  "pr": [
    6.599999904632568,
    3.5999999046325684,
    2.299999952316284
  ],
  "tas": [
    2.0000000298023224,
    0.800000011920929,
    0.20000000298023224
  ],
  "tasmax": [
    2.8000000417232513,
    1.5000000223517418,
    0.800000011920929
  ],
  "tasmin": [
    0.5000000074505806,
    0.0,
    -0.5000000074505806
  ]
}