{
  "time": [
    1767268800000000000
  ],
  "hurs": [
    84.00000125169754
  ],
  "pr": [
    6.599999904632568
  ],
  "tas": [
    2.0000000298023224
  ],
  "tasmax": [
    2.8000000417232513
  ],
  "tasmin": [
    0.5000000074505806
  ]
}