{
  "time": [
    1767225600000000000,
    1767312000000000000,
    1767398400000000000,
    1767484800000000000,
    1767571200000000000,
    1767657600000000000,
    1767744000000000000,
    1767830400000000000,
    1767916800000000000,
    1768003200000000000,
    1768089600000000000,
    1768176000000000000,
    1768262400000000000,
    1768348800000000000,
    1768435200000000000,
    1768521600000000000,
    1768608000000000000,
    1768694400000000000,
    1768780800000000000,
    1768867200000000000,
    1768953600000000000,
    1769040000000000000,
    1769126400000000000,
    1769212800000000000,
    1769299200000000000,
    1769385600000000000,
    1769472000000000000,
    1769558400000000000,
    1769644800000000000,
    1769731200000000000,
    1769817600000000000,
    1769904000000000000,
    1769990400000000000,
    1770076800000000000,
    1770163200000000000
  ],
  "hurs": [
    84.00000125169754,
    87.5000013038516,
    88.40000131726265,
    86.50000128895044,
    79.70000118762255,
    84.50000125914812,
    76.9000011458993,
    84.00000125169754,
    92.00000137090683,
    78.90000117570162,
    84.50000125914812,
    91.2000013589859,
    90.00000134110451,
    91.50000136345625,
    85.0000012665987,
    75.00000111758709,
    86.2000012844801,
    92.20000137388706,
    83.50000124424696,
    76.9000011458993,
    70.20000104606152,
    73.00000108778477,
    75.50000112503767,
    79.70000118762255,
    83.50000124424696,
    92.50000137835741,
    89.00000132620335,
    90.00000134110451,
    90.20000134408474,
    85.50000127404928,
    85.0000012665987,
    85.70000127702951,
    79.00000117719173,
    81.50000121444464,
    91.50000136345625
  ]
}