{
  "time": [
    1767225600000000000,
    1767312000000000000,
    1767398400000000000,
    1767484800000000000,
    1767571200000000000,
    1767657600000000000,
    1767744000000000000,
    1767830400000000000,
    1767916800000000000,
    1768003200000000000,
    1768089600000000000,
    1768176000000000000,
    1768262400000000000,
    1768348800000000000,
    1768435200000000000,
    1768521600000000000,
    1768608000000000000,
    1768694400000000000,
    1768780800000000000,
    1768867200000000000,
    1768953600000000000,
    1769040000000000000,
    1769126400000000000,
    1769212800000000000,
    1769299200000000000,
    1769385600000000000,
    1769472000000000000,
    1769558400000000000,
    1769644800000000000,
    1769731200000000000,
    1769817600000000000,
    1769904000000000000,
    1769990400000000000,
    1770076800000000000,
    1770163200000000000,
    1770249600000000000,
    1770336000000000000,
    1770422400000000000,
    1770508800000000000,
    1770595200000000000,
    1770681600000000000,
    1770768000000000000,
    1770854400000000000,
    1770940800000000000,
    1771027200000000000,
    1771113600000000000,
    1771200000000000000,
    1771286400000000000,
    1771372800000000000,
    1771459200000000000,
    1771545600000000000,
    1771632000000000000,
    1771718400000000000,
    1771804800000000000,
    1771891200000000000,
    1771977600000000000
  ],
  "hurs": [
    84.20000125467777,
    89.00000132620335,
    89.20000132918358,
    86.2000012844801,
    80.0000011920929,
    84.70000126212835,
    77.50000115483999,
    83.70000124722719,
    90.20000134408474,
    79.00000117719173,
    84.50000125914812,
    90.00000134110451,
    90.70000135153532,
    91.50000136345625,
    84.00000125169754,
    74.50000111013651,
    86.50000128895044,
    90.90000135451555,
    83.00000123679638,
    76.40000113844872,
    70.40000104904175,
    72.70000108331442,
    75.20000112056732,
    79.70000118762255,
    85.0000012665987,
    93.00000138580799,
    88.90000132471323,
    90.20000134408474,
    88.90000132471323,
    86.00000128149986,
    83.50000124424696,
    85.70000127702951,
    79.00000117719173,
    81.50000121444464,
    91.50000136345625,
    86.50000128895044,
    89.50000133365393,
    95.70000142604113,
    96.00000143051147,
    85.20000126957893,
    82.5000012293458,
    95.40000142157078,
    95.00000141561031,
    91.90000136941671,
    88.00000131130219,
    77.70000115782022,
    94.40000140666962,
    90.90000135451555,
    86.50000128895044,
    72.0000010728836,
    74.00000110268593,
    88.700001321733,
    92.70000138133764,
    86.2000012844801,
    88.40000131726265,
    82.5000012293458
  ]
}