{
  "time": [
    1767225600000000000,
    1767312000000000000,
    1767398400000000000,
    1767484800000000000,
    1767571200000000000,
    1767657600000000000,
    1767744000000000000,
    1767830400000000000,
    1767916800000000000,
    1768003200000000000,
    1768089600000000000,
    1768176000000000000,
    1768262400000000000,
    1768348800000000000,
    1768435200000000000,
    1768521600000000000,
    1768608000000000000,
    1768694400000000000,
    1768780800000000000,
    1768867200000000000,
    1768953600000000000,
    1769040000000000000,
    1769126400000000000,
    1769212800000000000,
    1769299200000000000,
    1769385600000000000,
    1769472000000000000,
    1769558400000000000,
    1769644800000000000,
    1769731200000000000,
    1769817600000000000,
    1769904000000000000,
    1769990400000000000,
    1770076800000000000,
    1770163200000000000,
    1770249600000000000,
    1770336000000000000,
    1770422400000000000,
    1770508800000000000,
    1770595200000000000,
    1770681600000000000,
    1770768000000000000,
    1770854400000000000,
    1770940800000000000,
    1771027200000000000,
    1771113600000000000,
    1771200000000000000,
    1771286400000000000,
    1771372800000000000,
    1771459200000000000,
    1771545600000000000,
    1771632000000000000,
    1771718400000000000,
    1771804800000000000,
    1771891200000000000,
    1771977600000000000,
    1772064000000000000,
    1772150400000000000,
    1772236800000000000,
    1772323200000000000,
    1772409600000000000,
    1772496000000000000,
    1772582400000000000,
    1772668800000000000,
    1772755200000000000,
    1772841600000000000,
    1772928000000000000,
    1773014400000000000,
    1773100800000000000,
    1773187200000000000,
    1773273600000000000
  ],
  "hurs": [
    84.20000125467777,
    89.00000132620335,
    89.20000132918358,
    86.2000012844801,
    80.0000011920929,
    84.70000126212835,
    77.50000115483999,
    83.70000124722719,
    90.20000134408474,
    79.00000117719173,
    84.50000125914812,
    90.00000134110451,
    90.70000135153532,
    91.50000136345625,
    84.00000125169754,
    74.50000111013651,
    86.50000128895044,
    90.90000135451555,
    83.00000123679638,
    76.40000113844872,
    70.40000104904175,
    72.70000108331442,
    75.20000112056732,
    79.70000118762255,
    85.0000012665987,
    93.00000138580799,
    88.90000132471323,
    90.20000134408474,
    88.90000132471323,
    86.00000128149986,
    83.50000124424696,
    86.00000128149986,
    78.40000116825104,
    79.50000118464231,
    91.00000135600567,
    87.00000129640102,
    89.40000133216381,
    94.50000140815973,
    96.2000014334917,
    85.50000127404928,
    83.20000123977661,
    95.40000142157078,
    94.20000140368938,
    91.00000135600567,
    88.20000131428242,
    77.70000115782022,
    94.50000140815973,
    90.40000134706497,
    86.50000128895044,
    71.20000106096268,
    74.20000110566616,
    89.20000132918358,
    92.50000137835741,
    85.70000127702951,
    88.40000131726265,
    82.20000122487545,
    77.50000115483999,
    67.40000100433826,
    67.70000100880861,
    66.50000099092722,
    63.9000009521842,
    74.00000110268593,
    84.50000125914812,
    71.00000105798244,
    68.2000010162592,
    75.20000112056732,
    73.200001090765,
    69.5000010356307,
    78.00000116229057,
    82.00000122189522,
    73.00000108778477
  ]
}