{
  "time": [
    1767247200000000000,
    1767333600000000000,
    1767420000000000000,
    1767506400000000000,
    1767592800000000000,
    1767679200000000000,
    1767765600000000000,
    1767852000000000000,
    1767938400000000000,
    1768024800000000000,
    1768111200000000000,
    1768197600000000000,
    1768284000000000000,
    1768370400000000000,
    1768456800000000000,
    1768543200000000000,
    1768629600000000000,
    1768716000000000000,
    1768802400000000000,
    1768888800000000000,
    1768975200000000000,
    1769061600000000000,
    1769148000000000000,
    1769234400000000000,
    1769320800000000000,
    1769407200000000000,
    1769493600000000000,
    1769580000000000000,
    1769666400000000000,
    1769752800000000000,
    1769839200000000000,
    1769925600000000000,
    1770012000000000000,
    1770098400000000000,
    1770184800000000000,
    1770271200000000000,
    1770357600000000000,
    1770444000000000000,
    1770530400000000000,
    1770616800000000000,
    1770703200000000000,
    1770789600000000000
  ],
  "pr": [
    8.5,
    3.4000000953674316,
    2.299999952316284,
    1.2000000476837158,
    0.8999999761581421,
    0.30000001192092896,
    1.2000000476837158,
    6.199999809265137,
    4.699999809265137,
    0.10000000149011612,
    0.800000011920929,
    6.599999904632568,
    2.799999952316284,
    4.300000190734863,
    0.4000000059604645,
    0.0,
    0.0,
    0.0,
    0.0,
    0.0,
    0.0,
    0.0,
    0.0,
    1.0,
    1.7999999523162842,
    4.400000095367432,
    4.199999809265137,
    3.0999999046325684,
    3.200000047683716,
    0.10000000149011612,
    0.800000011920929,
    0.10000000149011612,
    0.0,
    4.800000190734863,
    0.0,
    0.0,
    0.800000011920929,
    0.10000000149011612,
    0.0,
    0.0,
    0.699999988079071,
    13.600000381469727
  ]
}