{
  "time": [
    1767225600000000000,
    1767312000000000000,
    1767398400000000000,
    1767484800000000000,
    1767571200000000000,
    1767657600000000000,
    1767744000000000000,
    1767830400000000000,
    1767916800000000000,
    1768003200000000000,
    1768089600000000000,
    1768176000000000000,
    1768262400000000000,
    1768348800000000000,
    1768435200000000000,
    1768521600000000000,
    1768608000000000000,
    1768694400000000000,
    1768780800000000000,
    1768867200000000000,
    1768953600000000000,
    1769040000000000000,
    1769126400000000000,
    1769212800000000000,
    1769299200000000000,
    1769385600000000000,
    1769472000000000000,
    1769558400000000000,
    1769644800000000000,
    1769731200000000000,
    1769817600000000000,
    1769904000000000000,
    1769990400000000000,
    1770076800000000000,
    1770163200000000000,
    1770249600000000000,
    1770336000000000000,
    1770422400000000000,
    1770508800000000000,
    1770595200000000000,
    1770681600000000000,
    1770768000000000000,
    1770854400000000000,
    1770940800000000000,
    1771027200000000000,
    1771113600000000000,
    1771200000000000000,
    1771286400000000000,
    1771372800000000000,
    1771459200000000000,
    1771545600000000000,
    1771632000000000000,
    1771718400000000000,
    1771804800000000000,
    1771891200000000000,
    1771977600000000000,
    1772064000000000000,
    1772150400000000000,
    1772236800000000000,
    1772323200000000000
  ],
  "tas": [
    2.0000000298023224,
    0.6000000089406967,
    0.10000000149011612,
    0.20000000298023224,
    -1.700000025331974,
    -1.1000000163912773,
    -2.2000000327825546,
    0.9000000134110451,
    1.1000000163912773,
    -4.700000070035458,
    -7.200000107288361,
    1.5000000223517418,
    6.500000096857548,
    6.000000089406967,
    8.50000012665987,
    9.900000147521496,
    4.700000070035458,
    0.800000011920929,
    0.5000000074505806,
    0.6000000089406967,
    1.5000000223517418,
    -1.3000000193715096,
    -0.10000000149011612,
    -1.5000000223517418,
    -1.5000000223517418,
    -0.9000000134110451,
    0.0,
    -0.20000000298023224,
    -1.1000000163912773,
    -0.5000000074505806,
    2.0000000298023224,
    1.700000025331974,
    -1.3000000193715096,
    -2.8000000417232513,
    -0.10000000149011612,
    -1.1000000163912773,
    1.1000000163912773,
    4.200000062584877,
    1.8000000268220901,
    2.7000000402331352,
    3.9000000581145287,
    7.300000108778477,
    7.400000110268593,
    2.500000037252903,
    -0.9000000134110451,
    -1.1000000163912773,
    1.5000000223517418,
    3.1000000461935997,
    -0.10000000149011612,
    0.10000000149011612,
    1.3000000193715096,
    8.00000011920929,
    10.500000156462193,
    8.50000012665987,
    8.50000012665987,
    10.500000156462193,
    11.60000017285347,
    14.000000208616257,
    11.60000017285347,
    8.300000123679638
  ]
}