{
  "time": [
    1767268800000000000,
    1767355200000000000,
    1767441600000000000
  ],
  "tas": [
    2.0000000298023224,
    0.800000011920929,
    0.20000000298023224
  ]
}