{
  "time": [
    1767268800000000000,
    1767355200000000000,
    1767441600000000000
  ],
  "tasmax": [
    2.8000000417232513,
    1.5000000223517418,
    0.800000011920929
  ]
}