{
  "time": [
    1767225600000000000,
    1767312000000000000,
    1767398400000000000,
    1767484800000000000,
    1767571200000000000,
    1767657600000000000,
    1767744000000000000,
    1767830400000000000,
    1767916800000000000,
    1768003200000000000,
    1768089600000000000,
    1768176000000000000,
    1768262400000000000,
    1768348800000000000,
    1768435200000000000,
    1768521600000000000,
    1768608000000000000,
    1768694400000000000,
    1768780800000000000,
    1768867200000000000,
    1768953600000000000,
    1769040000000000000,
    1769126400000000000,
    1769212800000000000,
    1769299200000000000,
    1769385600000000000,
    1769472000000000000,
    1769558400000000000,
    1769644800000000000,
    1769731200000000000,
    1769817600000000000,
    1769904000000000000,
    1769990400000000000,
    1770076800000000000,
    1770163200000000000,
    1770249600000000000,
    1770336000000000000,
    1770422400000000000,
    1770508800000000000,
    1770595200000000000,
    1770681600000000000,
    1770768000000000000,
    1770854400000000000,
    1770940800000000000,
    1771027200000000000,
    1771113600000000000,
    1771200000000000000,
    1771286400000000000,
    1771372800000000000,
    1771459200000000000,
    1771545600000000000,
    1771632000000000000,
    1771718400000000000,
    1771804800000000000,
    1771891200000000000,
    1771977600000000000,
    1772064000000000000,
    1772150400000000000,
    1772236800000000000,
    1772323200000000000,
    1772409600000000000,
    1772496000000000000,
    1772582400000000000,
    1772668800000000000,
    1772755200000000000,
    1772841600000000000,
    1772928000000000000,
    1773014400000000000,
    1773100800000000000,
    1773187200000000000,
    1773273600000000000
  ],
  "tasmax": [
    2.8000000417232513,
    1.3000000193715096,
    0.800000011920929,
    1.0000000149011612,
    -0.10000000149011612,
    0.10000000149011612,
    -0.10000000149011612,
    2.3000000342726707,
    3.200000047683716,
    -1.8000000268220901,
    -1.8000000268220901,
    4.200000062584877,
    8.300000123679638,
    9.300000138580799,
    11.500000171363354,
    12.300000183284283,
    10.100000150501728,
    3.1000000461935997,
    6.400000095367432,
    7.000000104308128,
    7.200000107288361,
    2.7000000402331352,
    2.8000000417232513,
    -0.20000000298023224,
    0.5000000074505806,
    0.5000000074505806,
    1.5000000223517418,
    1.0000000149011612,
    -0.4000000059604645,
    1.5000000223517418,
    3.7000000551342964,
    3.9000000581145287,
    0.800000011920929,
    -0.800000011920929,
    1.8000000268220901,
    1.3000000193715096,
    2.8000000417232513,
    10.100000150501728,
    3.7000000551342964,
    6.900000102818012,
    8.50000012665987,
    9.500000141561031,
    8.800000131130219,
    6.800000101327896,
    -0.20000000298023224,
    3.1000000461935997,
    4.700000070035458,
    5.200000077486038,
    2.0000000298023224,
    2.2000000327825546,
    5.700000084936619,
    10.400000154972076,
    11.400000169873238,
    10.000000149011612,
    12.000000178813934,
    16.800000250339508,
    17.00000025331974,
    18.600000277161598,
    14.400000214576721,
    12.90000019222498,
    16.100000239908695,
    17.50000026077032,
    14.800000220537186,
    18.30000027269125,
    20.10000029951334,
    17.80000026524067,
    18.100000269711018,
    18.80000028014183,
    19.000000283122063,
    12.500000186264515,
    12.000000178813934
  ]
}