{
  "time": [
    1767225600000000000,
    1767312000000000000,
    1767398400000000000,
    1767484800000000000,
    1767571200000000000,
    1767657600000000000,
    1767744000000000000,
    1767830400000000000,
    1767916800000000000,
    1768003200000000000,
    1768089600000000000,
    1768176000000000000,
    1768262400000000000,
    1768348800000000000,
    1768435200000000000,
    1768521600000000000,
    1768608000000000000,
    1768694400000000000,
    1768780800000000000,
    1768867200000000000,
    1768953600000000000,
    1769040000000000000,
    1769126400000000000,
    1769212800000000000,
    1769299200000000000,
    1769385600000000000,
    1769472000000000000,
    1769558400000000000,
    1769644800000000000,
    1769731200000000000,
    1769817600000000000,
    1769904000000000000,
    1769990400000000000,
    1770076800000000000,
    1770163200000000000,
    1770249600000000000,
    1770336000000000000,
    1770422400000000000,
    1770508800000000000,
    1770595200000000000,
    1770681600000000000,
    1770768000000000000,
    1770854400000000000,
    1770940800000000000
  ],
  "tasmax": [
    2.8000000417232513,
    1.5000000223517418,
    0.800000011920929,
    0.9000000134110451,
    -0.10000000149011612,
    0.10000000149011612,
    0.10000000149011612,
    2.3000000342726707,
    3.1000000461935997,
    -1.8000000268220901,
    -1.8000000268220901,
    4.200000062584877,
    8.50000012665987,
    9.100000135600567,
    11.400000169873238,
    12.400000184774399,
    10.100000150501728,
    2.8000000417232513,
    6.500000096857548,
    7.200000107288361,
    7.200000107288361,
    2.7000000402331352,
    2.8000000417232513,
    -0.20000000298023224,
    0.800000011920929,
    0.5000000074505806,
    1.5000000223517418,
    1.0000000149011612,
    -0.5000000074505806,
    1.5000000223517418,
    3.500000052154064,
    3.9000000581145287,
    0.6000000089406967,
    -1.1000000163912773,
    1.8000000268220901,
    1.3000000193715096,
    2.7000000402331352,
    10.000000149011612,
    3.7000000551342964,
    7.000000104308128,
    8.800000131130219,
    9.500000141561031,
    8.600000128149986,
    6.800000101327896
  ]
}