{
  "time": [
    1767225600000000000,
    1767312000000000000,
    1767398400000000000,
    1767484800000000000,
    1767571200000000000,
    1767657600000000000,
    1767744000000000000,
    1767830400000000000,
    1767916800000000000,
    1768003200000000000,
    1768089600000000000,
    1768176000000000000,
    1768262400000000000,
    1768348800000000000,
    1768435200000000000,
    1768521600000000000,
    1768608000000000000,
    1768694400000000000,
    1768780800000000000,
    1768867200000000000,
    1768953600000000000,
    1769040000000000000,
    1769126400000000000,
    1769212800000000000,
    1769299200000000000,
    1769385600000000000,
    1769472000000000000,
    1769558400000000000,
    1769644800000000000,
    1769731200000000000,
    1769817600000000000,
    1769904000000000000,
    1769990400000000000,
    1770076800000000000,
    1770163200000000000,
    1770249600000000000,
    1770336000000000000,
    1770422400000000000,
    1770508800000000000,
    1770595200000000000,
    1770681600000000000,
    1770768000000000000,
    1770854400000000000,
    1770940800000000000,
    1771027200000000000,
    1771113600000000000
  ],
  "hurs": [
    71.40000106394291,
    82.00000122189522,
    78.40000116825104,
    76.70000114291906,
    82.70000123232603,
    85.0000012665987,
    80.90000120550394,
    88.00000131130219,
    80.70000120252371,
    93.50000139325857,
    87.40000130236149,
    89.40000133216381,
    82.00000122189522,
    78.2000011652708,
    83.70000124722719,
    78.2000011652708,
    87.70000130683184,
    90.50000134855509,
    91.2000013589859,
    91.90000136941671,
    87.5000013038516,
    88.20000131428242,
    83.70000124722719,
    86.2000012844801,
    93.50000139325857,
    91.40000136196613,
    88.700001321733,
    97.20000144839287,
    96.50000143796206,
    96.40000143647194,
    94.00000140070915,
    92.4000013768673,
    94.70000141113997,
    94.00000140070915,
    93.40000139176846,
    90.50000134855509,
    94.00000140070915,
    91.00000135600567,
    93.7000013962388,
    86.40000128746033,
    88.00000131130219,
    88.00000131130219,
    89.50000133365393,
    86.50000128895044,
    95.5000014230609,
    87.70000130683184
  ],
  "pr": [
    0.800000011920929,
    3.5,
    1.0,
    0.0,
    0.30000001192092896,
    0.10000000149011612,
    0.800000011920929,
    9.800000190734863,
    9.600000381469727,
    9.5,
    0.0,
    3.200000047683716,
    0.0,
    0.30000001192092896,
    0.6000000238418579,
    0.0,
    0.0,
    0.0,
    0.0,
    0.0,
    0.0,
    0.10000000149011612,
    0.0,
    0.0,
    0.10000000149011612,
    4.800000190734863,
    5.800000190734863,
    8.5,
    3.5999999046325684,
    0.5,
    0.0,
    1.2999999523162842,
    3.0,
    3.200000047683716,
    0.20000000298023224,
    0.0,
    4.400000095367432,
    0.0,
    0.0,
    0.0,
    15.0,
    8.800000190734863,
    11.5,
    4.0,
    11.899999618530273,
    13.100000381469727
  ],
  "tas": [
    -1.700000025331974,
    -0.4000000059604645,
    -2.7000000402331352,
    -3.6000000536441803,
    -7.300000108778477,
    -5.500000081956387,
    -5.900000087916851,
    0.20000000298023224,
    4.500000067055225,
    -0.5000000074505806,
    -2.7000000402331352,
    2.1000000312924385,
    6.200000092387199,
    7.300000108778477,
    6.70000009983778,
    5.500000081956387,
    1.8000000268220901,
    -0.6000000089406967,
    -0.5000000074505806,
    -0.9000000134110451,
    -1.0000000149011612,
    -1.8000000268220901,
    0.20000000298023224,
    -0.6000000089406967,
    -1.700000025331974,
    1.8000000268220901,
    1.8000000268220901,
    2.7000000402331352,
    1.0000000149011612,
    0.20000000298023224,
    2.0000000298023224,
    2.500000037252903,
    1.600000023841858,
    1.0000000149011612,
    1.0000000149011612,
    1.0000000149011612,
    2.7000000402331352,
    6.200000092387199,
    2.1000000312924385,
    2.600000038743019,
    4.200000062584877,
    8.00000011920929,
    6.70000009983778,
    5.700000084936619,
    2.2000000327825546,
    0.10000000149011612
  ],
  "tasmax": [
    1.8000000268220901,
    1.1000000163912773,
    -1.3000000193715096,
    -0.9000000134110451,
    -2.3000000342726707,
    -3.500000052154064,
    -2.1000000312924385,
    4.700000070035458,
    7.000000104308128,
    1.8000000268220901,
    -1.0000000149011612,
    8.300000123679638,
    10.500000156462193,
    10.500000156462193,
    12.000000178813934,
    12.400000184774399,
    6.000000089406967,
    0.6000000089406967,
    3.200000047683716,
    3.200000047683716,
    3.7000000551342964,
    1.600000023841858,
    5.000000074505806,
    3.9000000581145287,
    0.0,
    4.500000067055225,
    5.900000087916851,
    4.400000065565109,
    2.7000000402331352,
    2.7000000402331352,
    6.400000095367432,
    5.900000087916851,
    4.000000059604645,
    4.500000067055225,
    5.000000074505806,
    6.500000096857548,
    7.700000114738941,
    10.600000157952309,
    7.400000110268593,
    6.800000101327896,
    8.00000011920929,
    9.80000014603138,
    8.400000125169754,
    7.900000117719173,
    4.500000067055225,
    3.200000047683716
  ],
  "tasmin": [
    -6.000000089406967,
    -2.2000000327825546,
    -4.200000062584877,
    -8.600000128149986,
    -11.10000016540289,
    -8.900000132620335,
    -11.60000017285347,
    -2.7000000402331352,
    0.5000000074505806,
    -3.6000000536441803,
    -5.200000077486038,
    -4.200000062584877,
    2.7000000402331352,
    3.400000050663948,
    2.600000038743019,
    1.1000000163912773,
    -1.8000000268220901,
    -1.600000023841858,
    -2.7000000402331352,
    -3.6000000536441803,
    -4.500000067055225,
    -5.4000000804662704,
    -2.8000000417232513,
    -3.500000052154064,
    -3.400000050663948,
    -1.8000000268220901,
    -2.7000000402331352,
    1.1000000163912773,
    -1.600000023841858,
    -3.1000000461935997,
    -0.20000000298023224,
    -0.4000000059604645,
    -0.4000000059604645,
    -1.0000000149011612,
    -1.8000000268220901,
    -2.2000000327825546,
    -1.3000000193715096,
    1.0000000149011612,
    -1.600000023841858,
    -0.800000011920929,
    -1.0000000149011612,
    5.200000077486038,
    5.200000077486038,
    3.7000000551342964,
    -0.6000000089406967,
    -1.0000000149011612
  ]
}