{
  "time": [
    1767225600000000000,
    1767312000000000000,
    1767398400000000000,
    1767484800000000000,
    1767571200000000000,
    1767657600000000000,
    1767744000000000000,
    1767830400000000000,
    1767916800000000000,
    1768003200000000000,
    1768089600000000000,
    1768176000000000000,
    1768262400000000000,
    1768348800000000000,
    1768435200000000000,
    1768521600000000000,
    1768608000000000000,
    1768694400000000000,
    1768780800000000000,
    1768867200000000000,
    1768953600000000000,
    1769040000000000000,
    1769126400000000000,
    1769212800000000000,
    1769299200000000000,
    1769385600000000000,
    1769472000000000000,
    1769558400000000000,
    1769644800000000000,
    1769731200000000000,
    1769817600000000000,
    1769904000000000000,
    1769990400000000000,
    1770076800000000000,
    1770163200000000000,
    1770249600000000000,
    1770336000000000000,
    1770422400000000000
  ],
  "hurs": [
    71.90000107139349,
    80.50000119954348,
    78.2000011652708,
    77.20000115036964,
    83.70000124722719,
    85.40000127255917,
    81.00000120699406,
    88.00000131130219,
    80.70000120252371,
    92.50000137835741,
    88.00000131130219,
    91.2000013589859,
    82.5000012293458,
    78.2000011652708,
    84.20000125467777,
    76.70000114291906,
    86.2000012844801,
    90.70000135153532,
    92.20000137388706,
    90.50000134855509,
    86.40000128746033,
    85.40000127255917,
    85.0000012665987,
    85.90000128000975,
    92.20000137388706,
    92.20000137388706,
    87.5000013038516,
    96.70000144094229,
    95.5000014230609,
    94.70000141113997,
    94.20000140368938,
    92.4000013768673,
    94.70000141113997,
    94.00000140070915,
    93.40000139176846,
    90.50000134855509,
    94.00000140070915,
    91.00000135600567
  ],
  "pr": [
    0.800000011920929,
    3.5,
    1.0,
    0.0,
    0.30000001192092896,
    0.10000000149011612,
    0.800000011920929,
    9.800000190734863,
    9.600000381469727,
    9.5,
    0.0,
    3.200000047683716,
    0.0,
    0.30000001192092896,
    0.6000000238418579,
    0.0,
    0.0,
    0.0,
    0.0,
    0.0,
    0.0,
    0.10000000149011612,
    0.0,
    0.0,
    0.10000000149011612,
    4.800000190734863,
    5.800000190734863,
    8.199999809265137,
    3.5999999046325684,
    0.5,
    0.0,
    1.2999999523162842,
    3.0,
    3.200000047683716,
    0.20000000298023224,
    0.0,
    4.400000095367432,
    0.0
  ],
  "tas": [
    -1.600000023841858,
    -0.20000000298023224,
    -2.7000000402331352,
    -3.6000000536441803,
    -7.400000110268593,
    -5.500000081956387,
    -5.900000087916851,
    0.10000000149011612,
    4.500000067055225,
    -0.4000000059604645,
    -2.8000000417232513,
    1.8000000268220901,
    6.200000092387199,
    7.300000108778477,
    6.500000096857548,
    5.700000084936619,
    2.0000000298023224,
    -0.6000000089406967,
    -0.6000000089406967,
    -0.800000011920929,
    -1.0000000149011612,
    -1.3000000193715096,
    0.20000000298023224,
    -0.5000000074505806,
    -1.5000000223517418,
    1.8000000268220901,
    2.1000000312924385,
    2.8000000417232513,
    1.3000000193715096,
    0.5000000074505806,
    2.0000000298023224,
    2.500000037252903,
    1.600000023841858,
    1.0000000149011612,
    1.0000000149011612,
    1.0000000149011612,
    2.7000000402331352,
    6.200000092387199
  ],
  "tasmax": [
    2.0000000298023224,
    1.3000000193715096,
    -1.3000000193715096,
    -1.0000000149011612,
    -2.500000037252903,
    -3.500000052154064,
    -2.2000000327825546,
    4.500000067055225,
    7.000000104308128,
    1.700000025331974,
    -1.0000000149011612,
    8.00000011920929,
    10.30000015348196,
    10.500000156462193,
    11.900000177323818,
    12.600000187754631,
    6.200000092387199,
    0.6000000089406967,
    3.200000047683716,
    3.400000050663948,
    3.9000000581145287,
    2.500000037252903,
    4.90000007301569,
    3.9000000581145287,
    0.20000000298023224,
    4.500000067055225,
    6.000000089406967,
    4.500000067055225,
    3.1000000461935997,
    3.200000047683716,
    6.500000096857548,
    5.900000087916851,
    4.000000059604645,
    4.500000067055225,
    5.000000074505806,
    6.500000096857548,
    7.700000114738941,
    10.600000157952309
  ],
  "tasmin": [
    -6.000000089406967,
    -2.1000000312924385,
    -4.200000062584877,
    -8.800000131130219,
    -11.300000168383121,
    -8.600000128149986,
    -11.900000177323818,
    -3.0000000447034836,
    0.5000000074505806,
    -3.6000000536441803,
    -5.4000000804662704,
    -4.500000067055225,
    2.7000000402331352,
    3.400000050663948,
    2.3000000342726707,
    1.3000000193715096,
    -1.600000023841858,
    -1.700000025331974,
    -2.7000000402331352,
    -3.6000000536441803,
    -4.500000067055225,
    -5.000000074505806,
    -2.8000000417232513,
    -3.400000050663948,
    -3.200000047683716,
    -1.600000023841858,
    -2.600000038743019,
    1.3000000193715096,
    -1.1000000163912773,
    -2.7000000402331352,
    -0.4000000059604645,
    -0.4000000059604645,
    -0.4000000059604645,
    -1.0000000149011612,
    -1.8000000268220901,
    -2.2000000327825546,
    -1.3000000193715096,
    1.0000000149011612
  ]
}