{
  "time": [
    1767268800000000000,
    1767355200000000000,
    1767441600000000000
  ],
  "hurs": [
    71.70000106841326,
    82.20000122487545,
    78.2000011652708
  ],
  "pr": [
    0.8999999761581421,
    3.299999952316284,
    1.0
  ],
  "tas": [
    -1.600000023841858,
    -0.5000000074505806,
    -2.7000000402331352
  ],
  "tasmax": [
    2.0000000298023224,
    1.0000000149011612,
    -1.3000000193715096
  ],
  "tasmin": [
    -6.000000089406967,
    -2.2000000327825546,
    -4.200000062584877
  ]
}