{
  "time": [
    1767268800000000000
  ],
  "hurs": [
    71.70000106841326
  ],
  "pr": [
    0.8999999761581421
  ],
  "tas": [
    -1.600000023841858
  ],
  "tasmax": [
    2.0000000298023224
  ],
  "tasmin": [
    -6.000000089406967
  ]
}