{
  "time": [
    1767268800000000000,
    1767355200000000000,
    1767441600000000000
  ],
  "hurs": [
    71.70000106841326,
    82.20000122487545,
    78.2000011652708
  ]
}