{
  "time": [
    1767225600000000000,
    1767312000000000000,
    1767398400000000000,
    1767484800000000000,
    1767571200000000000,
    1767657600000000000,
    1767744000000000000,
    1767830400000000000,
    1767916800000000000,
    1768003200000000000,
    1768089600000000000,
    1768176000000000000,
    1768262400000000000,
    1768348800000000000,
    1768435200000000000,
    1768521600000000000,
    1768608000000000000,
    1768694400000000000,
    1768780800000000000,
    1768867200000000000,
    1768953600000000000,
    1769040000000000000,
    1769126400000000000,
    1769212800000000000,
    1769299200000000000,
    1769385600000000000,
    1769472000000000000,
    1769558400000000000,
    1769644800000000000,
    1769731200000000000,
    1769817600000000000,
    1769904000000000000,
    1769990400000000000,
    1770076800000000000,
    1770163200000000000,
    1770249600000000000,
    1770336000000000000,
    1770422400000000000,
    1770508800000000000,
    1770595200000000000,
    1770681600000000000,
    1770768000000000000,
    1770854400000000000,
    1770940800000000000,
    1771027200000000000,
    1771113600000000000,
    1771200000000000000,
    1771286400000000000,
    1771372800000000000,
    1771459200000000000,
    1771545600000000000,
    1771632000000000000,
    1771718400000000000,
    1771804800000000000,
    1771891200000000000,
    1771977600000000000,
    1772064000000000000,
    1772150400000000000,
    1772236800000000000,
    1772323200000000000,
    1772409600000000000,
    1772496000000000000,
    1772582400000000000,
    1772668800000000000,
    1772755200000000000,
    1772841600000000000,
    1772928000000000000,
    1773014400000000000,
    1773100800000000000,
    1773187200000000000,
    1773273600000000000,
    1773360000000000000,
    1773446400000000000,
    1773532800000000000,
    1773619200000000000,
    1773705600000000000,
    1773792000000000000,
    1773878400000000000,
    1773964800000000000,
    1774051200000000000,
    1774137600000000000,
    1774224000000000000,
    1774310400000000000
  ],
  "hurs": [
    71.40000106394291,
    82.00000122189522,
    78.40000116825104,
    76.70000114291906,
    82.70000123232603,
    85.0000012665987,
    80.90000120550394,
    88.00000131130219,
    80.70000120252371,
    93.50000139325857,
    87.40000130236149,
    89.40000133216381,
    82.00000122189522,
    78.2000011652708,
    83.70000124722719,
    78.2000011652708,
    87.70000130683184,
    90.50000134855509,
    91.2000013589859,
    91.90000136941671,
    87.5000013038516,
    88.20000131428242,
    83.70000124722719,
    86.2000012844801,
    93.50000139325857,
    91.40000136196613,
    88.700001321733,
    97.20000144839287,
    96.50000143796206,
    96.40000143647194,
    94.00000140070915,
    93.00000138580799,
    93.50000139325857,
    94.20000140368938,
    93.20000138878822,
    91.00000135600567,
    94.50000140815973,
    91.00000135600567,
    92.70000138133764,
    87.20000129938126,
    88.90000132471323,
    87.5000013038516,
    89.50000133365393,
    86.50000128895044,
    95.00000141561031,
    88.20000131428242,
    86.70000129193068,
    85.50000127404928,
    84.400001257658,
    95.40000142157078,
    90.00000134110451,
    87.5000013038516,
    89.20000132918358,
    82.5000012293458,
    95.40000142157078,
    95.20000141859055,
    85.70000127702951,
    71.00000105798244,
    75.00000111758709,
    79.90000119060278,
    77.20000115036964,
    76.40000113844872,
    75.90000113099813,
    70.00000104308128,
    72.20000107586384,
    71.40000106394291,
    70.00000104308128,
    73.70000109821558,
    78.70000117272139,
    85.20000126957893,
    76.20000113546848,
    70.50000105053186,
    82.70000123232603,
    81.70000121742487,
    79.90000119060278,
    84.70000126212835,
    66.50000099092722,
    58.20000086724758,
    60.700000904500484,
    72.90000108629465,
    77.00000114738941,
    69.5000010356307,
    62.70000093430281
  ]
}