{
  "time": [
    1767290400000000000,
    1767376800000000000,
    1767463200000000000
  ],
  "pr": [
    0.8999999761581421,
    3.299999952316284,
    1.0
  ]
}