{
  "time": [
    1767225600000000000,
    1767312000000000000,
    1767398400000000000,
    1767484800000000000,
    1767571200000000000,
    1767657600000000000,
    1767744000000000000,
    1767830400000000000,
    1767916800000000000,
    1768003200000000000,
    1768089600000000000,
    1768176000000000000,
    1768262400000000000,
    1768348800000000000,
    1768435200000000000,
    1768521600000000000,
    1768608000000000000,
    1768694400000000000,
    1768780800000000000,
    1768867200000000000,
    1768953600000000000,
    1769040000000000000,
    1769126400000000000,
    1769212800000000000,
    1769299200000000000,
    1769385600000000000,
    1769472000000000000,
    1769558400000000000,
    1769644800000000000,
    1769731200000000000,
    1769817600000000000,
    1769904000000000000,
    1769990400000000000,
    1770076800000000000,
    1770163200000000000,
    1770249600000000000,
    1770336000000000000,
    1770422400000000000,
    1770508800000000000,
    1770595200000000000,
    1770681600000000000,
    1770768000000000000,
    1770854400000000000,
    1770940800000000000,
    1771027200000000000,
    1771113600000000000,
    1771200000000000000,
    1771286400000000000
  ],
  "tas": [
    -1.700000025331974,
    -0.4000000059604645,
    -2.7000000402331352,
    -3.6000000536441803,
    -7.300000108778477,
    -5.500000081956387,
    -5.900000087916851,
    0.20000000298023224,
    4.500000067055225,
    -0.5000000074505806,
    -2.7000000402331352,
    2.1000000312924385,
    6.200000092387199,
    7.300000108778477,
    6.70000009983778,
    5.500000081956387,
    1.8000000268220901,
    -0.6000000089406967,
    -0.5000000074505806,
    -0.9000000134110451,
    -1.0000000149011612,
    -1.8000000268220901,
    0.20000000298023224,
    -0.6000000089406967,
    -1.700000025331974,
    1.8000000268220901,
    1.8000000268220901,
    2.7000000402331352,
    1.0000000149011612,
    0.20000000298023224,
    2.0000000298023224,
    2.500000037252903,
    1.600000023841858,
    1.0000000149011612,
    1.0000000149011612,
    1.0000000149011612,
    2.7000000402331352,
    6.200000092387199,
    2.1000000312924385,
    2.600000038743019,
    4.200000062584877,
    8.00000011920929,
    6.70000009983778,
    5.700000084936619,
    2.2000000327825546,
    0.10000000149011612,
    4.200000062584877,
    2.500000037252903
  ]
}