{
  "time": [
    1767268800000000000,
    1767355200000000000,
    1767441600000000000
  ],
  "tas": [
    -1.600000023841858,
    -0.5000000074505806,
    -2.7000000402331352
  ]
}