{
  "time": [
    1767225600000000000,
    1767312000000000000,
    1767398400000000000,
    1767484800000000000,
    1767571200000000000,
    1767657600000000000,
    1767744000000000000,
    1767830400000000000,
    1767916800000000000,
    1768003200000000000,
    1768089600000000000,
    1768176000000000000,
    1768262400000000000,
    1768348800000000000,
    1768435200000000000,
    1768521600000000000,
    1768608000000000000,
    1768694400000000000,
    1768780800000000000,
    1768867200000000000,
    1768953600000000000,
    1769040000000000000,
    1769126400000000000,
    1769212800000000000,
    1769299200000000000,
    1769385600000000000,
    1769472000000000000,
    1769558400000000000,
    1769644800000000000,
    1769731200000000000,
    1769817600000000000,
    1769904000000000000,
    1769990400000000000,
    1770076800000000000,
    1770163200000000000,
    1770249600000000000,
    1770336000000000000,
    1770422400000000000,
    1770508800000000000,
    1770595200000000000,
    1770681600000000000,
    1770768000000000000,
    1770854400000000000,
    1770940800000000000,
    1771027200000000000,
    1771113600000000000,
    1771200000000000000,
    1771286400000000000,
    1771372800000000000,
    1771459200000000000,
    1771545600000000000,
    1771632000000000000,
    1771718400000000000,
    1771804800000000000,
    1771891200000000000,
    1771977600000000000,
    1772064000000000000,
    1772150400000000000,
    1772236800000000000,
    1772323200000000000,
    1772409600000000000,
    1772496000000000000,
    1772582400000000000,
    1772668800000000000,
    1772755200000000000,
    1772841600000000000,
    1772928000000000000,
    1773014400000000000,
    1773100800000000000,
    1773187200000000000,
    1773273600000000000,
    1773360000000000000,
    1773446400000000000,
    1773532800000000000
  ],
  "tasmax": [
    1.8000000268220901,
    1.1000000163912773,
    -1.3000000193715096,
    -0.9000000134110451,
    -2.3000000342726707,
    -3.500000052154064,
    -2.1000000312924385,
    4.700000070035458,
    7.000000104308128,
    1.8000000268220901,
    -1.0000000149011612,
    8.300000123679638,
    10.500000156462193,
    10.500000156462193,
    12.000000178813934,
    12.400000184774399,
    6.000000089406967,
    0.6000000089406967,
    3.200000047683716,
    3.200000047683716,
    3.7000000551342964,
    1.600000023841858,
    5.000000074505806,
    3.9000000581145287,
    0.0,
    4.500000067055225,
    5.900000087916851,
    4.400000065565109,
    2.7000000402331352,
    2.7000000402331352,
    6.400000095367432,
    6.000000089406967,
    4.200000062584877,
    4.000000059604645,
    5.000000074505806,
    6.900000102818012,
    7.900000117719173,
    10.500000156462193,
    7.500000111758709,
    6.500000096857548,
    8.00000011920929,
    9.80000014603138,
    8.400000125169754,
    7.800000116229057,
    4.500000067055225,
    3.0000000447034836,
    7.200000107288361,
    5.000000074505806,
    3.7000000551342964,
    5.4000000804662704,
    5.200000077486038,
    9.100000135600567,
    9.600000143051147,
    10.900000162422657,
    11.10000016540289,
    13.500000201165676,
    17.00000025331974,
    19.30000028759241,
    13.000000193715096,
    11.900000177323818,
    14.000000208616257,
    13.800000205636024,
    14.500000216066837,
    15.500000230967999,
    15.600000232458115,
    16.800000250339508,
    15.900000236928463,
    15.900000236928463,
    16.00000023841858,
    12.600000187754631,
    11.300000168383121,
    14.100000210106373,
    10.30000015348196,
    5.700000084936619
  ]
}