{
  "time": [
    1767225600000000000,
    1767312000000000000,
    1767398400000000000,
    1767484800000000000,
    1767571200000000000,
    1767657600000000000,
    1767744000000000000,
    1767830400000000000,
    1767916800000000000,
    1768003200000000000,
    1768089600000000000,
    1768176000000000000,
    1768262400000000000,
    1768348800000000000,
    1768435200000000000,
    1768521600000000000,
    1768608000000000000,
    1768694400000000000,
    1768780800000000000,
    1768867200000000000,
    1768953600000000000,
    1769040000000000000,
    1769126400000000000,
    1769212800000000000,
    1769299200000000000,
    1769385600000000000,
    1769472000000000000,
    1769558400000000000,
    1769644800000000000,
    1769731200000000000,
    1769817600000000000,
    1769904000000000000,
    1769990400000000000,
    1770076800000000000
  ],
  "tasmin": [
    -6.000000089406967,
    -2.1000000312924385,
    -4.200000062584877,
    -8.800000131130219,
    -11.300000168383121,
    -8.600000128149986,
    -11.900000177323818,
    -3.0000000447034836,
    0.5000000074505806,
    -3.6000000536441803,
    -5.4000000804662704,
    -4.500000067055225,
    2.7000000402331352,
    3.400000050663948,
    2.3000000342726707,
    1.3000000193715096,
    -1.600000023841858,
    -1.700000025331974,
    -2.7000000402331352,
    -3.6000000536441803,
    -4.500000067055225,
    -5.000000074505806,
    -2.8000000417232513,
    -3.400000050663948,
    -3.200000047683716,
    -1.600000023841858,
    -2.600000038743019,
    1.3000000193715096,
    -1.1000000163912773,
    -2.7000000402331352,
    -0.4000000059604645,
    -0.4000000059604645,
    -0.4000000059604645,
    -1.0000000149011612
  ]
}