{
  "time": [
    1767268800000000000,
    1767355200000000000,
    1767441600000000000
  ],
  "tasmin": [
    -6.000000089406967,
    -2.2000000327825546,
    -4.200000062584877
  ]
}