{
  "time": [
    1767225600000000000,
    1767312000000000000,
    1767398400000000000,
    1767484800000000000,
    1767571200000000000,
    1767657600000000000,
    1767744000000000000,
    1767830400000000000,
    1767916800000000000,
    1768003200000000000,
    1768089600000000000,
    1768176000000000000,
    1768262400000000000,
    1768348800000000000,
    1768435200000000000,
    1768521600000000000,
    1768608000000000000,
    1768694400000000000,
    1768780800000000000,
    1768867200000000000,
    1768953600000000000,
    1769040000000000000,
    1769126400000000000,
    1769212800000000000,
    1769299200000000000,
    1769385600000000000,
    1769472000000000000,
    1769558400000000000,
    1769644800000000000,
    1769731200000000000,
    1769817600000000000,
    1769904000000000000,
    1769990400000000000,
    1770076800000000000,
    1770163200000000000,
    1770249600000000000,
    1770336000000000000,
    1770422400000000000,
    1770508800000000000,
    1770595200000000000,
    1770681600000000000,
    1770768000000000000,
    1770854400000000000,
    1770940800000000000,
    1771027200000000000,
    1771113600000000000,
    1771200000000000000,
    1771286400000000000,
    1771372800000000000,
    1771459200000000000,
    1771545600000000000,
    1771632000000000000,
    1771718400000000000,
    1771804800000000000
  ],
  "tasmin": [
    -6.000000089406967,
    -2.2000000327825546,
    -4.200000062584877,
    -8.600000128149986,
    -11.10000016540289,
    -8.900000132620335,
    -11.60000017285347,
    -2.7000000402331352,
    0.5000000074505806,
    -3.6000000536441803,
    -5.200000077486038,
    -4.200000062584877,
    2.7000000402331352,
    3.400000050663948,
    2.600000038743019,
    1.1000000163912773,
    -1.8000000268220901,
    -1.600000023841858,
    -2.7000000402331352,
    -3.6000000536441803,
    -4.500000067055225,
    -5.4000000804662704,
    -2.8000000417232513,
    -3.500000052154064,
    -3.400000050663948,
    -1.8000000268220901,
    -2.7000000402331352,
    1.1000000163912773,
    -1.600000023841858,
    -3.1000000461935997,
    -0.20000000298023224,
    -0.4000000059604645,
    -0.4000000059604645,
    -1.0000000149011612,
    -1.8000000268220901,
    -2.2000000327825546,
    -1.3000000193715096,
    1.0000000149011612,
    -1.600000023841858,
    -0.800000011920929,
    -1.0000000149011612,
    5.200000077486038,
    5.200000077486038,
    3.7000000551342964,
    -0.6000000089406967,
    -1.0000000149011612,
    1.600000023841858,
    0.5000000074505806,
    -2.2000000327825546,
    0.5000000074505806,
    0.5000000074505806,
    4.000000059604645,
    7.000000104308128,
    7.500000111758709
  ]
}