{
  "time": [
    1767268800000000000,
    1767355200000000000,
    1767441600000000000
  ],
  "hurs": [
    67.70000100880861,
    73.200001090765,
    72.20000107586384
  ],
  "pr": [
    0.0,
    1.600000023841858,
    0.0
  ],
  "tas": [
    -1.3000000193715096,
    0.4000000059604645,
    -1.600000023841858
  ],
  "tasmax": [
    2.1000000312924385,
    1.700000025331974,
    -0.20000000298023224
  ],
  "tasmin": [
    -4.700000070035458,
    -1.8000000268220901,
    -3.7000000551342964
  ]
}