{
  "time": [
    1767225600000000000,
    1767312000000000000,
    1767398400000000000,
    1767484800000000000,
    1767571200000000000,
    1767657600000000000,
    1767744000000000000,
    1767830400000000000,
    1767916800000000000,
    1768003200000000000,
    1768089600000000000,
    1768176000000000000,
    1768262400000000000,
    1768348800000000000,
    1768435200000000000,
    1768521600000000000,
    1768608000000000000,
    1768694400000000000,
    1768780800000000000,
    1768867200000000000,
    1768953600000000000,
    1769040000000000000,
    1769126400000000000,
    1769212800000000000,
    1769299200000000000,
    1769385600000000000,
    1769472000000000000,
    1769558400000000000,
    1769644800000000000,
    1769731200000000000,
    1769817600000000000,
    1769904000000000000,
    1769990400000000000,
    1770076800000000000,
    1770163200000000000,
    1770249600000000000,
    1770336000000000000,
    1770422400000000000,
    1770508800000000000,
    1770595200000000000,
    1770681600000000000,
    1770768000000000000,
    1770854400000000000,
    1770940800000000000,
    1771027200000000000,
    1771113600000000000,
    1771200000000000000,
    1771286400000000000,
    1771372800000000000,
    1771459200000000000,
    1771545600000000000,
    1771632000000000000,
    1771718400000000000,
    1771804800000000000,
    1771891200000000000,
    1771977600000000000,
    1772064000000000000,
    1772150400000000000,
    1772236800000000000,
    1772323200000000000,
    1772409600000000000,
    1772496000000000000,
    1772582400000000000,
    1772668800000000000,
    1772755200000000000,
    1772841600000000000,
    1772928000000000000,
    1773014400000000000,
    1773100800000000000,
    1773187200000000000,
    1773273600000000000,
    1773360000000000000,
    1773446400000000000,
    1773532800000000000,
    1773619200000000000,
    1773705600000000000,
    1773792000000000000,
    1773878400000000000,
    1773964800000000000,
    1774051200000000000,
    1774137600000000000,
    1774224000000000000,
    1774310400000000000,
    1774396800000000000,
    1774483200000000000,
    1774569600000000000,
    1774656000000000000
  ],
  "hurs": [
    69.90000104159117,
    73.00000108778477,
    72.0000010728836,
    70.90000105649233,
    77.20000115036964,
    77.50000115483999,
    79.4000011831522,
    88.20000131428242,
    81.20000120997429,
    88.90000132471323,
    84.70000126212835,
    92.90000138431787,
    93.40000139176846,
    93.50000139325857,
    89.20000132918358,
    90.70000135153532,
    95.5000014230609,
    87.70000130683184,
    68.40000101923943,
    67.40000100433826,
    74.70000111311674,
    87.20000129938126,
    87.5000013038516,
    88.40000131726265,
    90.00000134110451,
    92.70000138133764,
    91.00000135600567,
    84.20000125467777,
    95.40000142157078,
    96.2000014334917,
    91.40000136196613,
    86.50000128895044,
    84.20000125467777,
    83.20000123977661,
    88.700001321733,
    92.20000137388706,
    92.90000138431787,
    94.00000140070915,
    93.00000138580799,
    89.70000133663416,
    91.00000135600567,
    86.50000128895044,
    89.40000133216381,
    82.40000122785568,
    85.50000127404928,
    79.70000118762255,
    91.00000135600567,
    85.0000012665987,
    72.20000107586384,
    90.70000135153532,
    91.00000135600567,
    93.20000138878822,
    88.40000131726265,
    80.20000119507313,
    89.50000133365393,
    94.00000140070915,
    96.50000143796206,
    86.40000128746033,
    81.9000012204051,
    75.50000112503767,
    88.00000131130219,
    93.40000139176846,
    96.70000144094229,
    84.70000126212835,
    73.50000109523535,
    75.7000011280179,
    81.00000120699406,
    86.00000128149986,
    77.50000115483999,
    80.20000119507313,
    77.90000116080046,
    73.40000109374523,
    76.70000114291906,
    75.90000113099813,
    84.400001257658,
    86.70000129193068,
    70.7000010535121,
    58.00000086426735,
    63.000000938773155,
    73.00000108778477,
    57.700000859797,
    63.70000094920397,
    63.20000094175339,
    70.50000105053186,
    74.70000111311674,
    65.00000096857548,
    65.20000097155571
  ],
  "pr": [
    0.0,
    1.7000000476837158,
    0.0,
    0.0,
    0.0,
    0.0,
    0.4000000059604645,
    9.399999618530273,
    0.6000000238418579,
    4.599999904632568,
    0.0,
    3.799999952316284,
    0.10000000149011612,
    0.0,
    0.10000000149011612,
    0.0,
    0.0,
    0.0,
    0.0,
    0.0,
    0.0,
    0.0,
    0.0,
    0.0,
    7.300000190734863,
    3.4000000953674316,
    0.0,
    5.0,
    1.2999999523162842,
    0.10000000149011612,
    0.0,
    0.0,
    0.0,
    0.10000000149011612,
    0.0,
    0.0,
    0.4000000059604645,
    0.20000000298023224,
    0.0,
    0.0,
    3.5,
    7.199999809265137,
    4.699999809265137,
    0.0,
    1.399999976158142,
    6.599999904632568,
    8.899999618530273,
    0.800000011920929,
    1.2999999523162842,
    12.600000381469727,
    0.6000000238418579,
    4.400000095367432,
    6.0,
    5.300000190734863,
    4.300000190734863,
    0.10000000149011612,
    0.0,
    0.0,
    0.0,
    0.10000000149011612,
    0.0,
    0.0,
    0.0,
    0.0,
    0.0,
    0.0,
    0.0,
    0.0,
    0.5,
    3.200000047683716,
    0.0,
    0.0,
    0.800000011920929,
    0.0,
    3.5999999046325684,
    0.10000000149011612,
    0.0,
    0.0,
    0.0,
    0.0,
    0.0,
    0.0,
    0.0,
    2.200000047683716,
    0.10000000149011612,
    0.0,
    2.200000047683716
  ],
  "tas": [
    -1.5000000223517418,
    0.5000000074505806,
    -1.5000000223517418,
    -3.1000000461935997,
    -6.500000096857548,
    -8.100000120699406,
    -6.200000092387199,
    -2.7000000402331352,
    3.400000050663948,
    1.0000000149011612,
    -6.800000101327896,
    -3.400000050663948,
    2.3000000342726707,
    1.600000023841858,
    2.7000000402331352,
    0.20000000298023224,
    -1.1000000163912773,
    0.5000000074505806,
    -0.4000000059604645,
    -2.2000000327825546,
    -4.200000062584877,
    -7.000000104308128,
    -6.200000092387199,
    -4.90000007301569,
    -3.0000000447034836,
    1.0000000149011612,
    1.1000000163912773,
    1.600000023841858,
    0.4000000059604645,
    0.10000000149011612,
    0.5000000074505806,
    0.9000000134110451,
    -0.4000000059604645,
    -0.10000000149011612,
    -0.20000000298023224,
    0.6000000089406967,
    1.5000000223517418,
    4.200000062584877,
    3.200000047683716,
    2.500000037252903,
    1.5000000223517418,
    6.900000102818012,
    6.200000092387199,
    6.000000089406967,
    3.400000050663948,
    -0.5000000074505806,
    2.2000000327825546,
    3.0000000447034836,
    1.600000023841858,
    0.20000000298023224,
    0.20000000298023224,
    4.000000059604645,
    8.300000123679638,
    9.300000138580799,
    7.300000108778477,
    5.900000087916851,
    5.900000087916851,
    6.900000102818012,
    7.900000117719173,
    7.200000107288361,
    4.700000070035458,
    3.9000000581145287,
    3.9000000581145287,
    5.500000081956387,
    7.000000104308128,
    6.800000101327896,
    6.400000095367432,
    6.70000009983778,
    8.800000131130219,
    9.400000140070915,
    8.00000011920929,
    6.900000102818012,
    6.400000095367432,
    4.90000007301569,
    3.7000000551342964,
    3.500000052154064,
    5.500000081956387,
    7.200000107288361,
    6.500000096857548,
    7.000000104308128,
    7.400000110268593,
    6.000000089406967,
    6.900000102818012,
    6.900000102818012,
    3.500000052154064,
    2.1000000312924385,
    2.3000000342726707
  ],