{
  "time": [
    1767268800000000000
  ],
  "hurs": [
    67.70000100880861
  ],
  "pr": [
    0.0
  ],
  "tas": [
    -1.3000000193715096
  ],
  "tasmax": [
    2.1000000312924385
  ],
  "tasmin": [
    -4.700000070035458
  ]
}