{
  "time": [
    1767225600000000000,
    1767312000000000000,
    1767398400000000000,
    1767484800000000000,
    1767571200000000000,
    1767657600000000000,
    1767744000000000000,
    1767830400000000000,
    1767916800000000000,
    1768003200000000000,
    1768089600000000000,
    1768176000000000000,
    1768262400000000000,
    1768348800000000000,
    1768435200000000000,
    1768521600000000000,
    1768608000000000000,
    1768694400000000000,
    1768780800000000000,
    1768867200000000000,
    1768953600000000000,
    1769040000000000000,
    1769126400000000000,
    1769212800000000000,
    1769299200000000000,
    1769385600000000000,
    1769472000000000000,
    1769558400000000000,
    1769644800000000000,
    1769731200000000000,
    1769817600000000000,
    1769904000000000000,
    1769990400000000000,
    1770076800000000000,
    1770163200000000000,
    1770249600000000000,
    1770336000000000000,
    1770422400000000000,
    1770508800000000000,
    1770595200000000000,
    1770681600000000000,
    1770768000000000000,
    1770854400000000000,
    1770940800000000000,
    1771027200000000000,
    1771113600000000000
  ],
  "hurs": [
    69.90000104159117,
    73.00000108778477,
    72.0000010728836,
    70.90000105649233,
    77.20000115036964,
    77.50000115483999,
    79.4000011831522,
    88.20000131428242,
    81.20000120997429,
    88.90000132471323,
    84.70000126212835,
    92.90000138431787,
    93.40000139176846,
    93.50000139325857,
    89.20000132918358,
    90.70000135153532,
    95.5000014230609,
    87.70000130683184,
    68.40000101923943,
    67.40000100433826,
    74.70000111311674,
    87.20000129938126,
    87.5000013038516,
    88.40000131726265,
    90.00000134110451,
    92.70000138133764,
    91.00000135600567,
    84.20000125467777,
    95.40000142157078,
    96.2000014334917,
    91.40000136196613,
    86.00000128149986,
    82.5000012293458,
    83.20000123977661,
    88.700001321733,
    92.50000137835741,
    94.00000140070915,
    95.00000141561031,
    92.70000138133764,
    90.40000134706497,
    90.70000135153532,
    85.70000127702951,
    89.70000133663416,
    82.20000122487545,
    85.40000127255917,
    79.70000118762255
  ],
  "pr": [
    0.0,
    1.7000000476837158,
    0.0,
    0.0,
    0.0,
    0.0,
    0.4000000059604645,
    9.399999618530273,
    0.6000000238418579,
    4.599999904632568,
    0.0,
    3.799999952316284,
    0.10000000149011612,
    0.0,
    0.10000000149011612,
    0.0,
    0.0,
    0.0,
    0.0,
    0.0,
    0.0,
    0.0,
    0.0,
    0.0,
    7.300000190734863,
    3.4000000953674316,
    0.0,
    5.0,
    1.2999999523162842,
    0.10000000149011612,
    0.0,
    0.0,
    0.0,
    0.10000000149011612,
    0.0,
    0.0,
    0.4000000059604645,
    0.10000000149011612,
    0.0,
    0.0,
    3.5,
    7.0,
    4.699999809265137,
    0.0,
    1.399999976158142,
    6.5
  ],
  "tas": [
    -1.5000000223517418,
    0.5000000074505806,
    -1.5000000223517418,
    -3.1000000461935997,
    -6.500000096857548,
    -8.100000120699406,
    -6.200000092387199,
    -2.7000000402331352,
    3.400000050663948,
    1.0000000149011612,
    -6.800000101327896,
    -3.400000050663948,
    2.3000000342726707,
    1.600000023841858,
    2.7000000402331352,
    0.20000000298023224,
    -1.1000000163912773,
    0.5000000074505806,
    -0.4000000059604645,
    -2.2000000327825546,
    -4.200000062584877,
    -7.000000104308128,
    -6.200000092387199,
    -4.90000007301569,
    -3.0000000447034836,
    1.0000000149011612,
    1.1000000163912773,
    1.600000023841858,
    0.4000000059604645,
    0.10000000149011612,
    0.5000000074505806,
    0.9000000134110451,
    -0.20000000298023224,
    -0.10000000149011612,
    -0.20000000298023224,
    0.5000000074505806,
    1.3000000193715096,
    4.000000059604645,
    3.200000047683716,
    2.3000000342726707,
    1.5000000223517418,
    7.000000104308128,
    6.200000092387199,
    6.000000089406967,
    3.400000050663948,
    -0.5000000074505806
  ],
  "tasmax": [
    1.8000000268220901,
    1.8000000268220901,
    0.0,
    0.20000000298023224,
    -1.8000000268220901,
    -3.7000000551342964,
    -1.8000000268220901,
    0.5000000074505806,
    7.000000104308128,
    3.200000047683716,
    -2.1000000312924385,
    2.7000000402331352,
    4.700000070035458,
    5.900000087916851,
    7.800000116229057,
    4.700000070035458,
    -0.10000000149011612,
    3.500000052154064,
    3.200000047683716,
    2.0000000298023224,
    -0.10000000149011612,
    -5.700000084936619,
    -3.7000000551342964,
    -2.7000000402331352,
    -1.8000000268220901,
    3.1000000461935997,
    4.000000059604645,
    4.400000065565109,
    1.8000000268220901,
    1.3000000193715096,
    1.600000023841858,
    3.200000047683716,
    2.2000000327825546,
    3.400000050663948,
    2.3000000342726707,
    1.5000000223517418,
    4.700000070035458,
    8.600000128149986,
    7.700000114738941,
    3.7000000551342964,
    4.200000062584877,
    11.500000171363354,
    8.800000131130219,
    8.50000012665987,
    5.900000087916851,
    0.5000000074505806
  ],
  "tasmin": [
    -5.000000074505806,
    -1.700000025331974,
    -3.6000000536441803,
    -7.400000110268593,
    -10.800000160932541,
    -13.100000195205212,
    -10.30000015348196,
    -8.100000120699406,
    0.0,
    -4.400000065565109,
    -11.500000171363354,
    -9.900000147521496,
    -0.5000000074505806,
    -1.8000000268220901,
    -0.10000000149011612,
    -2.7000000402331352,
    -1.600000023841858,
    -1.8000000268220901,
    -3.200000047683716,
    -5.200000077486038,
    -7.500000111758709,
    -8.400000125169754,
    -7.800000116229057,
    -7.500000111758709,
    -4.500000067055225,
    -2.1000000312924385,
    -2.600000038743019,
    -0.20000000298023224,
    -0.5000000074505806,
    -1.1000000163912773,
    -0.4000000059604645,
    -1.8000000268220901,
    -2.7000000402331352,
    -2.2000000327825546,
    -2.600000038743019,
    0.10000000149011612,
    -0.10000000149011612,
    1.1000000163912773,
    0.10000000149011612,
    0.20000000298023224,
    -1.600000023841858,
    2.3000000342726707,
    3.1000000461935997,
    3.7000000551342964,
    -0.10000000149011612,
    -1.8000000268220901
  ]
}