{
  "time": [
    1767225600000000000,
    1767312000000000000,
    1767398400000000000,
    1767484800000000000,
    1767571200000000000,
    1767657600000000000,
    1767744000000000000,
    1767830400000000000,
    1767916800000000000,
    1768003200000000000,
    1768089600000000000,
    1768176000000000000,
    1768262400000000000,
    1768348800000000000,
    1768435200000000000,
    1768521600000000000,
    1768608000000000000,
    1768694400000000000,
    1768780800000000000,
    1768867200000000000,
    1768953600000000000,
    1769040000000000000,
    1769126400000000000,
    1769212800000000000,
    1769299200000000000,
    1769385600000000000,
    1769472000000000000,
    1769558400000000000,
    1769644800000000000,
    1769731200000000000,
    1769817600000000000,
    1769904000000000000,
    1769990400000000000,
    1770076800000000000,
    1770163200000000000
  ],
  "hurs": [
    67.70000100880861,
    73.00000108778477,
    71.70000106841326,
    70.40000104904175,
    77.40000115334988,
    78.00000116229057,
    79.00000117719173,
    88.00000131130219,
    81.50000121444464,
    88.90000132471323,
    85.50000127404928,
    93.00000138580799,
    93.7000013962388,
    92.4000013768673,
    89.40000133216381,
    91.40000136196613,
    95.5000014230609,
    88.00000131130219,
    67.50000100582838,
    67.40000100433826,
    75.50000112503767,
    86.2000012844801,
    86.50000128895044,
    88.50000131875277,
    90.50000134855509,
    92.50000137835741,
    91.2000013589859,
    83.70000124722719,
    94.40000140666962,
    96.2000014334917,
    90.70000135153532,
    86.00000128149986,
    82.5000012293458,
    83.20000123977661,
    88.700001321733
  ],
  "pr": [
    0.0,
    1.7000000476837158,
    0.0,
    0.0,
    0.0,
    0.0,
    0.4000000059604645,
    9.399999618530273,
    0.6000000238418579,
    4.599999904632568,
    0.0,
    3.799999952316284,
    0.10000000149011612,
    0.0,
    0.10000000149011612,
    0.0,
    0.0,
    0.0,
    0.0,
    0.0,
    0.0,
    0.0,
    0.0,
    0.0,
    7.300000190734863,
    3.4000000953674316,
    0.0,
    5.0,
    1.2000000476837158,
    0.10000000149011612,
    0.0,
    0.0,
    0.0,
    0.10000000149011612,
    0.0
  ],
  "tas": [
    -1.3000000193715096,
    0.5000000074505806,
    -1.5000000223517418,
    -3.0000000447034836,
    -6.500000096857548,
    -8.100000120699406,
    -6.200000092387199,
    -2.7000000402331352,
    3.400000050663948,
    0.9000000134110451,
    -6.800000101327896,
    -3.400000050663948,
    2.3000000342726707,
    1.700000025331974,
    2.7000000402331352,
    0.20000000298023224,
    -1.1000000163912773,
    0.5000000074505806,
    -0.4000000059604645,
    -2.2000000327825546,
    -4.400000065565109,
    -7.000000104308128,
    -6.200000092387199,
    -5.000000074505806,
    -3.0000000447034836,
    1.0000000149011612,
    1.0000000149011612,
    1.700000025331974,
    0.4000000059604645,
    0.10000000149011612,
    0.5000000074505806,
    0.9000000134110451,
    -0.20000000298023224,
    -0.10000000149011612,
    -0.20000000298023224
  ],
  "tasmax": [
    2.0000000298023224,
    1.8000000268220901,
    -0.10000000149011612,
    0.20000000298023224,
    -1.8000000268220901,
    -3.7000000551342964,
    -1.8000000268220901,
    0.5000000074505806,
    7.000000104308128,
    3.1000000461935997,
    -2.0000000298023224,
    2.7000000402331352,
    4.700000070035458,
    5.900000087916851,
    7.800000116229057,
    4.500000067055225,
    0.0,
    3.500000052154064,
    3.200000047683716,
    2.0000000298023224,
    -0.20000000298023224,
    -5.700000084936619,
    -3.9000000581145287,
    -2.8000000417232513,
    -1.8000000268220901,
    3.1000000461935997,
    3.9000000581145287,
    4.500000067055225,
    2.0000000298023224,
    1.5000000223517418,
    1.600000023841858,
    3.200000047683716,
    2.2000000327825546,
    3.400000050663948,
    2.3000000342726707
  ],
  "tasmin": [
    -4.700000070035458,
    -1.600000023841858,
    -3.6000000536441803,
    -7.300000108778477,
    -10.800000160932541,
    -13.000000193715096,
    -10.500000156462193,
    -8.300000123679638,
    -0.10000000149011612,
    -4.500000067055225,
    -11.60000017285347,
    -9.900000147521496,
    -0.5000000074505806,
    -1.8000000268220901,
    0.0,
    -2.8000000417232513,
    -1.600000023841858,
    -1.8000000268220901,
    -3.1000000461935997,
    -5.200000077486038,
    -7.700000114738941,
    -8.400000125169754,
    -7.800000116229057,
    -7.500000111758709,
    -4.400000065565109,
    -2.2000000327825546,
    -2.7000000402331352,
    -0.4000000059604645,
    -0.5000000074505806,
    -1.1000000163912773,
    -0.20000000298023224,
    -1.8000000268220901,
    -2.7000000402331352,
    -2.2000000327825546,
    -2.600000038743019
  ]
}