{
  "time": [
    1767225600000000000,
    1767312000000000000,
    1767398400000000000,
    1767484800000000000,
    1767571200000000000,
    1767657600000000000,
    1767744000000000000,
    1767830400000000000,
    1767916800000000000,
    1768003200000000000,
    1768089600000000000,
    1768176000000000000,
    1768262400000000000,
    1768348800000000000,
    1768435200000000000,
    1768521600000000000,
    1768608000000000000,
    1768694400000000000,
    1768780800000000000,
    1768867200000000000,
    1768953600000000000,
    1769040000000000000,
    1769126400000000000,
    1769212800000000000,
    1769299200000000000,
    1769385600000000000,
    1769472000000000000,
    1769558400000000000,
    1769644800000000000,
    1769731200000000000,
    1769817600000000000,
    1769904000000000000,
    1769990400000000000,
    1770076800000000000,
    1770163200000000000,
    1770249600000000000,
    1770336000000000000,
    1770422400000000000,
    1770508800000000000,
    1770595200000000000,
    1770681600000000000,
    1770768000000000000,
    1770854400000000000,
    1770940800000000000,
    1771027200000000000,
    1771113600000000000,
    1771200000000000000,
    1771286400000000000,
    1771372800000000000,
    1771459200000000000,
    1771545600000000000,
    1771632000000000000,
    1771718400000000000,
    1771804800000000000,
    1771891200000000000,
    1771977600000000000,
    1772064000000000000,
    1772150400000000000,
    1772236800000000000,
    1772323200000000000,
    1772409600000000000,
    1772496000000000000,
    1772582400000000000,
    1772668800000000000,
    1772755200000000000,
    1772841600000000000,
    1772928000000000000,
    1773014400000000000,
    1773100800000000000,
    1773187200000000000,
    1773273600000000000,
    1773360000000000000,
    1773446400000000000,
    1773532800000000000,
    1773619200000000000,
    1773705600000000000,
    1773792000000000000,
    1773878400000000000,
    1773964800000000000,
    1774051200000000000,
    1774137600000000000,
    1774224000000000000,
    1774310400000000000,
    1774396800000000000,
    1774483200000000000,
    1774569600000000000,
    1774656000000000000,
    1774742400000000000,
    1774828800000000000,
    1774915200000000000,
    1775001600000000000,
    1775088000000000000,
    1775174400000000000
  ],
  "hurs": [
    69.90000104159117,
    73.00000108778477,
    72.0000010728836,
    70.90000105649233,
    77.20000115036964,
    77.50000115483999,
    79.4000011831522,
    88.20000131428242,
    81.20000120997429,
    88.90000132471323,
    84.70000126212835,
    92.90000138431787,
    93.40000139176846,
    93.50000139325857,
    89.20000132918358,
    90.70000135153532,
    95.5000014230609,
    87.70000130683184,
    68.40000101923943,
    67.40000100433826,
    74.70000111311674,
    87.20000129938126,
    87.5000013038516,
    88.40000131726265,
    90.00000134110451,
    92.70000138133764,
    91.00000135600567,
    84.20000125467777,
    95.40000142157078,
    96.2000014334917,
    91.40000136196613,
    86.50000128895044,
    84.20000125467777,
    83.20000123977661,
    88.700001321733,
    92.20000137388706,
    92.90000138431787,
    94.00000140070915,
    93.00000138580799,
    89.70000133663416,
    91.00000135600567,
    86.50000128895044,
    89.40000133216381,
    82.40000122785568,
    85.50000127404928,
    79.70000118762255,
    91.00000135600567,
    85.0000012665987,
    72.20000107586384,
    90.70000135153532,
    91.00000135600567,
    93.20000138878822,
    88.40000131726265,
    80.20000119507313,
    89.50000133365393,
    94.00000140070915,
    96.50000143796206,
    86.40000128746033,
    81.9000012204051,
    75.7000011280179,
    87.00000129640102,
    92.90000138431787,
    96.50000143796206,
    84.400001257658,
    74.00000110268593,
    75.7000011280179,
    80.40000119805336,
    84.90000126510859,
    77.50000115483999,
    80.0000011920929,
    77.70000115782022,
    72.90000108629465,
    78.50000116974115,
    77.50000115483999,
    84.20000125467777,
    86.50000128895044,
    70.7000010535121,
    59.60000088810921,
    62.500000931322575,
    73.40000109374523,
    57.40000085532665,
    63.10000094026327,
    63.500000946223736,
    70.20000104606152,
    74.20000110566616,
    64.5000009611249,
    65.70000097900629,
    77.70000115782022,
    82.20000122487545,
    73.90000110119581,
    72.50000108033419,
    68.90000102669,
    66.20000098645687
  ],
  "pr": [
    0.0,
    1.7000000476837158,
    0.0,
    0.0,
    0.0,
    0.0,
    0.4000000059604645,
    9.399999618530273,
    0.6000000238418579,
    4.599999904632568,
    0.0,
    3.799999952316284,
    0.10000000149011612,
    0.0,
    0.10000000149011612,
    0.0,
    0.0,
    0.0,
    0.0,
    0.0,
    0.0,
    0.0,
    0.0,
    0.0,
    7.300000190734863,
    3.4000000953674316,
    0.0,
    5.0,
    1.2999999523162842,
    0.10000000149011612,
    0.0,
    0.0,
    0.0,
    0.10000000149011612,
    0.0,
    0.0,
    0.4000000059604645,
    0.20000000298023224,
    0.0,
    0.0,
    3.5,
    7.199999809265137,
    4.699999809265137,
    0.0,
    1.399999976158142,
    6.599999904632568,
    8.899999618530273,
    0.800000011920929,
    1.2999999523162842,
    12.600000381469727,
    0.6000000238418579,
    4.400000095367432,
    6.0,
    5.300000190734863,
    4.300000190734863,
    0.10000000149011612,
    0.0,
    0.0,
    0.0,
    0.10000000149011612,
    0.0,
    0.0,
    0.0,
    0.0,
    0.0,
    0.0,
    0.0,
    0.0,
    0.5,
    3.200000047683716,
    0.0,
    0.0,
    0.800000011920929,
    0.0,
    3.799999952316284,
    0.10000000149011612,
    0.0,
    0.0,
    0.0,
    0.0,
    0.0,
    0.0,
    0.0,
    2.299999952316284,
    0.10000000149011612,
    0.0,
    2.4000000953674316,
    0.10000000149011612,
    5.599999904632568,
    0.0,
    0.0,
    0.0,
    0.8999999761581421
  ],