{
  "time": [
    1767268800000000000,
    1767355200000000000,
    1767441600000000000
  ],
  "hurs": [
    67.70000100880861,
    73.200001090765,
    72.20000107586384
  ]
}