{
  "time": [
    1767225600000000000,
    1767312000000000000,
    1767398400000000000,
    1767484800000000000,
    1767571200000000000,
    1767657600000000000,
    1767744000000000000,
    1767830400000000000,
    1767916800000000000,
    1768003200000000000,
    1768089600000000000,
    1768176000000000000,
    1768262400000000000,
    1768348800000000000,
    1768435200000000000,
    1768521600000000000,
    1768608000000000000,
    1768694400000000000,
    1768780800000000000,
    1768867200000000000,
    1768953600000000000,
    1769040000000000000,
    1769126400000000000,
    1769212800000000000,
    1769299200000000000,
    1769385600000000000,
    1769472000000000000,
    1769558400000000000,
    1769644800000000000,
    1769731200000000000,
    1769817600000000000,
    1769904000000000000,
    1769990400000000000,
    1770076800000000000,
    1770163200000000000,
    1770249600000000000,
    1770336000000000000,
    1770422400000000000,
    1770508800000000000,
    1770595200000000000,
    1770681600000000000,
    1770768000000000000,
    1770854400000000000,
    1770940800000000000,
    1771027200000000000,
    1771113600000000000,
    1771200000000000000
  ],
  "hurs": [
    69.90000104159117,
    73.00000108778477,
    72.0000010728836,
    70.90000105649233,
    77.20000115036964,
    77.50000115483999,
    79.4000011831522,
    88.20000131428242,
    81.20000120997429,
    88.90000132471323,
    84.70000126212835,
    92.90000138431787,
    93.40000139176846,
    93.50000139325857,
    89.20000132918358,
    90.70000135153532,
    95.5000014230609,
    87.70000130683184,
    68.40000101923943,
    67.40000100433826,
    74.70000111311674,
    87.20000129938126,
    87.5000013038516,
    88.40000131726265,
    90.00000134110451,
    92.70000138133764,
    91.00000135600567,
    84.20000125467777,
    95.40000142157078,
    96.2000014334917,
    91.40000136196613,
    86.00000128149986,
    82.5000012293458,
    83.20000123977661,
    88.700001321733,
    92.50000137835741,
    94.00000140070915,
    95.00000141561031,
    92.70000138133764,
    90.40000134706497,
    90.70000135153532,
    85.70000127702951,
    89.70000133663416,
    82.20000122487545,
    85.40000127255917,
    79.70000118762255,
    91.00000135600567
  ]
}