{
  "time": [
    1767225600000000000,
    1767312000000000000,
    1767398400000000000,
    1767484800000000000,
    1767571200000000000,
    1767657600000000000,
    1767744000000000000,
    1767830400000000000,
    1767916800000000000,
    1768003200000000000,
    1768089600000000000,
    1768176000000000000,
    1768262400000000000,
    1768348800000000000,
    1768435200000000000,
    1768521600000000000,
    1768608000000000000,
    1768694400000000000,
    1768780800000000000,
    1768867200000000000,
    1768953600000000000,
    1769040000000000000,
    1769126400000000000,
    1769212800000000000,
    1769299200000000000,
    1769385600000000000,
    1769472000000000000,
    1769558400000000000,
    1769644800000000000,
    1769731200000000000,
    1769817600000000000,
    1769904000000000000,
    1769990400000000000,
    1770076800000000000,
    1770163200000000000,
    1770249600000000000
  ],
  "hurs": [
    67.70000100880861,
    73.00000108778477,
    71.70000106841326,
    70.40000104904175,
    77.40000115334988,
    78.00000116229057,
    79.00000117719173,
    88.00000131130219,
    81.50000121444464,
    88.90000132471323,
    85.50000127404928,
    93.00000138580799,
    93.7000013962388,
    92.4000013768673,
    89.40000133216381,
    91.40000136196613,
    95.5000014230609,
    88.00000131130219,
    67.50000100582838,
    67.40000100433826,
    75.50000112503767,
    86.2000012844801,
    86.50000128895044,
    88.50000131875277,
    90.50000134855509,
    92.50000137835741,
    91.2000013589859,
    83.70000124722719,
    94.40000140666962,
    96.2000014334917,
    90.70000135153532,
    86.00000128149986,
    82.5000012293458,
    83.20000123977661,
    88.700001321733,
    92.50000137835741
  ]
}