{
  "time": [
    1767225600000000000,
    1767312000000000000,
    1767398400000000000,
    1767484800000000000,
    1767571200000000000,
    1767657600000000000,
    1767744000000000000,
    1767830400000000000,
    1767916800000000000,
    1768003200000000000,
    1768089600000000000,
    1768176000000000000,
    1768262400000000000,
    1768348800000000000,
    1768435200000000000,
    1768521600000000000,
    1768608000000000000,
    1768694400000000000,
    1768780800000000000,
    1768867200000000000,
    1768953600000000000,
    1769040000000000000,
    1769126400000000000,
    1769212800000000000,
    1769299200000000000,
    1769385600000000000,
    1769472000000000000,
    1769558400000000000,
    1769644800000000000,
    1769731200000000000,
    1769817600000000000,
    1769904000000000000,
    1769990400000000000,
    1770076800000000000,
    1770163200000000000,
    1770249600000000000,
    1770336000000000000
  ],
  "tas": [
    -1.3000000193715096,
    0.5000000074505806,
    -1.5000000223517418,
    -3.0000000447034836,
    -6.500000096857548,
    -8.100000120699406,
    -6.200000092387199,
    -2.7000000402331352,
    3.400000050663948,
    0.9000000134110451,
    -6.800000101327896,
    -3.400000050663948,
    2.3000000342726707,
    1.700000025331974,
    2.7000000402331352,
    0.20000000298023224,
    -1.1000000163912773,
    0.5000000074505806,
    -0.4000000059604645,
    -2.2000000327825546,
    -4.400000065565109,
    -7.000000104308128,
    -6.200000092387199,
    -5.000000074505806,
    -3.0000000447034836,
    1.0000000149011612,
    1.0000000149011612,
    1.700000025331974,
    0.4000000059604645,
    0.10000000149011612,
    0.5000000074505806,
    0.9000000134110451,
    -0.20000000298023224,
    -0.10000000149011612,
    -0.20000000298023224,
    0.5000000074505806,
    1.3000000193715096
  ]
}