{
  "time": [
    1767268800000000000,
    1767355200000000000,
    1767441600000000000
  ],
  "tasmin": [
    -4.700000070035458,
    -1.8000000268220901,
    -3.7000000551342964
  ]
}