{
  "time": [
    1767225600000000000,
    1767312000000000000,
    1767398400000000000,
    1767484800000000000,
    1767571200000000000,
    1767657600000000000,
    1767744000000000000,
    1767830400000000000,
    1767916800000000000,
    1768003200000000000,
    1768089600000000000,
    1768176000000000000,
    1768262400000000000,
    1768348800000000000,
    1768435200000000000,
    1768521600000000000,
    1768608000000000000,
    1768694400000000000,
    1768780800000000000,
    1768867200000000000,
    1768953600000000000,
    1769040000000000000,
    1769126400000000000,
    1769212800000000000,
    1769299200000000000,
    1769385600000000000,
    1769472000000000000,
    1769558400000000000,
    1769644800000000000,
    1769731200000000000,
    1769817600000000000,
    1769904000000000000,
    1769990400000000000,
    1770076800000000000,
    1770163200000000000,
    1770249600000000000,
    1770336000000000000,
    1770422400000000000,
    1770508800000000000,
    1770595200000000000,
    1770681600000000000,
    1770768000000000000,
    1770854400000000000,
    1770940800000000000,
    1771027200000000000
  ],
  "tasmin": [
    -4.700000070035458,
    -1.600000023841858,
    -3.6000000536441803,
    -7.300000108778477,
    -10.800000160932541,
    -13.000000193715096,
    -10.500000156462193,
    -8.300000123679638,
    -0.10000000149011612,
    -4.500000067055225,
    -11.60000017285347,
    -9.900000147521496,
    -0.5000000074505806,
    -1.8000000268220901,
    0.0,
    -2.8000000417232513,
    -1.600000023841858,
    -1.8000000268220901,
    -3.1000000461935997,
    -5.200000077486038,
    -7.700000114738941,
    -8.400000125169754,
    -7.800000116229057,
    -7.500000111758709,
    -4.400000065565109,
    -2.2000000327825546,
    -2.7000000402331352,
    -0.4000000059604645,
    -0.5000000074505806,
    -1.1000000163912773,
    -0.20000000298023224,
    -1.8000000268220901,
    -2.7000000402331352,
    -2.2000000327825546,
    -2.600000038743019,
    0.10000000149011612,
    -0.10000000149011612,
    1.1000000163912773,
    0.10000000149011612,
    0.20000000298023224,
    -1.600000023841858,
    2.3000000342726707,
    3.1000000461935997,
    3.7000000551342964,
    -0.10000000149011612
  ]
}