{
  "time": [
    1767268800000000000,
    1767355200000000000,
    1767441600000000000
  ],
  "tasmax": [
    2.1000000312924385,
    1.700000025331974,
    -0.20000000298023224
  ]
}