{
  "time": [
    1767225600000000000,
    1767312000000000000,
    1767398400000000000,
    1767484800000000000,
    1767571200000000000,
    1767657600000000000,
    1767744000000000000,
    1767830400000000000,
    1767916800000000000,
    1768003200000000000,
    1768089600000000000,
    1768176000000000000,
    1768262400000000000,
    1768348800000000000,
    1768435200000000000,
    1768521600000000000,
    1768608000000000000,
    1768694400000000000,
    1768780800000000000,
    1768867200000000000,
    1768953600000000000,
    1769040000000000000,
    1769126400000000000,
    1769212800000000000,
    1769299200000000000,
    1769385600000000000,
    1769472000000000000,
    1769558400000000000,
    1769644800000000000,
    1769731200000000000,
    1769817600000000000,
    1769904000000000000,
    1769990400000000000,
    1770076800000000000,
    1770163200000000000,
    1770249600000000000,
    1770336000000000000,
    1770422400000000000,
    1770508800000000000,
    1770595200000000000,
    1770681600000000000,
    1770768000000000000,
    1770854400000000000,
    1770940800000000000,
    1771027200000000000,
    1771113600000000000,
    1771200000000000000,
    1771286400000000000,
    1771372800000000000,
    1771459200000000000,
    1771545600000000000,
    1771632000000000000,
    1771718400000000000,
    1771804800000000000,
    1771891200000000000,
    1771977600000000000,
    1772064000000000000,
    1772150400000000000,
    1772236800000000000,
    1772323200000000000,
    1772409600000000000,
    1772496000000000000,
    1772582400000000000,
    1772668800000000000,
    1772755200000000000,
    1772841600000000000,
    1772928000000000000,
    1773014400000000000,
    1773100800000000000,
    1773187200000000000,
    1773273600000000000
  ],
  "tasmax": [
    1.8000000268220901,
    1.8000000268220901,
    0.0,
    0.20000000298023224,
    -1.8000000268220901,
    -3.7000000551342964,
    -1.8000000268220901,
    0.5000000074505806,
    7.000000104308128,
    3.200000047683716,
    -2.1000000312924385,
    2.7000000402331352,
    4.700000070035458,
    5.900000087916851,
    7.800000116229057,
    4.700000070035458,
    -0.10000000149011612,
    3.500000052154064,
    3.200000047683716,
    2.0000000298023224,
    -0.10000000149011612,
    -5.700000084936619,
    -3.7000000551342964,
    -2.7000000402331352,
    -1.8000000268220901,
    3.1000000461935997,
    4.000000059604645,
    4.400000065565109,
    1.8000000268220901,
    1.3000000193715096,
    1.600000023841858,
    3.200000047683716,
    2.1000000312924385,
    3.200000047683716,
    2.600000038743019,
    1.600000023841858,
    4.700000070035458,
    9.00000013411045,
    7.700000114738941,
    4.000000059604645,
    4.400000065565109,
    11.500000171363354,
    8.900000132620335,
    8.50000012665987,
    5.900000087916851,
    0.5000000074505806,
    5.900000087916851,
    6.000000089406967,
    4.500000067055225,
    1.3000000193715096,
    2.1000000312924385,
    7.300000108778477,
    10.900000162422657,
    11.400000169873238,
    10.30000015348196,
    10.000000149011612,
    9.300000138580799,
    16.300000242888927,
    15.600000232458115,
    10.30000015348196,
    11.300000168383121,
    10.500000156462193,
    8.600000128149986,
    13.600000202655792,
    15.000000223517418,
    15.300000227987766,
    14.100000210106373,
    13.100000195205212,
    16.800000250339508,
    15.400000229477882,
    12.800000190734863
  ]
}