{
  "time": [
    1767225600000000000,
    1767312000000000000,
    1767398400000000000,
    1767484800000000000,
    1767571200000000000,
    1767657600000000000,
    1767744000000000000,
    1767830400000000000,
    1767916800000000000,
    1768003200000000000,
    1768089600000000000,
    1768176000000000000,
    1768262400000000000,
    1768348800000000000,
    1768435200000000000,
    1768521600000000000,
    1768608000000000000,
    1768694400000000000,
    1768780800000000000,
    1768867200000000000,
    1768953600000000000,
    1769040000000000000,
    1769126400000000000,
    1769212800000000000,
    1769299200000000000,
    1769385600000000000,
    1769472000000000000,
    1769558400000000000,
    1769644800000000000,
    1769731200000000000,
    1769817600000000000,
    1769904000000000000,
    1769990400000000000,
    1770076800000000000,
    1770163200000000000,
    1770249600000000000,
    1770336000000000000,
    1770422400000000000,
    1770508800000000000,
    1770595200000000000,
    1770681600000000000,
    1770768000000000000,
    1770854400000000000,
    1770940800000000000,
    1771027200000000000,
    1771113600000000000,
    1771200000000000000,
    1771286400000000000,
    1771372800000000000,
    1771459200000000000,
    1771545600000000000,
    1771632000000000000,
    1771718400000000000,
    1771804800000000000,
    1771891200000000000,
    1771977600000000000,
    1772064000000000000,
    1772150400000000000,
    1772236800000000000,
    1772323200000000000,
    1772409600000000000,
    1772496000000000000,
    1772582400000000000,
    1772668800000000000,
    1772755200000000000,
    1772841600000000000,
    1772928000000000000,
    1773014400000000000,
    1773100800000000000,
    1773187200000000000,
    1773273600000000000
  ],
  "hurs": [
    77.40000115334988,
    84.20000125467777,
    84.90000126510859,
    82.90000123530626,
    82.5000012293458,
    85.20000126957893,
    79.20000118017197,
    83.90000125020742,
    85.70000127702951,
    86.50000128895044,
    83.20000123977661,
    89.40000133216381,
    86.50000128895044,
    88.700001321733,
    82.5000012293458,
    81.40000121295452,
    78.00000116229057,
    86.00000128149986,
    85.20000126957893,
    78.00000116229057,
    68.40000101923943,
    65.70000097900629,
    68.50000102072954,
    77.70000115782022,
    75.7000011280179,
    90.00000134110451,
    86.00000128149986,
    93.50000139325857,
    93.40000139176846,
    86.00000128149986,
    87.5000013038516,
    86.50000128895044,
    77.00000114738941,
    81.50000121444464,
    82.5000012293458,
    81.9000012204051,
    86.50000128895044,
    82.5000012293458,
    90.50000134855509,
    79.50000118464231,
    82.00000122189522,
    93.00000138580799,
    91.90000136941671,
    83.50000124424696,
    82.00000122189522,
    79.4000011831522,
    91.50000136345625,
    87.40000130236149,
    69.40000103414059,
    82.00000122189522,
    79.70000118762255,
    86.00000128149986,
    91.40000136196613,
    81.50000121444464,
    94.20000140368938,
    81.9000012204051,
    76.70000114291906,
    68.00000101327896,
    67.70000100880861,
    68.70000102370977,
    64.20000095665455,
    67.90000101178885,
    73.00000108778477,
    57.600000858306885,
    60.60000090301037,
    71.70000106841326,
    65.50000097602606,
    69.5000010356307,
    75.7000011280179,
    84.00000125169754,
    70.50000105053186
  ],
  "pr": [
    1.0,
    2.0999999046325684,
    2.9000000953674316,
    0.0,
    2.0,
    0.20000000298023224,
    2.4000000953674316,
    6.300000190734863,
    9.800000190734863,
    0.20000000298023224,
    2.299999952316284,
    6.699999809265137,
    1.0,
    1.600000023841858,
    0.0,
    2.200000047683716,
    0.0,
    0.0,
    0.0,
    0.0,
    0.0,
    0.10000000149011612,
    0.30000001192092896,
    0.20000000298023224,
    0.0,
    0.4000000059604645,
    3.5999999046325684,
    4.800000190734863,
    0.5,
    0.5,
    1.2999999523162842,
    0.0,
    0.0,
    3.0999999046325684,
    0.0,
    0.800000011920929,
    1.7999999523162842,
    0.0,
    0.0,
    0.0,
    2.0999999046325684,
    9.0,
    6.0,
    0.0,
    0.0,
    8.399999618530273,
    12.0,
    2.700000047683716,
    2.4000000953674316,
    2.299999952316284,
    1.2999999523162842,
    5.599999904632568,
    5.800000190734863,
    2.0,
    0.0,
    0.0,
    0.0,
    0.699999988079071,
    0.0,
    0.0,
    0.0,
    0.0,
    0.0,
    0.0,
    0.0,
    0.0,
    0.0,
    0.0,
    0.4000000059604645,
    6.599999904632568,
    0.0
  ],
  "tas": [
    3.500000052154064,
    1.700000025331974,
    0.800000011920929,
    0.20000000298023224,
    -1.700000025331974,
    -0.9000000134110451,
    -1.3000000193715096,
    2.0000000298023224,
    3.500000052154064,
    -1.700000025331974,
    -3.7000000551342964,
    3.7000000551342964,
    8.50000012665987,
    8.900000132620335,
    9.600000143051147,
    10.000000149011612,
    7.900000117719173,
    2.3000000342726707,
    1.5000000223517418,
    2.1000000312924385,
    4.000000059604645,
    3.200000047683716,
    4.90000007301569,
    3.200000047683716,
    0.0,
    -0.20000000298023224,
    2.600000038743019,
    3.200000047683716,
    1.1000000163912773,
    2.3000000342726707,
    5.000000074505806,
    4.400000065565109,
    3.6000000536441803,
    2.1000000312924385,
    4.700000070035458,
    4.000000059604645,
    4.500000067055225,
    7.900000117719173,
    4.500000067055225,
    4.000000059604645,
    6.500000096857548,
    9.100000135600567,
    8.50000012665987,
    5.200000077486038,
    0.20000000298023224,
    0.10000000149011612,
    3.500000052154064,
    3.9000000581145287,
    3.1000000461935997,
    2.500000037252903,
    3.7000000551342964,
    9.500000141561031,
    11.60000017285347,
    9.500000141561031,
    9.900000147521496,
    11.900000177323818,
    12.800000190734863,
    14.100000210106373,
    11.400000169873238,
    8.400000125169754,
    10.000000149011612,
    10.500000156462193,
    9.500000141561031,
    11.400000169873238,
    11.400000169873238,
    10.000000149011612,
    10.500000156462193,
    10.600000157952309,
    10.900000162422657,
    9.600000143051147,
    8.50000012665987
  ],
  "tasmax": [
    4.700000070035458,
    3.7000000551342964,
    1.600000023841858,
    1.3000000193715096,
    0.20000000298023224,
    0.9000000134110451,
    0.800000011920929,
    3.500000052154064,
    6.200000092387199,
    0.9000000134110451,
    0.20000000298023224,
    8.50000012665987,
    10.500000156462193,
    10.500000156462193,
    11.300000168383121,
    11.500000171363354,
    12.500000186264515,
    5.000000074505806,
    3.7000000551342964,
    6.400000095367432,
    7.500000111758709,
    7.500000111758709,
    8.900000132620335,
    7.000000104308128,
    2.2000000327825546,
    0.20000000298023224,
    5.200000077486038,
    5.000000074505806,
    1.8000000268220901,
    5.000000074505806,
    7.400000110268593,
    7.500000111758709,
    6.200000092387199,
    4.500000067055225,
    9.80000014603138,
    7.800000116229057,
    7.000000104308128,
    13.100000195205212,
    7.000000104308128,
    7.700000114738941,
    9.80000014603138,
    11.000000163912773,
    9.500000141561031,
    8.00000011920929,
    1.600000023841858,
    4.500000067055225,
    7.300000108778477,
    5.900000087916851,
    6.000000089406967,
    4.90000007301569,
    7.900000117719173,
    11.400000169873238,
    13.000000193715096,
    11.900000177323818,
    12.000000178813934,
    17.100000254809856,
    19.000000283122063,
    20.10000029951334,
    14.600000217556953,
    14.100000210106373,
    16.600000247359276,
    18.100000269711018,
    17.80000026524067,
    18.30000027269125,
    18.600000277161598,
    18.30000027269125,
    19.60000029206276,
    18.30000027269125,
    16.800000250339508,
    12.000000178813934,
    13.000000193715096
  ],