{
  "time": [
    1767268800000000000,
    1767355200000000000,
    1767441600000000000
  ],
  "hurs": [
    78.90000117570162,
    84.50000125914812,
    84.50000125914812
  ],
  "pr": [
    1.100000023841858,
    1.899999976158142,
    2.9000000953674316
  ],
  "tas": [
    3.200000047683716,
    1.700000025331974,
    0.800000011920929
  ],
  "tasmax": [
    4.400000065565109,
    3.7000000551342964,
    1.600000023841858
  ],
  "tasmin": [
    2.2000000327825546,
    0.20000000298023224,
    -0.10000000149011612
  ]
}