{
  "time": [
    1767268800000000000
  ],
  "hurs": [
    78.90000117570162
  ],
  "pr": [
    1.100000023841858
  ],
  "tas": [
    3.200000047683716
  ],
  "tasmax": [
    4.400000065565109
  ],
  "tasmin": [
    2.2000000327825546
  ]
}