{
  "time": [
    1767225600000000000,
    1767312000000000000,
    1767398400000000000,
    1767484800000000000,
    1767571200000000000,
    1767657600000000000,
    1767744000000000000,
    1767830400000000000,
    1767916800000000000,
    1768003200000000000,
    1768089600000000000,
    1768176000000000000,
    1768262400000000000,
    1768348800000000000,
    1768435200000000000,
    1768521600000000000,
    1768608000000000000,
    1768694400000000000,
    1768780800000000000,
    1768867200000000000,
    1768953600000000000,
    1769040000000000000,
    1769126400000000000,
    1769212800000000000,
    1769299200000000000,
    1769385600000000000,
    1769472000000000000,
    1769558400000000000,
    1769644800000000000,
    1769731200000000000,
    1769817600000000000,
    1769904000000000000,
    1769990400000000000,
    1770076800000000000,
    1770163200000000000,
    1770249600000000000,
    1770336000000000000,
    1770422400000000000,
    1770508800000000000,
    1770595200000000000,
    1770681600000000000,
    1770768000000000000,
    1770854400000000000,
    1770940800000000000
  ],
  "hurs": [
    78.40000116825104,
    84.50000125914812,
    86.00000128149986,
    82.90000123530626,
    81.70000121742487,
    85.70000127702951,
    79.20000118017197,
    83.40000124275684,
    83.50000124424696,
    88.90000132471323,
    82.70000123232603,
    88.700001321733,
    85.90000128000975,
    91.00000135600567,
    82.20000122487545,
    80.70000120252371,
    78.2000011652708,
    84.20000125467777,
    84.50000125914812,
    78.00000116229057,
    69.40000103414059,
    66.20000098645687,
    68.50000102072954,
    78.50000116974115,
    76.70000114291906,
    89.50000133365393,
    86.00000128149986,
    93.00000138580799,
    93.20000138878822,
    85.40000127255917,
    84.50000125914812,
    85.40000127255917,
    74.20000110566616,
    79.70000118762255,
    83.00000123679638,
    82.00000122189522,
    86.70000129193068,
    82.5000012293458,
    90.50000134855509,
    79.00000117719173,
    82.20000122487545,
    94.20000140368938,
    91.90000136941671,
    82.00000122189522
  ],
  "pr": [
    1.0,
    1.899999976158142,
    2.799999952316284,
    0.0,
    2.0,
    0.20000000298023224,
    2.299999952316284,
    6.300000190734863,
    9.399999618530273,
    0.20000000298023224,
    2.299999952316284,
    6.699999809265137,
    0.8999999761581421,
    1.600000023841858,
    0.0,
    2.200000047683716,
    0.0,
    0.0,
    0.0,
    0.0,
    0.0,
    0.10000000149011612,
    0.30000001192092896,
    0.20000000298023224,
    0.0,
    0.4000000059604645,
    3.5999999046325684,
    4.900000095367432,
    0.6000000238418579,
    0.5,
    1.2000000476837158,
    0.0,
    0.0,
    3.0,
    0.0,
    0.699999988079071,
    1.899999976158142,
    0.0,
    0.0,
    0.0,
    3.5,
    9.199999809265137,
    6.0,
    0.0
  ],
  "tas": [
    3.400000050663948,
    1.700000025331974,
    0.6000000089406967,
    0.20000000298023224,
    -1.700000025331974,
    -0.9000000134110451,
    -1.3000000193715096,
    2.1000000312924385,
    3.9000000581145287,
    -2.1000000312924385,
    -3.7000000551342964,
    3.7000000551342964,
    8.50000012665987,
    8.600000128149986,
    9.600000143051147,
    10.000000149011612,
    7.800000116229057,
    2.500000037252903,
    1.5000000223517418,
    2.0000000298023224,
    3.7000000551342964,
    3.1000000461935997,
    4.700000070035458,
    2.8000000417232513,
    -0.20000000298023224,
    -0.20000000298023224,
    2.7000000402331352,
    3.200000047683716,
    1.1000000163912773,
    2.500000037252903,
    5.200000077486038,
    4.500000067055225,
    3.6000000536441803,
    2.1000000312924385,
    4.700000070035458,
    4.000000059604645,
    4.400000065565109,
    7.900000117719173,
    4.500000067055225,
    4.000000059604645,
    6.500000096857548,
    9.100000135600567,
    8.50000012665987,
    5.000000074505806
  ],
  "tasmax": [
    4.700000070035458,
    3.7000000551342964,
    1.5000000223517418,
    1.3000000193715096,
    0.20000000298023224,
    0.9000000134110451,
    0.9000000134110451,
    3.500000052154064,
    6.70000009983778,
    0.5000000074505806,
    0.20000000298023224,
    8.50000012665987,
    10.500000156462193,
    10.100000150501728,
    11.300000168383121,
    11.500000171363354,
    12.500000186264515,
    5.200000077486038,
    3.7000000551342964,
    6.200000092387199,
    7.300000108778477,
    7.500000111758709,
    8.600000128149986,
    6.500000096857548,
    2.0000000298023224,
    0.20000000298023224,
    5.4000000804662704,
    5.000000074505806,
    1.8000000268220901,
    5.200000077486038,
    7.500000111758709,
    7.500000111758709,
    6.400000095367432,
    4.500000067055225,
    9.80000014603138,
    7.900000117719173,
    7.000000104308128,
    13.100000195205212,
    7.000000104308128,
    7.700000114738941,
    9.600000143051147,
    11.10000016540289,
    9.500000141561031,
    7.800000116229057
  ],
  "tasmin": [
    2.2000000327825546,
    0.20000000298023224,
    -0.20000000298023224,
    -3.0000000447034836,
    -4.000000059604645,
    -3.9000000581145287,
    -3.7000000551342964,
    0.20000000298023224,
    0.6000000089406967,
    -6.400000095367432,
    -8.50000012665987,
    0.20000000298023224,
    6.70000009983778,
    6.900000102818012,
    7.500000111758709,
    5.900000087916851,
    2.8000000417232513,
    0.10000000149011612,
    -0.20000000298023224,
    -1.5000000223517418,
    0.0,
    -1.1000000163912773,
    2.7000000402331352,
    -0.9000000134110451,
    -2.1000000312924385,
    -1.0000000149011612,
    -0.20000000298023224,
    0.20000000298023224,
    0.20000000298023224,
    0.20000000298023224,
    3.200000047683716,
    1.8000000268220901,
    0.9000000134110451,
    -0.20000000298023224,
    0.9000000134110451,
    1.1000000163912773,
    2.2000000327825546,
    3.200000047683716,
    1.3000000193715096,
    0.10000000149011612,
    3.500000052154064,
    7.400000110268593,
    7.400000110268593,
    2.2000000327825546
  ]
}