{
  "time": [
    1767225600000000000,
    1767312000000000000,
    1767398400000000000,
    1767484800000000000,
    1767571200000000000,
    1767657600000000000,
    1767744000000000000,
    1767830400000000000,
    1767916800000000000,
    1768003200000000000,
    1768089600000000000,
    1768176000000000000,
    1768262400000000000,
    1768348800000000000,
    1768435200000000000,
    1768521600000000000,
    1768608000000000000,
    1768694400000000000,
    1768780800000000000,
    1768867200000000000,
    1768953600000000000,
    1769040000000000000,
    1769126400000000000,
    1769212800000000000,
    1769299200000000000,
    1769385600000000000,
    1769472000000000000,
    1769558400000000000,
    1769644800000000000,
    1769731200000000000,
    1769817600000000000,
    1769904000000000000,
    1769990400000000000,
    1770076800000000000,
    1770163200000000000,
    1770249600000000000,
    1770336000000000000,
    1770422400000000000,
    1770508800000000000,
    1770595200000000000,
    1770681600000000000,
    1770768000000000000,
    1770854400000000000,
    1770940800000000000
  ],
  "hurs": [
    78.40000116825104,
    84.50000125914812,
    86.00000128149986,
    82.90000123530626,
    81.70000121742487,
    85.70000127702951,
    79.20000118017197,
    83.40000124275684,
    83.50000124424696,
    88.90000132471323,
    82.70000123232603,
    88.700001321733,
    85.90000128000975,
    91.00000135600567,
    82.20000122487545,
    80.70000120252371,
    78.2000011652708,
    84.20000125467777,
    84.50000125914812,
    78.00000116229057,
    69.40000103414059,
    66.20000098645687,
    68.50000102072954,
    78.50000116974115,
    76.70000114291906,
    89.50000133365393,
    86.00000128149986,
    93.00000138580799,
    93.20000138878822,
    85.40000127255917,
    84.50000125914812,
    85.40000127255917,
    74.20000110566616,
    79.70000118762255,
    83.00000123679638,
    82.00000122189522,
    86.70000129193068,
    82.5000012293458,
    90.50000134855509,
    79.00000117719173,
    82.20000122487545,
    94.20000140368938,
    91.90000136941671,
    82.00000122189522
  ]
}