{
  "time": [
    1767225600000000000,
    1767312000000000000,
    1767398400000000000,
    1767484800000000000,
    1767571200000000000,
    1767657600000000000,
    1767744000000000000,
    1767830400000000000,
    1767916800000000000,
    1768003200000000000,
    1768089600000000000,
    1768176000000000000,
    1768262400000000000,
    1768348800000000000,
    1768435200000000000,
    1768521600000000000,
    1768608000000000000,
    1768694400000000000,
    1768780800000000000,
    1768867200000000000,
    1768953600000000000,
    1769040000000000000,
    1769126400000000000,
    1769212800000000000,
    1769299200000000000,
    1769385600000000000,
    1769472000000000000,
    1769558400000000000,
    1769644800000000000,
    1769731200000000000,
    1769817600000000000,
    1769904000000000000,
    1769990400000000000,
    1770076800000000000,
    1770163200000000000,
    1770249600000000000,
    1770336000000000000,
    1770422400000000000,
    1770508800000000000,
    1770595200000000000,
    1770681600000000000,
    1770768000000000000,
    1770854400000000000,
    1770940800000000000,
    1771027200000000000,
    1771113600000000000,
    1771200000000000000,
    1771286400000000000,
    1771372800000000000,
    1771459200000000000,
    1771545600000000000,
    1771632000000000000,
    1771718400000000000,
    1771804800000000000,
    1771891200000000000,
    1771977600000000000,
    1772064000000000000,
    1772150400000000000,
    1772236800000000000,
    1772323200000000000,
    1772409600000000000,
    1772496000000000000,
    1772582400000000000,
    1772668800000000000,
    1772755200000000000,
    1772841600000000000,
    1772928000000000000,
    1773014400000000000,
    1773100800000000000,
    1773187200000000000,
    1773273600000000000,
    1773360000000000000
  ],
  "hurs": [
    77.40000115334988,
    84.20000125467777,
    84.90000126510859,
    82.90000123530626,
    82.5000012293458,
    85.20000126957893,
    79.20000118017197,
    83.90000125020742,
    85.70000127702951,
    86.50000128895044,
    83.20000123977661,
    89.40000133216381,
    86.50000128895044,
    88.700001321733,
    82.5000012293458,
    81.40000121295452,
    78.00000116229057,
    86.00000128149986,
    85.20000126957893,
    78.00000116229057,
    68.40000101923943,
    65.70000097900629,
    68.50000102072954,
    77.70000115782022,
    75.7000011280179,
    90.00000134110451,
    86.00000128149986,
    93.50000139325857,
    93.40000139176846,
    86.00000128149986,
    87.5000013038516,
    86.50000128895044,
    77.00000114738941,
    81.50000121444464,
    82.5000012293458,
    81.9000012204051,
    86.50000128895044,
    82.5000012293458,
    90.50000134855509,
    79.50000118464231,
    82.00000122189522,
    93.00000138580799,
    91.90000136941671,
    83.50000124424696,
    82.00000122189522,
    79.4000011831522,
    91.50000136345625,
    87.40000130236149,
    69.40000103414059,
    82.00000122189522,
    79.70000118762255,
    86.00000128149986,
    91.40000136196613,
    81.50000121444464,
    94.20000140368938,
    81.9000012204051,
    76.70000114291906,
    68.00000101327896,
    67.70000100880861,
    68.70000102370977,
    64.20000095665455,
    67.90000101178885,
    73.00000108778477,
    57.600000858306885,
    60.60000090301037,
    71.70000106841326,
    65.50000097602606,
    69.5000010356307,
    75.7000011280179,
    84.00000125169754,
    70.50000105053186,
    79.90000119060278
  ]
}