{
  "time": [
    1767268800000000000,
    1767355200000000000,
    1767441600000000000
  ],
  "hurs": [
    78.90000117570162,
    84.50000125914812,
    84.50000125914812
  ]
}