{
  "time": [
    1767225600000000000,
    1767312000000000000,
    1767398400000000000,
    1767484800000000000,
    1767571200000000000,
    1767657600000000000,
    1767744000000000000,
    1767830400000000000,
    1767916800000000000,
    1768003200000000000,
    1768089600000000000,
    1768176000000000000,
    1768262400000000000,
    1768348800000000000,
    1768435200000000000,
    1768521600000000000,
    1768608000000000000,
    1768694400000000000,
    1768780800000000000,
    1768867200000000000,
    1768953600000000000,
    1769040000000000000,
    1769126400000000000,
    1769212800000000000,
    1769299200000000000,
    1769385600000000000,
    1769472000000000000,
    1769558400000000000,
    1769644800000000000,
    1769731200000000000,
    1769817600000000000,
    1769904000000000000,
    1769990400000000000,
    1770076800000000000,
    1770163200000000000,
    1770249600000000000,
    1770336000000000000,
    1770422400000000000,
    1770508800000000000,
    1770595200000000000,
    1770681600000000000,
    1770768000000000000,
    1770854400000000000,
    1770940800000000000,
    1771027200000000000,
    1771113600000000000,
    1771200000000000000,
    1771286400000000000,
    1771372800000000000,
    1771459200000000000
  ],
  "hurs": [
    77.40000115334988,
    84.20000125467777,
    84.90000126510859,
    82.90000123530626,
    82.5000012293458,
    85.20000126957893,
    79.20000118017197,
    83.90000125020742,
    85.70000127702951,
    86.50000128895044,
    83.20000123977661,
    89.40000133216381,
    86.50000128895044,
    88.700001321733,
    82.5000012293458,
    81.40000121295452,
    78.00000116229057,
    86.00000128149986,
    85.20000126957893,
    78.00000116229057,
    68.40000101923943,
    65.70000097900629,
    68.50000102072954,
    77.70000115782022,
    75.7000011280179,
    90.00000134110451,
    86.00000128149986,
    93.50000139325857,
    93.40000139176846,
    86.00000128149986,
    87.5000013038516,
    85.40000127255917,
    74.20000110566616,
    79.70000118762255,
    83.00000123679638,
    82.00000122189522,
    86.70000129193068,
    82.5000012293458,
    90.50000134855509,
    79.00000117719173,
    82.20000122487545,
    94.20000140368938,
    91.90000136941671,
    82.00000122189522,
    82.70000123232603,
    81.70000121742487,
    92.00000137090683,
    87.70000130683184,
    70.7000010535121,
    79.20000118017197
  ]
}