{
  "time": [
    1767247200000000000,
    1767333600000000000,
    1767420000000000000,
    1767506400000000000,
    1767592800000000000,
    1767679200000000000,
    1767765600000000000,
    1767852000000000000,
    1767938400000000000,
    1768024800000000000,
    1768111200000000000,
    1768197600000000000,
    1768284000000000000,
    1768370400000000000,
    1768456800000000000,
    1768543200000000000,
    1768629600000000000,
    1768716000000000000,
    1768802400000000000,
    1768888800000000000,
    1768975200000000000,
    1769061600000000000,
    1769148000000000000,
    1769234400000000000,
    1769320800000000000,
    1769407200000000000,
    1769493600000000000,
    1769580000000000000,
    1769666400000000000,
    1769752800000000000,
    1769839200000000000,
    1769925600000000000,
    1770012000000000000,
    1770098400000000000,
    1770184800000000000,
    1770271200000000000,
    1770357600000000000,
    1770444000000000000,
    1770530400000000000,
    1770616800000000000,
    1770703200000000000,
    1770789600000000000,
    1770876000000000000,
    1770962400000000000,
    1771048800000000000,
    1771135200000000000,
    1771221600000000000,
    1771308000000000000,
    1771394400000000000,
    1771480800000000000,
    1771567200000000000,
    1771653600000000000,
    1771740000000000000,
    1771826400000000000,
    1771912800000000000,
    1771999200000000000,
    1772085600000000000,
    1772172000000000000,
    1772258400000000000,
    1772344800000000000
  ],
  "pr": [
    1.0,
    2.0999999046325684,
    2.9000000953674316,
    0.0,
    2.0,
    0.20000000298023224,
    2.4000000953674316,
    6.300000190734863,
    9.800000190734863,
    0.20000000298023224,
    2.299999952316284,
    6.699999809265137,
    1.0,
    1.600000023841858,
    0.0,
    2.200000047683716,
    0.0,
    0.0,
    0.0,
    0.0,
    0.0,
    0.10000000149011612,
    0.30000001192092896,
    0.20000000298023224,
    0.0,
    0.4000000059604645,
    3.5999999046325684,
    4.800000190734863,
    0.5,
    0.5,
    1.2999999523162842,
    0.0,
    0.0,
    3.0999999046325684,
    0.0,
    0.800000011920929,
    1.7999999523162842,
    0.0,
    0.0,
    0.0,
    2.0999999046325684,
    9.0,
    6.0,
    0.0,
    0.0,
    8.399999618530273,
    12.0,
    2.700000047683716,
    2.4000000953674316,
    2.299999952316284,
    1.2999999523162842,
    5.599999904632568,
    5.800000190734863,
    2.0,
    0.0,
    0.0,
    0.0,
    0.699999988079071,
    0.0,
    0.0
  ]
}