{
  "time": [
    1767225600000000000,
    1767312000000000000,
    1767398400000000000,
    1767484800000000000,
    1767571200000000000,
    1767657600000000000,
    1767744000000000000,
    1767830400000000000,
    1767916800000000000,
    1768003200000000000,
    1768089600000000000,
    1768176000000000000,
    1768262400000000000,
    1768348800000000000,
    1768435200000000000,
    1768521600000000000,
    1768608000000000000,
    1768694400000000000,
    1768780800000000000,
    1768867200000000000,
    1768953600000000000,
    1769040000000000000,
    1769126400000000000,
    1769212800000000000,
    1769299200000000000,
    1769385600000000000,
    1769472000000000000,
    1769558400000000000,
    1769644800000000000,
    1769731200000000000,
    1769817600000000000,
    1769904000000000000,
    1769990400000000000,
    1770076800000000000,
    1770163200000000000,
    1770249600000000000,
    1770336000000000000,
    1770422400000000000,
    1770508800000000000,
    1770595200000000000,
    1770681600000000000,
    1770768000000000000,
    1770854400000000000,
    1770940800000000000,
    1771027200000000000,
    1771113600000000000,
    1771200000000000000,
    1771286400000000000,
    1771372800000000000,
    1771459200000000000,
    1771545600000000000,
    1771632000000000000,
    1771718400000000000,
    1771804800000000000,
    1771891200000000000,
    1771977600000000000,
    1772064000000000000,
    1772150400000000000,
    1772236800000000000,
    1772323200000000000,
    1772409600000000000,
    1772496000000000000,
    1772582400000000000,
    1772668800000000000,
    1772755200000000000,
    1772841600000000000,
    1772928000000000000,
    1773014400000000000,
    1773100800000000000
  ],
  "tas": [
    3.500000052154064,
    1.700000025331974,
    0.800000011920929,
    0.20000000298023224,
    -1.700000025331974,
    -0.9000000134110451,
    -1.3000000193715096,
    2.0000000298023224,
    3.500000052154064,
    -1.700000025331974,
    -3.7000000551342964,
    3.7000000551342964,
    8.50000012665987,
    8.900000132620335,
    9.600000143051147,
    10.000000149011612,
    7.900000117719173,
    2.3000000342726707,
    1.5000000223517418,
    2.1000000312924385,
    4.000000059604645,
    3.200000047683716,
    4.90000007301569,
    3.200000047683716,
    0.0,
    -0.20000000298023224,
    2.600000038743019,
    3.200000047683716,
    1.1000000163912773,
    2.3000000342726707,
    5.000000074505806,
    4.400000065565109,
    3.6000000536441803,
    2.1000000312924385,
    4.700000070035458,
    4.000000059604645,
    4.500000067055225,
    7.900000117719173,
    4.500000067055225,
    4.000000059604645,
    6.500000096857548,
    9.100000135600567,
    8.50000012665987,
    5.200000077486038,
    0.20000000298023224,
    0.10000000149011612,
    3.500000052154064,
    3.9000000581145287,
    3.1000000461935997,
    2.500000037252903,
    3.7000000551342964,
    9.500000141561031,
    11.60000017285347,
    9.500000141561031,
    9.900000147521496,
    11.900000177323818,
    12.800000190734863,
    14.100000210106373,
    11.400000169873238,
    8.400000125169754,
    10.000000149011612,
    10.500000156462193,
    9.500000141561031,
    11.400000169873238,
    11.400000169873238,
    10.000000149011612,
    10.500000156462193,
    10.600000157952309,
    10.900000162422657
  ]
}