{
  "time": [
    1767225600000000000,
    1767312000000000000,
    1767398400000000000,
    1767484800000000000,
    1767571200000000000,
    1767657600000000000,
    1767744000000000000,
    1767830400000000000,
    1767916800000000000,
    1768003200000000000,
    1768089600000000000,
    1768176000000000000,
    1768262400000000000,
    1768348800000000000,
    1768435200000000000,
    1768521600000000000,
    1768608000000000000,
    1768694400000000000,
    1768780800000000000,
    1768867200000000000,
    1768953600000000000,
    1769040000000000000,
    1769126400000000000,
    1769212800000000000,
    1769299200000000000,
    1769385600000000000,
    1769472000000000000,
    1769558400000000000,
    1769644800000000000,
    1769731200000000000,
    1769817600000000000,
    1769904000000000000,
    1769990400000000000,
    1770076800000000000,
    1770163200000000000,
    1770249600000000000,
    1770336000000000000,
    1770422400000000000,
    1770508800000000000,
    1770595200000000000,
    1770681600000000000,
    1770768000000000000,
    1770854400000000000,
    1770940800000000000
  ],
  "tasmin": [
    2.2000000327825546,
    0.20000000298023224,
    -0.20000000298023224,
    -3.0000000447034836,
    -4.000000059604645,
    -3.9000000581145287,
    -3.7000000551342964,
    0.20000000298023224,
    0.6000000089406967,
    -6.400000095367432,
    -8.50000012665987,
    0.20000000298023224,
    6.70000009983778,
    6.900000102818012,
    7.500000111758709,
    5.900000087916851,
    2.8000000417232513,
    0.10000000149011612,
    -0.20000000298023224,
    -1.5000000223517418,
    0.0,
    -1.1000000163912773,
    2.7000000402331352,
    -0.9000000134110451,
    -2.1000000312924385,
    -1.0000000149011612,
    -0.20000000298023224,
    0.20000000298023224,
    0.20000000298023224,
    0.20000000298023224,
    3.200000047683716,
    1.8000000268220901,
    0.9000000134110451,
    -0.20000000298023224,
    0.9000000134110451,
    1.1000000163912773,
    2.2000000327825546,
    3.200000047683716,
    1.3000000193715096,
    0.10000000149011612,
    3.500000052154064,
    7.400000110268593,
    7.400000110268593,
    2.2000000327825546
  ]
}