{
  "time": [
    1767225600000000000,
    1767312000000000000,
    1767398400000000000,
    1767484800000000000,
    1767571200000000000,
    1767657600000000000,
    1767744000000000000,
    1767830400000000000,
    1767916800000000000,
    1768003200000000000,
    1768089600000000000,
    1768176000000000000,
    1768262400000000000,
    1768348800000000000,
    1768435200000000000,
    1768521600000000000,
    1768608000000000000,
    1768694400000000000,
    1768780800000000000,
    1768867200000000000,
    1768953600000000000,
    1769040000000000000,
    1769126400000000000,
    1769212800000000000,
    1769299200000000000,
    1769385600000000000,
    1769472000000000000,
    1769558400000000000,
    1769644800000000000,
    1769731200000000000,
    1769817600000000000,
    1769904000000000000,
    1769990400000000000,
    1770076800000000000
  ],
  "tasmax": [
    4.700000070035458,
    3.7000000551342964,
    1.5000000223517418,
    1.3000000193715096,
    0.20000000298023224,
    0.9000000134110451,
    0.9000000134110451,
    3.500000052154064,
    6.70000009983778,
    0.5000000074505806,
    0.20000000298023224,
    8.50000012665987,
    10.500000156462193,
    10.100000150501728,
    11.300000168383121,
    11.500000171363354,
    12.500000186264515,
    5.200000077486038,
    3.7000000551342964,
    6.200000092387199,
    7.300000108778477,
    7.500000111758709,
    8.600000128149986,
    6.500000096857548,
    2.0000000298023224,
    0.20000000298023224,
    5.4000000804662704,
    5.000000074505806,
    1.8000000268220901,
    5.200000077486038,
    7.500000111758709,
    7.500000111758709,
    6.400000095367432,
    4.500000067055225
  ]
}