{
  "time": [
    1767268800000000000,
    1767355200000000000,
    1767441600000000000
  ],
  "tasmax": [
    4.400000065565109,
    3.7000000551342964,
    1.600000023841858
  ]
}