{
  "time": [
    1767225600000000000,
    1767312000000000000,
    1767398400000000000,
    1767484800000000000,
    1767571200000000000,
    1767657600000000000,
    1767744000000000000,
    1767830400000000000,
    1767916800000000000,
    1768003200000000000,
    1768089600000000000,
    1768176000000000000,
    1768262400000000000,
    1768348800000000000,
    1768435200000000000,
    1768521600000000000,
    1768608000000000000,
    1768694400000000000,
    1768780800000000000,
    1768867200000000000,
    1768953600000000000,
    1769040000000000000,
    1769126400000000000,
    1769212800000000000,
    1769299200000000000,
    1769385600000000000,
    1769472000000000000,
    1769558400000000000,
    1769644800000000000,
    1769731200000000000,
    1769817600000000000,
    1769904000000000000,
    1769990400000000000,
    1770076800000000000,
    1770163200000000000,
    1770249600000000000,
    1770336000000000000,
    1770422400000000000,
    1770508800000000000,
    1770595200000000000,
    1770681600000000000,
    1770768000000000000,
    1770854400000000000,
    1770940800000000000,
    1771027200000000000,
    1771113600000000000,
    1771200000000000000,
    1771286400000000000,
    1771372800000000000,
    1771459200000000000,
    1771545600000000000,
    1771632000000000000,
    1771718400000000000,
    1771804800000000000,
    1771891200000000000,
    1771977600000000000,
    1772064000000000000,
    1772150400000000000
  ],
  "tasmax": [
    4.700000070035458,
    3.7000000551342964,
    1.600000023841858,
    1.3000000193715096,
    0.20000000298023224,
    0.9000000134110451,
    0.800000011920929,
    3.500000052154064,
    6.200000092387199,
    0.9000000134110451,
    0.20000000298023224,
    8.50000012665987,
    10.500000156462193,
    10.500000156462193,
    11.300000168383121,
    11.500000171363354,
    12.500000186264515,
    5.000000074505806,
    3.7000000551342964,
    6.400000095367432,
    7.500000111758709,
    7.500000111758709,
    8.900000132620335,
    7.000000104308128,
    2.2000000327825546,
    0.20000000298023224,
    5.200000077486038,
    5.000000074505806,
    1.8000000268220901,
    5.000000074505806,
    7.400000110268593,
    7.500000111758709,
    6.400000095367432,
    4.500000067055225,
    9.80000014603138,
    7.900000117719173,
    7.000000104308128,
    13.100000195205212,
    7.000000104308128,
    7.700000114738941,
    9.600000143051147,
    11.10000016540289,
    9.500000141561031,
    7.800000116229057,
    1.700000025331974,
    3.9000000581145287,
    7.200000107288361,
    6.000000089406967,
    6.000000089406967,
    5.200000077486038,
    7.700000114738941,
    11.000000163912773,
    13.300000198185444,
    12.000000178813934,
    12.000000178813934,
    16.800000250339508,
    19.000000283122063,
    20.10000029951334
  ]
}