{
  "time": [
    1767268800000000000
  ],
  "hurs": [
    75.7000011280179
  ],
  "pr": [
    1.100000023841858
  ],
  "tas": [
    3.1000000461935997
  ],
  "tasmax": [
    4.500000067055225
  ],
  "tasmin": [
    1.600000023841858
  ]
}