{
  "time": [
    1767225600000000000,
    1767312000000000000,
    1767398400000000000,
    1767484800000000000,
    1767571200000000000,
    1767657600000000000,
    1767744000000000000,
    1767830400000000000,
    1767916800000000000,
    1768003200000000000,
    1768089600000000000,
    1768176000000000000,
    1768262400000000000,
    1768348800000000000,
    1768435200000000000,
    1768521600000000000,
    1768608000000000000,
    1768694400000000000,
    1768780800000000000,
    1768867200000000000,
    1768953600000000000,
    1769040000000000000,
    1769126400000000000,
    1769212800000000000,
    1769299200000000000,
    1769385600000000000,
    1769472000000000000,
    1769558400000000000,
    1769644800000000000,
    1769731200000000000,
    1769817600000000000,
    1769904000000000000,
    1769990400000000000,
    1770076800000000000,
    1770163200000000000,
    1770249600000000000,
    1770336000000000000,
    1770422400000000000,
    1770508800000000000,
    1770595200000000000,
    1770681600000000000,
    1770768000000000000,
    1770854400000000000,
    1770940800000000000,
    1771027200000000000,
    1771113600000000000,
    1771200000000000000,
    1771286400000000000,
    1771372800000000000,
    1771459200000000000,
    1771545600000000000,
    1771632000000000000,
    1771718400000000000,
    1771804800000000000,
    1771891200000000000,
    1771977600000000000,
    1772064000000000000,
    1772150400000000000,
    1772236800000000000,
    1772323200000000000,
    1772409600000000000,
    1772496000000000000,
    1772582400000000000,
    1772668800000000000,
    1772755200000000000,
    1772841600000000000,
    1772928000000000000,
    1773014400000000000,
    1773100800000000000,
    1773187200000000000,
    1773273600000000000,
    1773360000000000000,
    1773446400000000000,
    1773532800000000000,
    1773619200000000000,
    1773705600000000000,
    1773792000000000000,
    1773878400000000000,
    1773964800000000000,
    1774051200000000000,
    1774137600000000000,
    1774224000000000000,
    1774310400000000000,
    1774396800000000000,
    1774483200000000000,
    1774569600000000000,
    1774656000000000000,
    1774742400000000000
  ],
  "hurs": [
    76.00000113248825,
    75.20000112056732,
    77.20000115036964,
    74.20000110566616,
    78.40000116825104,
    81.50000121444464,
    76.20000113546848,
    83.00000123679638,
    80.0000011920929,
    89.00000132620335,
    82.40000122785568,
    85.20000126957893,
    83.20000123977661,
    86.00000128149986,
    81.50000121444464,
    77.00000114738941,
    78.2000011652708,
    88.00000131130219,
    88.00000131130219,
    83.70000124722719,
    73.00000108778477,
    69.00000102818012,
    68.70000102370977,
    77.50000115483999,
    77.00000114738941,
    87.40000130236149,
    85.20000126957893,
    94.50000140815973,
    94.20000140368938,
    86.70000129193068,
    87.5000013038516,
    86.50000128895044,
    78.00000116229057,
    82.20000122487545,
    86.00000128149986,
    82.00000122189522,
    88.20000131428242,
    84.20000125467777,
    90.00000134110451,
    82.90000123530626,
    82.70000123232603,
    90.50000134855509,
    89.00000132620335,
    88.00000131130219,
    82.5000012293458,
    80.20000119507313,
    89.20000132918358,
    85.90000128000975,
    69.20000103116035,
    83.00000123679638,
    79.70000118762255,
    85.20000126957893,
    89.00000132620335,
    76.50000113993883,
    92.50000137835741,
    84.400001257658,
    78.90000117570162,
    66.50000099092722,
    63.500000946223736,
    70.20000104606152,
    64.70000096410513,
    66.70000099390745,
    71.20000106096268,
    59.900000892579556,
    61.700000919401646,
    69.5000010356307,
    64.00000095367432,
    67.20000100135803,
    70.7000010535121,
    80.20000119507313,
    70.20000104606152,
    77.00000114738941,
    89.70000133663416,
    73.70000109821558,
    75.7000011280179,
    78.90000117570162,
    60.50000090152025,
    59.20000088214874,
    64.40000095963478,
    64.70000096410513,
    61.4000009149313,
    57.50000085681677,
    57.20000085234642,
    71.00000105798244,
    76.70000114291906,
    68.40000101923943,
    79.70000118762255,
    69.20000103116035
  ],
  "pr": [
    1.7000000476837158,
    0.4000000059604645,
    0.20000000298023224,
    0.4000000059604645,
    0.800000011920929,
    0.0,
    0.20000000298023224,
    7.699999809265137,
    4.0,
    1.0,
    2.9000000953674316,
    2.9000000953674316,
    0.10000000149011612,
    1.2000000476837158,
    0.0,
    0.0,
    0.0,
    0.0,
    0.0,
    0.0,
    0.0,
    0.30000001192092896,
    1.7000000476837158,
    0.10000000149011612,
    0.0,
    0.10000000149011612,
    6.199999809265137,
    4.699999809265137,
    0.699999988079071,
    0.10000000149011612,
    0.5,
    0.6000000238418579,
    0.0,
    2.200000047683716,
    0.0,
    1.2000000476837158,
    1.5,
    0.0,
    0.0,
    0.0,
    5.599999904632568,
    5.599999904632568,
    6.599999904632568,
    1.2000000476837158,
    0.0,
    4.699999809265137,
    10.800000190734863,
    2.5,
    1.7999999523162842,
    0.699999988079071,
    1.2000000476837158,
    7.400000095367432,
    6.900000095367432,
    3.4000000953674316,
    1.5,
    0.0,
    0.0,
    0.0,
    0.0,
    0.0,
    0.0,
    0.0,
    0.0,
    0.0,
    0.0,
    0.0,
    0.0,
    0.0,
    0.0,
    5.400000095367432,
    0.0,
    16.799999237060547,
    1.2000000476837158,
    2.0,
    1.899999976158142,
    0.0,
    0.0,
    0.0,
    0.0,
    0.0,
    0.0,
    0.0,
    0.10000000149011612,
    2.700000047683716,
    2.5,
    2.5999999046325684,
    8.600000381469727,
    2.4000000953674316
  ],
  "tas": [
    3.1000000461935997,
    2.1000000312924385,
    0.800000011920929,
    0.20000000298023224,
    -2.2000000327825546,
    -1.3000000193715096,
    -1.600000023841858,
    1.8000000268220901,
    4.400000065565109,
    -1.3000000193715096,
    -3.9000000581145287,
    4.200000062584877,
    8.800000131130219,
    9.300000138580799,
    9.500000141561031,
    9.900000147521496,
    6.500000096857548,
    1.3000000193715096,
    1.0000000149011612,
    0.6000000089406967,
    2.1000000312924385,
    1.8000000268220901,
    3.500000052154064,
    2.2000000327825546,
    -0.800000011920929,
    -0.20000000298023224,
    2.600000038743019,
    3.400000050663948,
    1.1000000163912773,
    2.0000000298023224,
    4.700000070035458,
    4.500000067055225,
    3.500000052154064,
    1.8000000268220901,
    3.400000050663948,
    3.6000000536441803,
    3.9000000581145287,
    7.300000108778477,
    4.400000065565109,
    3.400000050663948,
    5.900000087916851,
    9.300000138580799,
    8.600000128149986,
    6.000000089406967,
    0.9000000134110451,
    0.20000000298023224,
    3.7000000551342964,
    3.7000000551342964,
    3.400000050663948,
    2.3000000342726707,
    3.400000050663948,
    9.100000135600567,
    11.500000171363354,
    9.80000014603138,
    9.80000014603138,
    11.000000163912773,
    11.900000177323818,
    14.100000210106373,
    11.400000169873238,
    7.700000114738941,
    9.500000141561031,
    10.400000154972076,
    9.500000141561031,
    10.500000156462193,
    10.800000160932541,
    10.000000149011612,
    10.500000156462193,
    10.500000156462193,
    11.000000163912773,
    9.80000014603138,
    8.00000011920929,
    8.50000012665987,
    3.7000000551342964,
    5.900000087916851,
    6.800000101327896,
    9.300000138580799,
    9.100000135600567,
    9.500000141561031,
    8.50000012665987,
    8.900000132620335,
    8.900000132620335,
    9.500000141561031,
    11.000000163912773,
    7.800000116229057,
    3.6000000536441803,
    4.500000067055225,
    5.4000000804662704,
    6.500000096857548
  ],