{
  "time": [
    1767225600000000000,
    1767312000000000000,
    1767398400000000000,
    1767484800000000000,
    1767571200000000000,
    1767657600000000000,
    1767744000000000000,
    1767830400000000000,
    1767916800000000000,
    1768003200000000000,
    1768089600000000000,
    1768176000000000000,
    1768262400000000000,
    1768348800000000000,
    1768435200000000000,
    1768521600000000000,
    1768608000000000000,
    1768694400000000000,
    1768780800000000000,
    1768867200000000000,
    1768953600000000000,
    1769040000000000000,
    1769126400000000000,
    1769212800000000000,
    1769299200000000000,
    1769385600000000000,
    1769472000000000000,
    1769558400000000000,
    1769644800000000000,
    1769731200000000000,
    1769817600000000000,
    1769904000000000000,
    1769990400000000000,
    1770076800000000000,
    1770163200000000000,
    1770249600000000000,
    1770336000000000000,
    1770422400000000000,
    1770508800000000000,
    1770595200000000000,
    1770681600000000000,
    1770768000000000000,
    1770854400000000000,
    1770940800000000000,
    1771027200000000000,
    1771113600000000000,
    1771200000000000000,
    1771286400000000000,
    1771372800000000000,
    1771459200000000000,
    1771545600000000000,
    1771632000000000000,
    1771718400000000000,
    1771804800000000000,
    1771891200000000000,
    1771977600000000000,
    1772064000000000000,
    1772150400000000000
  ],
  "hurs": [
    76.00000113248825,
    75.20000112056732,
    77.20000115036964,
    74.20000110566616,
    78.40000116825104,
    81.50000121444464,
    76.20000113546848,
    83.00000123679638,
    80.0000011920929,
    89.00000132620335,
    82.40000122785568,
    85.20000126957893,
    83.20000123977661,
    86.00000128149986,
    81.50000121444464,
    77.00000114738941,
    78.2000011652708,
    88.00000131130219,
    88.00000131130219,
    83.70000124722719,
    73.00000108778477,
    69.00000102818012,
    68.70000102370977,
    77.50000115483999,
    77.00000114738941,
    87.40000130236149,
    85.20000126957893,
    94.50000140815973,
    94.20000140368938,
    86.70000129193068,
    87.5000013038516,
    86.2000012844801,
    77.50000115483999,
    82.00000122189522,
    86.2000012844801,
    82.40000122785568,
    87.90000130981207,
    83.20000123977661,
    89.70000133663416,
    82.20000122487545,
    84.00000125169754,
    90.40000134706497,
    89.40000133216381,
    86.50000128895044,
    82.90000123530626,
    80.70000120252371,
    89.50000133365393,
    86.40000128746033,
    69.20000103116035,
    83.20000123977661,
    79.70000118762255,
    85.90000128000975,
    88.50000131875277,
    76.50000113993883,
    93.00000138580799,
    84.70000126212835,
    79.00000117719173,
    67.0000009983778
  ]
}