{
  "time": [
    1767268800000000000,
    1767355200000000000,
    1767441600000000000
  ],
  "hurs": [
    75.7000011280179,
    75.40000112354755,
    77.20000115036964
  ]
}