{
  "time": [
    1767225600000000000,
    1767312000000000000,
    1767398400000000000,
    1767484800000000000,
    1767571200000000000,
    1767657600000000000,
    1767744000000000000,
    1767830400000000000,
    1767916800000000000,
    1768003200000000000,
    1768089600000000000,
    1768176000000000000,
    1768262400000000000,
    1768348800000000000,
    1768435200000000000,
    1768521600000000000,
    1768608000000000000,
    1768694400000000000,
    1768780800000000000,
    1768867200000000000,
    1768953600000000000,
    1769040000000000000,
    1769126400000000000,
    1769212800000000000,
    1769299200000000000,
    1769385600000000000,
    1769472000000000000,
    1769558400000000000,
    1769644800000000000,
    1769731200000000000,
    1769817600000000000,
    1769904000000000000,
    1769990400000000000,
    1770076800000000000,
    1770163200000000000,
    1770249600000000000,
    1770336000000000000,
    1770422400000000000,
    1770508800000000000,
    1770595200000000000
  ],
  "hurs": [
    76.20000113546848,
    75.20000112056732,
    77.00000114738941,
    73.90000110119581,
    77.70000115782022,
    81.50000121444464,
    76.50000113993883,
    82.70000123232603,
    79.70000118762255,
    89.70000133663416,
    82.20000122487545,
    84.50000125914812,
    82.90000123530626,
    86.00000128149986,
    81.20000120997429,
    77.20000115036964,
    77.90000116080046,
    88.00000131130219,
    88.00000131130219,
    83.90000125020742,
    73.50000109523535,
    68.70000102370977,
    68.50000102072954,
    77.70000115782022,
    77.70000115782022,
    87.20000129938126,
    84.90000126510859,
    94.50000140815973,
    94.00000140070915,
    88.00000131130219,
    85.90000128000975,
    86.2000012844801,
    77.50000115483999,
    82.00000122189522,
    86.2000012844801,
    82.40000122785568,
    87.90000130981207,
    83.20000123977661,
    89.70000133663416,
    82.20000122487545
  ]
}