{
  "time": [
    1767290400000000000,
    1767376800000000000,
    1767463200000000000
  ],
  "pr": [
    1.100000023841858,
    0.5,
    0.20000000298023224
  ]
}