{
  "time": [
    1767225600000000000,
    1767312000000000000,
    1767398400000000000,
    1767484800000000000,
    1767571200000000000,
    1767657600000000000,
    1767744000000000000,
    1767830400000000000,
    1767916800000000000,
    1768003200000000000,
    1768089600000000000,
    1768176000000000000,
    1768262400000000000,
    1768348800000000000,
    1768435200000000000,
    1768521600000000000,
    1768608000000000000,
    1768694400000000000,
    1768780800000000000,
    1768867200000000000,
    1768953600000000000,
    1769040000000000000,
    1769126400000000000,
    1769212800000000000,
    1769299200000000000,
    1769385600000000000,
    1769472000000000000,
    1769558400000000000,
    1769644800000000000,
    1769731200000000000,
    1769817600000000000,
    1769904000000000000,
    1769990400000000000,
    1770076800000000000,
    1770163200000000000,
    1770249600000000000,
    1770336000000000000,
    1770422400000000000,
    1770508800000000000,
    1770595200000000000,
    1770681600000000000,
    1770768000000000000,
    1770854400000000000,
    1770940800000000000,
    1771027200000000000,
    1771113600000000000,
    1771200000000000000,
    1771286400000000000,
    1771372800000000000
  ],
  "tasmax": [
    4.500000067055225,
    3.9000000581145287,
    1.700000025331974,
    1.8000000268220901,
    0.4000000059604645,
    1.1000000163912773,
    0.5000000074505806,
    3.7000000551342964,
    6.900000102818012,
    1.8000000268220901,
    0.4000000059604645,
    9.400000140070915,
    11.000000163912773,
    11.000000163912773,
    11.10000016540289,
    11.900000177323818,
    11.000000163912773,
    3.200000047683716,
    3.6000000536441803,
    5.000000074505806,
    6.200000092387199,
    6.000000089406967,
    7.200000107288361,
    5.900000087916851,
    1.3000000193715096,
    0.5000000074505806,
    5.4000000804662704,
    5.000000074505806,
    2.2000000327825546,
    4.200000062584877,
    7.500000111758709,
    8.00000011920929,
    5.500000081956387,
    3.6000000536441803,
    7.700000114738941,
    6.900000102818012,
    6.70000009983778,
    13.100000195205212,
    7.000000104308128,
    7.000000104308128,
    9.900000147521496,
    12.10000018030405,
    10.000000149011612,
    8.300000123679638,
    2.8000000417232513,
    3.7000000551342964,
    7.500000111758709,
    5.700000084936619,
    6.400000095367432
  ]
}