{
  "time": [
    1767225600000000000,
    1767312000000000000,
    1767398400000000000,
    1767484800000000000,
    1767571200000000000,
    1767657600000000000,
    1767744000000000000,
    1767830400000000000,
    1767916800000000000,
    1768003200000000000,
    1768089600000000000,
    1768176000000000000,
    1768262400000000000,
    1768348800000000000,
    1768435200000000000,
    1768521600000000000,
    1768608000000000000,
    1768694400000000000,
    1768780800000000000,
    1768867200000000000,
    1768953600000000000,
    1769040000000000000,
    1769126400000000000,
    1769212800000000000,
    1769299200000000000,
    1769385600000000000,
    1769472000000000000,
    1769558400000000000,
    1769644800000000000,
    1769731200000000000,
    1769817600000000000,
    1769904000000000000,
    1769990400000000000,
    1770076800000000000,
    1770163200000000000,
    1770249600000000000
  ],
  "tasmax": [
    4.500000067055225,
    3.9000000581145287,
    1.700000025331974,
    1.8000000268220901,
    0.5000000074505806,
    1.1000000163912773,
    0.5000000074505806,
    3.7000000551342964,
    7.000000104308128,
    1.700000025331974,
    0.5000000074505806,
    9.400000140070915,
    11.000000163912773,
    11.000000163912773,
    11.10000016540289,
    11.800000175833702,
    11.000000163912773,
    3.200000047683716,
    3.400000050663948,
    4.90000007301569,
    6.000000089406967,
    5.900000087916851,
    7.000000104308128,
    5.700000084936619,
    1.1000000163912773,
    0.5000000074505806,
    5.4000000804662704,
    5.000000074505806,
    2.2000000327825546,
    4.000000059604645,
    7.800000116229057,
    8.00000011920929,
    5.500000081956387,
    3.6000000536441803,
    7.700000114738941,
    6.900000102818012
  ]
}