{
  "time": [
    1767225600000000000,
    1767312000000000000,
    1767398400000000000,
    1767484800000000000,
    1767571200000000000,
    1767657600000000000,
    1767744000000000000,
    1767830400000000000,
    1767916800000000000,
    1768003200000000000,
    1768089600000000000,
    1768176000000000000,
    1768262400000000000,
    1768348800000000000,
    1768435200000000000,
    1768521600000000000,
    1768608000000000000,
    1768694400000000000,
    1768780800000000000,
    1768867200000000000,
    1768953600000000000,
    1769040000000000000,
    1769126400000000000,
    1769212800000000000,
    1769299200000000000,
    1769385600000000000,
    1769472000000000000,
    1769558400000000000,
    1769644800000000000,
    1769731200000000000,
    1769817600000000000,
    1769904000000000000,
    1769990400000000000,
    1770076800000000000,
    1770163200000000000,
    1770249600000000000,
    1770336000000000000,
    1770422400000000000,
    1770508800000000000,
    1770595200000000000,
    1770681600000000000,
    1770768000000000000,
    1770854400000000000,
    1770940800000000000,
    1771027200000000000,
    1771113600000000000,
    1771200000000000000,
    1771286400000000000,
    1771372800000000000,
    1771459200000000000,
    1771545600000000000,
    1771632000000000000,
    1771718400000000000,
    1771804800000000000,
    1771891200000000000,
    1771977600000000000,
    1772064000000000000,
    1772150400000000000,
    1772236800000000000,
    1772323200000000000,
    1772409600000000000,
    1772496000000000000,
    1772582400000000000,
    1772668800000000000,
    1772755200000000000,
    1772841600000000000,
    1772928000000000000,
    1773014400000000000,
    1773100800000000000,
    1773187200000000000,
    1773273600000000000,
    1773360000000000000,
    1773446400000000000,
    1773532800000000000,
    1773619200000000000,
    1773705600000000000,
    1773792000000000000,
    1773878400000000000,
    1773964800000000000,
    1774051200000000000,
    1774137600000000000,
    1774224000000000000,
    1774310400000000000,
    1774396800000000000,
    1774483200000000000,
    1774569600000000000,
    1774656000000000000,
    1774742400000000000,
    1774828800000000000,
    1774915200000000000,
    1775001600000000000,
    1775088000000000000
  ],
  "tasmax": [
    4.500000067055225,
    3.9000000581145287,
    1.700000025331974,
    1.8000000268220901,
    0.4000000059604645,
    1.1000000163912773,
    0.5000000074505806,
    3.7000000551342964,
    6.900000102818012,
    1.8000000268220901,
    0.4000000059604645,
    9.400000140070915,
    11.000000163912773,
    11.000000163912773,
    11.10000016540289,
    11.900000177323818,
    11.000000163912773,
    3.200000047683716,
    3.6000000536441803,
    5.000000074505806,
    6.200000092387199,
    6.000000089406967,
    7.200000107288361,
    5.900000087916851,
    1.3000000193715096,
    0.5000000074505806,
    5.4000000804662704,
    5.000000074505806,
    2.2000000327825546,
    4.200000062584877,
    7.500000111758709,
    8.00000011920929,
    5.500000081956387,
    3.7000000551342964,
    7.500000111758709,
    6.800000101327896,
    6.500000096857548,
    13.100000195205212,
    7.000000104308128,
    7.000000104308128,
    10.000000149011612,
    12.000000178813934,
    10.000000149011612,
    8.300000123679638,
    2.7000000402331352,
    4.000000059604645,
    7.500000111758709,
    5.700000084936619,
    6.200000092387199,
    4.000000059604645,
    7.500000111758709,
    11.400000169873238,
    13.500000201165676,
    12.300000183284283,
    12.400000184774399,
    15.500000230967999,
    18.500000275671482,
    20.500000305473804,
    15.100000225007534,
    14.300000213086605,
    17.00000025331974,
    18.600000277161598,
    18.0000002682209,
    17.80000026524067,
    18.100000269711018,
    18.500000275671482,
    19.30000028759241,
    19.000000283122063,
    17.30000025779009,
    12.10000018030405,
    12.10000018030405,
    12.000000178813934,
    5.4000000804662704,
    10.400000154972076,
    10.100000150501728,
    13.300000198185444,
    15.100000225007534,
    17.600000262260437,
    15.600000232458115,
    14.800000220537186,
    15.500000230967999,
    16.600000247359276,
    18.100000269711018,
    13.000000193715096,
    8.00000011920929,
    9.80000014603138,
    8.600000128149986,
    10.900000162422657,
    11.000000163912773,
    10.500000156462193,
    12.800000190734863,
    13.500000201165676
  ]
}