{
  "time": [
    1767225600000000000,
    1767312000000000000,
    1767398400000000000,
    1767484800000000000,
    1767571200000000000,
    1767657600000000000,
    1767744000000000000,
    1767830400000000000,
    1767916800000000000,
    1768003200000000000,
    1768089600000000000,
    1768176000000000000,
    1768262400000000000,
    1768348800000000000,
    1768435200000000000,
    1768521600000000000,
    1768608000000000000,
    1768694400000000000,
    1768780800000000000,
    1768867200000000000,
    1768953600000000000,
    1769040000000000000,
    1769126400000000000,
    1769212800000000000,
    1769299200000000000,
    1769385600000000000,
    1769472000000000000,
    1769558400000000000,
    1769644800000000000,
    1769731200000000000,
    1769817600000000000,
    1769904000000000000,
    1769990400000000000,
    1770076800000000000,
    1770163200000000000,
    1770249600000000000,
    1770336000000000000,
    1770422400000000000,
    1770508800000000000,
    1770595200000000000,
    1770681600000000000,
    1770768000000000000,
    1770854400000000000,
    1770940800000000000,
    1771027200000000000,
    1771113600000000000,
    1771200000000000000,
    1771286400000000000
  ],
  "tasmin": [
    1.600000023841858,
    0.20000000298023224,
    -0.4000000059604645,
    -3.1000000461935997,
    -4.700000070035458,
    -4.700000070035458,
    -4.700000070035458,
    0.0,
    1.3000000193715096,
    -5.700000084936619,
    -8.900000132620335,
    0.20000000298023224,
    6.500000096857548,
    7.300000108778477,
    7.300000108778477,
    5.500000081956387,
    1.3000000193715096,
    -1.0000000149011612,
    -0.9000000134110451,
    -2.2000000327825546,
    -1.1000000163912773,
    -1.8000000268220901,
    1.3000000193715096,
    -1.5000000223517418,
    -2.7000000402331352,
    -1.1000000163912773,
    -0.4000000059604645,
    0.20000000298023224,
    0.0,
    -0.20000000298023224,
    2.7000000402331352,
    1.700000025331974,
    1.8000000268220901,
    0.20000000298023224,
    0.6000000089406967,
    1.1000000163912773,
    1.8000000268220901,
    2.1000000312924385,
    1.1000000163912773,
    0.20000000298023224,
    1.3000000193715096,
    7.300000108778477,
    7.400000110268593,
    3.0000000447034836,
    -0.5000000074505806,
    -4.90000007301569,
    0.4000000059604645,
    1.8000000268220901
  ]
}