{
  "time": [
    1767225600000000000,
    1767312000000000000,
    1767398400000000000,
    1767484800000000000,
    1767571200000000000,
    1767657600000000000,
    1767744000000000000,
    1767830400000000000,
    1767916800000000000,
    1768003200000000000,
    1768089600000000000,
    1768176000000000000,
    1768262400000000000,
    1768348800000000000,
    1768435200000000000,
    1768521600000000000,
    1768608000000000000,
    1768694400000000000,
    1768780800000000000,
    1768867200000000000,
    1768953600000000000,
    1769040000000000000,
    1769126400000000000,
    1769212800000000000,
    1769299200000000000,
    1769385600000000000,
    1769472000000000000,
    1769558400000000000,
    1769644800000000000,
    1769731200000000000,
    1769817600000000000,
    1769904000000000000,
    1769990400000000000,
    1770076800000000000
  ],
  "tasmin": [
    1.600000023841858,
    0.20000000298023224,
    -0.5000000074505806,
    -3.200000047683716,
    -4.700000070035458,
    -4.700000070035458,
    -4.700000070035458,
    0.0,
    1.3000000193715096,
    -5.900000087916851,
    -9.00000013411045,
    0.20000000298023224,
    6.400000095367432,
    7.200000107288361,
    7.300000108778477,
    5.500000081956387,
    1.3000000193715096,
    -0.9000000134110451,
    -1.1000000163912773,
    -2.2000000327825546,
    -1.1000000163912773,
    -1.8000000268220901,
    1.3000000193715096,
    -1.5000000223517418,
    -2.7000000402331352,
    -1.1000000163912773,
    -0.5000000074505806,
    0.20000000298023224,
    0.0,
    -0.5000000074505806,
    3.1000000461935997,
    1.700000025331974,
    1.8000000268220901,
    0.20000000298023224
  ]
}