{
  "time": [
    1767268800000000000
  ],
  "hurs": [
    79.90000119060278
  ],
  "pr": [
    2.5999999046325684
  ],
  "tas": [
    1.1000000163912773
  ],
  "tasmax": [
    2.600000038743019
  ],
  "tasmin": [
    0.20000000298023224
  ]
}