{
  "time": [
    1767225600000000000,
    1767312000000000000,
    1767398400000000000,
    1767484800000000000,
    1767571200000000000,
    1767657600000000000,
    1767744000000000000,
    1767830400000000000,
    1767916800000000000,
    1768003200000000000,
    1768089600000000000,
    1768176000000000000,
    1768262400000000000,
    1768348800000000000,
    1768435200000000000,
    1768521600000000000,
    1768608000000000000,
    1768694400000000000,
    1768780800000000000,
    1768867200000000000,
    1768953600000000000,
    1769040000000000000,
    1769126400000000000,
    1769212800000000000,
    1769299200000000000,
    1769385600000000000,
    1769472000000000000,
    1769558400000000000,
    1769644800000000000,
    1769731200000000000,
    1769817600000000000,
    1769904000000000000,
    1769990400000000000,
    1770076800000000000,
    1770163200000000000,
    1770249600000000000,
    1770336000000000000,
    1770422400000000000,
    1770508800000000000,
    1770595200000000000,
    1770681600000000000,
    1770768000000000000,
    1770854400000000000,
    1770940800000000000,
    1771027200000000000,
    1771113600000000000,
    1771200000000000000
  ],
  "hurs": [
    80.20000119507313,
    83.20000123977661,
    80.50000119954348,
    76.50000113993883,
    83.70000124722719,
    89.20000132918358,
    81.50000121444464,
    90.40000134706497,
    84.70000126212835,
    90.90000135451555,
    84.400001257658,
    93.00000138580799,
    89.70000133663416,
    86.00000128149986,
    88.700001321733,
    72.20000107586384,
    84.70000126212835,
    86.00000128149986,
    91.2000013589859,
    91.70000136643648,
    86.50000128895044,
    73.70000109821558,
    69.5000010356307,
    70.50000105053186,
    86.00000128149986,
    94.9000014141202,
    90.50000134855509,
    95.70000142604113,
    96.90000144392252,
    92.50000137835741,
    89.90000133961439,
    90.00000134110451,
    77.40000115334988,
    88.00000131130219,
    94.20000140368938,
    87.70000130683184,
    88.50000131875277,
    92.20000137388706,
    94.40000140666962,
    89.40000133216381,
    88.00000131130219,
    92.20000137388706,
    85.90000128000975,
    85.90000128000975,
    81.20000120997429,
    75.20000112056732,
    89.20000132918358
  ],
  "pr": [
    2.700000047683716,
    0.6000000238418579,
    0.0,
    0.0,
    0.800000011920929,
    0.0,
    0.6000000238418579,
    17.100000381469727,
    9.0,
    3.5,
    1.7000000476837158,
    4.099999904632568,
    0.4000000059604645,
    5.599999904632568,
    0.20000000298023224,
    0.0,
    0.0,
    0.0,
    0.0,
    0.0,
    0.0,
    0.0,
    0.0,
    0.0,
    3.0999999046325684,
    1.899999976158142,
    4.5,
    4.199999809265137,
    5.199999809265137,
    0.5,
    0.10000000149011612,
    0.10000000149011612,
    0.10000000149011612,
    5.800000190734863,
    0.4000000059604645,
    0.10000000149011612,
    0.5,
    0.30000001192092896,
    0.10000000149011612,
    0.0,
    3.9000000953674316,
    19.600000381469727,
    4.0,
    2.299999952316284,
    0.6000000238418579,
    5.699999809265137,
    4.0
  ],
  "tas": [
    1.0000000149011612,
    0.9000000134110451,
    -0.800000011920929,
    -1.3000000193715096,
    -4.000000059604645,
    -4.500000067055225,
    -3.1000000461935997,
    0.6000000089406967,
    5.000000074505806,
    -0.10000000149011612,
    -4.000000059604645,
    2.2000000327825546,
    6.70000009983778,
    8.600000128149986,
    8.400000125169754,
    8.800000131130219,
    2.500000037252903,
    1.5000000223517418,
    -0.6000000089406967,
    -2.600000038743019,
    -2.1000000312924385,
    -1.700000025331974,
    -0.5000000074505806,
    -0.6000000089406967,
    -2.0000000298023224,
    -0.10000000149011612,
    2.2000000327825546,
    2.2000000327825546,
    0.5000000074505806,
    1.3000000193715096,
    2.7000000402331352,
    3.200000047683716,
    2.500000037252903,
    0.5000000074505806,
    0.9000000134110451,
    2.2000000327825546,
    2.7000000402331352,
    5.200000077486038,
    2.0000000298023224,
    2.7000000402331352,
    4.700000070035458,
    9.400000140070915,
    8.800000131130219,
    7.500000111758709,
    3.200000047683716,
    1.600000023841858,
    4.500000067055225
  ],
  "tasmax": [
    2.500000037252903,
    2.7000000402331352,
    0.5000000074505806,
    1.8000000268220901,
    -2.7000000402331352,
    -2.0000000298023224,
    -0.20000000298023224,
    2.7000000402331352,
    7.400000110268593,
    2.7000000402331352,
    -0.5000000074505806,
    6.400000095367432,
    10.400000154972076,
    10.500000156462193,
    11.800000175833702,
    13.90000020712614,
    4.500000067055225,
    4.700000070035458,
    2.3000000342726707,
    1.1000000163912773,
    1.1000000163912773,
    1.8000000268220901,
    3.1000000461935997,
    3.1000000461935997,
    0.20000000298023224,
    1.600000023841858,
    5.200000077486038,
    3.7000000551342964,
    1.1000000163912773,
    3.9000000581145287,
    4.500000067055225,
    6.000000089406967,
    4.400000065565109,
    2.500000037252903,
    4.500000067055225,
    4.200000062584877,
    4.90000007301569,
    10.500000156462193,
    6.500000096857548,
    6.200000092387199,
    9.400000140070915,
    10.800000160932541,
    10.600000157952309,
    10.500000156462193,
    5.500000081956387,
    4.200000062584877,
    7.500000111758709
  ],
  "tasmin": [
    0.10000000149011612,
    -1.1000000163912773,
    -2.500000037252903,
    -6.000000089406967,
    -6.200000092387199,
    -10.30000015348196,
    -6.500000096857548,
    -2.0000000298023224,
    2.0000000298023224,
    -4.200000062584877,
    -9.600000143051147,
    -1.600000023841858,
    3.200000047683716,
    6.900000102818012,
    4.000000059604645,
    1.8000000268220901,
    1.1000000163912773,
    -3.500000052154064,
    -4.000000059604645,
    -5.500000081956387,
    -5.200000077486038,
    -5.500000081956387,
    -3.200000047683716,
    -4.700000070035458,
    -4.90000007301569,
    -1.3000000193715096,
    0.0,
    0.5000000074505806,
    0.10000000149011612,
    -1.1000000163912773,
    0.800000011920929,
    1.1000000163912773,
    1.0000000149011612,
    -1.700000025331974,
    -1.8000000268220901,
    1.0000000149011612,
    -0.6000000089406967,
    0.0,
    -1.600000023841858,
    -0.9000000134110451,
    -1.3000000193715096,
    7.900000117719173,
    7.400000110268593,
    3.7000000551342964,
    1.3000000193715096,
    -1.3000000193715096,
    1.1000000163912773
  ]
}