{
  "time": [
    1767225600000000000,
    1767312000000000000,
    1767398400000000000,
    1767484800000000000,
    1767571200000000000,
    1767657600000000000,
    1767744000000000000,
    1767830400000000000,
    1767916800000000000,
    1768003200000000000,
    1768089600000000000,
    1768176000000000000,
    1768262400000000000,
    1768348800000000000,
    1768435200000000000,
    1768521600000000000,
    1768608000000000000,
    1768694400000000000,
    1768780800000000000,
    1768867200000000000,
    1768953600000000000,
    1769040000000000000,
    1769126400000000000,
    1769212800000000000,
    1769299200000000000,
    1769385600000000000,
    1769472000000000000,
    1769558400000000000,
    1769644800000000000,
    1769731200000000000,
    1769817600000000000,
    1769904000000000000,
    1769990400000000000,
    1770076800000000000,
    1770163200000000000,
    1770249600000000000,
    1770336000000000000,
    1770422400000000000,
    1770508800000000000,
    1770595200000000000,
    1770681600000000000,
    1770768000000000000,
    1770854400000000000,
    1770940800000000000,
    1771027200000000000,
    1771113600000000000,
    1771200000000000000,
    1771286400000000000,
    1771372800000000000,
    1771459200000000000,
    1771545600000000000,
    1771632000000000000,
    1771718400000000000,
    1771804800000000000,
    1771891200000000000,
    1771977600000000000,
    1772064000000000000,
    1772150400000000000,
    1772236800000000000,
    1772323200000000000,
    1772409600000000000,
    1772496000000000000,
    1772582400000000000,
    1772668800000000000,
    1772755200000000000,
    1772841600000000000,
    1772928000000000000,
    1773014400000000000,
    1773100800000000000,
    1773187200000000000,
    1773273600000000000,
    1773360000000000000,
    1773446400000000000,
    1773532800000000000,
    1773619200000000000,
    1773705600000000000,
    1773792000000000000,
    1773878400000000000,
    1773964800000000000,
    1774051200000000000,
    1774137600000000000,
    1774224000000000000,
    1774310400000000000,
    1774396800000000000,
    1774483200000000000
  ],
  "hurs": [
    80.20000119507313,
    83.20000123977661,
    80.50000119954348,
    76.50000113993883,
    83.70000124722719,
    89.20000132918358,
    81.50000121444464,
    90.40000134706497,
    84.70000126212835,
    90.90000135451555,
    84.400001257658,
    93.00000138580799,
    89.70000133663416,
    86.00000128149986,
    88.700001321733,
    72.20000107586384,
    84.70000126212835,
    86.00000128149986,
    91.2000013589859,
    91.70000136643648,
    86.50000128895044,
    73.70000109821558,
    69.5000010356307,
    70.50000105053186,
    86.00000128149986,
    94.9000014141202,
    90.50000134855509,
    95.70000142604113,
    96.90000144392252,
    92.50000137835741,
    89.90000133961439,
    90.00000134110451,
    77.50000115483999,
    87.90000130981207,
    93.7000013962388,
    88.00000131130219,
    88.700001321733,
    92.20000137388706,
    95.90000142902136,
    89.40000133216381,
    88.20000131428242,
    91.50000136345625,
    86.40000128746033,
    85.50000127404928,
    81.50000121444464,
    74.90000111609697,
    89.40000133216381,
    77.00000114738941,
    68.70000102370977,
    89.40000133216381,
    82.00000122189522,
    89.50000133365393,
    88.50000131875277,
    74.40000110864639,
    89.00000132620335,
    86.00000128149986,
    92.70000138133764,
    77.50000115483999,
    71.70000106841326,
    74.70000111311674,
    74.20000110566616,
    75.7000011280179,
    75.50000112503767,
    69.70000103861094,
    71.20000106096268,
    69.5000010356307,
    69.90000104159117,
    74.70000111311674,
    72.50000108033419,
    87.70000130683184,
    76.50000113993883,
    68.00000101327896,
    79.4000011831522,
    71.00000105798244,
    74.00000110268593,
    78.50000116974115,
    62.500000931322575,
    57.40000085532665,
    60.10000089555979,
    63.60000094771385,
    58.900000877678394,
    54.70000081509352,
    58.900000877678394,
    71.70000106841326,
    70.90000105649233
  ],
  "pr": [
    2.700000047683716,
    0.6000000238418579,
    0.0,
    0.0,
    0.800000011920929,
    0.0,
    0.6000000238418579,
    17.100000381469727,
    9.0,
    3.5,
    1.7000000476837158,
    4.099999904632568,
    0.4000000059604645,
    5.599999904632568,
    0.20000000298023224,
    0.0,
    0.0,
    0.0,
    0.0,
    0.0,
    0.0,
    0.0,
    0.0,
    0.0,
    3.0999999046325684,
    1.899999976158142,
    4.5,
    4.199999809265137,
    5.199999809265137,
    0.5,
    0.10000000149011612,
    0.10000000149011612,
    0.10000000149011612,
    6.300000190734863,
    0.0,
    0.10000000149011612,
    0.5,
    0.30000001192092896,
    0.10000000149011612,
    0.0,
    4.099999904632568,
    19.899999618530273,
    4.099999904632568,
    2.0999999046325684,
    0.6000000238418579,
    6.5,
    3.700000047683716,
    0.800000011920929,
    5.300000190734863,
    2.0,
    2.4000000953674316,
    6.300000190734863,
    5.900000095367432,
    3.4000000953674316,
    0.6000000238418579,
    0.10000000149011612,
    0.0,
    0.0,
    0.0,
    0.0,
    0.0,
    0.0,
    0.0,
    0.0,
    0.0,
    0.0,
    0.0,
    0.0,
    0.20000000298023224,
    10.100000381469727,
    0.10000000149011612,
    5.800000190734863,
    0.800000011920929,
    0.30000001192092896,
    1.2000000476837158,
    0.0,
    0.0,
    0.0,
    0.0,
    0.0,
    0.0,
    0.0,
    0.0,
    1.7000000476837158,
    0.20000000298023224
  ],
  "tas": [
    1.0000000149011612,
    0.9000000134110451,
    -0.800000011920929,
    -1.3000000193715096,
    -4.000000059604645,
    -4.500000067055225,
    -3.1000000461935997,
    0.6000000089406967,
    5.000000074505806,
    -0.10000000149011612,
    -4.000000059604645,
    2.2000000327825546,
    6.70000009983778,
    8.600000128149986,
    8.400000125169754,
    8.800000131130219,
    2.500000037252903,
    1.5000000223517418,
    -0.6000000089406967,
    -2.600000038743019,
    -2.1000000312924385,
    -1.700000025331974,
    -0.5000000074505806,
    -0.6000000089406967,
    -2.0000000298023224,
    -0.10000000149011612,
    2.2000000327825546,
    2.2000000327825546,
    0.5000000074505806,
    1.3000000193715096,
    2.7000000402331352,
    3.200000047683716,
    2.500000037252903,
    0.6000000089406967,
    1.0000000149011612,
    2.2000000327825546,
    2.7000000402331352,
    5.200000077486038,
    1.8000000268220901,
    2.7000000402331352,
    4.700000070035458,
    9.500000141561031,
    8.800000131130219,
    7.500000111758709,
    3.200000047683716,
    1.700000025331974,
    4.500000067055225,
    4.700000070035458,
    3.500000052154064,
    1.8000000268220901,
    2.3000000342726707,
    8.00000011920929,
    10.900000162422657,
    10.900000162422657,
    10.000000149011612,
    10.400000154972076,
    7.900000117719173,
    10.400000154972076,
    9.80000014603138,
    7.300000108778477,
    7.200000107288361,
    7.700000114738941,
    8.400000125169754,
    8.50000012665987,
    8.400000125169754,
    9.300000138580799,
    8.900000132620335,
    9.00000013411045,
    11.000000163912773,
    10.000000149011612,
    7.800000116229057,
    10.000000149011612,
    6.800000101327896,
    5.900000087916851,
    6.200000092387199,
    8.100000120699406,
    8.50000012665987,
    9.80000014603138,
    9.300000138580799,
    9.300000138580799,
    9.80000014603138,
    9.80000014603138,
    9.600000143051147,
    8.400000125169754,
    4.500000067055225
  ],