{
  "time": [
    1767268800000000000,
    1767355200000000000,
    1767441600000000000
  ],
  "hurs": [
    79.90000119060278,
    83.40000124275684,
    81.20000120997429
  ],
  "pr": [
    2.5999999046325684,
    0.6000000238418579,
    0.0
  ],
  "tas": [
    1.1000000163912773,
    0.9000000134110451,
    -0.9000000134110451
  ],
  "tasmax": [
    2.600000038743019,
    2.7000000402331352,
    0.20000000298023224
  ],
  "tasmin": [
    0.20000000298023224,
    -1.1000000163912773,
    -2.600000038743019
  ]
}