{
  "time": [
    1767225600000000000,
    1767312000000000000,
    1767398400000000000,
    1767484800000000000,
    1767571200000000000,
    1767657600000000000,
    1767744000000000000,
    1767830400000000000,
    1767916800000000000,
    1768003200000000000,
    1768089600000000000,
    1768176000000000000,
    1768262400000000000,
    1768348800000000000,
    1768435200000000000,
    1768521600000000000,
    1768608000000000000,
    1768694400000000000,
    1768780800000000000,
    1768867200000000000,
    1768953600000000000,
    1769040000000000000,
    1769126400000000000,
    1769212800000000000,
    1769299200000000000,
    1769385600000000000,
    1769472000000000000,
    1769558400000000000,
    1769644800000000000,
    1769731200000000000,
    1769817600000000000,
    1769904000000000000,
    1769990400000000000,
    1770076800000000000,
    1770163200000000000,
    1770249600000000000,
    1770336000000000000
  ],
  "hurs": [
    79.50000118464231,
    82.70000123232603,
    80.50000119954348,
    76.50000113993883,
    84.20000125467777,
    89.20000132918358,
    81.20000120997429,
    89.90000133961439,
    85.0000012665987,
    90.90000135451555,
    84.50000125914812,
    93.00000138580799,
    89.00000132620335,
    86.00000128149986,
    88.50000131875277,
    72.70000108331442,
    84.70000126212835,
    87.5000013038516,
    91.50000136345625,
    91.70000136643648,
    86.90000129491091,
    74.50000111013651,
    69.20000103116035,
    70.50000105053186,
    85.90000128000975,
    93.90000139921904,
    91.00000135600567,
    95.5000014230609,
    96.90000144392252,
    93.20000138878822,
    89.90000133961439,
    90.00000134110451,
    77.40000115334988,
    88.00000131130219,
    94.20000140368938,
    87.70000130683184,
    88.50000131875277
  ],
  "pr": [
    2.700000047683716,
    0.6000000238418579,
    0.0,
    0.0,
    0.800000011920929,
    0.0,
    0.6000000238418579,
    17.100000381469727,
    9.0,
    3.5,
    1.7000000476837158,
    4.099999904632568,
    0.4000000059604645,
    5.599999904632568,
    0.20000000298023224,
    0.0,
    0.0,
    0.0,
    0.0,
    0.0,
    0.0,
    0.0,
    0.0,
    0.0,
    3.0999999046325684,
    1.899999976158142,
    4.5,
    4.800000190734863,
    5.099999904632568,
    0.5,
    0.10000000149011612,
    0.10000000149011612,
    0.10000000149011612,
    5.800000190734863,
    0.4000000059604645,
    0.10000000149011612,
    0.5
  ],
  "tas": [
    1.1000000163912773,
    1.0000000149011612,
    -0.800000011920929,
    -1.3000000193715096,
    -4.000000059604645,
    -4.500000067055225,
    -3.1000000461935997,
    0.6000000089406967,
    5.000000074505806,
    -0.10000000149011612,
    -4.000000059604645,
    2.2000000327825546,
    6.800000101327896,
    8.600000128149986,
    8.400000125169754,
    8.800000131130219,
    2.500000037252903,
    1.3000000193715096,
    -0.6000000089406967,
    -2.600000038743019,
    -2.1000000312924385,
    -1.8000000268220901,
    -0.5000000074505806,
    -0.6000000089406967,
    -2.0000000298023224,
    0.0,
    2.1000000312924385,
    2.2000000327825546,
    0.5000000074505806,
    1.3000000193715096,
    2.7000000402331352,
    3.200000047683716,
    2.500000037252903,
    0.5000000074505806,
    0.9000000134110451,
    2.2000000327825546,
    2.7000000402331352
  ],
  "tasmax": [
    2.600000038743019,
    2.7000000402331352,
    0.5000000074505806,
    2.0000000298023224,
    -2.7000000402331352,
    -1.8000000268220901,
    -0.4000000059604645,
    2.8000000417232513,
    7.400000110268593,
    2.7000000402331352,
    -0.5000000074505806,
    6.500000096857548,
    10.400000154972076,
    10.500000156462193,
    11.800000175833702,
    13.90000020712614,
    4.500000067055225,
    4.500000067055225,
    2.3000000342726707,
    1.1000000163912773,
    1.3000000193715096,
    1.600000023841858,
    3.200000047683716,
    3.1000000461935997,
    0.20000000298023224,
    1.700000025331974,
    5.000000074505806,
    3.7000000551342964,
    1.1000000163912773,
    4.000000059604645,
    4.500000067055225,
    6.000000089406967,
    4.400000065565109,
    2.500000037252903,
    4.500000067055225,
    4.200000062584877,
    4.90000007301569
  ],
  "tasmin": [
    0.20000000298023224,
    -1.1000000163912773,
    -2.500000037252903,
    -6.000000089406967,
    -6.200000092387199,
    -10.100000150501728,
    -6.400000095367432,
    -2.0000000298023224,
    2.0000000298023224,
    -4.200000062584877,
    -9.500000141561031,
    -1.600000023841858,
    3.200000047683716,
    6.900000102818012,
    3.9000000581145287,
    1.8000000268220901,
    1.1000000163912773,
    -3.7000000551342964,
    -4.000000059604645,
    -5.500000081956387,
    -5.200000077486038,
    -5.500000081956387,
    -3.200000047683716,
    -4.700000070035458,
    -4.90000007301569,
    -1.1000000163912773,
    -0.10000000149011612,
    0.5000000074505806,
    0.10000000149011612,
    -1.1000000163912773,
    0.800000011920929,
    1.1000000163912773,
    1.0000000149011612,
    -1.700000025331974,
    -1.8000000268220901,
    1.0000000149011612,
    -0.6000000089406967
  ]
}