{
  "time": [
    1767225600000000000,
    1767312000000000000,
    1767398400000000000,
    1767484800000000000,
    1767571200000000000,
    1767657600000000000,
    1767744000000000000,
    1767830400000000000,
    1767916800000000000,
    1768003200000000000,
    1768089600000000000,
    1768176000000000000,
    1768262400000000000,
    1768348800000000000,
    1768435200000000000,
    1768521600000000000,
    1768608000000000000,
    1768694400000000000,
    1768780800000000000,
    1768867200000000000,
    1768953600000000000,
    1769040000000000000,
    1769126400000000000,
    1769212800000000000,
    1769299200000000000,
    1769385600000000000,
    1769472000000000000,
    1769558400000000000,
    1769644800000000000,
    1769731200000000000,
    1769817600000000000,
    1769904000000000000,
    1769990400000000000,
    1770076800000000000,
    1770163200000000000,
    1770249600000000000,
    1770336000000000000,
    1770422400000000000,
    1770508800000000000,
    1770595200000000000,
    1770681600000000000,
    1770768000000000000,
    1770854400000000000,
    1770940800000000000,
    1771027200000000000,
    1771113600000000000,
    1771200000000000000,
    1771286400000000000,
    1771372800000000000,
    1771459200000000000,
    1771545600000000000,
    1771632000000000000,
    1771718400000000000,
    1771804800000000000,
    1771891200000000000,
    1771977600000000000,
    1772064000000000000
  ],
  "hurs": [
    80.20000119507313,
    83.20000123977661,
    80.50000119954348,
    76.50000113993883,
    83.70000124722719,
    89.20000132918358,
    81.50000121444464,
    90.40000134706497,
    84.70000126212835,
    90.90000135451555,
    84.400001257658,
    93.00000138580799,
    89.70000133663416,
    86.00000128149986,
    88.700001321733,
    72.20000107586384,
    84.70000126212835,
    86.00000128149986,
    91.2000013589859,
    91.70000136643648,
    86.50000128895044,
    73.70000109821558,
    69.5000010356307,
    70.50000105053186,
    86.00000128149986,
    94.9000014141202,
    90.50000134855509,
    95.70000142604113,
    96.90000144392252,
    92.50000137835741,
    89.90000133961439,
    90.00000134110451,
    77.40000115334988,
    88.00000131130219,
    94.20000140368938,
    87.70000130683184,
    88.50000131875277,
    92.20000137388706,
    94.40000140666962,
    89.40000133216381,
    88.00000131130219,
    92.20000137388706,
    85.90000128000975,
    85.90000128000975,
    81.20000120997429,
    75.20000112056732,
    89.20000132918358,
    78.00000116229057,
    68.00000101327896,
    89.50000133365393,
    82.90000123530626,
    89.70000133663416,
    88.50000131875277,
    74.50000111013651,
    88.50000131875277,
    85.90000128000975,
    92.50000137835741
  ]
}