{
  "time": [
    1767225600000000000,
    1767312000000000000,
    1767398400000000000,
    1767484800000000000,
    1767571200000000000,
    1767657600000000000,
    1767744000000000000,
    1767830400000000000,
    1767916800000000000,
    1768003200000000000,
    1768089600000000000,
    1768176000000000000,
    1768262400000000000,
    1768348800000000000,
    1768435200000000000,
    1768521600000000000,
    1768608000000000000,
    1768694400000000000,
    1768780800000000000,
    1768867200000000000,
    1768953600000000000,
    1769040000000000000,
    1769126400000000000,
    1769212800000000000,
    1769299200000000000,
    1769385600000000000,
    1769472000000000000,
    1769558400000000000,
    1769644800000000000,
    1769731200000000000,
    1769817600000000000,
    1769904000000000000,
    1769990400000000000,
    1770076800000000000,
    1770163200000000000,
    1770249600000000000
  ],
  "hurs": [
    79.50000118464231,
    82.70000123232603,
    80.50000119954348,
    76.50000113993883,
    84.20000125467777,
    89.20000132918358,
    81.20000120997429,
    89.90000133961439,
    85.0000012665987,
    90.90000135451555,
    84.50000125914812,
    93.00000138580799,
    89.00000132620335,
    86.00000128149986,
    88.50000131875277,
    72.70000108331442,
    84.70000126212835,
    87.5000013038516,
    91.50000136345625,
    91.70000136643648,
    86.90000129491091,
    74.50000111013651,
    69.20000103116035,
    70.50000105053186,
    85.90000128000975,
    93.90000139921904,
    91.00000135600567,
    95.5000014230609,
    96.90000144392252,
    93.20000138878822,
    89.90000133961439,
    90.00000134110451,
    77.40000115334988,
    88.00000131130219,
    94.20000140368938,
    87.70000130683184
  ]
}