{
  "time": [
    1767247200000000000,
    1767333600000000000,
    1767420000000000000,
    1767506400000000000,
    1767592800000000000,
    1767679200000000000,
    1767765600000000000,
    1767852000000000000,
    1767938400000000000,
    1768024800000000000,
    1768111200000000000,
    1768197600000000000,
    1768284000000000000,
    1768370400000000000,
    1768456800000000000,
    1768543200000000000,
    1768629600000000000,
    1768716000000000000,
    1768802400000000000,
    1768888800000000000,
    1768975200000000000,
    1769061600000000000,
    1769148000000000000,
    1769234400000000000,
    1769320800000000000,
    1769407200000000000,
    1769493600000000000,
    1769580000000000000,
    1769666400000000000,
    1769752800000000000,
    1769839200000000000,
    1769925600000000000,
    1770012000000000000,
    1770098400000000000,
    1770184800000000000,
    1770271200000000000,
    1770357600000000000,
    1770444000000000000,
    1770530400000000000,
    1770616800000000000
  ],
  "pr": [
    2.700000047683716,
    0.6000000238418579,
    0.0,
    0.0,
    0.800000011920929,
    0.0,
    0.6000000238418579,
    17.100000381469727,
    9.0,
    3.5,
    1.7000000476837158,
    4.099999904632568,
    0.4000000059604645,
    5.599999904632568,
    0.20000000298023224,
    0.0,
    0.0,
    0.0,
    0.0,
    0.0,
    0.0,
    0.0,
    0.0,
    0.0,
    3.0999999046325684,
    1.899999976158142,
    4.5,
    4.800000190734863,
    5.099999904632568,
    0.5,
    0.10000000149011612,
    0.10000000149011612,
    0.10000000149011612,
    5.800000190734863,
    0.4000000059604645,
    0.10000000149011612,
    0.5,
    0.30000001192092896,
    0.10000000149011612,
    0.6000000238418579
  ]
}