{
  "time": [
    1767290400000000000,
    1767376800000000000,
    1767463200000000000
  ],
  "pr": [
    2.5999999046325684,
    0.6000000238418579,
    0.0
  ]
}