{
  "time": [
    1767225600000000000,
    1767312000000000000,
    1767398400000000000,
    1767484800000000000,
    1767571200000000000,
    1767657600000000000,
    1767744000000000000,
    1767830400000000000,
    1767916800000000000,
    1768003200000000000,
    1768089600000000000,
    1768176000000000000,
    1768262400000000000,
    1768348800000000000,
    1768435200000000000,
    1768521600000000000,
    1768608000000000000,
    1768694400000000000,
    1768780800000000000,
    1768867200000000000,
    1768953600000000000,
    1769040000000000000,
    1769126400000000000,
    1769212800000000000,
    1769299200000000000,
    1769385600000000000,
    1769472000000000000,
    1769558400000000000,
    1769644800000000000,
    1769731200000000000,
    1769817600000000000,
    1769904000000000000,
    1769990400000000000,
    1770076800000000000,
    1770163200000000000,
    1770249600000000000,
    1770336000000000000,
    1770422400000000000,
    1770508800000000000,
    1770595200000000000,
    1770681600000000000,
    1770768000000000000,
    1770854400000000000,
    1770940800000000000,
    1771027200000000000,
    1771113600000000000,
    1771200000000000000,
    1771286400000000000,
    1771372800000000000,
    1771459200000000000,
    1771545600000000000,
    1771632000000000000,
    1771718400000000000,
    1771804800000000000,
    1771891200000000000,
    1771977600000000000,
    1772064000000000000,
    1772150400000000000,
    1772236800000000000,
    1772323200000000000,
    1772409600000000000,
    1772496000000000000,
    1772582400000000000,
    1772668800000000000,
    1772755200000000000,
    1772841600000000000,
    1772928000000000000,
    1773014400000000000,
    1773100800000000000,
    1773187200000000000,
    1773273600000000000,
    1773360000000000000,
    1773446400000000000
  ],
  "tas": [
    1.0000000149011612,
    0.9000000134110451,
    -0.800000011920929,
    -1.3000000193715096,
    -4.000000059604645,
    -4.500000067055225,
    -3.1000000461935997,
    0.6000000089406967,
    5.000000074505806,
    -0.10000000149011612,
    -4.000000059604645,
    2.2000000327825546,
    6.70000009983778,
    8.600000128149986,
    8.400000125169754,
    8.800000131130219,
    2.500000037252903,
    1.5000000223517418,
    -0.6000000089406967,
    -2.600000038743019,
    -2.1000000312924385,
    -1.700000025331974,
    -0.5000000074505806,
    -0.6000000089406967,
    -2.0000000298023224,
    -0.10000000149011612,
    2.2000000327825546,
    2.2000000327825546,
    0.5000000074505806,
    1.3000000193715096,
    2.7000000402331352,
    3.200000047683716,
    2.500000037252903,
    0.6000000089406967,
    1.0000000149011612,
    2.2000000327825546,
    2.7000000402331352,
    5.200000077486038,
    1.8000000268220901,
    2.7000000402331352,
    4.700000070035458,
    9.500000141561031,
    8.800000131130219,
    7.500000111758709,
    3.200000047683716,
    1.700000025331974,
    4.500000067055225,
    4.700000070035458,
    3.500000052154064,
    1.8000000268220901,
    2.3000000342726707,
    8.00000011920929,
    10.900000162422657,
    10.900000162422657,
    10.000000149011612,
    10.500000156462193,
    7.900000117719173,
    10.30000015348196,
    9.80000014603138,
    7.300000108778477,
    7.200000107288361,
    7.700000114738941,
    8.400000125169754,
    8.50000012665987,
    8.400000125169754,
    9.300000138580799,
    8.900000132620335,
    9.00000013411045,
    11.000000163912773,
    10.000000149011612,
    7.800000116229057,
    10.000000149011612,
    6.800000101327896
  ]
}