{
  "time": [
    1767268800000000000,
    1767355200000000000,
    1767441600000000000
  ],
  "tas": [
    1.1000000163912773,
    0.9000000134110451,
    -0.9000000134110451
  ]
}