{
  "time": [
    1767225600000000000,
    1767312000000000000,
    1767398400000000000,
    1767484800000000000,
    1767571200000000000,
    1767657600000000000,
    1767744000000000000,
    1767830400000000000,
    1767916800000000000,
    1768003200000000000,
    1768089600000000000,
    1768176000000000000,
    1768262400000000000,
    1768348800000000000,
    1768435200000000000,
    1768521600000000000,
    1768608000000000000,
    1768694400000000000,
    1768780800000000000,
    1768867200000000000,
    1768953600000000000,
    1769040000000000000,
    1769126400000000000,
    1769212800000000000,
    1769299200000000000,
    1769385600000000000,
    1769472000000000000,
    1769558400000000000,
    1769644800000000000,
    1769731200000000000,
    1769817600000000000,
    1769904000000000000,
    1769990400000000000,
    1770076800000000000,
    1770163200000000000,
    1770249600000000000,
    1770336000000000000,
    1770422400000000000,
    1770508800000000000
  ],
  "tasmin": [
    0.20000000298023224,
    -1.1000000163912773,
    -2.500000037252903,
    -6.000000089406967,
    -6.200000092387199,
    -10.100000150501728,
    -6.400000095367432,
    -2.0000000298023224,
    2.0000000298023224,
    -4.200000062584877,
    -9.500000141561031,
    -1.600000023841858,
    3.200000047683716,
    6.900000102818012,
    3.9000000581145287,
    1.8000000268220901,
    1.1000000163912773,
    -3.7000000551342964,
    -4.000000059604645,
    -5.500000081956387,
    -5.200000077486038,
    -5.500000081956387,
    -3.200000047683716,
    -4.700000070035458,
    -4.90000007301569,
    -1.1000000163912773,
    -0.10000000149011612,
    0.5000000074505806,
    0.10000000149011612,
    -1.1000000163912773,
    0.800000011920929,
    1.1000000163912773,
    1.0000000149011612,
    -1.700000025331974,
    -1.8000000268220901,
    1.0000000149011612,
    -0.6000000089406967,
    0.0,
    -1.600000023841858
  ]
}