{
  "time": [
    1767225600000000000,
    1767312000000000000,
    1767398400000000000,
    1767484800000000000,
    1767571200000000000,
    1767657600000000000,
    1767744000000000000,
    1767830400000000000,
    1767916800000000000,
    1768003200000000000,
    1768089600000000000,
    1768176000000000000,
    1768262400000000000,
    1768348800000000000,
    1768435200000000000,
    1768521600000000000,
    1768608000000000000,
    1768694400000000000,
    1768780800000000000,
    1768867200000000000,
    1768953600000000000,
    1769040000000000000,
    1769126400000000000,
    1769212800000000000,
    1769299200000000000,
    1769385600000000000,
    1769472000000000000,
    1769558400000000000,
    1769644800000000000,
    1769731200000000000,
    1769817600000000000,
    1769904000000000000,
    1769990400000000000,
    1770076800000000000,
    1770163200000000000,
    1770249600000000000,
    1770336000000000000,
    1770422400000000000,
    1770508800000000000
  ],
  "tasmax": [
    2.600000038743019,
    2.7000000402331352,
    0.5000000074505806,
    2.0000000298023224,
    -2.7000000402331352,
    -1.8000000268220901,
    -0.4000000059604645,
    2.8000000417232513,
    7.400000110268593,
    2.7000000402331352,
    -0.5000000074505806,
    6.500000096857548,
    10.400000154972076,
    10.500000156462193,
    11.800000175833702,
    13.90000020712614,
    4.500000067055225,
    4.500000067055225,
    2.3000000342726707,
    1.1000000163912773,
    1.3000000193715096,
    1.600000023841858,
    3.200000047683716,
    3.1000000461935997,
    0.20000000298023224,
    1.700000025331974,
    5.000000074505806,
    3.7000000551342964,
    1.1000000163912773,
    4.000000059604645,
    4.500000067055225,
    6.000000089406967,
    4.400000065565109,
    2.500000037252903,
    4.500000067055225,
    4.200000062584877,
    4.90000007301569,
    10.500000156462193,
    6.500000096857548
  ]
}