{
  "time": [
    1767268800000000000
  ],
  "hurs": [
    80.50000119954348
  ],
  "pr": [
    3.0999999046325684
  ],
  "tas": [
    3.200000047683716
  ],
  "tasmax": [
    4.200000062584877
  ],
  "tasmin": [
    2.2000000327825546
  ]
}