{
  "time": [
    1767225600000000000,
    1767312000000000000,
    1767398400000000000,
    1767484800000000000,
    1767571200000000000,
    1767657600000000000,
    1767744000000000000,
    1767830400000000000,
    1767916800000000000,
    1768003200000000000,
    1768089600000000000,
    1768176000000000000,
    1768262400000000000,
    1768348800000000000,
    1768435200000000000,
    1768521600000000000,
    1768608000000000000,
    1768694400000000000,
    1768780800000000000,
    1768867200000000000,
    1768953600000000000,
    1769040000000000000,
    1769126400000000000,
    1769212800000000000,
    1769299200000000000,
    1769385600000000000,
    1769472000000000000,
    1769558400000000000,
    1769644800000000000,
    1769731200000000000,
    1769817600000000000,
    1769904000000000000,
    1769990400000000000,
    1770076800000000000,
    1770163200000000000,
    1770249600000000000,
    1770336000000000000,
    1770422400000000000,
    1770508800000000000,
    1770595200000000000,
    1770681600000000000,
    1770768000000000000,
    1770854400000000000,
    1770940800000000000,
    1771027200000000000,
    1771113600000000000,
    1771200000000000000,
    1771286400000000000,
    1771372800000000000,
    1771459200000000000,
    1771545600000000000,
    1771632000000000000,
    1771718400000000000,
    1771804800000000000,
    1771891200000000000,
    1771977600000000000,
    1772064000000000000,
    1772150400000000000,
    1772236800000000000,
    1772323200000000000,
    1772409600000000000,
    1772496000000000000,
    1772582400000000000,
    1772668800000000000,
    1772755200000000000,
    1772841600000000000,
    1772928000000000000,
    1773014400000000000,
    1773100800000000000,
    1773187200000000000,
    1773273600000000000,
    1773360000000000000,
    1773446400000000000,
    1773532800000000000,
    1773619200000000000
  ],
  "hurs": [
    80.70000120252371,
    90.90000135451555,
    91.00000135600567,
    87.20000129938126,
    83.00000123679638,
    88.20000131428242,
    83.20000123977661,
    84.90000126510859,
    89.20000132918358,
    82.20000122487545,
    81.00000120699406,
    91.70000136643648,
    87.90000130981207,
    91.70000136643648,
    82.90000123530626,
    83.50000124424696,
    79.00000117719173,
    85.0000012665987,
    84.50000125914812,
    76.40000113844872,
    66.4000009894371,
    67.20000100135803,
    70.90000105649233,
    79.00000117719173,
    79.00000117719173,
    91.00000135600567,
    88.700001321733,
    94.00000140070915,
    94.50000140815973,
    85.70000127702951,
    85.40000127255917,
    86.2000012844801,
    74.70000111311674,
    83.50000124424696,
    81.20000120997429,
    80.90000120550394,
    86.50000128895044,
    83.50000124424696,
    90.50000134855509,
    80.0000011920929,
    82.5000012293458,
    93.90000139921904,
    91.70000136643648,
    80.50000119954348,
    79.00000117719173,
    79.90000119060278,
    90.50000134855509,
    87.90000130981207,
    72.50000108033419,
    83.20000123977661,
    80.0000011920929,
    87.20000129938126,
    91.70000136643648,
    82.5000012293458,
    93.00000138580799,
    81.00000120699406,
    75.50000112503767,
    68.90000102669,
    76.20000113546848,
    68.50000102072954,
    61.700000919401646,
    65.50000097602606,
    75.00000111758709,
    58.600000873208046,
    58.600000873208046,
    71.20000106096268,
    70.40000104904175,
    67.20000100135803,
    76.50000113993883,
    85.70000127702951,
    71.40000106394291,
    80.70000120252371,
    91.90000136941671,
    77.00000114738941,
    74.50000111013651
  ],
  "pr": [
    3.200000047683716,
    5.199999809265137,
    6.800000190734863,
    0.30000001192092896,
    1.399999976158142,
    0.0,
    4.300000190734863,
    8.899999618530273,
    14.300000190734863,
    0.0,
    2.299999952316284,
    12.100000381469727,
    3.0999999046325684,
    1.7999999523162842,
    0.0,
    1.0,
    0.0,
    0.0,
    0.0,
    0.0,
    0.0,
    0.10000000149011612,
    0.10000000149011612,
    0.0,
    0.0,
    0.20000000298023224,
    3.700000047683716,
    2.799999952316284,
    0.6000000238418579,
    0.20000000298023224,
    0.800000011920929,
    0.10000000149011612,
    0.0,
    4.099999904632568,
    0.0,
    0.10000000149011612,
    1.899999976158142,
    0.0,
    0.0,
    0.0,
    3.5999999046325684,
    5.300000190734863,
    2.700000047683716,
    0.0,
    0.0,
    4.900000095367432,
    7.199999809265137,
    1.2999999523162842,
    3.0999999046325684,
    6.400000095367432,
    1.600000023841858,
    2.9000000953674316,
    4.900000095367432,
    3.0,
    0.10000000149011612,
    0.0,
    0.0,
    4.199999809265137,
    0.10000000149011612,
    0.0,
    0.0,
    0.0,
    0.0,
    0.0,
    0.0,
    0.0,
    0.0,
    0.0,
    0.699999988079071,
    7.699999809265137,
    0.0,
    11.100000381469727,
    8.100000381469727,
    7.900000095367432,
    1.5
  ],
  "tas": [
    3.200000047683716,
    1.1000000163912773,
    0.5000000074505806,
    0.20000000298023224,
    -1.3000000193715096,
    -0.800000011920929,
    -1.3000000193715096,
    2.0000000298023224,
    3.400000050663948,
    -2.1000000312924385,
    -3.200000047683716,
    3.500000052154064,
    8.900000132620335,
    8.300000123679638,
    9.80000014603138,
    10.000000149011612,
    8.400000125169754,
    3.1000000461935997,
    1.700000025331974,
    2.500000037252903,
    4.90000007301569,
    3.400000050663948,
    5.700000084936619,
    3.6000000536441803,
    0.0,
    0.10000000149011612,
    2.500000037252903,
    2.8000000417232513,
    0.9000000134110451,
    2.600000038743019,
    5.700000084936619,
    5.200000077486038,
    4.500000067055225,
    1.8000000268220901,
    6.000000089406967,
    4.200000062584877,
    5.000000074505806,
    8.300000123679638,
    5.000000074505806,
    4.000000059604645,
    6.70000009983778,
    9.300000138580799,
    8.50000012665987,
    4.200000062584877,
    0.20000000298023224,
    -0.20000000298023224,
    4.000000059604645,
    4.000000059604645,
    2.7000000402331352,
    2.2000000327825546,
    3.7000000551342964,
    9.400000140070915,
    11.500000171363354,
    9.600000143051147,
    10.30000015348196,
    12.500000186264515,
    13.300000198185444,
    14.000000208616257,
    10.600000157952309,
    8.900000132620335,
    10.900000162422657,
    11.400000169873238,
    9.900000147521496,
    11.60000017285347,
    12.10000018030405,
    10.600000157952309,
    10.500000156462193,
    11.500000171363354,
    11.300000168383121,
    9.400000140070915,
    8.800000131130219,
    8.00000011920929,
    3.7000000551342964,
    6.000000089406967,
    7.000000104308128
  ],