{
  "time": [
    1767225600000000000,
    1767312000000000000,
    1767398400000000000,
    1767484800000000000,
    1767571200000000000,
    1767657600000000000,
    1767744000000000000,
    1767830400000000000,
    1767916800000000000,
    1768003200000000000,
    1768089600000000000,
    1768176000000000000,
    1768262400000000000,
    1768348800000000000,
    1768435200000000000,
    1768521600000000000,
    1768608000000000000,
    1768694400000000000,
    1768780800000000000,
    1768867200000000000,
    1768953600000000000,
    1769040000000000000,
    1769126400000000000,
    1769212800000000000,
    1769299200000000000,
    1769385600000000000,
    1769472000000000000,
    1769558400000000000,
    1769644800000000000,
    1769731200000000000,
    1769817600000000000,
    1769904000000000000,
    1769990400000000000,
    1770076800000000000,
    1770163200000000000,
    1770249600000000000,
    1770336000000000000,
    1770422400000000000,
    1770508800000000000,
    1770595200000000000,
    1770681600000000000,
    1770768000000000000,
    1770854400000000000,
    1770940800000000000,
    1771027200000000000,
    1771113600000000000,
    1771200000000000000,
    1771286400000000000,
    1771372800000000000,
    1771459200000000000,
    1771545600000000000,
    1771632000000000000
  ],
  "hurs": [
    80.70000120252371,
    90.90000135451555,
    91.00000135600567,
    87.20000129938126,
    83.00000123679638,
    88.20000131428242,
    83.20000123977661,
    84.90000126510859,
    89.20000132918358,
    82.20000122487545,
    81.00000120699406,
    91.70000136643648,
    87.90000130981207,
    91.70000136643648,
    82.90000123530626,
    83.50000124424696,
    79.00000117719173,
    85.0000012665987,
    84.50000125914812,
    76.40000113844872,
    66.4000009894371,
    67.20000100135803,
    70.90000105649233,
    79.00000117719173,
    79.00000117719173,
    91.00000135600567,
    88.700001321733,
    94.00000140070915,
    94.50000140815973,
    85.70000127702951,
    85.40000127255917,
    86.00000128149986,
    73.50000109523535,
    83.50000124424696,
    81.00000120699406,
    80.90000120550394,
    86.2000012844801,
    83.50000124424696,
    91.2000013589859,
    79.70000118762255,
    82.40000122785568,
    94.20000140368938,
    91.90000136941671,
    80.0000011920929,
    79.00000117719173,
    79.50000118464231,
    90.00000134110451,
    86.70000129193068,
    72.70000108331442,
    83.00000123679638,
    81.00000120699406,
    88.20000131428242
  ]
}