{
  "time": [
    1767225600000000000,
    1767312000000000000,
    1767398400000000000,
    1767484800000000000,
    1767571200000000000,
    1767657600000000000,
    1767744000000000000,
    1767830400000000000,
    1767916800000000000,
    1768003200000000000,
    1768089600000000000,
    1768176000000000000,
    1768262400000000000,
    1768348800000000000,
    1768435200000000000,
    1768521600000000000,
    1768608000000000000,
    1768694400000000000,
    1768780800000000000,
    1768867200000000000,
    1768953600000000000,
    1769040000000000000,
    1769126400000000000,
    1769212800000000000,
    1769299200000000000,
    1769385600000000000,
    1769472000000000000,
    1769558400000000000,
    1769644800000000000,
    1769731200000000000,
    1769817600000000000,
    1769904000000000000,
    1769990400000000000,
    1770076800000000000,
    1770163200000000000,
    1770249600000000000,
    1770336000000000000,
    1770422400000000000,
    1770508800000000000,
    1770595200000000000,
    1770681600000000000,
    1770768000000000000,
    1770854400000000000,
    1770940800000000000
  ],
  "hurs": [
    80.70000120252371,
    91.2000013589859,
    90.70000135153532,
    87.5000013038516,
    83.90000125020742,
    89.00000132620335,
    83.00000123679638,
    84.400001257658,
    89.20000132918358,
    82.70000123232603,
    80.70000120252371,
    91.70000136643648,
    88.00000131130219,
    93.40000139176846,
    82.70000123232603,
    83.20000123977661,
    78.70000117272139,
    83.90000125020742,
    84.00000125169754,
    76.00000113248825,
    66.4000009894371,
    67.0000009983778,
    71.50000106543303,
    78.00000116229057,
    78.90000117570162,
    90.50000134855509,
    88.20000131428242,
    92.00000137090683,
    94.20000140368938,
    85.70000127702951,
    86.00000128149986,
    86.00000128149986,
    73.50000109523535,
    83.50000124424696,
    81.00000120699406,
    80.90000120550394,
    86.2000012844801,
    83.50000124424696,
    91.2000013589859,
    79.70000118762255,
    82.40000122785568,
    94.20000140368938,
    91.90000136941671,
    80.0000011920929
  ]
}