{
  "time": [
    1767225600000000000,
    1767312000000000000,
    1767398400000000000,
    1767484800000000000,
    1767571200000000000,
    1767657600000000000,
    1767744000000000000,
    1767830400000000000,
    1767916800000000000,
    1768003200000000000,
    1768089600000000000,
    1768176000000000000,
    1768262400000000000,
    1768348800000000000,
    1768435200000000000,
    1768521600000000000,
    1768608000000000000,
    1768694400000000000,
    1768780800000000000,
    1768867200000000000,
    1768953600000000000,
    1769040000000000000,
    1769126400000000000,
    1769212800000000000,
    1769299200000000000,
    1769385600000000000,
    1769472000000000000,
    1769558400000000000,
    1769644800000000000,
    1769731200000000000,
    1769817600000000000,
    1769904000000000000,
    1769990400000000000,
    1770076800000000000,
    1770163200000000000,
    1770249600000000000,
    1770336000000000000,
    1770422400000000000,
    1770508800000000000,
    1770595200000000000,
    1770681600000000000,
    1770768000000000000,
    1770854400000000000,
    1770940800000000000,
    1771027200000000000,
    1771113600000000000,
    1771200000000000000,
    1771286400000000000,
    1771372800000000000,
    1771459200000000000,
    1771545600000000000,
    1771632000000000000,
    1771718400000000000,
    1771804800000000000,
    1771891200000000000,
    1771977600000000000
  ],
  "tas": [
    3.200000047683716,
    1.1000000163912773,
    0.5000000074505806,
    0.20000000298023224,
    -1.3000000193715096,
    -0.800000011920929,
    -1.3000000193715096,
    2.0000000298023224,
    3.400000050663948,
    -2.1000000312924385,
    -3.200000047683716,
    3.500000052154064,
    8.900000132620335,
    8.300000123679638,
    9.80000014603138,
    10.000000149011612,
    8.400000125169754,
    3.1000000461935997,
    1.700000025331974,
    2.500000037252903,
    4.90000007301569,
    3.400000050663948,
    5.700000084936619,
    3.6000000536441803,
    0.0,
    0.10000000149011612,
    2.500000037252903,
    2.8000000417232513,
    0.9000000134110451,
    2.600000038743019,
    5.700000084936619,
    5.200000077486038,
    4.500000067055225,
    1.8000000268220901,
    6.000000089406967,
    4.200000062584877,
    5.000000074505806,
    8.300000123679638,
    4.90000007301569,
    4.000000059604645,
    6.800000101327896,
    9.300000138580799,
    8.50000012665987,
    4.200000062584877,
    0.20000000298023224,
    -0.20000000298023224,
    4.000000059604645,
    4.200000062584877,
    2.7000000402331352,
    2.3000000342726707,
    3.6000000536441803,
    9.300000138580799,
    11.500000171363354,
    9.600000143051147,
    10.100000150501728,
    12.500000186264515
  ]
}