{
  "time": [
    1767225600000000000,
    1767312000000000000,
    1767398400000000000,
    1767484800000000000,
    1767571200000000000,
    1767657600000000000,
    1767744000000000000,
    1767830400000000000,
    1767916800000000000,
    1768003200000000000,
    1768089600000000000,
    1768176000000000000,
    1768262400000000000,
    1768348800000000000,
    1768435200000000000,
    1768521600000000000,
    1768608000000000000,
    1768694400000000000,
    1768780800000000000,
    1768867200000000000,
    1768953600000000000,
    1769040000000000000,
    1769126400000000000,
    1769212800000000000,
    1769299200000000000,
    1769385600000000000,
    1769472000000000000,
    1769558400000000000,
    1769644800000000000,
    1769731200000000000,
    1769817600000000000,
    1769904000000000000,
    1769990400000000000,
    1770076800000000000
  ],
  "tas": [
    3.200000047683716,
    1.1000000163912773,
    0.5000000074505806,
    0.20000000298023224,
    -1.5000000223517418,
    -0.9000000134110451,
    -1.3000000193715096,
    2.1000000312924385,
    3.500000052154064,
    -2.1000000312924385,
    -3.200000047683716,
    3.500000052154064,
    8.800000131130219,
    8.100000120699406,
    9.80000014603138,
    10.000000149011612,
    8.400000125169754,
    3.200000047683716,
    1.600000023841858,
    2.500000037252903,
    4.90000007301569,
    3.400000050663948,
    5.500000081956387,
    3.6000000536441803,
    0.0,
    0.10000000149011612,
    2.600000038743019,
    3.0000000447034836,
    0.9000000134110451,
    2.7000000402331352,
    5.700000084936619,
    5.200000077486038,
    4.500000067055225,
    1.8000000268220901
  ]
}