{
  "time": [
    1767225600000000000,
    1767312000000000000,
    1767398400000000000,
    1767484800000000000,
    1767571200000000000,
    1767657600000000000,
    1767744000000000000,
    1767830400000000000,
    1767916800000000000,
    1768003200000000000,
    1768089600000000000,
    1768176000000000000,
    1768262400000000000,
    1768348800000000000,
    1768435200000000000,
    1768521600000000000,
    1768608000000000000,
    1768694400000000000,
    1768780800000000000,
    1768867200000000000,
    1768953600000000000,
    1769040000000000000,
    1769126400000000000,
    1769212800000000000,
    1769299200000000000,
    1769385600000000000,
    1769472000000000000,
    1769558400000000000,
    1769644800000000000,
    1769731200000000000,
    1769817600000000000,
    1769904000000000000,
    1769990400000000000,
    1770076800000000000,
    1770163200000000000,
    1770249600000000000,
    1770336000000000000,
    1770422400000000000,
    1770508800000000000,
    1770595200000000000,
    1770681600000000000,
    1770768000000000000,
    1770854400000000000,
    1770940800000000000,
    1771027200000000000,
    1771113600000000000,
    1771200000000000000,
    1771286400000000000,
    1771372800000000000,
    1771459200000000000,
    1771545600000000000,
    1771632000000000000,
    1771718400000000000,
    1771804800000000000,
    1771891200000000000,
    1771977600000000000,
    1772064000000000000,
    1772150400000000000,
    1772236800000000000,
    1772323200000000000,
    1772409600000000000,
    1772496000000000000,
    1772582400000000000,
    1772668800000000000
  ],
  "tasmax": [
    4.200000062584877,
    3.500000052154064,
    1.1000000163912773,
    1.1000000163912773,
    0.20000000298023224,
    0.9000000134110451,
    0.9000000134110451,
    3.1000000461935997,
    6.200000092387199,
    0.5000000074505806,
    0.4000000059604645,
    8.100000120699406,
    10.900000162422657,
    9.900000147521496,
    11.400000169873238,
    11.500000171363354,
    12.600000187754631,
    6.70000009983778,
    4.500000067055225,
    6.500000096857548,
    8.50000012665987,
    8.00000011920929,
    10.30000015348196,
    7.800000116229057,
    2.3000000342726707,
    0.800000011920929,
    5.200000077486038,
    4.700000070035458,
    1.700000025331974,
    5.500000081956387,
    8.00000011920929,
    8.00000011920929,
    8.00000011920929,
    5.000000074505806,
    11.60000017285347,
    8.50000012665987,
    7.500000111758709,
    13.100000195205212,
    8.00000011920929,
    8.00000011920929,
    9.500000141561031,
    11.000000163912773,
    10.000000149011612,
    7.300000108778477,
    1.3000000193715096,
    4.500000067055225,
    8.00000011920929,
    6.500000096857548,
    5.4000000804662704,
    4.500000067055225,
    8.00000011920929,
    11.000000163912773,
    12.500000186264515,
    11.500000171363354,
    12.000000178813934,
    17.30000025779009,
    18.30000027269125,
    19.80000029504299,
    14.000000208616257,
    14.100000210106373,
    16.300000242888927,
    18.100000269711018,
    17.600000262260437,
    18.500000275671482
  ]
}