{
  "time": [
    1767225600000000000,
    1767312000000000000,
    1767398400000000000,
    1767484800000000000,
    1767571200000000000,
    1767657600000000000,
    1767744000000000000,
    1767830400000000000,
    1767916800000000000,
    1768003200000000000,
    1768089600000000000,
    1768176000000000000,
    1768262400000000000,
    1768348800000000000,
    1768435200000000000,
    1768521600000000000,
    1768608000000000000,
    1768694400000000000,
    1768780800000000000,
    1768867200000000000,
    1768953600000000000,
    1769040000000000000,
    1769126400000000000,
    1769212800000000000,
    1769299200000000000,
    1769385600000000000,
    1769472000000000000,
    1769558400000000000,
    1769644800000000000,
    1769731200000000000,
    1769817600000000000,
    1769904000000000000,
    1769990400000000000,
    1770076800000000000,
    1770163200000000000
  ],
  "tasmax": [
    4.400000065565109,
    3.500000052154064,
    1.1000000163912773,
    1.1000000163912773,
    0.10000000149011612,
    0.6000000089406967,
    0.800000011920929,
    3.200000047683716,
    6.200000092387199,
    0.5000000074505806,
    0.5000000074505806,
    8.100000120699406,
    10.800000160932541,
    9.600000143051147,
    11.400000169873238,
    11.500000171363354,
    12.600000187754631,
    6.70000009983778,
    4.400000065565109,
    6.500000096857548,
    8.50000012665987,
    8.00000011920929,
    10.000000149011612,
    7.700000114738941,
    2.500000037252903,
    0.800000011920929,
    5.200000077486038,
    5.000000074505806,
    1.700000025331974,
    5.500000081956387,
    8.00000011920929,
    8.00000011920929,
    8.00000011920929,
    5.000000074505806,
    11.60000017285347
  ]
}