{
  "time": [
    1767225600000000000,
    1767312000000000000,
    1767398400000000000,
    1767484800000000000,
    1767571200000000000,
    1767657600000000000,
    1767744000000000000,
    1767830400000000000,
    1767916800000000000,
    1768003200000000000,
    1768089600000000000,
    1768176000000000000,
    1768262400000000000,
    1768348800000000000,
    1768435200000000000,
    1768521600000000000,
    1768608000000000000,
    1768694400000000000,
    1768780800000000000,
    1768867200000000000,
    1768953600000000000,
    1769040000000000000,
    1769126400000000000,
    1769212800000000000,
    1769299200000000000,
    1769385600000000000,
    1769472000000000000,
    1769558400000000000,
    1769644800000000000,
    1769731200000000000,
    1769817600000000000,
    1769904000000000000,
    1769990400000000000,
    1770076800000000000,
    1770163200000000000,
    1770249600000000000,
    1770336000000000000
  ],
  "tasmin": [
    2.2000000327825546,
    0.20000000298023224,
    -0.20000000298023224,
    -2.7000000402331352,
    -3.6000000536441803,
    -3.1000000461935997,
    -2.8000000417232513,
    0.5000000074505806,
    0.5000000074505806,
    -5.500000081956387,
    -8.00000011920929,
    0.10000000149011612,
    7.300000108778477,
    6.200000092387199,
    8.00000011920929,
    6.400000095367432,
    4.200000062584877,
    0.5000000074505806,
    -0.800000011920929,
    -1.3000000193715096,
    1.600000023841858,
    -1.3000000193715096,
    3.400000050663948,
    -0.6000000089406967,
    -2.1000000312924385,
    -0.800000011920929,
    -0.10000000149011612,
    0.4000000059604645,
    0.10000000149011612,
    -0.10000000149011612,
    3.7000000551342964,
    2.600000038743019,
    1.1000000163912773,
    -1.1000000163912773,
    1.1000000163912773,
    0.6000000089406967,
    2.600000038743019
  ]
}