{
  "time": [
    1767225600000000000,
    1767312000000000000,
    1767398400000000000,
    1767484800000000000,
    1767571200000000000,
    1767657600000000000,
    1767744000000000000,
    1767830400000000000,
    1767916800000000000,
    1768003200000000000,
    1768089600000000000,
    1768176000000000000,
    1768262400000000000,
    1768348800000000000,
    1768435200000000000,
    1768521600000000000,
    1768608000000000000,
    1768694400000000000,
    1768780800000000000,
    1768867200000000000,
    1768953600000000000,
    1769040000000000000,
    1769126400000000000,
    1769212800000000000,
    1769299200000000000,
    1769385600000000000,
    1769472000000000000,
    1769558400000000000,
    1769644800000000000,
    1769731200000000000,
    1769817600000000000,
    1769904000000000000,
    1769990400000000000,
    1770076800000000000,
    1770163200000000000,
    1770249600000000000,
    1770336000000000000,
    1770422400000000000,
    1770508800000000000,
    1770595200000000000,
    1770681600000000000,
    1770768000000000000,
    1770854400000000000,
    1770940800000000000,
    1771027200000000000,
    1771113600000000000,
    1771200000000000000,
    1771286400000000000,
    1771372800000000000,
    1771459200000000000,
    1771545600000000000,
    1771632000000000000,
    1771718400000000000,
    1771804800000000000
  ],
  "hurs": [
    77.50000115483999,
    81.40000121295452,
    84.00000125169754,
    82.90000123530626,
    73.70000109821558,
    82.70000123232603,
    72.20000107586384,
    80.0000011920929,
    85.90000128000975,
    77.70000115782022,
    84.70000126212835,
    88.00000131130219,
    94.20000140368938,
    89.50000133365393,
    88.20000131428242,
    76.50000113993883,
    87.70000130683184,
    80.70000120252371,
    71.00000105798244,
    79.50000118464231,
    80.0000011920929,
    80.0000011920929,
    78.00000116229057,
    82.00000122189522,
    85.50000127404928,
    90.00000134110451,
    91.00000135600567,
    89.00000132620335,
    86.2000012844801,
    87.70000130683184,
    87.00000129640102,
    80.0000011920929,
    75.40000112354755,
    70.50000105053186,
    86.2000012844801,
    90.00000134110451,
    94.40000140666962,
    96.2000014334917,
    97.70000145584345,
    93.00000138580799,
    85.70000127702951,
    95.90000142902136,
    94.70000141113997,
    91.70000136643648,
    88.00000131130219,
    71.20000106096268,
    85.0000012665987,
    91.00000135600567,
    86.40000128746033,
    73.00000108778477,
    69.5000010356307,
    86.50000128895044,
    90.00000134110451,
    83.90000125020742
  ],
  "pr": [
    0.0,
    1.100000023841858,
    6.599999904632568,
    2.299999952316284,
    1.399999976158142,
    0.0,
    1.7999999523162842,
    1.5,
    10.0,
    0.0,
    0.0,
    1.899999976158142,
    0.4000000059604645,
    3.700000047683716,
    0.0,
    0.0,
    0.0,
    0.0,
    0.0,
    0.0,
    0.0,
    0.0,
    0.0,
    0.0,
    7.699999809265137,
    0.699999988079071,
    0.0,
    0.0,
    2.4000000953674316,
    0.0,
    0.0,
    0.0,
    0.0,
    0.5,
    0.30000001192092896,
    0.0,
    0.10000000149011612,
    1.0,
    0.0,
    0.0,
    0.699999988079071,
    5.800000190734863,
    9.100000381469727,
    2.9000000953674316,
    0.10000000149011612,
    0.5,
    3.299999952316284,
    4.199999809265137,
    0.6000000238418579,
    0.0,
    2.200000047683716,
    3.5,
    9.199999809265137,
    6.0
  ],
  "tas": [
    2.8000000417232513,
    1.3000000193715096,
    0.4000000059604645,
    0.10000000149011612,
    -1.1000000163912773,
    -2.8000000417232513,
    -2.8000000417232513,
    -0.5000000074505806,
    -2.600000038743019,
    -5.700000084936619,
    -9.00000013411045,
    -1.3000000193715096,
    4.500000067055225,
    4.90000007301569,
    6.500000096857548,
    8.00000011920929,
    2.3000000342726707,
    2.2000000327825546,
    0.6000000089406967,
    -0.9000000134110451,
    -1.1000000163912773,
    -3.9000000581145287,
    -4.200000062584877,
    -3.200000047683716,
    -1.8000000268220901,
    -1.3000000193715096,
    -0.9000000134110451,
    -1.600000023841858,
    -1.5000000223517418,
    -2.1000000312924385,
    -1.600000023841858,
    -4.700000070035458,
    -6.400000095367432,
    -5.900000087916851,
    -4.500000067055225,
    -3.200000047683716,
    0.10000000149011612,
    1.3000000193715096,
    0.5000000074505806,
    0.6000000089406967,
    3.0000000447034836,
    5.500000081956387,
    6.200000092387199,
    1.600000023841858,
    -0.5000000074505806,
    -1.8000000268220901,
    -1.8000000268220901,
    2.0000000298023224,
    -0.9000000134110451,
    -2.2000000327825546,
    -0.5000000074505806,
    7.000000104308128,
    10.30000015348196,
    8.300000123679638
  ],
  "tasmax": [
    3.200000047683716,
    2.600000038743019,
    1.700000025331974,
    1.3000000193715096,
    0.800000011920929,
    -1.1000000163912773,
    -0.9000000134110451,
    2.0000000298023224,
    -0.4000000059604645,
    -3.400000050663948,
    -7.000000104308128,
    3.200000047683716,
    7.500000111758709,
    7.700000114738941,
    10.900000162422657,
    12.10000018030405,
    4.700000070035458,
    4.200000062584877,
    3.400000050663948,
    3.6000000536441803,
    5.000000074505806,
    -0.6000000089406967,
    -1.8000000268220901,
    -1.700000025331974,
    -1.3000000193715096,
    0.10000000149011612,
    0.4000000059604645,
    -0.4000000059604645,
    -0.9000000134110451,
    -0.5000000074505806,
    -0.5000000074505806,
    -3.6000000536441803,
    -5.500000081956387,
    -4.200000062584877,
    -3.0000000447034836,
    -0.800000011920929,
    0.9000000134110451,
    2.600000038743019,
    1.0000000149011612,
    1.8000000268220901,
    5.900000087916851,
    8.00000011920929,
    8.00000011920929,
    4.200000062584877,
    0.4000000059604645,
    1.1000000163912773,
    0.10000000149011612,
    5.4000000804662704,
    1.600000023841858,
    1.0000000149011612,
    3.9000000581145287,
    9.500000141561031,
    11.900000177323818,
    10.500000156462193
  ],
  "tasmin": [
    1.8000000268220901,
    -0.20000000298023224,
    -1.3000000193715096,
    -2.2000000327825546,
    -3.400000050663948,
    -5.4000000804662704,
    -5.4000000804662704,
    -2.7000000402331352,
    -5.4000000804662704,
    -11.10000016540289,
    -13.800000205636024,
    -9.100000135600567,
    1.700000025331974,
    -0.4000000059604645,
    2.500000037252903,
    3.1000000461935997,
    -0.800000011920929,
    -1.1000000163912773,
    -3.0000000447034836,
    -4.700000070035458,
    -5.500000081956387,
    -6.800000101327896,
    -6.500000096857548,
    -4.90000007301569,
    -3.1000000461935997,
    -2.500000037252903,
    -2.8000000417232513,
    -2.3000000342726707,
    -2.600000038743019,
    -3.200000047683716,
    -4.200000062584877,
    -5.700000084936619,
    -8.00000011920929,
    -7.400000110268593,
    -5.200000077486038,
    -4.90000007301569,
    -1.1000000163912773,
    0.10000000149011612,
    -0.10000000149011612,
    -0.20000000298023224,
    -0.5000000074505806,
    3.0000000447034836,
    4.000000059604645,
    0.0,
    -2.2000000327825546,
    -5.500000081956387,
    -3.400000050663948,
    -0.4000000059604645,
    -2.8000000417232513,
    -3.9000000581145287,
    -6.000000089406967,
    3.200000047683716,
    8.00000011920929,
    6.200000092387199
  ]
}