{
  "time": [
    1767225600000000000,
    1767312000000000000,
    1767398400000000000,
    1767484800000000000,
    1767571200000000000,
    1767657600000000000,
    1767744000000000000,
    1767830400000000000,
    1767916800000000000,
    1768003200000000000,
    1768089600000000000,
    1768176000000000000,
    1768262400000000000,
    1768348800000000000,
    1768435200000000000,
    1768521600000000000,
    1768608000000000000,
    1768694400000000000,
    1768780800000000000,
    1768867200000000000,
    1768953600000000000,
    1769040000000000000,
    1769126400000000000,
    1769212800000000000,
    1769299200000000000,
    1769385600000000000,
    1769472000000000000,
    1769558400000000000,
    1769644800000000000,
    1769731200000000000,
    1769817600000000000,
    1769904000000000000,
    1769990400000000000,
    1770076800000000000,
    1770163200000000000,
    1770249600000000000
  ],
  "hurs": [
    77.20000115036964,
    81.00000120699406,
    83.70000124722719,
    83.20000123977661,
    73.50000109523535,
    83.40000124275684,
    72.0000010728836,
    80.20000119507313,
    85.50000127404928,
    79.70000118762255,
    84.70000126212835,
    87.20000129938126,
    94.20000140368938,
    89.90000133961439,
    88.00000131130219,
    75.7000011280179,
    87.20000129938126,
    80.70000120252371,
    69.90000104159117,
    78.70000117272139,
    79.70000118762255,
    80.20000119507313,
    79.50000118464231,
    82.40000122785568,
    85.20000126957893,
    92.70000138133764,
    90.00000134110451,
    87.70000130683184,
    86.2000012844801,
    86.90000129491091,
    86.50000128895044,
    80.0000011920929,
    75.40000112354755,
    70.50000105053186,
    86.2000012844801,
    90.00000134110451
  ],
  "pr": [
    0.0,
    1.100000023841858,
    6.599999904632568,
    2.299999952316284,
    1.399999976158142,
    0.0,
    1.7999999523162842,
    1.5,
    10.0,
    0.0,
    0.0,
    1.899999976158142,
    0.4000000059604645,
    3.700000047683716,
    0.0,
    0.0,
    0.0,
    0.0,
    0.0,
    0.0,
    0.0,
    0.0,
    0.0,
    0.0,
    7.699999809265137,
    0.699999988079071,
    0.0,
    0.0,
    2.4000000953674316,
    0.0,
    0.0,
    0.0,
    0.0,
    0.5,
    0.30000001192092896,
    0.0
  ],
  "tas": [
    2.8000000417232513,
    1.3000000193715096,
    0.4000000059604645,
    0.0,
    -1.1000000163912773,
    -2.8000000417232513,
    -2.8000000417232513,
    -0.5000000074505806,
    -2.500000037252903,
    -5.900000087916851,
    -9.00000013411045,
    -1.3000000193715096,
    4.500000067055225,
    4.90000007301569,
    6.500000096857548,
    8.00000011920929,
    2.3000000342726707,
    2.2000000327825546,
    0.6000000089406967,
    -0.9000000134110451,
    -1.1000000163912773,
    -3.9000000581145287,
    -4.500000067055225,
    -3.400000050663948,
    -1.8000000268220901,
    -1.5000000223517418,
    -0.800000011920929,
    -1.600000023841858,
    -1.5000000223517418,
    -2.1000000312924385,
    -1.5000000223517418,
    -4.700000070035458,
    -6.400000095367432,
    -5.900000087916851,
    -4.500000067055225,
    -3.200000047683716
  ],
  "tasmax": [
    3.400000050663948,
    2.600000038743019,
    1.600000023841858,
    1.1000000163912773,
    0.800000011920929,
    -1.0000000149011612,
    -0.9000000134110451,
    2.0000000298023224,
    -0.20000000298023224,
    -3.6000000536441803,
    -7.000000104308128,
    3.200000047683716,
    7.500000111758709,
    7.700000114738941,
    10.900000162422657,
    12.000000178813934,
    4.700000070035458,
    4.400000065565109,
    3.400000050663948,
    3.6000000536441803,
    5.000000074505806,
    -0.6000000089406967,
    -2.2000000327825546,
    -2.0000000298023224,
    -1.1000000163912773,
    -0.10000000149011612,
    0.5000000074505806,
    -0.4000000059604645,
    -0.9000000134110451,
    -0.5000000074505806,
    -0.4000000059604645,
    -3.6000000536441803,
    -5.500000081956387,
    -4.200000062584877,
    -3.0000000447034836,
    -0.800000011920929
  ],
  "tasmin": [
    1.8000000268220901,
    -0.20000000298023224,
    -1.3000000193715096,
    -2.500000037252903,
    -3.200000047683716,
    -5.4000000804662704,
    -5.4000000804662704,
    -2.7000000402331352,
    -5.200000077486038,
    -11.400000169873238,
    -13.000000193715096,
    -9.100000135600567,
    1.8000000268220901,
    -0.800000011920929,
    2.500000037252903,
    3.1000000461935997,
    -0.800000011920929,
    -1.1000000163912773,
    -2.8000000417232513,
    -4.700000070035458,
    -5.200000077486038,
    -6.500000096857548,
    -6.800000101327896,
    -5.000000074505806,
    -3.1000000461935997,
    -2.7000000402331352,
    -2.7000000402331352,
    -2.3000000342726707,
    -2.600000038743019,
    -3.200000047683716,
    -4.000000059604645,
    -5.700000084936619,
    -8.00000011920929,
    -7.400000110268593,
    -5.200000077486038,
    -4.90000007301569
  ]
}