{
  "time": [
    1767268800000000000,
    1767355200000000000,
    1767441600000000000
  ],
  "hurs": [
    77.90000116080046,
    81.20000120997429,
    83.50000124424696
  ],
  "pr": [
    0.0,
    1.100000023841858,
    5.699999809265137
  ],
  "tas": [
    2.7000000402331352,
    1.3000000193715096,
    0.4000000059604645
  ],
  "tasmax": [
    3.200000047683716,
    2.500000037252903,
    1.700000025331974
  ],
  "tasmin": [
    1.700000025331974,
    -0.20000000298023224,
    -1.3000000193715096
  ]
}