{
  "time": [
    1767268800000000000
  ],
  "hurs": [
    77.90000116080046
  ],
  "pr": [
    0.0
  ],
  "tas": [
    2.7000000402331352
  ],
  "tasmax": [
    3.200000047683716
  ],
  "tasmin": [
    1.700000025331974
  ]
}