{
  "time": [
    1767268800000000000,
    1767355200000000000,
    1767441600000000000
  ],
  "hurs": [
    77.90000116080046,
    81.20000120997429,
    83.50000124424696
  ]
}