{
  "time": [
    1767225600000000000,
    1767312000000000000,
    1767398400000000000,
    1767484800000000000,
    1767571200000000000,
    1767657600000000000,
    1767744000000000000,
    1767830400000000000,
    1767916800000000000,
    1768003200000000000,
    1768089600000000000,
    1768176000000000000,
    1768262400000000000,
    1768348800000000000,
    1768435200000000000,
    1768521600000000000,
    1768608000000000000,
    1768694400000000000,
    1768780800000000000,
    1768867200000000000,
    1768953600000000000,
    1769040000000000000,
    1769126400000000000,
    1769212800000000000,
    1769299200000000000,
    1769385600000000000,
    1769472000000000000,
    1769558400000000000,
    1769644800000000000,
    1769731200000000000,
    1769817600000000000,
    1769904000000000000,
    1769990400000000000,
    1770076800000000000,
    1770163200000000000,
    1770249600000000000,
    1770336000000000000,
    1770422400000000000,
    1770508800000000000,
    1770595200000000000,
    1770681600000000000,
    1770768000000000000,
    1770854400000000000,
    1770940800000000000,
    1771027200000000000,
    1771113600000000000,
    1771200000000000000,
    1771286400000000000,
    1771372800000000000
  ],
  "hurs": [
    77.50000115483999,
    81.40000121295452,
    84.00000125169754,
    82.90000123530626,
    73.70000109821558,
    82.70000123232603,
    72.20000107586384,
    80.0000011920929,
    85.90000128000975,
    77.70000115782022,
    84.70000126212835,
    88.00000131130219,
    94.20000140368938,
    89.50000133365393,
    88.20000131428242,
    76.50000113993883,
    87.70000130683184,
    80.70000120252371,
    71.00000105798244,
    79.50000118464231,
    80.0000011920929,
    80.0000011920929,
    78.00000116229057,
    82.00000122189522,
    85.50000127404928,
    90.00000134110451,
    91.00000135600567,
    89.00000132620335,
    86.2000012844801,
    87.70000130683184,
    87.00000129640102,
    80.0000011920929,
    75.40000112354755,
    70.50000105053186,
    86.2000012844801,
    90.00000134110451,
    94.40000140666962,
    96.2000014334917,
    97.70000145584345,
    93.00000138580799,
    85.70000127702951,
    95.90000142902136,
    94.70000141113997,
    91.70000136643648,
    88.00000131130219,
    71.20000106096268,
    85.0000012665987,
    91.00000135600567,
    86.40000128746033
  ]
}