{
  "time": [
    1767247200000000000,
    1767333600000000000,
    1767420000000000000,
    1767506400000000000,
    1767592800000000000,
    1767679200000000000,
    1767765600000000000,
    1767852000000000000,
    1767938400000000000,
    1768024800000000000,
    1768111200000000000,
    1768197600000000000,
    1768284000000000000,
    1768370400000000000,
    1768456800000000000,
    1768543200000000000,
    1768629600000000000,
    1768716000000000000,
    1768802400000000000,
    1768888800000000000,
    1768975200000000000,
    1769061600000000000,
    1769148000000000000,
    1769234400000000000,
    1769320800000000000,
    1769407200000000000,
    1769493600000000000,
    1769580000000000000,
    1769666400000000000,
    1769752800000000000,
    1769839200000000000,
    1769925600000000000,
    1770012000000000000,
    1770098400000000000,
    1770184800000000000,
    1770271200000000000,
    1770357600000000000
  ],
  "pr": [
    0.0,
    1.100000023841858,
    6.599999904632568,
    2.299999952316284,
    1.399999976158142,
    0.0,
    1.7999999523162842,
    1.5,
    10.0,
    0.0,
    0.0,
    1.899999976158142,
    0.4000000059604645,
    3.700000047683716,
    0.0,
    0.0,
    0.0,
    0.0,
    0.0,
    0.0,
    0.0,
    0.0,
    0.0,
    0.0,
    7.699999809265137,
    0.699999988079071,
    0.0,
    0.0,
    2.4000000953674316,
    0.0,
    0.0,
    0.0,
    0.0,
    0.5,
    0.30000001192092896,
    0.0,
    0.10000000149011612
  ]
}