{
  "time": [
    1767290400000000000,
    1767376800000000000,
    1767463200000000000
  ],
  "pr": [
    0.0,
    1.100000023841858,
    5.699999809265137
  ]
}