{
  "time": [
    1767225600000000000,
    1767312000000000000,
    1767398400000000000,
    1767484800000000000,
    1767571200000000000,
    1767657600000000000,
    1767744000000000000,
    1767830400000000000,
    1767916800000000000,
    1768003200000000000,
    1768089600000000000,
    1768176000000000000,
    1768262400000000000,
    1768348800000000000,
    1768435200000000000,
    1768521600000000000,
    1768608000000000000,
    1768694400000000000,
    1768780800000000000,
    1768867200000000000,
    1768953600000000000,
    1769040000000000000,
    1769126400000000000,
    1769212800000000000,
    1769299200000000000,
    1769385600000000000,
    1769472000000000000,
    1769558400000000000,
    1769644800000000000,
    1769731200000000000,
    1769817600000000000,
    1769904000000000000,
    1769990400000000000,
    1770076800000000000
  ],
  "tas": [
    2.8000000417232513,
    1.3000000193715096,
    0.4000000059604645,
    0.0,
    -1.1000000163912773,
    -2.8000000417232513,
    -2.8000000417232513,
    -0.5000000074505806,
    -2.500000037252903,
    -5.900000087916851,
    -9.00000013411045,
    -1.3000000193715096,
    4.500000067055225,
    4.90000007301569,
    6.500000096857548,
    8.00000011920929,
    2.3000000342726707,
    2.2000000327825546,
    0.6000000089406967,
    -0.9000000134110451,
    -1.1000000163912773,
    -3.9000000581145287,
    -4.500000067055225,
    -3.400000050663948,
    -1.8000000268220901,
    -1.5000000223517418,
    -0.800000011920929,
    -1.600000023841858,
    -1.5000000223517418,
    -2.1000000312924385,
    -1.5000000223517418,
    -4.700000070035458,
    -6.400000095367432,
    -5.900000087916851
  ]
}