{
  "time": [
    1767268800000000000,
    1767355200000000000,
    1767441600000000000
  ],
  "tas": [
    2.7000000402331352,
    1.3000000193715096,
    0.4000000059604645
  ]
}