{
  "time": [
    1767268800000000000,
    1767355200000000000,
    1767441600000000000
  ],
  "tasmin": [
    1.700000025331974,
    -0.20000000298023224,
    -1.3000000193715096
  ]
}