{
  "time": [
    1767225600000000000,
    1767312000000000000,
    1767398400000000000,
    1767484800000000000,
    1767571200000000000,
    1767657600000000000,
    1767744000000000000,
    1767830400000000000,
    1767916800000000000,
    1768003200000000000,
    1768089600000000000,
    1768176000000000000,
    1768262400000000000,
    1768348800000000000,
    1768435200000000000,
    1768521600000000000,
    1768608000000000000,
    1768694400000000000,
    1768780800000000000,
    1768867200000000000,
    1768953600000000000,
    1769040000000000000,
    1769126400000000000,
    1769212800000000000,
    1769299200000000000,
    1769385600000000000,
    1769472000000000000,
    1769558400000000000,
    1769644800000000000,
    1769731200000000000,
    1769817600000000000,
    1769904000000000000,
    1769990400000000000,
    1770076800000000000,
    1770163200000000000,
    1770249600000000000,
    1770336000000000000,
    1770422400000000000,
    1770508800000000000,
    1770595200000000000,
    1770681600000000000,
    1770768000000000000,
    1770854400000000000,
    1770940800000000000,
    1771027200000000000,
    1771113600000000000,
    1771200000000000000,
    1771286400000000000,
    1771372800000000000,
    1771459200000000000,
    1771545600000000000,
    1771632000000000000,
    1771718400000000000
  ],
  "tasmax": [
    3.200000047683716,
    2.600000038743019,
    1.700000025331974,
    1.3000000193715096,
    0.800000011920929,
    -1.1000000163912773,
    -0.9000000134110451,
    2.0000000298023224,
    -0.4000000059604645,
    -3.400000050663948,
    -7.000000104308128,
    3.200000047683716,
    7.500000111758709,
    7.700000114738941,
    10.900000162422657,
    12.10000018030405,
    4.700000070035458,
    4.200000062584877,
    3.400000050663948,
    3.6000000536441803,
    5.000000074505806,
    -0.6000000089406967,
    -1.8000000268220901,
    -1.700000025331974,
    -1.3000000193715096,
    0.10000000149011612,
    0.4000000059604645,
    -0.4000000059604645,
    -0.9000000134110451,
    -0.5000000074505806,
    -0.5000000074505806,
    -3.6000000536441803,
    -5.500000081956387,
    -4.200000062584877,
    -3.0000000447034836,
    -0.800000011920929,
    0.9000000134110451,
    2.600000038743019,
    1.0000000149011612,
    1.8000000268220901,
    5.900000087916851,
    8.00000011920929,
    8.00000011920929,
    4.200000062584877,
    0.4000000059604645,
    1.1000000163912773,
    0.10000000149011612,
    5.4000000804662704,
    1.600000023841858,
    1.0000000149011612,
    3.9000000581145287,
    9.500000141561031,
    11.900000177323818
  ]
}