{
  "time": [
    1767225600000000000,
    1767312000000000000,
    1767398400000000000,
    1767484800000000000,
    1767571200000000000,
    1767657600000000000,
    1767744000000000000,
    1767830400000000000,
    1767916800000000000,
    1768003200000000000,
    1768089600000000000,
    1768176000000000000,
    1768262400000000000,
    1768348800000000000,
    1768435200000000000,
    1768521600000000000,
    1768608000000000000,
    1768694400000000000,
    1768780800000000000,
    1768867200000000000,
    1768953600000000000,
    1769040000000000000,
    1769126400000000000,
    1769212800000000000,
    1769299200000000000,
    1769385600000000000,
    1769472000000000000,
    1769558400000000000,
    1769644800000000000,
    1769731200000000000,
    1769817600000000000,
    1769904000000000000,
    1769990400000000000,
    1770076800000000000,
    1770163200000000000,
    1770249600000000000,
    1770336000000000000,
    1770422400000000000
  ],
  "hurs": [
    67.90000101178885,
    73.90000110119581,
    72.50000108033419,
    65.20000097155571,
    72.0000010728836,
    82.70000123232603,
    77.20000115036964,
    85.70000127702951,
    74.70000111311674,
    87.20000129938126,
    81.9000012204051,
    84.90000126510859,
    78.70000117272139,
    75.20000112056732,
    80.70000120252371,
    75.7000011280179,
    83.00000123679638,
    88.700001321733,
    90.70000135153532,
    88.50000131875277,
    85.0000012665987,
    79.50000118464231,
    74.70000111311674,
    82.20000122487545,
    90.20000134408474,
    85.50000127404928,
    85.0000012665987,
    92.20000137388706,
    95.40000142157078,
    92.00000137090683,
    91.00000135600567,
    86.50000128895044,
    87.5000013038516,
    86.50000128895044,
    88.700001321733,
    87.40000130236149,
    87.00000129640102,
    86.2000012844801
  ],
  "pr": [
    0.0,
    0.699999988079071,
    0.20000000298023224,
    0.0,
    0.699999988079071,
    0.699999988079071,
    0.4000000059604645,
    3.799999952316284,
    1.7999999523162842,
    0.20000000298023224,
    0.4000000059604645,
    1.2000000476837158,
    0.0,
    1.100000023841858,
    0.30000001192092896,
    0.0,
    0.0,
    0.0,
    0.0,
    0.0,
    0.0,
    0.0,
    0.0,
    0.0,
    10.100000381469727,
    0.10000000149011612,
    3.799999952316284,
    0.20000000298023224,
    4.199999809265137,
    0.20000000298023224,
    0.0,
    0.10000000149011612,
    0.30000001192092896,
    0.699999988079071,
    0.0,
    0.0,
    0.5,
    0.0
  ],
  "tas": [
    -0.4000000059604645,
    1.5000000223517418,
    -1.0000000149011612,
    -1.0000000149011612,
    -4.500000067055225,
    -4.700000070035458,
    -4.700000070035458,
    0.5000000074505806,
    5.900000087916851,
    1.1000000163912773,
    -1.700000025331974,
    3.1000000461935997,
    7.000000104308128,
    7.800000116229057,
    7.200000107288361,
    5.700000084936619,
    1.8000000268220901,
    0.20000000298023224,
    -0.5000000074505806,
    -1.3000000193715096,
    -0.9000000134110451,
    -1.3000000193715096,
    0.5000000074505806,
    -1.5000000223517418,
    -1.600000023841858,
    2.600000038743019,
    2.600000038743019,
    3.0000000447034836,
    1.3000000193715096,
    1.3000000193715096,
    2.2000000327825546,
    2.2000000327825546,
    1.3000000193715096,
    1.3000000193715096,
    1.1000000163912773,
    1.1000000163912773,
    3.1000000461935997,
    6.800000101327896
  ],
  "tasmax": [
    2.8000000417232513,
    3.200000047683716,
    0.5000000074505806,
    1.0000000149011612,
    -0.4000000059604645,
    -2.8000000417232513,
    -1.3000000193715096,
    3.400000050663948,
    8.900000132620335,
    2.600000038743019,
    0.20000000298023224,
    8.600000128149986,
    11.10000016540289,
    12.10000018030405,
    13.000000193715096,
    12.300000183284283,
    5.200000077486038,
    2.2000000327825546,
    2.8000000417232513,
    4.000000059604645,
    4.90000007301569,
    2.7000000402331352,
    5.4000000804662704,
    2.8000000417232513,
    0.20000000298023224,
    5.500000081956387,
    6.000000089406967,
    4.200000062584877,
    2.1000000312924385,
    4.700000070035458,
    6.000000089406967,
    5.500000081956387,
    4.700000070035458,
    4.400000065565109,
    5.500000081956387,
    7.000000104308128,
    8.50000012665987,
    12.000000178813934
  ],
  "tasmin": [
    -4.500000067055225,
    -1.0000000149011612,
    -2.600000038743019,
    -4.200000062584877,
    -8.50000012665987,
    -7.500000111758709,
    -9.900000147521496,
    -3.0000000447034836,
    2.2000000327825546,
    -2.500000037252903,
    -4.500000067055225,
    -3.6000000536441803,
    3.7000000551342964,
    2.7000000402331352,
    3.200000047683716,
    0.9000000134110451,
    -1.3000000193715096,
    -2.2000000327825546,
    -3.200000047683716,
    -4.700000070035458,
    -5.4000000804662704,
    -5.700000084936619,
    -2.600000038743019,
    -4.200000062584877,
    -3.6000000536441803,
    -1.1000000163912773,
    -2.500000037252903,
    2.0000000298023224,
    -0.5000000074505806,
    -2.7000000402331352,
    -0.6000000089406967,
    -1.0000000149011612,
    -1.1000000163912773,
    -0.6000000089406967,
    -2.500000037252903,
    -2.3000000342726707,
    -1.3000000193715096,
    0.800000011920929
  ]
}