{
  "time": [
    1767225600000000000,
    1767312000000000000,
    1767398400000000000,
    1767484800000000000,
    1767571200000000000,
    1767657600000000000,
    1767744000000000000,
    1767830400000000000,
    1767916800000000000,
    1768003200000000000,
    1768089600000000000,
    1768176000000000000,
    1768262400000000000,
    1768348800000000000,
    1768435200000000000,
    1768521600000000000,
    1768608000000000000,
    1768694400000000000,
    1768780800000000000,
    1768867200000000000,
    1768953600000000000,
    1769040000000000000,
    1769126400000000000,
    1769212800000000000,
    1769299200000000000,
    1769385600000000000,
    1769472000000000000,
    1769558400000000000,
    1769644800000000000,
    1769731200000000000,
    1769817600000000000,
    1769904000000000000,
    1769990400000000000,
    1770076800000000000,
    1770163200000000000,
    1770249600000000000,
    1770336000000000000,
    1770422400000000000,
    1770508800000000000,
    1770595200000000000,
    1770681600000000000,
    1770768000000000000,
    1770854400000000000,
    1770940800000000000,
    1771027200000000000,
    1771113600000000000,
    1771200000000000000,
    1771286400000000000
  ],
  "hurs": [
    68.2000010162592,
    73.70000109821558,
    73.200001090765,
    66.00000098347664,
    72.0000010728836,
    82.5000012293458,
    77.20000115036964,
    85.0000012665987,
    74.70000111311674,
    87.20000129938126,
    82.90000123530626,
    85.20000126957893,
    77.40000115334988,
    75.00000111758709,
    80.0000011920929,
    74.70000111311674,
    83.20000123977661,
    88.20000131428242,
    89.70000133663416,
    89.50000133365393,
    84.400001257658,
    78.70000117272139,
    75.50000112503767,
    80.90000120550394,
    90.20000134408474,
    85.50000127404928,
    83.00000123679638,
    93.40000139176846,
    95.70000142604113,
    91.50000136345625,
    91.00000135600567,
    86.50000128895044,
    87.5000013038516,
    86.50000128895044,
    88.700001321733,
    87.40000130236149,
    87.00000129640102,
    86.2000012844801,
    90.50000134855509,
    87.5000013038516,
    83.50000124424696,
    81.70000121742487,
    83.40000124275684,
    79.4000011831522,
    91.40000136196613,
    80.70000120252371,
    81.20000120997429,
    78.40000116825104
  ],
  "pr": [
    0.0,
    0.699999988079071,
    0.20000000298023224,
    0.0,
    0.699999988079071,
    0.699999988079071,
    0.4000000059604645,
    3.799999952316284,
    1.7999999523162842,
    0.20000000298023224,
    0.4000000059604645,
    1.2000000476837158,
    0.0,
    1.100000023841858,
    0.30000001192092896,
    0.0,
    0.0,
    0.0,
    0.0,
    0.0,
    0.0,
    0.0,
    0.0,
    0.0,
    10.100000381469727,
    0.0,
    3.799999952316284,
    0.20000000298023224,
    3.799999952316284,
    0.30000001192092896,
    0.0,
    0.10000000149011612,
    0.30000001192092896,
    0.699999988079071,
    0.0,
    0.0,
    0.5,
    0.0,
    0.0,
    0.0,
    4.099999904632568,
    3.299999952316284,
    6.400000095367432,
    4.099999904632568,
    3.4000000953674316,
    5.199999809265137,
    3.700000047683716,
    1.7999999523162842
  ],
  "tas": [
    -0.5000000074505806,
    1.5000000223517418,
    -1.1000000163912773,
    -1.1000000163912773,
    -4.500000067055225,
    -4.700000070035458,
    -4.700000070035458,
    0.6000000089406967,
    5.900000087916851,
    1.1000000163912773,
    -1.8000000268220901,
    3.1000000461935997,
    7.200000107288361,
    7.800000116229057,
    7.200000107288361,
    5.900000087916851,
    1.8000000268220901,
    0.20000000298023224,
    -0.5000000074505806,
    -1.5000000223517418,
    -0.800000011920929,
    -1.1000000163912773,
    0.5000000074505806,
    -1.3000000193715096,
    -1.600000023841858,
    2.600000038743019,
    3.0000000447034836,
    2.8000000417232513,
    1.3000000193715096,
    1.3000000193715096,
    2.2000000327825546,
    2.2000000327825546,
    1.3000000193715096,
    1.3000000193715096,
    1.1000000163912773,
    1.1000000163912773,
    3.1000000461935997,
    6.800000101327896,
    2.7000000402331352,
    2.500000037252903,
    4.400000065565109,
    9.400000140070915,
    8.00000011920929,
    7.200000107288361,
    3.7000000551342964,
    1.5000000223517418,
    5.4000000804662704,
    4.000000059604645
  ],
  "tasmax": [
    2.8000000417232513,
    3.200000047683716,
    0.5000000074505806,
    0.9000000134110451,
    -0.4000000059604645,
    -3.0000000447034836,
    -1.3000000193715096,
    3.6000000536441803,
    9.00000013411045,
    2.600000038743019,
    0.20000000298023224,
    8.600000128149986,
    11.400000169873238,
    12.10000018030405,
    13.000000193715096,
    12.500000186264515,
    5.200000077486038,
    2.2000000327825546,
    3.0000000447034836,
    3.7000000551342964,
    5.000000074505806,
    3.1000000461935997,
    5.4000000804662704,
    3.1000000461935997,
    0.20000000298023224,
    5.500000081956387,
    6.500000096857548,
    4.000000059604645,
    2.1000000312924385,
    4.700000070035458,
    6.000000089406967,
    5.500000081956387,
    4.700000070035458,
    4.400000065565109,
    5.500000081956387,
    7.000000104308128,
    8.50000012665987,
    12.000000178813934,
    6.900000102818012,
    5.900000087916851,
    10.100000150501728,
    12.600000187754631,
    10.500000156462193,
    9.300000138580799,
    5.500000081956387,
    3.500000052154064,
    9.80000014603138,
    7.400000110268593
  ],
  "tasmin": [
    -4.500000067055225,
    -1.0000000149011612,
    -2.7000000402331352,
    -4.200000062584877,
    -8.50000012665987,
    -7.500000111758709,
    -9.900000147521496,
    -2.8000000417232513,
    2.2000000327825546,
    -2.3000000342726707,
    -4.500000067055225,
    -3.6000000536441803,
    4.000000059604645,
    2.7000000402331352,
    3.200000047683716,
    1.1000000163912773,
    -1.3000000193715096,
    -2.2000000327825546,
    -3.200000047683716,
    -4.90000007301569,
    -5.200000077486038,
    -5.500000081956387,
    -2.500000037252903,
    -4.000000059604645,
    -3.6000000536441803,
    -1.1000000163912773,
    -2.1000000312924385,
    1.700000025331974,
    -0.6000000089406967,
    -2.8000000417232513,
    -0.5000000074505806,
    -1.0000000149011612,
    -1.1000000163912773,
    -0.6000000089406967,
    -2.500000037252903,
    -2.3000000342726707,
    -1.3000000193715096,
    0.800000011920929,
    -1.1000000163912773,
    -0.9000000134110451,
    -1.700000025331974,
    6.200000092387199,
    6.000000089406967,
    5.000000074505806,
    0.6000000089406967,
    0.20000000298023224,
    2.1000000312924385,
    2.2000000327825546
  ]
}