{
  "time": [
    1767268800000000000,
    1767355200000000000,
    1767441600000000000
  ],
  "hurs": [
    68.00000101327896,
    74.70000111311674,
    72.50000108033419
  ],
  "pr": [
    0.0,
    0.699999988079071,
    0.10000000149011612
  ],
  "tas": [
    -0.4000000059604645,
    1.3000000193715096,
    -1.0000000149011612
  ],
  "tasmax": [
    3.0000000447034836,
    3.0000000447034836,
    0.5000000074505806
  ],
  "tasmin": [
    -4.500000067055225,
    -1.1000000163912773,
    -2.7000000402331352
  ]
}