{
  "time": [
    1767268800000000000,
    1767355200000000000,
    1767441600000000000
  ],
  "hurs": [
    68.00000101327896,
    74.70000111311674,
    72.50000108033419
  ]
}