{
  "time": [
    1767225600000000000,
    1767312000000000000,
    1767398400000000000,
    1767484800000000000,
    1767571200000000000,
    1767657600000000000,
    1767744000000000000,
    1767830400000000000,
    1767916800000000000,
    1768003200000000000,
    1768089600000000000,
    1768176000000000000,
    1768262400000000000,
    1768348800000000000,
    1768435200000000000,
    1768521600000000000,
    1768608000000000000,
    1768694400000000000,
    1768780800000000000,
    1768867200000000000,
    1768953600000000000,
    1769040000000000000,
    1769126400000000000,
    1769212800000000000,
    1769299200000000000,
    1769385600000000000,
    1769472000000000000,
    1769558400000000000,
    1769644800000000000,
    1769731200000000000,
    1769817600000000000,
    1769904000000000000,
    1769990400000000000,
    1770076800000000000,
    1770163200000000000,
    1770249600000000000,
    1770336000000000000,
    1770422400000000000,
    1770508800000000000,
    1770595200000000000,
    1770681600000000000,
    1770768000000000000,
    1770854400000000000,
    1770940800000000000,
    1771027200000000000,
    1771113600000000000,
    1771200000000000000,
    1771286400000000000,
    1771372800000000000,
    1771459200000000000,
    1771545600000000000,
    1771632000000000000,
    1771718400000000000,
    1771804800000000000,
    1771891200000000000,
    1771977600000000000,
    1772064000000000000,
    1772150400000000000,
    1772236800000000000,
    1772323200000000000,
    1772409600000000000,
    1772496000000000000,
    1772582400000000000,
    1772668800000000000,
    1772755200000000000
  ],
  "hurs": [
    68.2000010162592,
    73.70000109821558,
    73.200001090765,
    66.00000098347664,
    72.0000010728836,
    82.5000012293458,
    77.20000115036964,
    85.0000012665987,
    74.70000111311674,
    87.20000129938126,
    82.90000123530626,
    85.20000126957893,
    77.40000115334988,
    75.00000111758709,
    80.0000011920929,
    74.70000111311674,
    83.20000123977661,
    88.20000131428242,
    89.70000133663416,
    89.50000133365393,
    84.400001257658,
    78.70000117272139,
    75.50000112503767,
    80.90000120550394,
    90.20000134408474,
    85.50000127404928,
    83.00000123679638,
    93.40000139176846,
    95.70000142604113,
    91.50000136345625,
    91.00000135600567,
    86.70000129193068,
    87.90000130981207,
    86.50000128895044,
    87.20000129938126,
    87.00000129640102,
    87.20000129938126,
    86.70000129193068,
    90.70000135153532,
    87.70000130683184,
    83.90000125020742,
    81.50000121444464,
    83.20000123977661,
    79.70000118762255,
    91.00000135600567,
    81.00000120699406,
    81.50000121444464,
    78.70000117272139,
    74.50000111013651,
    93.00000138580799,
    86.70000129193068,
    85.40000127255917,
    80.0000011920929,
    75.50000112503767,
    96.50000143796206,
    86.70000129193068,
    78.50000116974115,
    63.60000094771385,
    70.7000010535121,
    73.70000109821558,
    72.70000108331442,
    74.40000110864639,
    71.50000106543303,
    71.50000106543303,
    74.70000111311674
  ]
}