{
  "time": [
    1767290400000000000,
    1767376800000000000,
    1767463200000000000
  ],
  "pr": [
    0.0,
    0.699999988079071,
    0.10000000149011612
  ]
}