{
  "time": [
    1767268800000000000,
    1767355200000000000,
    1767441600000000000
  ],
  "tas": [
    -0.4000000059604645,
    1.3000000193715096,
    -1.0000000149011612
  ]
}