{
  "time": [
    1767225600000000000,
    1767312000000000000,
    1767398400000000000,
    1767484800000000000,
    1767571200000000000,
    1767657600000000000,
    1767744000000000000,
    1767830400000000000,
    1767916800000000000,
    1768003200000000000,
    1768089600000000000,
    1768176000000000000,
    1768262400000000000,
    1768348800000000000,
    1768435200000000000,
    1768521600000000000,
    1768608000000000000,
    1768694400000000000,
    1768780800000000000,
    1768867200000000000,
    1768953600000000000,
    1769040000000000000,
    1769126400000000000,
    1769212800000000000,
    1769299200000000000,
    1769385600000000000,
    1769472000000000000,
    1769558400000000000,
    1769644800000000000,
    1769731200000000000,
    1769817600000000000,
    1769904000000000000,
    1769990400000000000,
    1770076800000000000,
    1770163200000000000,
    1770249600000000000,
    1770336000000000000,
    1770422400000000000,
    1770508800000000000,
    1770595200000000000,
    1770681600000000000,
    1770768000000000000,
    1770854400000000000
  ],
  "tasmax": [
    2.8000000417232513,
    3.200000047683716,
    0.5000000074505806,
    1.0000000149011612,
    -0.4000000059604645,
    -2.8000000417232513,
    -1.3000000193715096,
    3.400000050663948,
    8.900000132620335,
    2.600000038743019,
    0.20000000298023224,
    8.600000128149986,
    11.10000016540289,
    12.10000018030405,
    13.000000193715096,
    12.300000183284283,
    5.200000077486038,
    2.2000000327825546,
    2.8000000417232513,
    4.000000059604645,
    4.90000007301569,
    2.7000000402331352,
    5.4000000804662704,
    2.8000000417232513,
    0.20000000298023224,
    5.500000081956387,
    6.000000089406967,
    4.200000062584877,
    2.1000000312924385,
    4.700000070035458,
    6.000000089406967,
    5.500000081956387,
    4.700000070035458,
    4.400000065565109,
    5.500000081956387,
    7.000000104308128,
    8.50000012665987,
    12.000000178813934,
    6.900000102818012,
    5.900000087916851,
    10.100000150501728,
    12.600000187754631,
    10.500000156462193
  ]
}