{
  "time": [
    1767268800000000000,
    1767355200000000000,
    1767441600000000000
  ],
  "tasmin": [
    -4.500000067055225,
    -1.1000000163912773,
    -2.7000000402331352
  ]
}