{
  "time": [
    1767268800000000000
  ],
  "hurs": [
    78.2000011652708
  ],
  "pr": [
    1.100000023841858
  ],
  "tas": [
    3.200000047683716
  ],
  "tasmax": [
    4.500000067055225
  ],
  "tasmin": [
    2.0000000298023224
  ]
}