{
  "time": [
    1767225600000000000,
    1767312000000000000,
    1767398400000000000,
    1767484800000000000,
    1767571200000000000,
    1767657600000000000,
    1767744000000000000,
    1767830400000000000,
    1767916800000000000,
    1768003200000000000,
    1768089600000000000,
    1768176000000000000,
    1768262400000000000,
    1768348800000000000,
    1768435200000000000,
    1768521600000000000,
    1768608000000000000,
    1768694400000000000,
    1768780800000000000,
    1768867200000000000,
    1768953600000000000,
    1769040000000000000,
    1769126400000000000,
    1769212800000000000,
    1769299200000000000,
    1769385600000000000,
    1769472000000000000,
    1769558400000000000,
    1769644800000000000,
    1769731200000000000,
    1769817600000000000,
    1769904000000000000,
    1769990400000000000,
    1770076800000000000,
    1770163200000000000,
    1770249600000000000,
    1770336000000000000,
    1770422400000000000,
    1770508800000000000,
    1770595200000000000,
    1770681600000000000,
    1770768000000000000,
    1770854400000000000,
    1770940800000000000,
    1771027200000000000,
    1771113600000000000,
    1771200000000000000,
    1771286400000000000,
    1771372800000000000,
    1771459200000000000,
    1771545600000000000,
    1771632000000000000,
    1771718400000000000,
    1771804800000000000,
    1771891200000000000,
    1771977600000000000,
    1772064000000000000,
    1772150400000000000,
    1772236800000000000,
    1772323200000000000,
    1772409600000000000,
    1772496000000000000,
    1772582400000000000,
    1772668800000000000,
    1772755200000000000,
    1772841600000000000,
    1772928000000000000,
    1773014400000000000,
    1773100800000000000
  ],
  "hurs": [
    77.50000115483999,
    80.40000119805336,
    82.5000012293458,
    79.90000119060278,
    80.90000120550394,
    83.70000124722719,
    78.00000116229057,
    83.40000124275684,
    83.00000123679638,
    87.70000130683184,
    84.20000125467777,
    87.20000129938126,
    84.50000125914812,
    88.00000131130219,
    82.20000122487545,
    79.90000119060278,
    77.90000116080046,
    85.40000127255917,
    85.40000127255917,
    80.40000119805336,
    70.90000105649233,
    67.0000009983778,
    68.50000102072954,
    76.9000011458993,
    75.7000011280179,
    88.90000132471323,
    86.2000012844801,
    95.00000141561031,
    93.50000139325857,
    86.50000128895044,
    87.70000130683184,
    86.50000128895044,
    78.40000116825104,
    81.50000121444464,
    83.90000125020742,
    81.70000121742487,
    88.20000131428242,
    82.40000122785568,
    90.70000135153532,
    80.70000120252371,
    81.20000120997429,
    91.2000013589859,
    91.00000135600567,
    85.50000127404928,
    82.5000012293458,
    79.20000118017197,
    90.00000134110451,
    88.00000131130219,
    69.40000103414059,
    81.50000121444464,
    79.70000118762255,
    85.20000126957893,
    88.90000132471323,
    80.0000011920929,
    93.7000013962388,
    82.70000123232603,
    77.20000115036964,
    67.50000100582838,
    65.90000098198652,
    69.00000102818012,
    64.20000095665455,
    68.00000101327896,
    72.50000108033419,
    59.10000088065863,
    62.200000926852226,
    72.20000107586384,
    66.4000009894371,
    69.20000103116035,
    74.20000110566616
  ],
  "pr": [
    0.699999988079071,
    0.800000011920929,
    1.7000000476837158,
    0.0,
    1.899999976158142,
    0.10000000149011612,
    3.200000047683716,
    7.400000095367432,
    8.0,
    1.100000023841858,
    4.400000095367432,
    8.0,
    0.5,
    1.600000023841858,
    0.10000000149011612,
    3.0999999046325684,
    0.10000000149011612,
    0.0,
    0.0,
    0.0,
    0.0,
    0.10000000149011612,
    1.0,
    0.10000000149011612,
    0.0,
    0.20000000298023224,
    5.900000095367432,
    4.0,
    0.4000000059604645,
    0.4000000059604645,
    1.2000000476837158,
    0.699999988079071,
    0.20000000298023224,
    3.200000047683716,
    0.30000001192092896,
    1.2999999523162842,
    2.0999999046325684,
    0.0,
    0.0,
    0.0,
    3.799999952316284,
    8.199999809265137,
    7.400000095367432,
    0.4000000059604645,
    0.0,
    11.5,
    9.100000381469727,
    2.700000047683716,
    4.300000190734863,
    3.0,
    1.0,
    4.599999904632568,
    6.400000095367432,
    3.0,
    0.800000011920929,
    0.0,
    0.0,
    0.4000000059604645,
    0.0,
    0.0,
    0.0,
    0.0,
    0.0,
    0.0,
    0.0,
    0.0,
    0.0,
    0.0,
    0.8999999761581421
  ],
  "tas": [
    3.400000050663948,
    2.0000000298023224,
    0.800000011920929,
    0.20000000298023224,
    -1.8000000268220901,
    -0.9000000134110451,
    -1.3000000193715096,
    2.0000000298023224,
    3.9000000581145287,
    -1.600000023841858,
    -3.9000000581145287,
    4.000000059604645,
    8.800000131130219,
    9.00000013411045,
    9.600000143051147,
    10.000000149011612,
    7.500000111758709,
    2.1000000312924385,
    1.5000000223517418,
    1.700000025331974,
    3.200000047683716,
    2.7000000402331352,
    4.400000065565109,
    3.0000000447034836,
    -0.20000000298023224,
    -0.20000000298023224,
    2.600000038743019,
    3.200000047683716,
    1.1000000163912773,
    2.2000000327825546,
    4.90000007301569,
    4.400000065565109,
    3.500000052154064,
    2.0000000298023224,
    4.200000062584877,
    3.9000000581145287,
    4.200000062584877,
    7.900000117719173,
    4.500000067055225,
    3.9000000581145287,
    6.500000096857548,
    9.400000140070915,
    8.50000012665987,
    5.500000081956387,
    0.4000000059604645,
    0.20000000298023224,
    3.7000000551342964,
    3.7000000551342964,
    3.200000047683716,
    2.600000038743019,
    3.7000000551342964,
    9.400000140070915,
    11.800000175833702,
    9.500000141561031,
    9.900000147521496,
    11.60000017285347,
    12.600000187754631,
    14.100000210106373,
    11.500000171363354,
    8.300000123679638,
    10.000000149011612,
    10.500000156462193,
    9.500000141561031,
    11.000000163912773,
    11.000000163912773,
    9.80000014603138,
    10.30000015348196,
    10.500000156462193,
    10.900000162422657
  ],
  "tasmax": [
    4.700000070035458,
    3.9000000581145287,
    1.600000023841858,
    1.5000000223517418,
    0.5000000074505806,
    1.1000000163912773,
    0.9000000134110451,
    3.7000000551342964,
    6.500000096857548,
    1.3000000193715096,
    0.4000000059604645,
    8.900000132620335,
    10.900000162422657,
    10.500000156462193,
    11.300000168383121,
    11.60000017285347,
    12.10000018030405,
    4.400000065565109,
    4.000000059604645,
    6.200000092387199,
    7.200000107288361,
    6.900000102818012,
    8.100000120699406,
    6.900000102818012,
    2.0000000298023224,
    0.4000000059604645,
    5.200000077486038,
    5.000000074505806,
    2.0000000298023224,
    4.700000070035458,
    7.500000111758709,
    7.900000117719173,
    5.900000087916851,
    3.9000000581145287,
    8.900000132620335,
    7.500000111758709,
    6.900000102818012,
    13.600000202655792,
    7.200000107288361,
    7.700000114738941,
    10.400000154972076,
    11.60000017285347,
    9.600000143051147,
    8.00000011920929,
    2.1000000312924385,
    4.500000067055225,
    7.500000111758709,
    5.700000084936619,
    6.200000092387199,
    4.700000070035458,
    7.900000117719173,
    11.500000171363354,
    13.40000019967556,
    12.000000178813934,
    12.300000183284283,
    16.800000250339508,
    19.30000028759241,
    20.300000302493572,
    15.000000223517418,
    14.400000214576721,
    17.100000254809856,
    18.80000028014183,
    18.100000269711018,
    18.100000269711018,
    18.500000275671482,
    18.500000275671482,
    19.60000029206276,
    18.80000028014183,
    17.100000254809856
  ],