{
  "time": [
    1767225600000000000,
    1767312000000000000,
    1767398400000000000,
    1767484800000000000,
    1767571200000000000,
    1767657600000000000,
    1767744000000000000,
    1767830400000000000,
    1767916800000000000,
    1768003200000000000,
    1768089600000000000,
    1768176000000000000,
    1768262400000000000,
    1768348800000000000,
    1768435200000000000,
    1768521600000000000,
    1768608000000000000,
    1768694400000000000,
    1768780800000000000,
    1768867200000000000,
    1768953600000000000,
    1769040000000000000,
    1769126400000000000,
    1769212800000000000,
    1769299200000000000,
    1769385600000000000,
    1769472000000000000,
    1769558400000000000,
    1769644800000000000,
    1769731200000000000,
    1769817600000000000,
    1769904000000000000,
    1769990400000000000,
    1770076800000000000,
    1770163200000000000,
    1770249600000000000,
    1770336000000000000,
    1770422400000000000,
    1770508800000000000
  ],
  "hurs": [
    77.70000115782022,
    81.70000121742487,
    82.40000122785568,
    79.70000118762255,
    81.00000120699406,
    84.20000125467777,
    77.90000116080046,
    83.00000123679638,
    82.00000122189522,
    88.90000132471323,
    83.70000124722719,
    86.50000128895044,
    83.20000123977661,
    89.20000132918358,
    81.70000121742487,
    79.70000118762255,
    78.2000011652708,
    86.00000128149986,
    86.50000128895044,
    79.90000119060278,
    70.7000010535121,
    66.90000099688768,
    68.70000102370977,
    77.20000115036964,
    77.20000115036964,
    88.50000131875277,
    85.50000127404928,
    93.20000138878822,
    93.50000139325857,
    87.20000129938126,
    85.70000127702951,
    85.50000127404928,
    75.7000011280179,
    80.70000120252371,
    84.50000125914812,
    81.9000012204051,
    87.70000130683184,
    81.9000012204051,
    90.50000134855509
  ],
  "pr": [
    0.699999988079071,
    0.800000011920929,
    1.7000000476837158,
    0.0,
    1.899999976158142,
    0.10000000149011612,
    3.200000047683716,
    7.400000095367432,
    8.0,
    1.100000023841858,
    4.400000095367432,
    8.0,
    0.5,
    1.600000023841858,
    0.10000000149011612,
    3.0999999046325684,
    0.10000000149011612,
    0.0,
    0.0,
    0.0,
    0.0,
    0.10000000149011612,
    1.0,
    0.10000000149011612,
    0.0,
    0.20000000298023224,
    5.900000095367432,
    4.0,
    0.4000000059604645,
    0.4000000059604645,
    1.0,
    0.699999988079071,
    0.20000000298023224,
    3.299999952316284,
    0.0,
    1.2000000476837158,
    2.200000047683716,
    0.0,
    0.0
  ],
  "tas": [
    3.400000050663948,
    1.8000000268220901,
    0.800000011920929,
    0.20000000298023224,
    -1.8000000268220901,
    -0.9000000134110451,
    -1.3000000193715096,
    2.1000000312924385,
    4.000000059604645,
    -1.8000000268220901,
    -3.9000000581145287,
    4.000000059604645,
    8.800000131130219,
    8.900000132620335,
    9.600000143051147,
    10.000000149011612,
    7.500000111758709,
    2.0000000298023224,
    1.3000000193715096,
    1.700000025331974,
    3.200000047683716,
    2.7000000402331352,
    4.200000062584877,
    2.7000000402331352,
    -0.5000000074505806,
    -0.20000000298023224,
    2.7000000402331352,
    3.400000050663948,
    1.1000000163912773,
    2.2000000327825546,
    5.000000074505806,
    4.500000067055225,
    3.500000052154064,
    2.0000000298023224,
    4.200000062584877,
    3.9000000581145287,
    4.200000062584877,
    7.900000117719173,
    4.500000067055225
  ],
  "tasmax": [
    4.700000070035458,
    3.7000000551342964,
    1.700000025331974,
    1.5000000223517418,
    0.5000000074505806,
    1.3000000193715096,
    0.9000000134110451,
    3.7000000551342964,
    6.800000101327896,
    1.1000000163912773,
    0.4000000059604645,
    9.00000013411045,
    11.000000163912773,
    10.400000154972076,
    11.400000169873238,
    11.800000175833702,
    12.10000018030405,
    4.400000065565109,
    3.7000000551342964,
    6.000000089406967,
    7.000000104308128,
    7.000000104308128,
    7.900000117719173,
    6.500000096857548,
    1.700000025331974,
    0.4000000059604645,
    5.4000000804662704,
    5.000000074505806,
    2.1000000312924385,
    4.90000007301569,
    7.700000114738941,
    8.00000011920929,
    6.000000089406967,
    3.9000000581145287,
    9.00000013411045,
    7.500000111758709,
    6.800000101327896,
    13.600000202655792,
    7.000000104308128
  ],
  "tasmin": [
    2.1000000312924385,
    0.20000000298023224,
    -0.20000000298023224,
    -3.0000000447034836,
    -4.200000062584877,
    -4.000000059604645,
    -3.7000000551342964,
    0.20000000298023224,
    0.9000000134110451,
    -6.200000092387199,
    -8.900000132620335,
    0.20000000298023224,
    6.70000009983778,
    7.000000104308128,
    7.400000110268593,
    5.700000084936619,
    2.500000037252903,
    -0.20000000298023224,
    -0.5000000074505806,
    -1.600000023841858,
    -0.4000000059604645,
    -1.1000000163912773,
    2.2000000327825546,
    -1.0000000149011612,
    -2.3000000342726707,
    -1.1000000163912773,
    -0.4000000059604645,
    0.20000000298023224,
    0.10000000149011612,
    -0.10000000149011612,
    3.0000000447034836,
    1.5000000223517418,
    1.1000000163912773,
    -0.10000000149011612,
    1.0000000149011612,
    1.0000000149011612,
    2.1000000312924385,
    2.8000000417232513,
    1.1000000163912773
  ]
}