{
  "time": [
    1767225600000000000,
    1767312000000000000,
    1767398400000000000,
    1767484800000000000,
    1767571200000000000,
    1767657600000000000,
    1767744000000000000,
    1767830400000000000,
    1767916800000000000,
    1768003200000000000,
    1768089600000000000,
    1768176000000000000,
    1768262400000000000,
    1768348800000000000,
    1768435200000000000,
    1768521600000000000,
    1768608000000000000,
    1768694400000000000,
    1768780800000000000,
    1768867200000000000,
    1768953600000000000,
    1769040000000000000,
    1769126400000000000,
    1769212800000000000,
    1769299200000000000,
    1769385600000000000,
    1769472000000000000,
    1769558400000000000,
    1769644800000000000,
    1769731200000000000,
    1769817600000000000,
    1769904000000000000,
    1769990400000000000,
    1770076800000000000,
    1770163200000000000,
    1770249600000000000,
    1770336000000000000,
    1770422400000000000,
    1770508800000000000,
    1770595200000000000,
    1770681600000000000,
    1770768000000000000,
    1770854400000000000,
    1770940800000000000,
    1771027200000000000,
    1771113600000000000,
    1771200000000000000,
    1771286400000000000,
    1771372800000000000,
    1771459200000000000,
    1771545600000000000,
    1771632000000000000,
    1771718400000000000,
    1771804800000000000,
    1771891200000000000
  ],
  "hurs": [
    77.50000115483999,
    80.40000119805336,
    82.5000012293458,
    79.90000119060278,
    80.90000120550394,
    83.70000124722719,
    78.00000116229057,
    83.40000124275684,
    83.00000123679638,
    87.70000130683184,
    84.20000125467777,
    87.20000129938126,
    84.50000125914812,
    88.00000131130219,
    82.20000122487545,
    79.90000119060278,
    77.90000116080046,
    85.40000127255917,
    85.40000127255917,
    80.40000119805336,
    70.90000105649233,
    67.0000009983778,
    68.50000102072954,
    76.9000011458993,
    75.7000011280179,
    88.90000132471323,
    86.2000012844801,
    95.00000141561031,
    93.50000139325857,
    86.50000128895044,
    87.70000130683184,
    85.50000127404928,
    75.7000011280179,
    80.70000120252371,
    84.50000125914812,
    81.9000012204051,
    87.70000130683184,
    81.9000012204051,
    90.50000134855509,
    81.40000121295452,
    82.20000122487545,
    92.20000137388706,
    91.50000136345625,
    83.20000123977661,
    82.70000123232603,
    81.00000120699406,
    91.00000135600567,
    87.20000129938126,
    71.00000105798244,
    81.00000120699406,
    80.70000120252371,
    85.70000127702951,
    89.00000132620335,
    80.20000119507313,
    92.90000138431787
  ]
}