{
  "time": [
    1767225600000000000,
    1767312000000000000,
    1767398400000000000,
    1767484800000000000,
    1767571200000000000,
    1767657600000000000,
    1767744000000000000,
    1767830400000000000,
    1767916800000000000,
    1768003200000000000,
    1768089600000000000,
    1768176000000000000,
    1768262400000000000,
    1768348800000000000,
    1768435200000000000,
    1768521600000000000,
    1768608000000000000,
    1768694400000000000,
    1768780800000000000,
    1768867200000000000,
    1768953600000000000,
    1769040000000000000,
    1769126400000000000,
    1769212800000000000,
    1769299200000000000,
    1769385600000000000,
    1769472000000000000,
    1769558400000000000,
    1769644800000000000,
    1769731200000000000,
    1769817600000000000,
    1769904000000000000,
    1769990400000000000,
    1770076800000000000,
    1770163200000000000,
    1770249600000000000,
    1770336000000000000,
    1770422400000000000
  ],
  "hurs": [
    77.70000115782022,
    81.70000121742487,
    82.40000122785568,
    79.70000118762255,
    81.00000120699406,
    84.20000125467777,
    77.90000116080046,
    83.00000123679638,
    82.00000122189522,
    88.90000132471323,
    83.70000124722719,
    86.50000128895044,
    83.20000123977661,
    89.20000132918358,
    81.70000121742487,
    79.70000118762255,
    78.2000011652708,
    86.00000128149986,
    86.50000128895044,
    79.90000119060278,
    70.7000010535121,
    66.90000099688768,
    68.70000102370977,
    77.20000115036964,
    77.20000115036964,
    88.50000131875277,
    85.50000127404928,
    93.20000138878822,
    93.50000139325857,
    87.20000129938126,
    85.70000127702951,
    85.50000127404928,
    75.7000011280179,
    80.70000120252371,
    84.50000125914812,
    81.9000012204051,
    87.70000130683184,
    81.9000012204051
  ]
}