{
  "time": [
    1767290400000000000,
    1767376800000000000,
    1767463200000000000
  ],
  "pr": [
    1.100000023841858,
    0.800000011920929,
    1.7000000476837158
  ]
}