{
  "time": [
    1767268800000000000,
    1767355200000000000,
    1767441600000000000
  ],
  "tas": [
    3.200000047683716,
    1.8000000268220901,
    0.6000000089406967
  ]
}