{
  "time": [
    1767225600000000000,
    1767312000000000000,
    1767398400000000000,
    1767484800000000000,
    1767571200000000000,
    1767657600000000000,
    1767744000000000000,
    1767830400000000000,
    1767916800000000000,
    1768003200000000000,
    1768089600000000000,
    1768176000000000000,
    1768262400000000000,
    1768348800000000000,
    1768435200000000000,
    1768521600000000000,
    1768608000000000000,
    1768694400000000000,
    1768780800000000000,
    1768867200000000000,
    1768953600000000000,
    1769040000000000000,
    1769126400000000000,
    1769212800000000000,
    1769299200000000000,
    1769385600000000000,
    1769472000000000000,
    1769558400000000000,
    1769644800000000000,
    1769731200000000000,
    1769817600000000000,
    1769904000000000000,
    1769990400000000000,
    1770076800000000000,
    1770163200000000000,
    1770249600000000000,
    1770336000000000000,
    1770422400000000000,
    1770508800000000000,
    1770595200000000000,
    1770681600000000000,
    1770768000000000000,
    1770854400000000000
  ],
  "tas": [
    3.400000050663948,
    1.8000000268220901,
    0.800000011920929,
    0.20000000298023224,
    -1.8000000268220901,
    -0.9000000134110451,
    -1.3000000193715096,
    2.1000000312924385,
    4.000000059604645,
    -1.8000000268220901,
    -3.9000000581145287,
    4.000000059604645,
    8.800000131130219,
    8.900000132620335,
    9.600000143051147,
    10.000000149011612,
    7.500000111758709,
    2.0000000298023224,
    1.3000000193715096,
    1.700000025331974,
    3.200000047683716,
    2.7000000402331352,
    4.200000062584877,
    2.7000000402331352,
    -0.5000000074505806,
    -0.20000000298023224,
    2.7000000402331352,
    3.400000050663948,
    1.1000000163912773,
    2.2000000327825546,
    5.000000074505806,
    4.500000067055225,
    3.500000052154064,
    2.0000000298023224,
    4.200000062584877,
    3.9000000581145287,
    4.200000062584877,
    7.900000117719173,
    4.500000067055225,
    3.7000000551342964,
    6.400000095367432,
    9.300000138580799,
    8.50000012665987
  ]
}