{
  "time": [
    1767268800000000000,
    1767355200000000000,
    1767441600000000000
  ],
  "tasmax": [
    4.500000067055225,
    3.7000000551342964,
    1.5000000223517418
  ]
}