{
  "time": [
    1767225600000000000,
    1767312000000000000,
    1767398400000000000,
    1767484800000000000,
    1767571200000000000,
    1767657600000000000,
    1767744000000000000,
    1767830400000000000,
    1767916800000000000,
    1768003200000000000,
    1768089600000000000,
    1768176000000000000,
    1768262400000000000,
    1768348800000000000,
    1768435200000000000,
    1768521600000000000,
    1768608000000000000,
    1768694400000000000,
    1768780800000000000,
    1768867200000000000,
    1768953600000000000,
    1769040000000000000,
    1769126400000000000,
    1769212800000000000,
    1769299200000000000,
    1769385600000000000,
    1769472000000000000,
    1769558400000000000,
    1769644800000000000,
    1769731200000000000,
    1769817600000000000,
    1769904000000000000,
    1769990400000000000,
    1770076800000000000,
    1770163200000000000,
    1770249600000000000,
    1770336000000000000,
    1770422400000000000,
    1770508800000000000,
    1770595200000000000,
    1770681600000000000,
    1770768000000000000,
    1770854400000000000,
    1770940800000000000,
    1771027200000000000,
    1771113600000000000,
    1771200000000000000,
    1771286400000000000,
    1771372800000000000,
    1771459200000000000,
    1771545600000000000,
    1771632000000000000,
    1771718400000000000,
    1771804800000000000,
    1771891200000000000
  ],
  "tasmax": [
    4.700000070035458,
    3.9000000581145287,
    1.600000023841858,
    1.5000000223517418,
    0.5000000074505806,
    1.1000000163912773,
    0.9000000134110451,
    3.7000000551342964,
    6.500000096857548,
    1.3000000193715096,
    0.4000000059604645,
    8.900000132620335,
    10.900000162422657,
    10.500000156462193,
    11.300000168383121,
    11.60000017285347,
    12.10000018030405,
    4.400000065565109,
    4.000000059604645,
    6.200000092387199,
    7.200000107288361,
    6.900000102818012,
    8.100000120699406,
    6.900000102818012,
    2.0000000298023224,
    0.4000000059604645,
    5.200000077486038,
    5.000000074505806,
    2.0000000298023224,
    4.700000070035458,
    7.500000111758709,
    8.00000011920929,
    6.000000089406967,
    3.9000000581145287,
    9.00000013411045,
    7.500000111758709,
    6.800000101327896,
    13.600000202655792,
    7.000000104308128,
    7.500000111758709,
    10.100000150501728,
    11.60000017285347,
    9.600000143051147,
    8.00000011920929,
    2.0000000298023224,
    4.000000059604645,
    7.400000110268593,
    6.000000089406967,
    6.200000092387199,
    5.000000074505806,
    7.700000114738941,
    11.400000169873238,
    13.500000201165676,
    12.10000018030405,
    12.500000186264515
  ]
}