{
  "time": [
    1767225600000000000,
    1767312000000000000,
    1767398400000000000,
    1767484800000000000,
    1767571200000000000,
    1767657600000000000,
    1767744000000000000,
    1767830400000000000,
    1767916800000000000,
    1768003200000000000,
    1768089600000000000,
    1768176000000000000,
    1768262400000000000,
    1768348800000000000,
    1768435200000000000,
    1768521600000000000,
    1768608000000000000,
    1768694400000000000,
    1768780800000000000,
    1768867200000000000,
    1768953600000000000,
    1769040000000000000,
    1769126400000000000,
    1769212800000000000,
    1769299200000000000,
    1769385600000000000,
    1769472000000000000,
    1769558400000000000,
    1769644800000000000,
    1769731200000000000,
    1769817600000000000,
    1769904000000000000,
    1769990400000000000,
    1770076800000000000,
    1770163200000000000,
    1770249600000000000,
    1770336000000000000,
    1770422400000000000,
    1770508800000000000,
    1770595200000000000,
    1770681600000000000,
    1770768000000000000,
    1770854400000000000,
    1770940800000000000,
    1771027200000000000,
    1771113600000000000,
    1771200000000000000
  ],
  "hurs": [
    65.20000097155571,
    70.20000104606152,
    70.90000105649233,
    71.20000106096268,
    78.40000116825104,
    79.70000118762255,
    77.00000114738941,
    86.2000012844801,
    76.20000113546848,
    86.2000012844801,
    85.20000126957893,
    87.70000130683184,
    82.20000122487545,
    76.00000113248825,
    76.00000113248825,
    85.0000012665987,
    95.90000142902136,
    97.50000145286322,
    89.50000133365393,
    82.00000122189522,
    83.50000124424696,
    91.50000136345625,
    89.50000133365393,
    94.40000140666962,
    94.00000140070915,
    87.20000129938126,
    84.90000126510859,
    88.40000131726265,
    94.70000141113997,
    96.50000143796206,
    96.50000143796206,
    90.70000135153532,
    90.20000134408474,
    87.5000013038516,
    93.20000138878822,
    92.00000137090683,
    88.90000132471323,
    86.70000129193068,
    94.40000140666962,
    95.20000141859055,
    90.70000135153532,
    82.5000012293458,
    87.5000013038516,
    79.4000011831522,
    89.20000132918358,
    86.50000128895044,
    84.00000125169754
  ],
  "pr": [
    0.0,
    1.2999999523162842,
    0.0,
    0.0,
    0.0,
    0.0,
    0.5,
    6.300000190734863,
    0.10000000149011612,
    4.800000190734863,
    0.0,
    3.299999952316284,
    0.0,
    0.0,
    0.0,
    0.0,
    0.0,
    0.0,
    0.0,
    0.0,
    0.0,
    0.0,
    0.0,
    0.0,
    15.699999809265137,
    0.0,
    0.0,
    6.599999904632568,
    3.200000047683716,
    0.0,
    0.0,
    0.0,
    0.0,
    0.0,
    0.0,
    0.5,
    0.10000000149011612,
    0.0,
    0.0,
    0.0,
    5.5,
    5.800000190734863,
    10.100000381469727,
    0.0,
    4.099999904632568,
    9.100000381469727,
    3.799999952316284
  ],
  "tas": [
    -2.600000038743019,
    0.4000000059604645,
    -2.600000038743019,
    -4.700000070035458,
    -7.900000117719173,
    -8.50000012665987,
    -6.500000096857548,
    -1.3000000193715096,
    4.200000062584877,
    0.800000011920929,
    -5.500000081956387,
    -1.0000000149011612,
    4.200000062584877,
    4.200000062584877,
    4.700000070035458,
    1.3000000193715096,
    -1.8000000268220901,
    -1.0000000149011612,
    -1.600000023841858,
    -2.7000000402331352,
    -3.7000000551342964,
    -6.500000096857548,
    -5.000000074505806,
    -4.000000059604645,
    -3.0000000447034836,
    2.0000000298023224,
    0.20000000298023224,
    0.5000000074505806,
    0.5000000074505806,
    -1.8000000268220901,
    -0.10000000149011612,
    0.5000000074505806,
    -1.0000000149011612,
    -0.6000000089406967,
    -1.1000000163912773,
    0.10000000149011612,
    3.200000047683716,
    5.500000081956387,
    2.7000000402331352,
    1.0000000149011612,
    0.5000000074505806,
    7.000000104308128,
    5.700000084936619,
    5.700000084936619,
    2.7000000402331352,
    -1.0000000149011612,
    3.500000052154064
  ],
  "tasmax": [
    1.8000000268220901,
    1.600000023841858,
    -0.9000000134110451,
    -1.0000000149011612,
    -2.7000000402331352,
    -4.400000065565109,
    -2.7000000402331352,
    2.0000000298023224,
    7.200000107288361,
    3.0000000447034836,
    -1.8000000268220901,
    5.200000077486038,
    8.900000132620335,
    10.000000149011612,
    11.400000169873238,
    8.00000011920929,
    -1.1000000163912773,
    -0.4000000059604645,
    3.200000047683716,
    3.400000050663948,
    1.8000000268220901,
    -5.000000074505806,
    -2.1000000312924385,
    -1.8000000268220901,
    -1.5000000223517418,
    3.7000000551342964,
    4.500000067055225,
    3.200000047683716,
    1.8000000268220901,
    0.10000000149011612,
    1.1000000163912773,
    2.500000037252903,
    0.800000011920929,
    3.400000050663948,
    1.5000000223517418,
    3.0000000447034836,
    7.500000111758709,
    9.600000143051147,
    6.500000096857548,
    3.0000000447034836,
    4.700000070035458,
    10.600000157952309,
    9.300000138580799,
    9.00000013411045,
    5.500000081956387,
    0.5000000074505806,
    8.400000125169754
  ],
  "tasmin": [
    -7.800000116229057,
    -2.0000000298023224,
    -5.900000087916851,
    -9.100000135600567,
    -12.300000183284283,
    -13.500000201165676,
    -11.400000169873238,
    -6.000000089406967,
    1.0000000149011612,
    -3.200000047683716,
    -11.900000177323818,
    -9.900000147521496,
    -0.10000000149011612,
    -0.20000000298023224,
    0.800000011920929,
    -2.500000037252903,
    -2.2000000327825546,
    -1.8000000268220901,
    -5.000000074505806,
    -6.500000096857548,
    -7.400000110268593,
    -8.100000120699406,
    -7.300000108778477,
    -6.900000102818012,
    -4.000000059604645,
    -1.5000000223517418,
    -4.700000070035458,
    -1.5000000223517418,
    -1.1000000163912773,
    -4.700000070035458,
    -0.9000000134110451,
    -2.1000000312924385,
    -3.1000000461935997,
    -3.6000000536441803,
    -4.700000070035458,
    -1.5000000223517418,
    -1.0000000149011612,
    2.2000000327825546,
    -1.0000000149011612,
    -2.3000000342726707,
    -3.0000000447034836,
    2.500000037252903,
    2.600000038743019,
    3.0000000447034836,
    -0.800000011920929,
    -2.0000000298023224,
    -1.3000000193715096
  ]
}