{
  "time": [
    1767268800000000000,
    1767355200000000000,
    1767441600000000000
  ],
  "hurs": [
    66.00000098347664,
    71.00000105798244,
    70.7000010535121
  ],
  "pr": [
    0.0,
    1.2999999523162842,
    0.0
  ],
  "tas": [
    -2.7000000402331352,
    0.20000000298023224,
    -2.600000038743019
  ],
  "tasmax": [
    1.8000000268220901,
    1.3000000193715096,
    -0.800000011920929
  ],
  "tasmin": [
    -7.900000117719173,
    -2.2000000327825546,
    -5.900000087916851
  ]
}