{
  "time": [
    1767225600000000000,
    1767312000000000000,
    1767398400000000000,
    1767484800000000000,
    1767571200000000000,
    1767657600000000000,
    1767744000000000000,
    1767830400000000000,
    1767916800000000000,
    1768003200000000000,
    1768089600000000000,
    1768176000000000000,
    1768262400000000000,
    1768348800000000000,
    1768435200000000000,
    1768521600000000000,
    1768608000000000000,
    1768694400000000000,
    1768780800000000000,
    1768867200000000000,
    1768953600000000000,
    1769040000000000000,
    1769126400000000000,
    1769212800000000000,
    1769299200000000000,
    1769385600000000000,
    1769472000000000000,
    1769558400000000000,
    1769644800000000000,
    1769731200000000000,
    1769817600000000000,
    1769904000000000000,
    1769990400000000000,
    1770076800000000000,
    1770163200000000000
  ],
  "hurs": [
    65.50000097602606,
    70.20000104606152,
    70.90000105649233,
    71.00000105798244,
    78.00000116229057,
    79.70000118762255,
    77.50000115483999,
    86.40000128746033,
    76.50000113993883,
    86.40000128746033,
    84.70000126212835,
    87.70000130683184,
    82.5000012293458,
    76.50000113993883,
    76.70000114291906,
    84.90000126510859,
    95.70000142604113,
    97.70000145584345,
    91.50000136345625,
    82.70000123232603,
    83.20000123977661,
    92.00000137090683,
    90.40000134706497,
    94.20000140368938,
    95.00000141561031,
    87.00000129640102,
    85.0000012665987,
    88.20000131428242,
    94.9000014141202,
    96.70000144094229,
    96.2000014334917,
    90.70000135153532,
    90.20000134408474,
    87.5000013038516,
    93.20000138878822
  ],
  "pr": [
    0.0,
    1.2999999523162842,
    0.0,
    0.0,
    0.0,
    0.0,
    0.5,
    6.300000190734863,
    0.10000000149011612,
    4.800000190734863,
    0.0,
    3.299999952316284,
    0.0,
    0.0,
    0.0,
    0.0,
    0.0,
    0.0,
    0.0,
    0.0,
    0.0,
    0.0,
    0.0,
    0.0,
    15.699999809265137,
    0.0,
    0.0,
    6.599999904632568,
    2.799999952316284,
    0.0,
    0.0,
    0.0,
    0.0,
    0.0,
    0.0
  ],
  "tas": [
    -2.600000038743019,
    0.4000000059604645,
    -2.600000038743019,
    -4.700000070035458,
    -7.900000117719173,
    -8.50000012665987,
    -6.500000096857548,
    -1.3000000193715096,
    4.200000062584877,
    0.800000011920929,
    -5.500000081956387,
    -1.0000000149011612,
    4.200000062584877,
    4.200000062584877,
    4.500000067055225,
    1.3000000193715096,
    -1.8000000268220901,
    -1.0000000149011612,
    -1.600000023841858,
    -2.8000000417232513,
    -3.7000000551342964,
    -6.500000096857548,
    -5.000000074505806,
    -3.9000000581145287,
    -3.1000000461935997,
    2.0000000298023224,
    0.20000000298023224,
    0.5000000074505806,
    0.5000000074505806,
    -1.8000000268220901,
    -0.10000000149011612,
    0.5000000074505806,
    -1.0000000149011612,
    -0.6000000089406967,
    -1.1000000163912773
  ],
  "tasmax": [
    1.8000000268220901,
    1.600000023841858,
    -0.800000011920929,
    -1.0000000149011612,
    -2.600000038743019,
    -4.500000067055225,
    -2.7000000402331352,
    2.0000000298023224,
    7.300000108778477,
    2.8000000417232513,
    -1.8000000268220901,
    5.200000077486038,
    8.900000132620335,
    10.100000150501728,
    11.10000016540289,
    8.00000011920929,
    -1.1000000163912773,
    -0.4000000059604645,
    3.200000047683716,
    3.200000047683716,
    1.8000000268220901,
    -5.000000074505806,
    -1.8000000268220901,
    -1.600000023841858,
    -1.600000023841858,
    3.7000000551342964,
    4.500000067055225,
    3.200000047683716,
    1.8000000268220901,
    0.10000000149011612,
    1.1000000163912773,
    2.500000037252903,
    0.800000011920929,
    3.400000050663948,
    1.5000000223517418
  ],
  "tasmin": [
    -7.800000116229057,
    -2.1000000312924385,
    -6.000000089406967,
    -9.300000138580799,
    -12.300000183284283,
    -13.500000201165676,
    -11.400000169873238,
    -6.000000089406967,
    0.9000000134110451,
    -3.0000000447034836,
    -11.800000175833702,
    -10.000000149011612,
    -0.10000000149011612,
    -0.4000000059604645,
    0.5000000074505806,
    -2.3000000342726707,
    -2.2000000327825546,
    -1.8000000268220901,
    -5.000000074505806,
    -6.70000009983778,
    -7.400000110268593,
    -8.300000123679638,
    -7.300000108778477,
    -6.70000009983778,
    -4.200000062584877,
    -1.3000000193715096,
    -4.700000070035458,
    -1.3000000193715096,
    -1.1000000163912773,
    -4.700000070035458,
    -1.0000000149011612,
    -2.1000000312924385,
    -3.1000000461935997,
    -3.6000000536441803,
    -4.700000070035458
  ]
}