{
  "time": [
    1767268800000000000
  ],
  "hurs": [
    66.00000098347664
  ],
  "pr": [
    0.0
  ],
  "tas": [
    -2.7000000402331352
  ],
  "tasmax": [
    1.8000000268220901
  ],
  "tasmin": [
    -7.900000117719173
  ]
}