{
  "time": [
    1767225600000000000,
    1767312000000000000,
    1767398400000000000,
    1767484800000000000,
    1767571200000000000,
    1767657600000000000,
    1767744000000000000,
    1767830400000000000,
    1767916800000000000,
    1768003200000000000,
    1768089600000000000,
    1768176000000000000,
    1768262400000000000,
    1768348800000000000,
    1768435200000000000,
    1768521600000000000,
    1768608000000000000,
    1768694400000000000,
    1768780800000000000,
    1768867200000000000,
    1768953600000000000,
    1769040000000000000,
    1769126400000000000,
    1769212800000000000,
    1769299200000000000,
    1769385600000000000,
    1769472000000000000,
    1769558400000000000,
    1769644800000000000,
    1769731200000000000,
    1769817600000000000,
    1769904000000000000,
    1769990400000000000,
    1770076800000000000,
    1770163200000000000,
    1770249600000000000,
    1770336000000000000,
    1770422400000000000,
    1770508800000000000,
    1770595200000000000,
    1770681600000000000,
    1770768000000000000,
    1770854400000000000,
    1770940800000000000,
    1771027200000000000,
    1771113600000000000,
    1771200000000000000,
    1771286400000000000,
    1771372800000000000,
    1771459200000000000,
    1771545600000000000,
    1771632000000000000,
    1771718400000000000,
    1771804800000000000,
    1771891200000000000,
    1771977600000000000,
    1772064000000000000,
    1772150400000000000,
    1772236800000000000,
    1772323200000000000,
    1772409600000000000,
    1772496000000000000,
    1772582400000000000,
    1772668800000000000,
    1772755200000000000,
    1772841600000000000,
    1772928000000000000,
    1773014400000000000,
    1773100800000000000
  ],
  "hurs": [
    65.20000097155571,
    70.20000104606152,
    70.90000105649233,
    71.20000106096268,
    78.40000116825104,
    79.70000118762255,
    77.00000114738941,
    86.2000012844801,
    76.20000113546848,
    86.2000012844801,
    85.20000126957893,
    87.70000130683184,
    82.20000122487545,
    76.00000113248825,
    76.00000113248825,
    85.0000012665987,
    95.90000142902136,
    97.50000145286322,
    89.50000133365393,
    82.00000122189522,
    83.50000124424696,
    91.50000136345625,
    89.50000133365393,
    94.40000140666962,
    94.00000140070915,
    87.20000129938126,
    84.90000126510859,
    88.40000131726265,
    94.70000141113997,
    96.50000143796206,
    96.50000143796206,
    89.70000133663416,
    89.70000133663416,
    87.40000130236149,
    93.20000138878822,
    91.50000136345625,
    89.70000133663416,
    87.20000129938126,
    94.40000140666962,
    95.20000141859055,
    91.2000013589859,
    82.20000122487545,
    87.40000130236149,
    80.0000011920929,
    89.50000133365393,
    87.5000013038516,
    84.20000125467777,
    82.70000123232603,
    75.50000112503767,
    91.70000136643648,
    91.2000013589859,
    90.90000135451555,
    83.00000123679638,
    79.20000118017197,
    94.50000140815973,
    98.50000146776438,
    84.70000126212835,
    72.0000010728836,
    71.70000106841326,
    77.20000115036964,
    88.700001321733,
    97.00000144541264,
    94.50000140815973,
    89.50000133365393,
    81.9000012204051,
    78.50000116974115,
    82.90000123530626,
    78.50000116974115,
    69.5000010356307
  ]
}