{
  "time": [
    1767225600000000000,
    1767312000000000000,
    1767398400000000000,
    1767484800000000000,
    1767571200000000000,
    1767657600000000000,
    1767744000000000000,
    1767830400000000000,
    1767916800000000000,
    1768003200000000000,
    1768089600000000000,
    1768176000000000000,
    1768262400000000000,
    1768348800000000000,
    1768435200000000000,
    1768521600000000000,
    1768608000000000000,
    1768694400000000000,
    1768780800000000000,
    1768867200000000000,
    1768953600000000000,
    1769040000000000000,
    1769126400000000000,
    1769212800000000000,
    1769299200000000000,
    1769385600000000000,
    1769472000000000000,
    1769558400000000000,
    1769644800000000000,
    1769731200000000000,
    1769817600000000000,
    1769904000000000000,
    1769990400000000000,
    1770076800000000000,
    1770163200000000000,
    1770249600000000000,
    1770336000000000000,
    1770422400000000000,
    1770508800000000000,
    1770595200000000000,
    1770681600000000000,
    1770768000000000000,
    1770854400000000000,
    1770940800000000000
  ],
  "hurs": [
    65.50000097602606,
    70.20000104606152,
    70.90000105649233,
    71.00000105798244,
    78.00000116229057,
    79.70000118762255,
    77.50000115483999,
    86.40000128746033,
    76.50000113993883,
    86.40000128746033,
    84.70000126212835,
    87.70000130683184,
    82.5000012293458,
    76.50000113993883,
    76.70000114291906,
    84.90000126510859,
    95.70000142604113,
    97.70000145584345,
    91.50000136345625,
    82.70000123232603,
    83.20000123977661,
    92.00000137090683,
    90.40000134706497,
    94.20000140368938,
    95.00000141561031,
    87.00000129640102,
    85.0000012665987,
    88.20000131428242,
    94.9000014141202,
    96.70000144094229,
    96.2000014334917,
    90.70000135153532,
    90.20000134408474,
    87.5000013038516,
    93.20000138878822,
    92.00000137090683,
    88.90000132471323,
    86.70000129193068,
    94.40000140666962,
    95.20000141859055,
    90.70000135153532,
    82.5000012293458,
    87.5000013038516,
    79.4000011831522
  ]
}