{
  "time": [
    1767225600000000000,
    1767312000000000000,
    1767398400000000000,
    1767484800000000000,
    1767571200000000000,
    1767657600000000000,
    1767744000000000000,
    1767830400000000000,
    1767916800000000000,
    1768003200000000000,
    1768089600000000000,
    1768176000000000000,
    1768262400000000000,
    1768348800000000000,
    1768435200000000000,
    1768521600000000000,
    1768608000000000000,
    1768694400000000000,
    1768780800000000000,
    1768867200000000000,
    1768953600000000000,
    1769040000000000000,
    1769126400000000000,
    1769212800000000000,
    1769299200000000000,
    1769385600000000000,
    1769472000000000000,
    1769558400000000000,
    1769644800000000000,
    1769731200000000000,
    1769817600000000000,
    1769904000000000000,
    1769990400000000000,
    1770076800000000000,
    1770163200000000000,
    1770249600000000000,
    1770336000000000000,
    1770422400000000000,
    1770508800000000000,
    1770595200000000000,
    1770681600000000000,
    1770768000000000000,
    1770854400000000000,
    1770940800000000000,
    1771027200000000000,
    1771113600000000000,
    1771200000000000000,
    1771286400000000000,
    1771372800000000000,
    1771459200000000000,
    1771545600000000000,
    1771632000000000000,
    1771718400000000000,
    1771804800000000000,
    1771891200000000000,
    1771977600000000000,
    1772064000000000000,
    1772150400000000000,
    1772236800000000000,
    1772323200000000000,
    1772409600000000000,
    1772496000000000000,
    1772582400000000000,
    1772668800000000000,
    1772755200000000000,
    1772841600000000000,
    1772928000000000000,
    1773014400000000000,
    1773100800000000000,
    1773187200000000000,
    1773273600000000000,
    1773360000000000000,
    1773446400000000000,
    1773532800000000000,
    1773619200000000000,
    1773705600000000000,
    1773792000000000000,
    1773878400000000000,
    1773964800000000000,
    1774051200000000000,
    1774137600000000000,
    1774224000000000000,
    1774310400000000000,
    1774396800000000000,
    1774483200000000000,
    1774569600000000000
  ],
  "tasmax": [
    1.8000000268220901,
    1.600000023841858,
    -0.9000000134110451,
    -1.0000000149011612,
    -2.7000000402331352,
    -4.400000065565109,
    -2.7000000402331352,
    2.0000000298023224,
    7.200000107288361,
    3.0000000447034836,
    -1.8000000268220901,
    5.200000077486038,
    8.900000132620335,
    10.000000149011612,
    11.400000169873238,
    8.00000011920929,
    -1.1000000163912773,
    -0.4000000059604645,
    3.200000047683716,
    3.400000050663948,
    1.8000000268220901,
    -5.000000074505806,
    -2.1000000312924385,
    -1.8000000268220901,
    -1.5000000223517418,
    3.7000000551342964,
    4.500000067055225,
    3.200000047683716,
    1.8000000268220901,
    0.10000000149011612,
    1.1000000163912773,
    2.600000038743019,
    0.800000011920929,
    3.400000050663948,
    1.5000000223517418,
    2.8000000417232513,
    7.500000111758709,
    9.500000141561031,
    6.500000096857548,
    3.0000000447034836,
    4.700000070035458,
    10.500000156462193,
    9.300000138580799,
    9.00000013411045,
    5.4000000804662704,
    0.4000000059604645,
    8.400000125169754,
    6.000000089406967,
    3.200000047683716,
    0.6000000089406967,
    2.3000000342726707,
    7.300000108778477,
    10.800000160932541,
    11.500000171363354,
    8.400000125169754,
    8.400000125169754,
    15.800000235438347,
    17.600000262260437,
    15.000000223517418,
    8.800000131130219,
    10.30000015348196,
    6.000000089406967,
    8.00000011920929,
    11.500000171363354,
    14.300000213086605,
    15.000000223517418,
    13.600000202655792,
    15.300000227987766,
    16.300000242888927,
    14.600000217556953,
    11.400000169873238,
    15.600000232458115,
    9.900000147521496,
    5.500000081956387,
    9.00000013411045,
    6.70000009983778,
    10.500000156462193,
    11.500000171363354,
    12.000000178813934,
    9.500000141561031,
    13.100000195205212,
    12.500000186264515,
    14.500000216066837,
    13.600000202655792,
    5.200000077486038,
    6.200000092387199
  ]
}