{
  "time": [
    1767225600000000000,
    1767312000000000000,
    1767398400000000000,
    1767484800000000000,
    1767571200000000000,
    1767657600000000000,
    1767744000000000000,
    1767830400000000000,
    1767916800000000000,
    1768003200000000000,
    1768089600000000000,
    1768176000000000000,
    1768262400000000000,
    1768348800000000000,
    1768435200000000000,
    1768521600000000000,
    1768608000000000000,
    1768694400000000000,
    1768780800000000000,
    1768867200000000000,
    1768953600000000000,
    1769040000000000000,
    1769126400000000000,
    1769212800000000000,
    1769299200000000000,
    1769385600000000000,
    1769472000000000000,
    1769558400000000000,
    1769644800000000000,
    1769731200000000000,
    1769817600000000000,
    1769904000000000000,
    1769990400000000000,
    1770076800000000000,
    1770163200000000000,
    1770249600000000000,
    1770336000000000000,
    1770422400000000000,
    1770508800000000000,
    1770595200000000000,
    1770681600000000000,
    1770768000000000000,
    1770854400000000000,
    1770940800000000000,
    1771027200000000000,
    1771113600000000000,
    1771200000000000000,
    1771286400000000000,
    1771372800000000000
  ],
  "tasmax": [
    1.8000000268220901,
    1.600000023841858,
    -0.9000000134110451,
    -1.0000000149011612,
    -2.7000000402331352,
    -4.400000065565109,
    -2.7000000402331352,
    2.0000000298023224,
    7.200000107288361,
    3.0000000447034836,
    -1.8000000268220901,
    5.200000077486038,
    8.900000132620335,
    10.000000149011612,
    11.400000169873238,
    8.00000011920929,
    -1.1000000163912773,
    -0.4000000059604645,
    3.200000047683716,
    3.400000050663948,
    1.8000000268220901,
    -5.000000074505806,
    -2.1000000312924385,
    -1.8000000268220901,
    -1.5000000223517418,
    3.7000000551342964,
    4.500000067055225,
    3.200000047683716,
    1.8000000268220901,
    0.10000000149011612,
    1.1000000163912773,
    2.500000037252903,
    0.800000011920929,
    3.400000050663948,
    1.5000000223517418,
    3.0000000447034836,
    7.500000111758709,
    9.600000143051147,
    6.500000096857548,
    3.0000000447034836,
    4.700000070035458,
    10.600000157952309,
    9.300000138580799,
    9.00000013411045,
    5.500000081956387,
    0.5000000074505806,
    8.400000125169754,
    6.000000089406967,
    3.400000050663948
  ]
}