{
  "time": [
    1767225600000000000,
    1767312000000000000,
    1767398400000000000,
    1767484800000000000,
    1767571200000000000,
    1767657600000000000,
    1767744000000000000,
    1767830400000000000,
    1767916800000000000,
    1768003200000000000,
    1768089600000000000,
    1768176000000000000,
    1768262400000000000,
    1768348800000000000,
    1768435200000000000,
    1768521600000000000,
    1768608000000000000,
    1768694400000000000,
    1768780800000000000,
    1768867200000000000,
    1768953600000000000,
    1769040000000000000,
    1769126400000000000,
    1769212800000000000,
    1769299200000000000,
    1769385600000000000,
    1769472000000000000,
    1769558400000000000,
    1769644800000000000,
    1769731200000000000,
    1769817600000000000,
    1769904000000000000,
    1769990400000000000,
    1770076800000000000,
    1770163200000000000,
    1770249600000000000,
    1770336000000000000,
    1770422400000000000,
    1770508800000000000,
    1770595200000000000
  ],
  "tasmin": [
    -7.800000116229057,
    -2.1000000312924385,
    -6.000000089406967,
    -9.300000138580799,
    -12.300000183284283,
    -13.500000201165676,
    -11.400000169873238,
    -6.000000089406967,
    0.9000000134110451,
    -3.0000000447034836,
    -11.800000175833702,
    -10.000000149011612,
    -0.10000000149011612,
    -0.4000000059604645,
    0.5000000074505806,
    -2.3000000342726707,
    -2.2000000327825546,
    -1.8000000268220901,
    -5.000000074505806,
    -6.70000009983778,
    -7.400000110268593,
    -8.300000123679638,
    -7.300000108778477,
    -6.70000009983778,
    -4.200000062584877,
    -1.3000000193715096,
    -4.700000070035458,
    -1.3000000193715096,
    -1.1000000163912773,
    -4.700000070035458,
    -1.0000000149011612,
    -2.1000000312924385,
    -3.1000000461935997,
    -3.6000000536441803,
    -4.700000070035458,
    -1.5000000223517418,
    -1.0000000149011612,
    2.2000000327825546,
    -1.0000000149011612,
    -2.3000000342726707
  ]
}