{
  "time": [
    1767268800000000000,
    1767355200000000000,
    1767441600000000000
  ],
  "tasmin": [
    -7.900000117719173,
    -2.2000000327825546,
    -5.900000087916851
  ]
}