{
  "time": [
    1767268800000000000,
    1767355200000000000,
    1767441600000000000
  ],
  "hurs": [
    87.70000130683184,
    90.50000134855509,
    92.70000138133764
  ],
  "pr": [
    2.700000047683716,
    2.700000047683716,
    5.5
  ],
  "tas": [
    3.0000000447034836,
    1.1000000163912773,
    -0.4000000059604645
  ],
  "tasmax": [
    4.000000059604645,
    3.7000000551342964,
    0.800000011920929
  ],
  "tasmin": [
    1.700000025331974,
    -2.3000000342726707,
    -3.6000000536441803
  ]
}