{
  "time": [
    1767225600000000000,
    1767312000000000000,
    1767398400000000000,
    1767484800000000000,
    1767571200000000000,
    1767657600000000000,
    1767744000000000000,
    1767830400000000000,
    1767916800000000000,
    1768003200000000000,
    1768089600000000000,
    1768176000000000000,
    1768262400000000000,
    1768348800000000000,
    1768435200000000000,
    1768521600000000000,
    1768608000000000000,
    1768694400000000000,
    1768780800000000000,
    1768867200000000000,
    1768953600000000000,
    1769040000000000000,
    1769126400000000000,
    1769212800000000000,
    1769299200000000000,
    1769385600000000000,
    1769472000000000000,
    1769558400000000000,
    1769644800000000000,
    1769731200000000000,
    1769817600000000000,
    1769904000000000000,
    1769990400000000000,
    1770076800000000000,
    1770163200000000000,
    1770249600000000000,
    1770336000000000000,
    1770422400000000000,
    1770508800000000000
  ],
  "hurs": [
    87.90000130981207,
    89.70000133663416,
    92.70000138133764,
    88.00000131130219,
    85.20000126957893,
    86.2000012844801,
    79.50000118464231,
    88.50000131875277,
    86.50000128895044,
    72.40000107884407,
    91.70000136643648,
    96.40000143647194,
    99.40000148117542,
    92.90000138431787,
    91.90000136941671,
    80.90000120550394,
    87.20000129938126,
    88.90000132471323,
    81.00000120699406,
    79.50000118464231,
    79.00000117719173,
    76.70000114291906,
    74.90000111609697,
    80.50000119954348,
    86.50000128895044,
    94.50000140815973,
    89.50000133365393,
    84.70000126212835,
    83.70000124722719,
    86.90000129491091,
    84.90000126510859,
    78.50000116974115,
    75.90000113099813,
    72.40000107884407,
    84.90000126510859,
    89.70000133663416,
    95.5000014230609,
    96.2000014334917,
    93.20000138878822
  ],
  "pr": [
    2.799999952316284,
    3.0,
    6.0,
    0.10000000149011612,
    0.20000000298023224,
    0.0,
    0.4000000059604645,
    1.7999999523162842,
    4.5,
    0.0,
    0.10000000149011612,
    1.100000023841858,
    7.599999904632568,
    1.2999999523162842,
    0.6000000238418579,
    0.0,
    0.0,
    0.0,
    0.0,
    0.0,
    0.0,
    0.0,
    0.0,
    1.7000000476837158,
    1.600000023841858,
    4.699999809265137,
    0.0,
    0.0,
    0.699999988079071,
    0.0,
    0.0,
    0.30000001192092896,
    0.4000000059604645,
    1.2000000476837158,
    0.800000011920929,
    0.20000000298023224,
    0.0,
    0.4000000059604645,
    0.0
  ],
  "tas": [
    3.0000000447034836,
    1.1000000163912773,
    -0.4000000059604645,
    -0.20000000298023224,
    -0.6000000089406967,
    -0.5000000074505806,
    -1.3000000193715096,
    0.9000000134110451,
    -2.2000000327825546,
    -2.7000000402331352,
    -9.400000140070915,
    -0.5000000074505806,
    4.200000062584877,
    4.400000065565109,
    6.500000096857548,
    9.00000013411045,
    4.200000062584877,
    2.1000000312924385,
    0.20000000298023224,
    -0.20000000298023224,
    -0.6000000089406967,
    -2.500000037252903,
    -2.7000000402331352,
    -2.600000038743019,
    -1.3000000193715096,
    -0.10000000149011612,
    0.0,
    -0.20000000298023224,
    -0.20000000298023224,
    -1.5000000223517418,
    -0.6000000089406967,
    -3.400000050663948,
    -5.200000077486038,
    -5.200000077486038,
    -4.000000059604645,
    -3.200000047683716,
    -0.10000000149011612,
    1.700000025331974,
    1.1000000163912773
  ],
  "tasmax": [
    4.000000059604645,
    3.7000000551342964,
    0.800000011920929,
    1.3000000193715096,
    0.9000000134110451,
    0.5000000074505806,
    0.20000000298023224,
    2.1000000312924385,
    0.5000000074505806,
    -1.0000000149011612,
    -6.200000092387199,
    3.0000000447034836,
    6.200000092387199,
    6.800000101327896,
    10.30000015348196,
    12.000000178813934,
    7.900000117719173,
    3.6000000536441803,
    3.200000047683716,
    4.500000067055225,
    3.500000052154064,
    0.5000000074505806,
    -1.1000000163912773,
    -1.3000000193715096,
    -0.5000000074505806,
    0.9000000134110451,
    0.9000000134110451,
    0.5000000074505806,
    0.4000000059604645,
    -0.5000000074505806,
    0.20000000298023224,
    -2.3000000342726707,
    -3.9000000581145287,
    -3.7000000551342964,
    -3.0000000447034836,
    -1.8000000268220901,
    1.1000000163912773,
    2.3000000342726707,
    2.0000000298023224
  ],
  "tasmin": [
    1.700000025331974,
    -2.3000000342726707,
    -3.7000000551342964,
    -3.6000000536441803,
    -2.7000000402331352,
    -1.3000000193715096,
    -3.6000000536441803,
    -0.9000000134110451,
    -4.200000062584877,
    -8.800000131130219,
    -13.600000202655792,
    -6.200000092387199,
    2.2000000327825546,
    0.0,
    1.3000000193715096,
    6.70000009983778,
    1.0000000149011612,
    -1.600000023841858,
    -2.500000037252903,
    -4.400000065565109,
    -4.000000059604645,
    -4.500000067055225,
    -3.7000000551342964,
    -3.7000000551342964,
    -1.8000000268220901,
    -1.5000000223517418,
    -1.1000000163912773,
    -0.9000000134110451,
    -1.600000023841858,
    -2.500000037252903,
    -2.500000037252903,
    -4.700000070035458,
    -7.200000107288361,
    -7.500000111758709,
    -4.700000070035458,
    -3.9000000581145287,
    -2.0000000298023224,
    1.1000000163912773,
    0.5000000074505806
  ]
}