{
  "time": [
    1767225600000000000,
    1767312000000000000,
    1767398400000000000,
    1767484800000000000,
    1767571200000000000,
    1767657600000000000,
    1767744000000000000,
    1767830400000000000,
    1767916800000000000,
    1768003200000000000,
    1768089600000000000,
    1768176000000000000,
    1768262400000000000,
    1768348800000000000,
    1768435200000000000,
    1768521600000000000,
    1768608000000000000,
    1768694400000000000,
    1768780800000000000,
    1768867200000000000,
    1768953600000000000,
    1769040000000000000,
    1769126400000000000,
    1769212800000000000,
    1769299200000000000,
    1769385600000000000,
    1769472000000000000,
    1769558400000000000,
    1769644800000000000,
    1769731200000000000,
    1769817600000000000,
    1769904000000000000,
    1769990400000000000,
    1770076800000000000,
    1770163200000000000,
    1770249600000000000,
    1770336000000000000,
    1770422400000000000,
    1770508800000000000,
    1770595200000000000,
    1770681600000000000,
    1770768000000000000,
    1770854400000000000,
    1770940800000000000,
    1771027200000000000,
    1771113600000000000
  ],
  "hurs": [
    87.70000130683184,
    90.00000134110451,
    93.00000138580799,
    88.50000131875277,
    85.40000127255917,
    85.90000128000975,
    79.90000119060278,
    88.50000131875277,
    86.00000128149986,
    72.70000108331442,
    92.20000137388706,
    96.00000143051147,
    99.70000148564577,
    92.90000138431787,
    92.00000137090683,
    80.70000120252371,
    87.5000013038516,
    89.20000132918358,
    81.20000120997429,
    79.50000118464231,
    79.90000119060278,
    77.00000114738941,
    75.00000111758709,
    80.90000120550394,
    85.50000127404928,
    94.00000140070915,
    89.90000133961439,
    84.50000125914812,
    84.00000125169754,
    86.00000128149986,
    84.90000126510859,
    78.50000116974115,
    75.90000113099813,
    72.40000107884407,
    84.90000126510859,
    89.70000133663416,
    95.5000014230609,
    96.2000014334917,
    93.20000138878822,
    92.4000013768673,
    91.40000136196613,
    96.50000143796206,
    96.40000143647194,
    93.7000013962388,
    88.20000131428242,
    81.20000120997429
  ],
  "pr": [
    2.799999952316284,
    3.0,
    6.0,
    0.10000000149011612,
    0.20000000298023224,
    0.0,
    0.4000000059604645,
    1.7999999523162842,
    4.5,
    0.0,
    0.10000000149011612,
    1.100000023841858,
    7.599999904632568,
    1.2999999523162842,
    0.6000000238418579,
    0.0,
    0.0,
    0.0,
    0.0,
    0.0,
    0.0,
    0.0,
    0.0,
    1.7000000476837158,
    1.600000023841858,
    4.699999809265137,
    0.0,
    0.0,
    0.800000011920929,
    0.0,
    0.0,
    0.30000001192092896,
    0.4000000059604645,
    1.2000000476837158,
    0.800000011920929,
    0.20000000298023224,
    0.0,
    0.4000000059604645,
    0.0,
    0.0,
    1.7000000476837158,
    3.0999999046325684,
    11.199999809265137,
    4.0,
    0.0,
    0.8999999761581421
  ],
  "tas": [
    3.0000000447034836,
    1.1000000163912773,
    -0.4000000059604645,
    -0.20000000298023224,
    -0.6000000089406967,
    -0.5000000074505806,
    -1.3000000193715096,
    0.9000000134110451,
    -2.2000000327825546,
    -2.7000000402331352,
    -9.500000141561031,
    -0.5000000074505806,
    4.200000062584877,
    4.400000065565109,
    6.500000096857548,
    9.00000013411045,
    4.200000062584877,
    2.1000000312924385,
    0.20000000298023224,
    -0.20000000298023224,
    -0.800000011920929,
    -2.500000037252903,
    -2.7000000402331352,
    -2.600000038743019,
    -1.1000000163912773,
    -0.10000000149011612,
    0.0,
    -0.20000000298023224,
    -0.20000000298023224,
    -1.5000000223517418,
    -0.6000000089406967,
    -3.400000050663948,
    -5.200000077486038,
    -5.200000077486038,
    -4.000000059604645,
    -3.200000047683716,
    -0.10000000149011612,
    1.700000025331974,
    1.1000000163912773,
    1.1000000163912773,
    2.3000000342726707,
    4.200000062584877,
    3.400000050663948,
    -0.20000000298023224,
    -2.600000038743019,
    -3.400000050663948
  ],
  "tasmax": [
    4.000000059604645,
    3.7000000551342964,
    0.800000011920929,
    1.3000000193715096,
    0.9000000134110451,
    0.5000000074505806,
    0.20000000298023224,
    2.1000000312924385,
    0.5000000074505806,
    -1.0000000149011612,
    -6.500000096857548,
    3.0000000447034836,
    6.200000092387199,
    6.900000102818012,
    10.30000015348196,
    12.000000178813934,
    7.900000117719173,
    3.6000000536441803,
    3.200000047683716,
    4.500000067055225,
    3.200000047683716,
    0.5000000074505806,
    -1.1000000163912773,
    -1.3000000193715096,
    -0.20000000298023224,
    0.9000000134110451,
    0.9000000134110451,
    0.5000000074505806,
    0.4000000059604645,
    -0.5000000074505806,
    0.20000000298023224,
    -2.3000000342726707,
    -3.9000000581145287,
    -3.7000000551342964,
    -3.0000000447034836,
    -1.8000000268220901,
    1.1000000163912773,
    2.3000000342726707,
    2.0000000298023224,
    1.8000000268220901,
    4.500000067055225,
    5.000000074505806,
    4.200000062584877,
    1.1000000163912773,
    -0.5000000074505806,
    1.3000000193715096
  ],
  "tasmin": [
    1.700000025331974,
    -2.3000000342726707,
    -3.7000000551342964,
    -3.6000000536441803,
    -2.7000000402331352,
    -1.1000000163912773,
    -3.6000000536441803,
    -0.9000000134110451,
    -4.200000062584877,
    -8.600000128149986,
    -13.800000205636024,
    -6.400000095367432,
    2.2000000327825546,
    0.0,
    1.3000000193715096,
    6.70000009983778,
    1.1000000163912773,
    -1.5000000223517418,
    -2.500000037252903,
    -4.400000065565109,
    -4.000000059604645,
    -4.400000065565109,
    -3.7000000551342964,
    -3.6000000536441803,
    -1.8000000268220901,
    -1.3000000193715096,
    -1.1000000163912773,
    -0.9000000134110451,
    -1.600000023841858,
    -2.500000037252903,
    -2.500000037252903,
    -4.700000070035458,
    -7.200000107288361,
    -7.500000111758709,
    -4.700000070035458,
    -3.9000000581145287,
    -2.0000000298023224,
    1.1000000163912773,
    0.5000000074505806,
    0.4000000059604645,
    0.20000000298023224,
    3.400000050663948,
    1.3000000193715096,
    -1.700000025331974,
    -9.00000013411045,
    -9.500000141561031
  ]
}