{
  "time": [
    1767225600000000000,
    1767312000000000000,
    1767398400000000000,
    1767484800000000000,
    1767571200000000000,
    1767657600000000000,
    1767744000000000000,
    1767830400000000000,
    1767916800000000000,
    1768003200000000000,
    1768089600000000000,
    1768176000000000000,
    1768262400000000000,
    1768348800000000000,
    1768435200000000000,
    1768521600000000000,
    1768608000000000000,
    1768694400000000000,
    1768780800000000000,
    1768867200000000000,
    1768953600000000000,
    1769040000000000000,
    1769126400000000000,
    1769212800000000000,
    1769299200000000000,
    1769385600000000000,
    1769472000000000000,
    1769558400000000000,
    1769644800000000000,
    1769731200000000000,
    1769817600000000000,
    1769904000000000000,
    1769990400000000000,
    1770076800000000000,
    1770163200000000000,
    1770249600000000000,
    1770336000000000000,
    1770422400000000000,
    1770508800000000000,
    1770595200000000000,
    1770681600000000000,
    1770768000000000000,
    1770854400000000000,
    1770940800000000000,
    1771027200000000000,
    1771113600000000000,
    1771200000000000000,
    1771286400000000000,
    1771372800000000000,
    1771459200000000000,
    1771545600000000000,
    1771632000000000000,
    1771718400000000000,
    1771804800000000000,
    1771891200000000000,
    1771977600000000000,
    1772064000000000000,
    1772150400000000000,
    1772236800000000000,
    1772323200000000000,
    1772409600000000000,
    1772496000000000000,
    1772582400000000000,
    1772668800000000000,
    1772755200000000000,
    1772841600000000000,
    1772928000000000000,
    1773014400000000000,
    1773100800000000000,
    1773187200000000000,
    1773273600000000000,
    1773360000000000000,
    1773446400000000000,
    1773532800000000000,
    1773619200000000000,
    1773705600000000000,
    1773792000000000000,
    1773878400000000000,
    1773964800000000000,
    1774051200000000000,
    1774137600000000000,
    1774224000000000000,
    1774310400000000000,
    1774396800000000000,
    1774483200000000000
  ],
  "hurs": [
    87.70000130683184,
    90.00000134110451,
    93.00000138580799,
    88.50000131875277,
    85.40000127255917,
    85.90000128000975,
    79.90000119060278,
    88.50000131875277,
    86.00000128149986,
    72.70000108331442,
    92.20000137388706,
    96.00000143051147,
    99.70000148564577,
    92.90000138431787,
    92.00000137090683,
    80.70000120252371,
    87.5000013038516,
    89.20000132918358,
    81.20000120997429,
    79.50000118464231,
    79.90000119060278,
    77.00000114738941,
    75.00000111758709,
    80.90000120550394,
    85.50000127404928,
    94.00000140070915,
    89.90000133961439,
    84.50000125914812,
    84.00000125169754,
    86.00000128149986,
    84.90000126510859,
    78.40000116825104,
    77.70000115782022,
    71.40000106394291,
    85.0000012665987,
    89.50000133365393,
    95.20000141859055,
    97.00000144541264,
    92.70000138133764,
    92.70000138133764,
    91.50000136345625,
    96.00000143051147,
    97.70000145584345,
    94.00000140070915,
    87.70000130683184,
    80.70000120252371,
    90.50000134855509,
    94.20000140368938,
    81.50000121444464,
    71.70000106841326,
    76.50000113993883,
    90.20000134408474,
    95.00000141561031,
    91.40000136196613,
    94.20000140368938,
    85.70000127702951,
    81.70000121742487,
    76.70000114291906,
    77.40000115334988,
    70.7000010535121,
    64.70000096410513,
    75.7000011280179,
    73.40000109374523,
    70.20000104606152,
    70.00000104308128,
    80.50000119954348,
    71.50000106543303,
    70.50000105053186,
    81.00000120699406,
    89.20000132918358,
    75.50000112503767,
    80.50000119954348,
    93.40000139176846,
    88.40000131726265,
    81.70000121742487,
    81.70000121742487,
    63.9000009521842,
    69.00000102818012,
    77.70000115782022,
    85.0000012665987,
    70.7000010535121,
    72.90000108629465,
    66.70000099390745,
    75.00000111758709,
    79.00000117719173
  ]
}