{
  "time": [
    1767225600000000000,
    1767312000000000000,
    1767398400000000000,
    1767484800000000000,
    1767571200000000000,
    1767657600000000000,
    1767744000000000000,
    1767830400000000000,
    1767916800000000000,
    1768003200000000000,
    1768089600000000000,
    1768176000000000000,
    1768262400000000000,
    1768348800000000000,
    1768435200000000000,
    1768521600000000000,
    1768608000000000000,
    1768694400000000000,
    1768780800000000000,
    1768867200000000000,
    1768953600000000000,
    1769040000000000000,
    1769126400000000000,
    1769212800000000000,
    1769299200000000000,
    1769385600000000000,
    1769472000000000000,
    1769558400000000000,
    1769644800000000000,
    1769731200000000000,
    1769817600000000000,
    1769904000000000000,
    1769990400000000000,
    1770076800000000000,
    1770163200000000000,
    1770249600000000000,
    1770336000000000000,
    1770422400000000000
  ],
  "hurs": [
    87.90000130981207,
    89.70000133663416,
    92.70000138133764,
    88.00000131130219,
    85.20000126957893,
    86.2000012844801,
    79.50000118464231,
    88.50000131875277,
    86.50000128895044,
    72.40000107884407,
    91.70000136643648,
    96.40000143647194,
    99.40000148117542,
    92.90000138431787,
    91.90000136941671,
    80.90000120550394,
    87.20000129938126,
    88.90000132471323,
    81.00000120699406,
    79.50000118464231,
    79.00000117719173,
    76.70000114291906,
    74.90000111609697,
    80.50000119954348,
    86.50000128895044,
    94.50000140815973,
    89.50000133365393,
    84.70000126212835,
    83.70000124722719,
    86.90000129491091,
    84.90000126510859,
    78.50000116974115,
    75.90000113099813,
    72.40000107884407,
    84.90000126510859,
    89.70000133663416,
    95.5000014230609,
    96.2000014334917
  ]
}