{
  "time": [
    1767225600000000000,
    1767312000000000000,
    1767398400000000000,
    1767484800000000000,
    1767571200000000000,
    1767657600000000000,
    1767744000000000000,
    1767830400000000000,
    1767916800000000000,
    1768003200000000000,
    1768089600000000000,
    1768176000000000000,
    1768262400000000000,
    1768348800000000000,
    1768435200000000000,
    1768521600000000000,
    1768608000000000000,
    1768694400000000000,
    1768780800000000000,
    1768867200000000000,
    1768953600000000000,
    1769040000000000000,
    1769126400000000000,
    1769212800000000000,
    1769299200000000000,
    1769385600000000000,
    1769472000000000000,
    1769558400000000000,
    1769644800000000000,
    1769731200000000000,
    1769817600000000000,
    1769904000000000000,
    1769990400000000000,
    1770076800000000000,
    1770163200000000000,
    1770249600000000000,
    1770336000000000000,
    1770422400000000000,
    1770508800000000000,
    1770595200000000000,
    1770681600000000000,
    1770768000000000000,
    1770854400000000000,
    1770940800000000000,
    1771027200000000000,
    1771113600000000000,
    1771200000000000000,
    1771286400000000000
  ],
  "hurs": [
    87.70000130683184,
    90.00000134110451,
    93.00000138580799,
    88.50000131875277,
    85.40000127255917,
    85.90000128000975,
    79.90000119060278,
    88.50000131875277,
    86.00000128149986,
    72.70000108331442,
    92.20000137388706,
    96.00000143051147,
    99.70000148564577,
    92.90000138431787,
    92.00000137090683,
    80.70000120252371,
    87.5000013038516,
    89.20000132918358,
    81.20000120997429,
    79.50000118464231,
    79.90000119060278,
    77.00000114738941,
    75.00000111758709,
    80.90000120550394,
    85.50000127404928,
    94.00000140070915,
    89.90000133961439,
    84.50000125914812,
    84.00000125169754,
    86.00000128149986,
    84.90000126510859,
    78.50000116974115,
    75.90000113099813,
    72.40000107884407,
    84.90000126510859,
    89.70000133663416,
    95.5000014230609,
    96.2000014334917,
    93.20000138878822,
    92.4000013768673,
    91.40000136196613,
    96.50000143796206,
    96.40000143647194,
    93.7000013962388,
    88.20000131428242,
    81.20000120997429,
    90.00000134110451,
    94.00000140070915
  ]
}