{
  "time": [
    1767268800000000000,
    1767355200000000000,
    1767441600000000000
  ],
  "hurs": [
    87.70000130683184,
    90.50000134855509,
    92.70000138133764
  ]
}