{
  "time": [
    1767290400000000000,
    1767376800000000000,
    1767463200000000000
  ],
  "pr": [
    2.700000047683716,
    2.700000047683716,
    5.5
  ]
}