{
  "time": [
    1767225600000000000,
    1767312000000000000,
    1767398400000000000,
    1767484800000000000,
    1767571200000000000,
    1767657600000000000,
    1767744000000000000,
    1767830400000000000,
    1767916800000000000,
    1768003200000000000,
    1768089600000000000,
    1768176000000000000,
    1768262400000000000,
    1768348800000000000,
    1768435200000000000,
    1768521600000000000,
    1768608000000000000,
    1768694400000000000,
    1768780800000000000,
    1768867200000000000,
    1768953600000000000,
    1769040000000000000,
    1769126400000000000,
    1769212800000000000,
    1769299200000000000,
    1769385600000000000,
    1769472000000000000,
    1769558400000000000,
    1769644800000000000,
    1769731200000000000,
    1769817600000000000,
    1769904000000000000,
    1769990400000000000,
    1770076800000000000,
    1770163200000000000,
    1770249600000000000,
    1770336000000000000,
    1770422400000000000,
    1770508800000000000,
    1770595200000000000,
    1770681600000000000,
    1770768000000000000,
    1770854400000000000,
    1770940800000000000,
    1771027200000000000,
    1771113600000000000,
    1771200000000000000,
    1771286400000000000,
    1771372800000000000,
    1771459200000000000,
    1771545600000000000,
    1771632000000000000,
    1771718400000000000,
    1771804800000000000,
    1771891200000000000,
    1771977600000000000,
    1772064000000000000,
    1772150400000000000,
    1772236800000000000,
    1772323200000000000,
    1772409600000000000,
    1772496000000000000,
    1772582400000000000,
    1772668800000000000,
    1772755200000000000,
    1772841600000000000,
    1772928000000000000
  ],
  "tas": [
    3.0000000447034836,
    1.1000000163912773,
    -0.4000000059604645,
    -0.20000000298023224,
    -0.6000000089406967,
    -0.5000000074505806,
    -1.3000000193715096,
    0.9000000134110451,
    -2.2000000327825546,
    -2.7000000402331352,
    -9.500000141561031,
    -0.5000000074505806,
    4.200000062584877,
    4.400000065565109,
    6.500000096857548,
    9.00000013411045,
    4.200000062584877,
    2.1000000312924385,
    0.20000000298023224,
    -0.20000000298023224,
    -0.800000011920929,
    -2.500000037252903,
    -2.7000000402331352,
    -2.600000038743019,
    -1.1000000163912773,
    -0.10000000149011612,
    0.0,
    -0.20000000298023224,
    -0.20000000298023224,
    -1.5000000223517418,
    -0.6000000089406967,
    -3.400000050663948,
    -5.4000000804662704,
    -5.000000074505806,
    -4.000000059604645,
    -3.200000047683716,
    0.0,
    1.600000023841858,
    1.1000000163912773,
    1.0000000149011612,
    2.3000000342726707,
    4.200000062584877,
    3.200000047683716,
    -0.20000000298023224,
    -2.600000038743019,
    -3.400000050663948,
    -1.3000000193715096,
    1.8000000268220901,
    -1.3000000193715096,
    -1.8000000268220901,
    0.4000000059604645,
    7.500000111758709,
    9.600000143051147,
    8.00000011920929,
    6.500000096857548,
    10.000000149011612,
    11.000000163912773,
    12.500000186264515,
    11.000000163912773,
    7.900000117719173,
    10.30000015348196,
    8.50000012665987,
    6.500000096857548,
    9.100000135600567,
    9.400000140070915,
    8.600000128149986,
    10.500000156462193
  ]
}