{
  "time": [
    1767225600000000000,
    1767312000000000000,
    1767398400000000000,
    1767484800000000000,
    1767571200000000000,
    1767657600000000000,
    1767744000000000000,
    1767830400000000000,
    1767916800000000000,
    1768003200000000000,
    1768089600000000000,
    1768176000000000000,
    1768262400000000000,
    1768348800000000000,
    1768435200000000000,
    1768521600000000000,
    1768608000000000000,
    1768694400000000000,
    1768780800000000000,
    1768867200000000000,
    1768953600000000000,
    1769040000000000000,
    1769126400000000000,
    1769212800000000000,
    1769299200000000000,
    1769385600000000000,
    1769472000000000000,
    1769558400000000000,
    1769644800000000000,
    1769731200000000000,
    1769817600000000000,
    1769904000000000000,
    1769990400000000000,
    1770076800000000000,
    1770163200000000000,
    1770249600000000000,
    1770336000000000000
  ],
  "tasmin": [
    1.700000025331974,
    -2.3000000342726707,
    -3.7000000551342964,
    -3.6000000536441803,
    -2.7000000402331352,
    -1.3000000193715096,
    -3.6000000536441803,
    -0.9000000134110451,
    -4.200000062584877,
    -8.800000131130219,
    -13.600000202655792,
    -6.200000092387199,
    2.2000000327825546,
    0.0,
    1.3000000193715096,
    6.70000009983778,
    1.0000000149011612,
    -1.600000023841858,
    -2.500000037252903,
    -4.400000065565109,
    -4.000000059604645,
    -4.500000067055225,
    -3.7000000551342964,
    -3.7000000551342964,
    -1.8000000268220901,
    -1.5000000223517418,
    -1.1000000163912773,
    -0.9000000134110451,
    -1.600000023841858,
    -2.500000037252903,
    -2.500000037252903,
    -4.700000070035458,
    -7.200000107288361,
    -7.500000111758709,
    -4.700000070035458,
    -3.9000000581145287,
    -2.0000000298023224
  ]
}