{
  "time": [
    1767225600000000000,
    1767312000000000000,
    1767398400000000000,
    1767484800000000000,
    1767571200000000000,
    1767657600000000000,
    1767744000000000000,
    1767830400000000000,
    1767916800000000000,
    1768003200000000000,
    1768089600000000000,
    1768176000000000000,
    1768262400000000000,
    1768348800000000000,
    1768435200000000000,
    1768521600000000000,
    1768608000000000000,
    1768694400000000000,
    1768780800000000000,
    1768867200000000000,
    1768953600000000000,
    1769040000000000000,
    1769126400000000000,
    1769212800000000000,
    1769299200000000000,
    1769385600000000000,
    1769472000000000000,
    1769558400000000000,
    1769644800000000000,
    1769731200000000000,
    1769817600000000000,
    1769904000000000000,
    1769990400000000000,
    1770076800000000000,
    1770163200000000000,
    1770249600000000000,
    1770336000000000000,
    1770422400000000000,
    1770508800000000000,
    1770595200000000000,
    1770681600000000000,
    1770768000000000000,
    1770854400000000000,
    1770940800000000000,
    1771027200000000000,
    1771113600000000000,
    1771200000000000000,
    1771286400000000000,
    1771372800000000000,
    1771459200000000000,
    1771545600000000000,
    1771632000000000000,
    1771718400000000000,
    1771804800000000000,
    1771891200000000000,
    1771977600000000000,
    1772064000000000000,
    1772150400000000000,
    1772236800000000000,
    1772323200000000000,
    1772409600000000000,
    1772496000000000000,
    1772582400000000000
  ],
  "tasmax": [
    4.000000059604645,
    3.7000000551342964,
    0.800000011920929,
    1.3000000193715096,
    0.9000000134110451,
    0.5000000074505806,
    0.20000000298023224,
    2.1000000312924385,
    0.5000000074505806,
    -1.0000000149011612,
    -6.500000096857548,
    3.0000000447034836,
    6.200000092387199,
    6.900000102818012,
    10.30000015348196,
    12.000000178813934,
    7.900000117719173,
    3.6000000536441803,
    3.200000047683716,
    4.500000067055225,
    3.200000047683716,
    0.5000000074505806,
    -1.1000000163912773,
    -1.3000000193715096,
    -0.20000000298023224,
    0.9000000134110451,
    0.9000000134110451,
    0.5000000074505806,
    0.4000000059604645,
    -0.5000000074505806,
    0.20000000298023224,
    -2.500000037252903,
    -4.000000059604645,
    -3.500000052154064,
    -3.0000000447034836,
    -1.700000025331974,
    1.3000000193715096,
    2.2000000327825546,
    1.8000000268220901,
    1.8000000268220901,
    4.500000067055225,
    5.000000074505806,
    3.9000000581145287,
    1.1000000163912773,
    -0.5000000074505806,
    1.3000000193715096,
    0.0,
    4.700000070035458,
    1.3000000193715096,
    1.8000000268220901,
    4.500000067055225,
    9.300000138580799,
    11.000000163912773,
    9.600000143051147,
    11.500000171363354,
    15.100000225007534,
    16.50000024586916,
    18.500000275671482,
    13.600000202655792,
    12.600000187754631,
    15.900000236928463,
    16.600000247359276,
    12.400000184774399
  ]
}