{
  "time": [
    1767268800000000000,
    1767355200000000000,
    1767441600000000000
  ],
  "tasmin": [
    1.700000025331974,
    -2.3000000342726707,
    -3.6000000536441803
  ]
}