{
  "time": [
    1767268800000000000,
    1767355200000000000,
    1767441600000000000
  ],
  "hurs": [
    74.20000110566616,
    70.50000105053186,
    72.50000108033419
  ],
  "pr": [
    0.0,
    0.0,
    0.20000000298023224
  ],
  "tas": [
    2.600000038743019,
    2.1000000312924385,
    0.6000000089406967
  ],
  "tasmax": [
    3.500000052154064,
    3.200000047683716,
    2.500000037252903
  ],
  "tasmin": [
    1.8000000268220901,
    -0.10000000149011612,
    -1.0000000149011612
  ]
}