{
  "time": [
    1767225600000000000,
    1767312000000000000,
    1767398400000000000,
    1767484800000000000,
    1767571200000000000,
    1767657600000000000,
    1767744000000000000,
    1767830400000000000,
    1767916800000000000,
    1768003200000000000,
    1768089600000000000,
    1768176000000000000,
    1768262400000000000,
    1768348800000000000,
    1768435200000000000,
    1768521600000000000,
    1768608000000000000,
    1768694400000000000,
    1768780800000000000,
    1768867200000000000,
    1768953600000000000,
    1769040000000000000,
    1769126400000000000,
    1769212800000000000,
    1769299200000000000,
    1769385600000000000,
    1769472000000000000,
    1769558400000000000,
    1769644800000000000,
    1769731200000000000,
    1769817600000000000,
    1769904000000000000,
    1769990400000000000,
    1770076800000000000,
    1770163200000000000,
    1770249600000000000,
    1770336000000000000,
    1770422400000000000,
    1770508800000000000,
    1770595200000000000,
    1770681600000000000,
    1770768000000000000,
    1770854400000000000,
    1770940800000000000,
    1771027200000000000,
    1771113600000000000,
    1771200000000000000,
    1771286400000000000,
    1771372800000000000
  ],
  "hurs": [
    73.70000109821558,
    69.90000104159117,
    72.50000108033419,
    74.50000111013651,
    67.50000100582838,
    79.20000118017197,
    74.00000110268593,
    81.00000120699406,
    87.5000013038516,
    80.0000011920929,
    83.20000123977661,
    85.70000127702951,
    91.50000136345625,
    88.700001321733,
    92.20000137388706,
    83.00000123679638,
    88.20000131428242,
    78.50000116974115,
    62.500000931322575,
    69.00000102818012,
    70.00000104308128,
    79.20000118017197,
    81.00000120699406,
    81.00000120699406,
    89.00000132620335,
    91.70000136643648,
    91.2000013589859,
    91.00000135600567,
    89.00000132620335,
    89.70000133663416,
    86.00000128149986,
    78.70000117272139,
    75.90000113099813,
    76.00000113248825,
    87.20000129938126,
    96.00000143051147,
    96.50000143796206,
    92.70000138133764,
    98.70000147074461,
    94.50000140815973,
    75.20000112056732,
    86.70000129193068,
    88.20000131428242,
    93.20000138878822,
    83.70000124722719,
    70.40000104904175,
    88.40000131726265,
    90.00000134110451,
    88.90000132471323
  ],
  "pr": [
    0.0,
    0.0,
    0.10000000149011612,
    0.0,
    0.0,
    0.0,
    0.0,
    0.10000000149011612,
    7.0,
    0.0,
    0.0,
    2.299999952316284,
    0.30000001192092896,
    0.699999988079071,
    0.10000000149011612,
    0.0,
    0.0,
    0.0,
    0.0,
    0.0,
    0.0,
    0.0,
    0.0,
    0.0,
    5.300000190734863,
    2.5999999046325684,
    0.10000000149011612,
    0.0,
    0.6000000238418579,
    0.10000000149011612,
    0.0,
    0.0,
    0.0,
    0.10000000149011612,
    0.20000000298023224,
    1.100000023841858,
    0.0,
    0.4000000059604645,
    0.0,
    0.0,
    0.0,
    1.2000000476837158,
    3.5999999046325684,
    2.299999952316284,
    0.0,
    0.0,
    2.700000047683716,
    2.5,
    0.800000011920929
  ],
  "tas": [
    2.600000038743019,
    2.2000000327825546,
    0.6000000089406967,
    0.20000000298023224,
    -1.600000023841858,
    -3.500000052154064,
    -4.500000067055225,
    -3.200000047683716,
    -1.8000000268220901,
    -6.400000095367432,
    -8.00000011920929,
    -3.0000000447034836,
    4.500000067055225,
    5.700000084936619,
    6.000000089406967,
    5.000000074505806,
    1.3000000193715096,
    1.5000000223517418,
    0.800000011920929,
    -1.5000000223517418,
    -1.8000000268220901,
    -5.200000077486038,
    -5.500000081956387,
    -2.8000000417232513,
    -1.3000000193715096,
    -1.700000025331974,
    -0.20000000298023224,
    -0.5000000074505806,
    -1.3000000193715096,
    -1.0000000149011612,
    -1.3000000193715096,
    -4.90000007301569,
    -5.700000084936619,
    -4.500000067055225,
    -2.1000000312924385,
    -1.5000000223517418,
    0.800000011920929,
    2.500000037252903,
    0.800000011920929,
    1.1000000163912773,
    4.500000067055225,
    6.500000096857548,
    7.700000114738941,
    4.200000062584877,
    0.20000000298023224,
    -1.700000025331974,
    -1.8000000268220901,
    2.2000000327825546,
    0.10000000149011612
  ],
  "tasmax": [
    3.500000052154064,
    3.200000047683716,
    2.3000000342726707,
    1.8000000268220901,
    0.5000000074505806,
    -1.1000000163912773,
    -1.0000000149011612,
    1.3000000193715096,
    -0.10000000149011612,
    -3.7000000551342964,
    -4.500000067055225,
    2.2000000327825546,
    7.000000104308128,
    7.400000110268593,
    9.500000141561031,
    11.60000017285347,
    6.000000089406967,
    5.900000087916851,
    5.700000084936619,
    3.1000000461935997,
    3.9000000581145287,
    -0.5000000074505806,
    -1.700000025331974,
    -0.9000000134110451,
    -0.5000000074505806,
    -0.6000000089406967,
    1.1000000163912773,
    0.5000000074505806,
    -0.800000011920929,
    0.20000000298023224,
    0.20000000298023224,
    -3.1000000461935997,
    -4.700000070035458,
    -3.1000000461935997,
    0.5000000074505806,
    0.0,
    2.1000000312924385,
    5.500000081956387,
    1.700000025331974,
    2.7000000402331352,
    8.00000011920929,
    8.50000012665987,
    11.300000168383121,
    6.900000102818012,
    0.800000011920929,
    1.0000000149011612,
    0.5000000074505806,
    5.000000074505806,
    1.8000000268220901
  ],
  "tasmin": [
    1.8000000268220901,
    0.10000000149011612,
    -0.800000011920929,
    -2.0000000298023224,
    -6.500000096857548,
    -7.200000107288361,
    -7.200000107288361,
    -6.800000101327896,
    -4.000000059604645,
    -10.800000160932541,
    -11.800000175833702,
    -11.500000171363354,
    2.1000000312924385,
    3.200000047683716,
    2.1000000312924385,
    0.20000000298023224,
    -3.0000000447034836,
    -2.0000000298023224,
    -3.200000047683716,
    -4.700000070035458,
    -6.400000095367432,
    -9.400000140070915,
    -10.30000015348196,
    -5.000000074505806,
    -2.2000000327825546,
    -2.3000000342726707,
    -1.600000023841858,
    -1.8000000268220901,
    -2.1000000312924385,
    -2.1000000312924385,
    -4.000000059604645,
    -5.700000084936619,
    -6.900000102818012,
    -5.700000084936619,
    -4.200000062584877,
    -3.400000050663948,
    -0.10000000149011612,
    0.6000000089406967,
    -0.10000000149011612,
    -0.10000000149011612,
    1.3000000193715096,
    3.7000000551342964,
    5.000000074505806,
    0.800000011920929,
    -1.5000000223517418,
    -3.7000000551342964,
    -3.7000000551342964,
    0.20000000298023224,
    -3.0000000447034836
  ]
}