{
  "time": [
    1767225600000000000,
    1767312000000000000,
    1767398400000000000,
    1767484800000000000,
    1767571200000000000,
    1767657600000000000,
    1767744000000000000,
    1767830400000000000,
    1767916800000000000,
    1768003200000000000,
    1768089600000000000,
    1768176000000000000,
    1768262400000000000,
    1768348800000000000,
    1768435200000000000,
    1768521600000000000,
    1768608000000000000,
    1768694400000000000,
    1768780800000000000,
    1768867200000000000,
    1768953600000000000,
    1769040000000000000,
    1769126400000000000,
    1769212800000000000,
    1769299200000000000,
    1769385600000000000,
    1769472000000000000,
    1769558400000000000,
    1769644800000000000,
    1769731200000000000,
    1769817600000000000,
    1769904000000000000,
    1769990400000000000,
    1770076800000000000,
    1770163200000000000,
    1770249600000000000,
    1770336000000000000,
    1770422400000000000,
    1770508800000000000
  ],
  "hurs": [
    74.90000111609697,
    70.7000010535121,
    71.40000106394291,
    74.40000110864639,
    68.2000010162592,
    79.4000011831522,
    73.70000109821558,
    81.70000121742487,
    86.90000129491091,
    81.00000120699406,
    83.50000124424696,
    85.20000126957893,
    91.50000136345625,
    88.90000132471323,
    91.50000136345625,
    83.20000123977661,
    87.70000130683184,
    79.00000117719173,
    62.10000092536211,
    69.5000010356307,
    70.20000104606152,
    78.70000117272139,
    80.20000119507313,
    82.20000122487545,
    88.700001321733,
    91.40000136196613,
    91.40000136196613,
    90.20000134408474,
    88.90000132471323,
    89.00000132620335,
    84.400001257658,
    78.70000117272139,
    75.90000113099813,
    76.00000113248825,
    87.20000129938126,
    96.00000143051147,
    96.50000143796206,
    92.70000138133764,
    98.70000147074461
  ],
  "pr": [
    0.0,
    0.0,
    0.10000000149011612,
    0.0,
    0.0,
    0.0,
    0.0,
    0.10000000149011612,
    7.0,
    0.0,
    0.0,
    2.299999952316284,
    0.30000001192092896,
    0.699999988079071,
    0.10000000149011612,
    0.0,
    0.0,
    0.0,
    0.0,
    0.0,
    0.0,
    0.0,
    0.0,
    0.0,
    5.300000190734863,
    2.5999999046325684,
    0.10000000149011612,
    0.0,
    0.6000000238418579,
    0.10000000149011612,
    0.0,
    0.0,
    0.0,
    0.10000000149011612,
    0.20000000298023224,
    1.100000023841858,
    0.0,
    0.4000000059604645,
    0.0
  ],
  "tas": [
    2.500000037252903,
    2.1000000312924385,
    0.800000011920929,
    0.20000000298023224,
    -1.700000025331974,
    -3.400000050663948,
    -4.500000067055225,
    -3.200000047683716,
    -1.8000000268220901,
    -6.500000096857548,
    -8.00000011920929,
    -3.0000000447034836,
    4.500000067055225,
    5.700000084936619,
    6.000000089406967,
    5.000000074505806,
    1.3000000193715096,
    1.5000000223517418,
    0.9000000134110451,
    -1.600000023841858,
    -1.8000000268220901,
    -5.200000077486038,
    -5.500000081956387,
    -3.0000000447034836,
    -1.3000000193715096,
    -1.600000023841858,
    -0.20000000298023224,
    -0.5000000074505806,
    -1.3000000193715096,
    -1.0000000149011612,
    -1.3000000193715096,
    -4.90000007301569,
    -5.700000084936619,
    -4.500000067055225,
    -2.1000000312924385,
    -1.5000000223517418,
    0.800000011920929,
    2.500000037252903,
    0.800000011920929
  ],
  "tasmax": [
    3.400000050663948,
    3.200000047683716,
    2.7000000402331352,
    1.8000000268220901,
    0.5000000074505806,
    -1.1000000163912773,
    -1.0000000149011612,
    1.3000000193715096,
    -0.10000000149011612,
    -3.7000000551342964,
    -4.400000065565109,
    2.0000000298023224,
    7.000000104308128,
    7.400000110268593,
    9.500000141561031,
    11.60000017285347,
    6.000000089406967,
    6.000000089406967,
    5.700000084936619,
    3.0000000447034836,
    3.9000000581145287,
    -0.5000000074505806,
    -1.700000025331974,
    -1.1000000163912773,
    -0.5000000074505806,
    -0.5000000074505806,
    1.1000000163912773,
    0.5000000074505806,
    -0.800000011920929,
    0.20000000298023224,
    0.20000000298023224,
    -3.1000000461935997,
    -4.700000070035458,
    -3.1000000461935997,
    0.5000000074505806,
    0.0,
    2.1000000312924385,
    5.500000081956387,
    1.700000025331974
  ],
  "tasmin": [
    1.700000025331974,
    -0.10000000149011612,
    -0.800000011920929,
    -2.0000000298023224,
    -6.70000009983778,
    -7.000000104308128,
    -7.200000107288361,
    -6.800000101327896,
    -4.000000059604645,
    -10.900000162422657,
    -11.500000171363354,
    -12.000000178813934,
    2.1000000312924385,
    3.400000050663948,
    2.1000000312924385,
    0.20000000298023224,
    -2.600000038743019,
    -2.1000000312924385,
    -3.200000047683716,
    -4.90000007301569,
    -6.400000095367432,
    -9.80000014603138,
    -10.30000015348196,
    -5.200000077486038,
    -2.2000000327825546,
    -2.2000000327825546,
    -1.600000023841858,
    -1.8000000268220901,
    -2.1000000312924385,
    -2.1000000312924385,
    -4.000000059604645,
    -5.700000084936619,
    -6.900000102818012,
    -5.700000084936619,
    -4.200000062584877,
    -3.400000050663948,
    -0.10000000149011612,
    0.6000000089406967,
    -0.10000000149011612
  ]
}