{
  "time": [
    1767225600000000000,
    1767312000000000000,
    1767398400000000000,
    1767484800000000000,
    1767571200000000000,
    1767657600000000000,
    1767744000000000000,
    1767830400000000000,
    1767916800000000000,
    1768003200000000000,
    1768089600000000000,
    1768176000000000000,
    1768262400000000000,
    1768348800000000000,
    1768435200000000000,
    1768521600000000000,
    1768608000000000000,
    1768694400000000000,
    1768780800000000000,
    1768867200000000000,
    1768953600000000000,
    1769040000000000000,
    1769126400000000000,
    1769212800000000000,
    1769299200000000000,
    1769385600000000000,
    1769472000000000000,
    1769558400000000000,
    1769644800000000000,
    1769731200000000000,
    1769817600000000000,
    1769904000000000000,
    1769990400000000000,
    1770076800000000000,
    1770163200000000000,
    1770249600000000000,
    1770336000000000000,
    1770422400000000000,
    1770508800000000000,
    1770595200000000000,
    1770681600000000000,
    1770768000000000000,
    1770854400000000000,
    1770940800000000000,
    1771027200000000000,
    1771113600000000000,
    1771200000000000000,
    1771286400000000000,
    1771372800000000000,
    1771459200000000000,
    1771545600000000000,
    1771632000000000000,
    1771718400000000000,
    1771804800000000000,
    1771891200000000000,
    1771977600000000000,
    1772064000000000000,
    1772150400000000000,
    1772236800000000000,
    1772323200000000000,
    1772409600000000000,
    1772496000000000000,
    1772582400000000000,
    1772668800000000000,
    1772755200000000000,
    1772841600000000000,
    1772928000000000000,
    1773014400000000000,
    1773100800000000000,
    1773187200000000000,
    1773273600000000000,
    1773360000000000000,
    1773446400000000000,
    1773532800000000000,
    1773619200000000000,
    1773705600000000000,
    1773792000000000000,
    1773878400000000000,
    1773964800000000000,
    1774051200000000000,
    1774137600000000000,
    1774224000000000000,
    1774310400000000000,
    1774396800000000000,
    1774483200000000000,
    1774569600000000000,
    1774656000000000000,
    1774742400000000000,
    1774828800000000000
  ],
  "hurs": [
    73.70000109821558,
    69.90000104159117,
    72.50000108033419,
    74.50000111013651,
    67.50000100582838,
    79.20000118017197,
    74.00000110268593,
    81.00000120699406,
    87.5000013038516,
    80.0000011920929,
    83.20000123977661,
    85.70000127702951,
    91.50000136345625,
    88.700001321733,
    92.20000137388706,
    83.00000123679638,
    88.20000131428242,
    78.50000116974115,
    62.500000931322575,
    69.00000102818012,
    70.00000104308128,
    79.20000118017197,
    81.00000120699406,
    81.00000120699406,
    89.00000132620335,
    91.70000136643648,
    91.2000013589859,
    91.00000135600567,
    89.00000132620335,
    89.70000133663416,
    86.00000128149986,
    77.00000114738941,
    76.70000114291906,
    76.40000113844872,
    86.2000012844801,
    95.70000142604113,
    96.2000014334917,
    94.20000140368938,
    97.90000145882368,
    95.5000014230609,
    75.20000112056732,
    86.40000128746033,
    88.00000131130219,
    92.90000138431787,
    84.00000125169754,
    69.20000103116035,
    87.70000130683184,
    90.40000134706497,
    87.70000130683184,
    81.20000120997429,
    74.70000111311674,
    80.0000011920929,
    90.00000134110451,
    80.90000120550394,
    84.70000126212835,
    83.00000123679638,
    80.20000119507313,
    72.40000107884407,
    61.90000092238188,
    63.70000094920397,
    63.20000094175339,
    69.40000103414059,
    81.20000120997429,
    70.40000104904175,
    66.4000009894371,
    69.70000103861094,
    64.70000096410513,
    68.40000101923943,
    67.70000100880861,
    71.40000106394291,
    64.5000009611249,
    58.50000087171793,
    72.20000107586384,
    87.20000129938126,
    82.5000012293458,
    70.20000104606152,
    69.20000103116035,
    70.40000104904175,
    77.70000115782022,
    85.50000127404928,
    68.2000010162592,
    63.9000009521842,
    54.90000081807375,
    63.10000094026327,
    72.70000108331442,
    69.00000102818012,
    73.70000109821558,
    73.90000110119581,
    78.2000011652708
  ],
  "pr": [
    0.0,
    0.0,
    0.10000000149011612,
    0.0,
    0.0,
    0.0,
    0.0,
    0.10000000149011612,
    7.0,
    0.0,
    0.0,
    2.299999952316284,
    0.30000001192092896,
    0.699999988079071,
    0.10000000149011612,
    0.0,
    0.0,
    0.0,
    0.0,
    0.0,
    0.0,
    0.0,
    0.0,
    0.0,
    5.300000190734863,
    2.5999999046325684,
    0.10000000149011612,
    0.0,
    0.6000000238418579,
    0.10000000149011612,
    0.0,
    0.0,
    0.0,
    0.4000000059604645,
    0.20000000298023224,
    1.0,
    0.0,
    0.4000000059604645,
    0.0,
    0.0,
    0.0,
    1.100000023841858,
    3.5999999046325684,
    2.200000047683716,
    0.0,
    0.10000000149011612,
    2.5999999046325684,
    2.5999999046325684,
    0.800000011920929,
    0.0,
    0.800000011920929,
    1.2999999523162842,
    11.699999809265137,
    2.0999999046325684,
    0.0,
    0.0,
    0.0,
    0.0,
    0.0,
    0.0,
    0.0,
    0.0,
    0.0,
    0.0,
    0.0,
    0.0,
    0.0,
    0.0,
    0.0,
    0.699999988079071,
    0.0,
    0.0,
    2.799999952316284,
    0.4000000059604645,
    0.800000011920929,
    0.0,
    0.0,
    0.0,
    0.0,
    2.5999999046325684,
    0.0,
    0.0,
    0.0,
    1.2000000476837158,
    0.0,
    0.0,
    2.799999952316284,
    0.0,
    6.199999809265137
  ],
  "tas": [
    2.600000038743019,
    2.2000000327825546,
    0.6000000089406967,
    0.20000000298023224,
    -1.600000023841858,
    -3.500000052154064,
    -4.500000067055225,
    -3.200000047683716,
    -1.8000000268220901,
    -6.400000095367432,
    -8.00000011920929,
    -3.0000000447034836,
    4.500000067055225,
    5.700000084936619,
    6.000000089406967,
    5.000000074505806,
    1.3000000193715096,
    1.5000000223517418,
    0.800000011920929,
    -1.5000000223517418,
    -1.8000000268220901,
    -5.200000077486038,
    -5.500000081956387,
    -2.8000000417232513,
    -1.3000000193715096,
    -1.700000025331974,
    -0.20000000298023224,
    -0.5000000074505806,
    -1.3000000193715096,
    -1.0000000149011612,
    -1.3000000193715096,
    -4.700000070035458,
    -5.700000084936619,
    -4.700000070035458,
    -2.1000000312924385,
    -1.5000000223517418,
    0.800000011920929,
    2.3000000342726707,
    0.9000000134110451,
    1.0000000149011612,
    4.500000067055225,
    6.500000096857548,
    7.700000114738941,
    4.200000062584877,
    0.20000000298023224,
    -1.5000000223517418,
    -1.8000000268220901,
    2.1000000312924385,
    0.20000000298023224,
    -2.500000037252903,
    -1.700000025331974,
    6.900000102818012,
    10.000000149011612,
    9.00000013411045,
    6.500000096857548,
    7.300000108778477,
    8.900000132620335,
    12.000000178813934,
    12.400000184774399,
    7.700000114738941,
    7.500000111758709,
    7.500000111758709,
    6.000000089406967,
    6.400000095367432,
    6.800000101327896,
    8.00000011920929,
    8.800000131130219,
    7.800000116229057,
    10.000000149011612,
    11.300000168383121,
    9.500000141561031,
    10.500000156462193,
    9.100000135600567,
    5.700000084936619,
    4.500000067055225,
    5.200000077486038,
    6.000000089406967,
    7.200000107288361,
    6.400000095367432,
    5.500000081956387,
    6.500000096857548,
    6.900000102818012,
    10.000000149011612,
    9.00000013411045,
    3.7000000551342964,
    2.1000000312924385,
    3.7000000551342964,
    5.4000000804662704,
    5.000000074505806
  ],