{
  "time": [
    1767225600000000000,
    1767312000000000000,
    1767398400000000000,
    1767484800000000000,
    1767571200000000000,
    1767657600000000000,
    1767744000000000000,
    1767830400000000000,
    1767916800000000000,
    1768003200000000000,
    1768089600000000000,
    1768176000000000000,
    1768262400000000000,
    1768348800000000000,
    1768435200000000000,
    1768521600000000000,
    1768608000000000000,
    1768694400000000000,
    1768780800000000000,
    1768867200000000000,
    1768953600000000000,
    1769040000000000000,
    1769126400000000000,
    1769212800000000000,
    1769299200000000000,
    1769385600000000000,
    1769472000000000000,
    1769558400000000000,
    1769644800000000000,
    1769731200000000000,
    1769817600000000000,
    1769904000000000000,
    1769990400000000000,
    1770076800000000000,
    1770163200000000000,
    1770249600000000000,
    1770336000000000000,
    1770422400000000000,
    1770508800000000000,
    1770595200000000000,
    1770681600000000000,
    1770768000000000000,
    1770854400000000000,
    1770940800000000000,
    1771027200000000000,
    1771113600000000000,
    1771200000000000000,
    1771286400000000000,
    1771372800000000000,
    1771459200000000000,
    1771545600000000000,
    1771632000000000000,
    1771718400000000000,
    1771804800000000000
  ],
  "hurs": [
    73.70000109821558,
    69.90000104159117,
    72.50000108033419,
    74.50000111013651,
    67.50000100582838,
    79.20000118017197,
    74.00000110268593,
    81.00000120699406,
    87.5000013038516,
    80.0000011920929,
    83.20000123977661,
    85.70000127702951,
    91.50000136345625,
    88.700001321733,
    92.20000137388706,
    83.00000123679638,
    88.20000131428242,
    78.50000116974115,
    62.500000931322575,
    69.00000102818012,
    70.00000104308128,
    79.20000118017197,
    81.00000120699406,
    81.00000120699406,
    89.00000132620335,
    91.70000136643648,
    91.2000013589859,
    91.00000135600567,
    89.00000132620335,
    89.70000133663416,
    86.00000128149986,
    78.70000117272139,
    75.90000113099813,
    76.00000113248825,
    87.20000129938126,
    96.00000143051147,
    96.50000143796206,
    92.70000138133764,
    98.70000147074461,
    94.50000140815973,
    75.20000112056732,
    86.70000129193068,
    88.20000131428242,
    93.20000138878822,
    83.70000124722719,
    70.40000104904175,
    88.40000131726265,
    90.00000134110451,
    88.90000132471323,
    80.20000119507313,
    75.50000112503767,
    80.20000119507313,
    90.00000134110451,
    80.70000120252371
  ]
}