{
  "time": [
    1767268800000000000,
    1767355200000000000,
    1767441600000000000
  ],
  "hurs": [
    74.20000110566616,
    70.50000105053186,
    72.50000108033419
  ]
}