{
  "time": [
    1767225600000000000,
    1767312000000000000,
    1767398400000000000,
    1767484800000000000,
    1767571200000000000,
    1767657600000000000,
    1767744000000000000,
    1767830400000000000,
    1767916800000000000,
    1768003200000000000,
    1768089600000000000,
    1768176000000000000,
    1768262400000000000,
    1768348800000000000,
    1768435200000000000,
    1768521600000000000,
    1768608000000000000,
    1768694400000000000,
    1768780800000000000,
    1768867200000000000,
    1768953600000000000,
    1769040000000000000,
    1769126400000000000,
    1769212800000000000,
    1769299200000000000,
    1769385600000000000,
    1769472000000000000,
    1769558400000000000,
    1769644800000000000,
    1769731200000000000,
    1769817600000000000,
    1769904000000000000,
    1769990400000000000,
    1770076800000000000
  ],
  "hurs": [
    74.90000111609697,
    70.7000010535121,
    71.40000106394291,
    74.40000110864639,
    68.2000010162592,
    79.4000011831522,
    73.70000109821558,
    81.70000121742487,
    86.90000129491091,
    81.00000120699406,
    83.50000124424696,
    85.20000126957893,
    91.50000136345625,
    88.90000132471323,
    91.50000136345625,
    83.20000123977661,
    87.70000130683184,
    79.00000117719173,
    62.10000092536211,
    69.5000010356307,
    70.20000104606152,
    78.70000117272139,
    80.20000119507313,
    82.20000122487545,
    88.700001321733,
    91.40000136196613,
    91.40000136196613,
    90.20000134408474,
    88.90000132471323,
    89.00000132620335,
    84.400001257658,
    78.70000117272139,
    75.90000113099813,
    76.00000113248825
  ]
}