{
  "time": [
    1767268800000000000,
    1767355200000000000,
    1767441600000000000
  ],
  "tas": [
    2.600000038743019,
    2.1000000312924385,
    0.6000000089406967
  ]
}