{
  "time": [
    1767225600000000000,
    1767312000000000000,
    1767398400000000000,
    1767484800000000000,
    1767571200000000000,
    1767657600000000000,
    1767744000000000000,
    1767830400000000000,
    1767916800000000000,
    1768003200000000000,
    1768089600000000000,
    1768176000000000000,
    1768262400000000000,
    1768348800000000000,
    1768435200000000000,
    1768521600000000000,
    1768608000000000000,
    1768694400000000000,
    1768780800000000000,
    1768867200000000000,
    1768953600000000000,
    1769040000000000000,
    1769126400000000000,
    1769212800000000000,
    1769299200000000000,
    1769385600000000000,
    1769472000000000000,
    1769558400000000000,
    1769644800000000000,
    1769731200000000000,
    1769817600000000000,
    1769904000000000000,
    1769990400000000000,
    1770076800000000000,
    1770163200000000000,
    1770249600000000000,
    1770336000000000000,
    1770422400000000000
  ],
  "tasmin": [
    1.700000025331974,
    -0.10000000149011612,
    -0.800000011920929,
    -2.0000000298023224,
    -6.70000009983778,
    -7.000000104308128,
    -7.200000107288361,
    -6.800000101327896,
    -4.000000059604645,
    -10.900000162422657,
    -11.500000171363354,
    -12.000000178813934,
    2.1000000312924385,
    3.400000050663948,
    2.1000000312924385,
    0.20000000298023224,
    -2.600000038743019,
    -2.1000000312924385,
    -3.200000047683716,
    -4.90000007301569,
    -6.400000095367432,
    -9.80000014603138,
    -10.30000015348196,
    -5.200000077486038,
    -2.2000000327825546,
    -2.2000000327825546,
    -1.600000023841858,
    -1.8000000268220901,
    -2.1000000312924385,
    -2.1000000312924385,
    -4.000000059604645,
    -5.700000084936619,
    -6.900000102818012,
    -5.700000084936619,
    -4.200000062584877,
    -3.400000050663948,
    -0.10000000149011612,
    0.6000000089406967
  ]
}