{
  "time": [
    1767225600000000000,
    1767312000000000000,
    1767398400000000000,
    1767484800000000000,
    1767571200000000000,
    1767657600000000000,
    1767744000000000000,
    1767830400000000000,
    1767916800000000000,
    1768003200000000000,
    1768089600000000000,
    1768176000000000000,
    1768262400000000000,
    1768348800000000000,
    1768435200000000000,
    1768521600000000000,
    1768608000000000000,
    1768694400000000000,
    1768780800000000000,
    1768867200000000000,
    1768953600000000000,
    1769040000000000000,
    1769126400000000000,
    1769212800000000000,
    1769299200000000000,
    1769385600000000000,
    1769472000000000000,
    1769558400000000000,
    1769644800000000000,
    1769731200000000000,
    1769817600000000000,
    1769904000000000000,
    1769990400000000000,
    1770076800000000000,
    1770163200000000000,
    1770249600000000000,
    1770336000000000000,
    1770422400000000000,
    1770508800000000000,
    1770595200000000000,
    1770681600000000000,
    1770768000000000000,
    1770854400000000000,
    1770940800000000000,
    1771027200000000000,
    1771113600000000000,
    1771200000000000000,
    1771286400000000000,
    1771372800000000000,
    1771459200000000000,
    1771545600000000000,
    1771632000000000000,
    1771718400000000000,
    1771804800000000000,
    1771891200000000000,
    1771977600000000000,
    1772064000000000000,
    1772150400000000000,
    1772236800000000000,
    1772323200000000000,
    1772409600000000000
  ],
  "tasmin": [
    1.8000000268220901,
    0.10000000149011612,
    -0.800000011920929,
    -2.0000000298023224,
    -6.500000096857548,
    -7.200000107288361,
    -7.200000107288361,
    -6.800000101327896,
    -4.000000059604645,
    -10.800000160932541,
    -11.800000175833702,
    -11.500000171363354,
    2.1000000312924385,
    3.200000047683716,
    2.1000000312924385,
    0.20000000298023224,
    -3.0000000447034836,
    -2.0000000298023224,
    -3.200000047683716,
    -4.700000070035458,
    -6.400000095367432,
    -9.400000140070915,
    -10.30000015348196,
    -5.000000074505806,
    -2.2000000327825546,
    -2.3000000342726707,
    -1.600000023841858,
    -1.8000000268220901,
    -2.1000000312924385,
    -2.1000000312924385,
    -4.000000059604645,
    -5.700000084936619,
    -6.900000102818012,
    -6.000000089406967,
    -4.200000062584877,
    -3.200000047683716,
    -0.10000000149011612,
    0.5000000074505806,
    0.0,
    -0.20000000298023224,
    1.3000000193715096,
    3.7000000551342964,
    5.000000074505806,
    0.800000011920929,
    -1.3000000193715096,
    -3.400000050663948,
    -3.7000000551342964,
    0.20000000298023224,
    -2.8000000417232513,
    -4.700000070035458,
    -7.200000107288361,
    2.600000038743019,
    7.000000104308128,
    6.000000089406967,
    1.1000000163912773,
    1.1000000163912773,
    3.200000047683716,
    5.700000084936619,
    6.000000089406967,
    3.200000047683716,
    1.700000025331974
  ]
}