{
  "time": [
    1767268800000000000,
    1767355200000000000,
    1767441600000000000
  ],
  "tasmax": [
    3.500000052154064,
    3.200000047683716,
    2.500000037252903
  ]
}