{
  "time": [
    1767225600000000000,
    1767312000000000000,
    1767398400000000000,
    1767484800000000000,
    1767571200000000000,
    1767657600000000000,
    1767744000000000000,
    1767830400000000000,
    1767916800000000000,
    1768003200000000000,
    1768089600000000000,
    1768176000000000000,
    1768262400000000000,
    1768348800000000000,
    1768435200000000000,
    1768521600000000000,
    1768608000000000000,
    1768694400000000000,
    1768780800000000000,
    1768867200000000000,
    1768953600000000000,
    1769040000000000000,
    1769126400000000000,
    1769212800000000000,
    1769299200000000000,
    1769385600000000000,
    1769472000000000000,
    1769558400000000000,
    1769644800000000000,
    1769731200000000000,
    1769817600000000000,
    1769904000000000000,
    1769990400000000000,
    1770076800000000000,
    1770163200000000000,
    1770249600000000000,
    1770336000000000000,
    1770422400000000000,
    1770508800000000000,
    1770595200000000000,
    1770681600000000000,
    1770768000000000000,
    1770854400000000000,
    1770940800000000000,
    1771027200000000000,
    1771113600000000000,
    1771200000000000000,
    1771286400000000000,
    1771372800000000000,
    1771459200000000000,
    1771545600000000000,
    1771632000000000000,
    1771718400000000000,
    1771804800000000000,
    1771891200000000000,
    1771977600000000000,
    1772064000000000000,
    1772150400000000000,
    1772236800000000000,
    1772323200000000000,
    1772409600000000000,
    1772496000000000000,
    1772582400000000000,
    1772668800000000000,
    1772755200000000000,
    1772841600000000000,
    1772928000000000000,
    1773014400000000000,
    1773100800000000000,
    1773187200000000000,
    1773273600000000000,
    1773360000000000000,
    1773446400000000000,
    1773532800000000000,
    1773619200000000000,
    1773705600000000000,
    1773792000000000000,
    1773878400000000000,
    1773964800000000000,
    1774051200000000000,
    1774137600000000000,
    1774224000000000000,
    1774310400000000000,
    1774396800000000000,
    1774483200000000000
  ],
  "tasmax": [
    3.500000052154064,
    3.200000047683716,
    2.3000000342726707,
    1.8000000268220901,
    0.5000000074505806,
    -1.1000000163912773,
    -1.0000000149011612,
    1.3000000193715096,
    -0.10000000149011612,
    -3.7000000551342964,
    -4.500000067055225,
    2.2000000327825546,
    7.000000104308128,
    7.400000110268593,
    9.500000141561031,
    11.60000017285347,
    6.000000089406967,
    5.900000087916851,
    5.700000084936619,
    3.1000000461935997,
    3.9000000581145287,
    -0.5000000074505806,
    -1.700000025331974,
    -0.9000000134110451,
    -0.5000000074505806,
    -0.6000000089406967,
    1.1000000163912773,
    0.5000000074505806,
    -0.800000011920929,
    0.20000000298023224,
    0.20000000298023224,
    -2.8000000417232513,
    -4.700000070035458,
    -3.200000047683716,
    0.5000000074505806,
    0.0,
    2.2000000327825546,
    5.200000077486038,
    1.8000000268220901,
    2.7000000402331352,
    8.00000011920929,
    8.400000125169754,
    11.400000169873238,
    7.000000104308128,
    0.9000000134110451,
    1.1000000163912773,
    0.4000000059604645,
    5.000000074505806,
    2.1000000312924385,
    0.6000000089406967,
    3.200000047683716,
    10.600000157952309,
    12.600000187754631,
    12.600000187754631,
    10.900000162422657,
    14.500000216066837,
    16.800000250339508,
    19.60000029206276,
    19.30000028759241,
    12.600000187754631,
    15.100000225007534,
    16.100000239908695,
    12.800000190734863,
    15.600000232458115,
    16.800000250339508,
    17.50000026077032,
    17.30000025779009,
    16.800000250339508,
    17.00000025331974,
    16.800000250339508,
    13.90000020712614,
    16.300000242888927,
    13.100000195205212,
    7.200000107288361,
    7.500000111758709,
    11.900000177323818,
    14.400000214576721,
    14.600000217556953,
    12.600000187754631,
    10.000000149011612,
    14.600000217556953,
    15.100000225007534,
    16.300000242888927,
    12.600000187754631,
    8.800000131130219
  ]
}