{
  "time": [
    1767268800000000000,
    1767355200000000000,
    1767441600000000000
  ],
  "hurs": [
    75.50000112503767,
    77.70000115782022,
    78.50000116974115
  ],
  "pr": [
    0.10000000149011612,
    0.5,
    1.0
  ],
  "tas": [
    3.400000050663948,
    2.0000000298023224,
    0.9000000134110451
  ],
  "tasmax": [
    4.200000062584877,
    2.8000000417232513,
    2.3000000342726707
  ],
  "tasmin": [
    2.3000000342726707,
    0.10000000149011612,
    -1.3000000193715096
  ]
}