{
  "time": [
    1767225600000000000,
    1767312000000000000,
    1767398400000000000,
    1767484800000000000,
    1767571200000000000,
    1767657600000000000,
    1767744000000000000,
    1767830400000000000,
    1767916800000000000,
    1768003200000000000,
    1768089600000000000,
    1768176000000000000,
    1768262400000000000,
    1768348800000000000,
    1768435200000000000,
    1768521600000000000,
    1768608000000000000,
    1768694400000000000,
    1768780800000000000,
    1768867200000000000,
    1768953600000000000,
    1769040000000000000,
    1769126400000000000,
    1769212800000000000,
    1769299200000000000,
    1769385600000000000,
    1769472000000000000,
    1769558400000000000,
    1769644800000000000,
    1769731200000000000,
    1769817600000000000,
    1769904000000000000,
    1769990400000000000,
    1770076800000000000
  ],
  "hurs": [
    75.50000112503767,
    77.70000115782022,
    78.70000117272139,
    82.70000123232603,
    76.40000113844872,
    87.40000130236149,
    78.2000011652708,
    83.20000123977661,
    86.70000129193068,
    78.90000117570162,
    87.90000130981207,
    86.2000012844801,
    94.20000140368938,
    92.70000138133764,
    92.70000138133764,
    87.20000129938126,
    89.20000132918358,
    77.90000116080046,
    65.00000096857548,
    72.50000108033419,
    77.20000115036964,
    79.20000118017197,
    82.40000122785568,
    83.00000123679638,
    86.2000012844801,
    94.00000140070915,
    92.00000137090683,
    86.00000128149986,
    85.50000127404928,
    86.00000128149986,
    81.9000012204051,
    76.40000113844872,
    72.0000010728836,
    66.50000099092722
  ],
  "pr": [
    0.10000000149011612,
    0.5,
    1.0,
    1.399999976158142,
    0.4000000059604645,
    0.10000000149011612,
    0.20000000298023224,
    0.699999988079071,
    13.0,
    0.0,
    0.0,
    2.4000000953674316,
    0.20000000298023224,
    2.299999952316284,
    0.0,
    0.0,
    0.0,
    0.0,
    0.0,
    0.0,
    0.0,
    0.0,
    0.0,
    0.0,
    6.599999904632568,
    3.9000000953674316,
    0.0,
    0.0,
    2.799999952316284,
    0.0,
    0.0,
    0.0,
    0.0,
    0.0
  ],
  "tas": [
    3.400000050663948,
    2.0000000298023224,
    0.9000000134110451,
    -0.20000000298023224,
    -1.600000023841858,
    -4.200000062584877,
    -5.500000081956387,
    -2.8000000417232513,
    -3.200000047683716,
    -5.500000081956387,
    -9.300000138580799,
    -3.400000050663948,
    3.400000050663948,
    3.9000000581145287,
    5.200000077486038,
    5.000000074505806,
    2.2000000327825546,
    3.0000000447034836,
    0.9000000134110451,
    -0.800000011920929,
    -1.8000000268220901,
    -3.6000000536441803,
    -4.700000070035458,
    -2.7000000402331352,
    -1.600000023841858,
    -1.1000000163912773,
    -0.800000011920929,
    -1.0000000149011612,
    -1.0000000149011612,
    -1.600000023841858,
    -1.700000025331974,
    -5.200000077486038,
    -6.400000095367432,
    -5.200000077486038
  ],
  "tasmax": [
    4.200000062584877,
    2.8000000417232513,
    2.500000037252903,
    1.8000000268220901,
    1.0000000149011612,
    -1.3000000193715096,
    -1.600000023841858,
    1.8000000268220901,
    -1.8000000268220901,
    -3.0000000447034836,
    -4.500000067055225,
    1.600000023841858,
    6.200000092387199,
    7.400000110268593,
    9.600000143051147,
    10.800000160932541,
    5.500000081956387,
    6.000000089406967,
    5.000000074505806,
    3.1000000461935997,
    3.9000000581145287,
    0.9000000134110451,
    -2.7000000402331352,
    -1.3000000193715096,
    -1.3000000193715096,
    -0.10000000149011612,
    0.5000000074505806,
    0.4000000059604645,
    -0.4000000059604645,
    -0.20000000298023224,
    -0.4000000059604645,
    -4.000000059604645,
    -5.000000074505806,
    -4.200000062584877
  ],
  "tasmin": [
    2.3000000342726707,
    0.0,
    -1.3000000193715096,
    -3.7000000551342964,
    -8.00000011920929,
    -8.00000011920929,
    -9.100000135600567,
    -6.70000009983778,
    -5.200000077486038,
    -10.600000157952309,
    -14.900000222027302,
    -14.500000216066837,
    0.800000011920929,
    -1.0000000149011612,
    0.9000000134110451,
    1.1000000163912773,
    -1.3000000193715096,
    -0.5000000074505806,
    -2.0000000298023224,
    -3.7000000551342964,
    -5.000000074505806,
    -6.900000102818012,
    -7.000000104308128,
    -4.400000065565109,
    -2.0000000298023224,
    -2.2000000327825546,
    -3.6000000536441803,
    -1.8000000268220901,
    -2.7000000402331352,
    -2.8000000417232513,
    -4.200000062584877,
    -6.000000089406967,
    -7.500000111758709,
    -6.500000096857548
  ]
}