{
  "time": [
    1767225600000000000,
    1767312000000000000,
    1767398400000000000,
    1767484800000000000,
    1767571200000000000,
    1767657600000000000,
    1767744000000000000,
    1767830400000000000,
    1767916800000000000,
    1768003200000000000,
    1768089600000000000,
    1768176000000000000,
    1768262400000000000,
    1768348800000000000,
    1768435200000000000,
    1768521600000000000,
    1768608000000000000,
    1768694400000000000,
    1768780800000000000,
    1768867200000000000,
    1768953600000000000,
    1769040000000000000,
    1769126400000000000,
    1769212800000000000,
    1769299200000000000,
    1769385600000000000,
    1769472000000000000,
    1769558400000000000,
    1769644800000000000,
    1769731200000000000,
    1769817600000000000,
    1769904000000000000,
    1769990400000000000,
    1770076800000000000,
    1770163200000000000,
    1770249600000000000,
    1770336000000000000,
    1770422400000000000,
    1770508800000000000,
    1770595200000000000,
    1770681600000000000,
    1770768000000000000,
    1770854400000000000,
    1770940800000000000,
    1771027200000000000,
    1771113600000000000,
    1771200000000000000,
    1771286400000000000
  ],
  "hurs": [
    75.50000112503767,
    77.70000115782022,
    79.00000117719173,
    83.00000123679638,
    75.7000011280179,
    87.00000129640102,
    78.50000116974115,
    82.70000123232603,
    86.70000129193068,
    76.70000114291906,
    87.40000130236149,
    86.70000129193068,
    94.20000140368938,
    92.20000137388706,
    92.20000137388706,
    87.70000130683184,
    89.00000132620335,
    77.20000115036964,
    65.50000097602606,
    72.70000108331442,
    77.40000115334988,
    79.4000011831522,
    81.20000120997429,
    83.20000123977661,
    85.70000127702951,
    93.20000138878822,
    91.50000136345625,
    87.00000129640102,
    86.50000128895044,
    86.2000012844801,
    84.70000126212835,
    76.40000113844872,
    72.0000010728836,
    66.50000099092722,
    81.70000121742487,
    91.00000135600567,
    96.70000144094229,
    94.70000141113997,
    97.70000145584345,
    93.40000139176846,
    83.00000123679638,
    94.40000140666962,
    95.5000014230609,
    93.90000139921904,
    82.20000122487545,
    69.90000104159117,
    83.00000123679638,
    90.70000135153532
  ],
  "pr": [
    0.10000000149011612,
    0.5,
    1.0,
    1.399999976158142,
    0.4000000059604645,
    0.10000000149011612,
    0.20000000298023224,
    0.699999988079071,
    13.0,
    0.0,
    0.0,
    2.4000000953674316,
    0.20000000298023224,
    2.299999952316284,
    0.0,
    0.0,
    0.0,
    0.0,
    0.0,
    0.0,
    0.0,
    0.0,
    0.0,
    0.0,
    6.599999904632568,
    3.9000000953674316,
    0.0,
    0.0,
    2.799999952316284,
    0.0,
    0.0,
    0.0,
    0.0,
    0.0,
    0.8999999761581421,
    0.0,
    0.0,
    1.899999976158142,
    0.30000001192092896,
    0.0,
    0.10000000149011612,
    2.9000000953674316,
    4.400000095367432,
    1.7999999523162842,
    0.0,
    0.4000000059604645,
    3.0999999046325684,
    3.700000047683716
  ],
  "tas": [
    3.400000050663948,
    2.0000000298023224,
    0.9000000134110451,
    -0.20000000298023224,
    -1.5000000223517418,
    -4.200000062584877,
    -5.500000081956387,
    -2.8000000417232513,
    -3.200000047683716,
    -5.200000077486038,
    -9.300000138580799,
    -3.400000050663948,
    3.400000050663948,
    3.9000000581145287,
    5.4000000804662704,
    5.000000074505806,
    2.2000000327825546,
    3.1000000461935997,
    0.9000000134110451,
    -0.800000011920929,
    -1.8000000268220901,
    -3.6000000536441803,
    -4.500000067055225,
    -2.7000000402331352,
    -1.600000023841858,
    -1.0000000149011612,
    -0.800000011920929,
    -1.0000000149011612,
    -1.1000000163912773,
    -1.600000023841858,
    -1.8000000268220901,
    -5.200000077486038,
    -6.400000095367432,
    -5.200000077486038,
    -4.000000059604645,
    -2.3000000342726707,
    0.4000000059604645,
    1.700000025331974,
    0.800000011920929,
    0.9000000134110451,
    3.500000052154064,
    5.000000074505806,
    6.200000092387199,
    1.8000000268220901,
    0.20000000298023224,
    -1.5000000223517418,
    -2.500000037252903,
    0.5000000074505806
  ],
  "tasmax": [
    4.200000062584877,
    2.8000000417232513,
    2.3000000342726707,
    1.8000000268220901,
    1.1000000163912773,
    -1.3000000193715096,
    -1.600000023841858,
    1.8000000268220901,
    -1.8000000268220901,
    -2.7000000402331352,
    -4.500000067055225,
    1.600000023841858,
    6.200000092387199,
    7.400000110268593,
    10.000000149011612,
    10.800000160932541,
    5.500000081956387,
    6.200000092387199,
    5.000000074505806,
    3.200000047683716,
    3.7000000551342964,
    0.9000000134110451,
    -2.600000038743019,
    -1.3000000193715096,
    -1.1000000163912773,
    0.10000000149011612,
    0.4000000059604645,
    0.4000000059604645,
    -0.4000000059604645,
    -0.20000000298023224,
    -0.5000000074505806,
    -4.000000059604645,
    -5.000000074505806,
    -4.200000062584877,
    -2.600000038743019,
    -0.10000000149011612,
    1.1000000163912773,
    3.6000000536441803,
    1.3000000193715096,
    1.700000025331974,
    7.300000108778477,
    7.000000104308128,
    8.300000123679638,
    4.700000070035458,
    1.3000000193715096,
    1.5000000223517418,
    -1.3000000193715096,
    4.200000062584877
  ],
  "tasmin": [
    2.2000000327825546,
    0.10000000149011612,
    -1.3000000193715096,
    -3.7000000551342964,
    -7.900000117719173,
    -8.00000011920929,
    -9.100000135600567,
    -6.70000009983778,
    -5.200000077486038,
    -10.400000154972076,
    -14.900000222027302,
    -14.400000214576721,
    0.800000011920929,
    -1.1000000163912773,
    1.0000000149011612,
    1.1000000163912773,
    -1.3000000193715096,
    -0.4000000059604645,
    -2.0000000298023224,
    -3.7000000551342964,
    -5.000000074505806,
    -6.900000102818012,
    -6.800000101327896,
    -4.400000065565109,
    -1.8000000268220901,
    -2.0000000298023224,
    -3.6000000536441803,
    -1.8000000268220901,
    -2.8000000417232513,
    -2.7000000402331352,
    -4.400000065565109,
    -6.000000089406967,
    -7.500000111758709,
    -6.500000096857548,
    -4.700000070035458,
    -4.200000062584877,
    -0.4000000059604645,
    0.5000000074505806,
    0.0,
    0.20000000298023224,
    1.1000000163912773,
    3.0000000447034836,
    3.9000000581145287,
    0.4000000059604645,
    -1.3000000193715096,
    -3.1000000461935997,
    -3.7000000551342964,
    -2.0000000298023224
  ]
}