{
  "time": [
    1767268800000000000
  ],
  "hurs": [
    75.50000112503767
  ],
  "pr": [
    0.10000000149011612
  ],
  "tas": [
    3.400000050663948
  ],
  "tasmax": [
    4.200000062584877
  ],
  "tasmin": [
    2.3000000342726707
  ]
}