{
  "time": [
    1767225600000000000,
    1767312000000000000,
    1767398400000000000,
    1767484800000000000,
    1767571200000000000,
    1767657600000000000,
    1767744000000000000,
    1767830400000000000,
    1767916800000000000,
    1768003200000000000,
    1768089600000000000,
    1768176000000000000,
    1768262400000000000,
    1768348800000000000,
    1768435200000000000,
    1768521600000000000,
    1768608000000000000,
    1768694400000000000,
    1768780800000000000,
    1768867200000000000,
    1768953600000000000,
    1769040000000000000,
    1769126400000000000,
    1769212800000000000,
    1769299200000000000,
    1769385600000000000,
    1769472000000000000,
    1769558400000000000,
    1769644800000000000,
    1769731200000000000,
    1769817600000000000,
    1769904000000000000,
    1769990400000000000,
    1770076800000000000,
    1770163200000000000,
    1770249600000000000,
    1770336000000000000,
    1770422400000000000,
    1770508800000000000,
    1770595200000000000,
    1770681600000000000,
    1770768000000000000,
    1770854400000000000,
    1770940800000000000,
    1771027200000000000,
    1771113600000000000,
    1771200000000000000,
    1771286400000000000,
    1771372800000000000,
    1771459200000000000,
    1771545600000000000,
    1771632000000000000,
    1771718400000000000,
    1771804800000000000,
    1771891200000000000,
    1771977600000000000,
    1772064000000000000,
    1772150400000000000,
    1772236800000000000,
    1772323200000000000,
    1772409600000000000,
    1772496000000000000,
    1772582400000000000,
    1772668800000000000,
    1772755200000000000,
    1772841600000000000,
    1772928000000000000,
    1773014400000000000,
    1773100800000000000,
    1773187200000000000,
    1773273600000000000,
    1773360000000000000,
    1773446400000000000,
    1773532800000000000,
    1773619200000000000,
    1773705600000000000,
    1773792000000000000,
    1773878400000000000,
    1773964800000000000,
    1774051200000000000,
    1774137600000000000
  ],
  "hurs": [
    75.50000112503767,
    77.70000115782022,
    79.00000117719173,
    83.00000123679638,
    75.7000011280179,
    87.00000129640102,
    78.50000116974115,
    82.70000123232603,
    86.70000129193068,
    76.70000114291906,
    87.40000130236149,
    86.70000129193068,
    94.20000140368938,
    92.20000137388706,
    92.20000137388706,
    87.70000130683184,
    89.00000132620335,
    77.20000115036964,
    65.50000097602606,
    72.70000108331442,
    77.40000115334988,
    79.4000011831522,
    81.20000120997429,
    83.20000123977661,
    85.70000127702951,
    93.20000138878822,
    91.50000136345625,
    87.00000129640102,
    86.50000128895044,
    86.2000012844801,
    84.70000126212835,
    75.40000112354755,
    73.200001090765,
    67.70000100880861,
    82.00000122189522,
    90.40000134706497,
    96.50000143796206,
    95.40000142157078,
    96.40000143647194,
    92.70000138133764,
    82.00000122189522,
    91.50000136345625,
    95.20000141859055,
    93.20000138878822,
    82.20000122487545,
    68.2000010162592,
    83.20000123977661,
    90.90000135451555,
    82.40000122785568,
    74.20000110566616,
    74.50000111013651,
    81.40000121295452,
    89.50000133365393,
    82.5000012293458,
    86.50000128895044,
    83.50000124424696,
    81.20000120997429,
    75.20000112056732,
    69.20000103116035,
    65.70000097900629,
    65.40000097453594,
    73.00000108778477,
    74.20000110566616,
    63.500000946223736,
    65.20000097155571,
    72.50000108033419,
    66.20000098645687,
    70.20000104606152,
    72.50000108033419,
    76.20000113546848,
    67.0000009983778,
    66.50000099092722,
    85.70000127702951,
    83.50000124424696,
    83.20000123977661,
    71.20000106096268,
    66.90000099688768,
    69.20000103116035,
    67.40000100433826,
    79.70000118762255,
    63.9000009521842
  ],
  "pr": [
    0.10000000149011612,
    0.5,
    1.0,
    1.399999976158142,
    0.4000000059604645,
    0.10000000149011612,
    0.20000000298023224,
    0.699999988079071,
    13.0,
    0.0,
    0.0,
    2.4000000953674316,
    0.20000000298023224,
    2.299999952316284,
    0.0,
    0.0,
    0.0,
    0.0,
    0.0,
    0.0,
    0.0,
    0.0,
    0.0,
    0.0,
    6.599999904632568,
    3.9000000953674316,
    0.0,
    0.0,
    2.799999952316284,
    0.0,
    0.0,
    0.0,
    0.0,
    0.0,
    0.8999999761581421,
    0.0,
    0.0,
    1.899999976158142,
    0.30000001192092896,
    0.0,
    0.10000000149011612,
    3.0,
    4.400000095367432,
    1.7999999523162842,
    0.0,
    0.4000000059604645,
    3.0999999046325684,
    3.700000047683716,
    0.4000000059604645,
    0.0,
    0.30000001192092896,
    1.5,
    7.599999904632568,
    3.5,
    0.0,
    0.0,
    0.0,
    0.0,
    0.0,
    0.0,
    0.0,
    0.0,
    0.0,
    0.0,
    0.0,
    0.0,
    0.0,
    0.0,
    1.600000023841858,
    2.200000047683716,
    0.0,
    0.0,
    0.699999988079071,
    0.0,
    1.0,
    0.0,
    0.0,
    0.0,
    0.0,
    0.0,
    0.0
  ],
  "tas": [
    3.400000050663948,
    2.0000000298023224,
    0.9000000134110451,
    -0.20000000298023224,
    -1.5000000223517418,
    -4.200000062584877,
    -5.500000081956387,
    -2.8000000417232513,
    -3.200000047683716,
    -5.200000077486038,
    -9.300000138580799,
    -3.400000050663948,
    3.400000050663948,
    3.9000000581145287,
    5.4000000804662704,
    5.000000074505806,
    2.2000000327825546,
    3.1000000461935997,
    0.9000000134110451,
    -0.800000011920929,
    -1.8000000268220901,
    -3.6000000536441803,
    -4.500000067055225,
    -2.7000000402331352,
    -1.600000023841858,
    -1.0000000149011612,
    -0.800000011920929,
    -1.0000000149011612,
    -1.1000000163912773,
    -1.600000023841858,
    -1.8000000268220901,
    -5.200000077486038,
    -6.500000096857548,
    -5.500000081956387,
    -4.200000062584877,
    -2.3000000342726707,
    0.4000000059604645,
    1.600000023841858,
    0.9000000134110451,
    0.9000000134110451,
    3.6000000536441803,
    5.200000077486038,
    6.200000092387199,
    1.8000000268220901,
    0.20000000298023224,
    -1.3000000193715096,
    -2.500000037252903,
    0.5000000074505806,
    -0.5000000074505806,
    -2.7000000402331352,
    -2.0000000298023224,
    6.900000102818012,
    9.900000147521496,
    8.50000012665987,
    7.000000104308128,
    7.500000111758709,
    9.900000147521496,
    12.500000186264515,
    11.60000017285347,
    7.900000117719173,
    8.400000125169754,
    8.50000012665987,
    6.500000096857548,
    7.000000104308128,
    7.000000104308128,
    7.300000108778477,
    9.400000140070915,
    7.800000116229057,
    10.100000150501728,
    11.400000169873238,
    9.400000140070915,
    10.100000150501728,
    7.000000104308128,
    5.500000081956387,
    4.200000062584877,
    5.900000087916851,
    6.800000101327896,
    7.500000111758709,
    9.00000013411045,
    7.500000111758709,
    7.000000104308128
  ],