{
  "time": [
    1767225600000000000,
    1767312000000000000,
    1767398400000000000,
    1767484800000000000,
    1767571200000000000,
    1767657600000000000,
    1767744000000000000,
    1767830400000000000,
    1767916800000000000,
    1768003200000000000,
    1768089600000000000,
    1768176000000000000,
    1768262400000000000,
    1768348800000000000,
    1768435200000000000,
    1768521600000000000,
    1768608000000000000,
    1768694400000000000,
    1768780800000000000,
    1768867200000000000,
    1768953600000000000,
    1769040000000000000,
    1769126400000000000,
    1769212800000000000,
    1769299200000000000,
    1769385600000000000,
    1769472000000000000,
    1769558400000000000,
    1769644800000000000,
    1769731200000000000,
    1769817600000000000,
    1769904000000000000,
    1769990400000000000,
    1770076800000000000,
    1770163200000000000,
    1770249600000000000,
    1770336000000000000,
    1770422400000000000,
    1770508800000000000,
    1770595200000000000,
    1770681600000000000,
    1770768000000000000,
    1770854400000000000,
    1770940800000000000,
    1771027200000000000,
    1771113600000000000,
    1771200000000000000
  ],
  "hurs": [
    75.50000112503767,
    77.70000115782022,
    79.00000117719173,
    83.00000123679638,
    75.7000011280179,
    87.00000129640102,
    78.50000116974115,
    82.70000123232603,
    86.70000129193068,
    76.70000114291906,
    87.40000130236149,
    86.70000129193068,
    94.20000140368938,
    92.20000137388706,
    92.20000137388706,
    87.70000130683184,
    89.00000132620335,
    77.20000115036964,
    65.50000097602606,
    72.70000108331442,
    77.40000115334988,
    79.4000011831522,
    81.20000120997429,
    83.20000123977661,
    85.70000127702951,
    93.20000138878822,
    91.50000136345625,
    87.00000129640102,
    86.50000128895044,
    86.2000012844801,
    84.70000126212835,
    76.40000113844872,
    72.0000010728836,
    66.50000099092722,
    81.70000121742487,
    91.00000135600567,
    96.70000144094229,
    94.70000141113997,
    97.70000145584345,
    93.40000139176846,
    83.00000123679638,
    94.40000140666962,
    95.5000014230609,
    93.90000139921904,
    82.20000122487545,
    69.90000104159117,
    83.00000123679638
  ]
}