{
  "time": [
    1767225600000000000,
    1767312000000000000,
    1767398400000000000,
    1767484800000000000,
    1767571200000000000,
    1767657600000000000,
    1767744000000000000,
    1767830400000000000,
    1767916800000000000,
    1768003200000000000,
    1768089600000000000,
    1768176000000000000,
    1768262400000000000,
    1768348800000000000,
    1768435200000000000,
    1768521600000000000,
    1768608000000000000,
    1768694400000000000,
    1768780800000000000,
    1768867200000000000,
    1768953600000000000,
    1769040000000000000,
    1769126400000000000,
    1769212800000000000,
    1769299200000000000,
    1769385600000000000,
    1769472000000000000,
    1769558400000000000,
    1769644800000000000,
    1769731200000000000,
    1769817600000000000,
    1769904000000000000,
    1769990400000000000,
    1770076800000000000,
    1770163200000000000,
    1770249600000000000,
    1770336000000000000,
    1770422400000000000,
    1770508800000000000,
    1770595200000000000,
    1770681600000000000,
    1770768000000000000,
    1770854400000000000,
    1770940800000000000,
    1771027200000000000,
    1771113600000000000,
    1771200000000000000,
    1771286400000000000,
    1771372800000000000,
    1771459200000000000,
    1771545600000000000,
    1771632000000000000,
    1771718400000000000,
    1771804800000000000,
    1771891200000000000,
    1771977600000000000,
    1772064000000000000,
    1772150400000000000,
    1772236800000000000,
    1772323200000000000,
    1772409600000000000,
    1772496000000000000,
    1772582400000000000,
    1772668800000000000,
    1772755200000000000,
    1772841600000000000,
    1772928000000000000,
    1773014400000000000,
    1773100800000000000,
    1773187200000000000,
    1773273600000000000,
    1773360000000000000,
    1773446400000000000,
    1773532800000000000,
    1773619200000000000,
    1773705600000000000,
    1773792000000000000,
    1773878400000000000
  ],
  "hurs": [
    75.50000112503767,
    77.70000115782022,
    79.00000117719173,
    83.00000123679638,
    75.7000011280179,
    87.00000129640102,
    78.50000116974115,
    82.70000123232603,
    86.70000129193068,
    76.70000114291906,
    87.40000130236149,
    86.70000129193068,
    94.20000140368938,
    92.20000137388706,
    92.20000137388706,
    87.70000130683184,
    89.00000132620335,
    77.20000115036964,
    65.50000097602606,
    72.70000108331442,
    77.40000115334988,
    79.4000011831522,
    81.20000120997429,
    83.20000123977661,
    85.70000127702951,
    93.20000138878822,
    91.50000136345625,
    87.00000129640102,
    86.50000128895044,
    86.2000012844801,
    84.70000126212835,
    75.40000112354755,
    73.200001090765,
    67.70000100880861,
    82.00000122189522,
    90.40000134706497,
    96.50000143796206,
    95.40000142157078,
    96.40000143647194,
    92.70000138133764,
    82.00000122189522,
    91.50000136345625,
    95.20000141859055,
    93.20000138878822,
    82.20000122487545,
    68.2000010162592,
    83.20000123977661,
    90.90000135451555,
    82.40000122785568,
    74.20000110566616,
    74.50000111013651,
    81.40000121295452,
    89.50000133365393,
    82.5000012293458,
    86.50000128895044,
    83.50000124424696,
    81.20000120997429,
    75.20000112056732,
    69.20000103116035,
    65.70000097900629,
    65.40000097453594,
    73.00000108778477,
    74.20000110566616,
    63.500000946223736,
    65.20000097155571,
    72.50000108033419,
    66.20000098645687,
    70.20000104606152,
    72.50000108033419,
    76.20000113546848,
    67.0000009983778,
    66.50000099092722,
    85.70000127702951,
    83.50000124424696,
    83.20000123977661,
    71.20000106096268,
    66.90000099688768,
    69.20000103116035
  ]
}