{
  "time": [
    1767268800000000000,
    1767355200000000000,
    1767441600000000000
  ],
  "hurs": [
    75.50000112503767,
    77.70000115782022,
    78.50000116974115
  ]
}