{
  "time": [
    1767225600000000000,
    1767312000000000000,
    1767398400000000000,
    1767484800000000000,
    1767571200000000000,
    1767657600000000000,
    1767744000000000000,
    1767830400000000000,
    1767916800000000000,
    1768003200000000000,
    1768089600000000000,
    1768176000000000000,
    1768262400000000000,
    1768348800000000000,
    1768435200000000000,
    1768521600000000000,
    1768608000000000000,
    1768694400000000000,
    1768780800000000000,
    1768867200000000000,
    1768953600000000000,
    1769040000000000000,
    1769126400000000000,
    1769212800000000000,
    1769299200000000000,
    1769385600000000000,
    1769472000000000000,
    1769558400000000000,
    1769644800000000000,
    1769731200000000000,
    1769817600000000000,
    1769904000000000000,
    1769990400000000000,
    1770076800000000000,
    1770163200000000000,
    1770249600000000000,
    1770336000000000000,
    1770422400000000000,
    1770508800000000000,
    1770595200000000000,
    1770681600000000000,
    1770768000000000000,
    1770854400000000000,
    1770940800000000000,
    1771027200000000000,
    1771113600000000000,
    1771200000000000000,
    1771286400000000000,
    1771372800000000000,
    1771459200000000000,
    1771545600000000000,
    1771632000000000000,
    1771718400000000000,
    1771804800000000000,
    1771891200000000000,
    1771977600000000000,
    1772064000000000000,
    1772150400000000000,
    1772236800000000000,
    1772323200000000000,
    1772409600000000000,
    1772496000000000000,
    1772582400000000000,
    1772668800000000000,
    1772755200000000000,
    1772841600000000000,
    1772928000000000000,
    1773014400000000000,
    1773100800000000000,
    1773187200000000000,
    1773273600000000000,
    1773360000000000000,
    1773446400000000000,
    1773532800000000000,
    1773619200000000000,
    1773705600000000000,
    1773792000000000000,
    1773878400000000000,
    1773964800000000000,
    1774051200000000000,
    1774137600000000000,
    1774224000000000000,
    1774310400000000000,
    1774396800000000000,
    1774483200000000000,
    1774569600000000000,
    1774656000000000000,
    1774742400000000000,
    1774828800000000000,
    1774915200000000000,
    1775001600000000000,
    1775088000000000000,
    1775174400000000000
  ],
  "hurs": [
    75.50000112503767,
    77.70000115782022,
    79.00000117719173,
    83.00000123679638,
    75.7000011280179,
    87.00000129640102,
    78.50000116974115,
    82.70000123232603,
    86.70000129193068,
    76.70000114291906,
    87.40000130236149,
    86.70000129193068,
    94.20000140368938,
    92.20000137388706,
    92.20000137388706,
    87.70000130683184,
    89.00000132620335,
    77.20000115036964,
    65.50000097602606,
    72.70000108331442,
    77.40000115334988,
    79.4000011831522,
    81.20000120997429,
    83.20000123977661,
    85.70000127702951,
    93.20000138878822,
    91.50000136345625,
    87.00000129640102,
    86.50000128895044,
    86.2000012844801,
    84.70000126212835,
    75.40000112354755,
    73.200001090765,
    67.70000100880861,
    82.00000122189522,
    90.40000134706497,
    96.50000143796206,
    95.40000142157078,
    96.40000143647194,
    92.70000138133764,
    82.00000122189522,
    91.50000136345625,
    95.20000141859055,
    93.20000138878822,
    82.20000122487545,
    68.2000010162592,
    83.20000123977661,
    90.90000135451555,
    82.40000122785568,
    74.20000110566616,
    74.50000111013651,
    81.40000121295452,
    89.50000133365393,
    82.5000012293458,
    86.50000128895044,
    83.50000124424696,
    81.20000120997429,
    75.20000112056732,
    69.20000103116035,
    66.00000098347664,
    64.90000096708536,
    72.70000108331442,
    74.40000110864639,
    63.20000094175339,
    65.40000097453594,
    72.40000107884407,
    66.4000009894371,
    70.00000104308128,
    72.70000108331442,
    76.70000114291906,
    67.0000009983778,
    66.50000099092722,
    86.00000128149986,
    83.50000124424696,
    82.20000122487545,
    70.40000104904175,
    66.70000099390745,
    69.20000103116035,
    67.50000100582838,
    80.70000120252371,
    63.9000009521842,
    61.00000090897083,
    52.700000785291195,
    65.50000097602606,
    67.50000100582838,
    67.50000100582838,
    80.0000011920929,
    76.70000114291906,
    74.70000111311674,
    78.70000117272139,
    85.50000127404928,
    68.00000101327896,
    62.90000093728304
  ]
}