{
  "time": [
    1767225600000000000,
    1767312000000000000,
    1767398400000000000,
    1767484800000000000,
    1767571200000000000,
    1767657600000000000,
    1767744000000000000,
    1767830400000000000,
    1767916800000000000,
    1768003200000000000,
    1768089600000000000,
    1768176000000000000,
    1768262400000000000,
    1768348800000000000,
    1768435200000000000,
    1768521600000000000,
    1768608000000000000,
    1768694400000000000,
    1768780800000000000,
    1768867200000000000,
    1768953600000000000,
    1769040000000000000,
    1769126400000000000,
    1769212800000000000,
    1769299200000000000,
    1769385600000000000,
    1769472000000000000,
    1769558400000000000,
    1769644800000000000,
    1769731200000000000,
    1769817600000000000,
    1769904000000000000,
    1769990400000000000,
    1770076800000000000,
    1770163200000000000,
    1770249600000000000,
    1770336000000000000,
    1770422400000000000,
    1770508800000000000
  ],
  "tas": [
    3.400000050663948,
    2.0000000298023224,
    0.9000000134110451,
    -0.20000000298023224,
    -1.600000023841858,
    -4.200000062584877,
    -5.500000081956387,
    -2.8000000417232513,
    -3.200000047683716,
    -5.500000081956387,
    -9.300000138580799,
    -3.400000050663948,
    3.400000050663948,
    3.9000000581145287,
    5.200000077486038,
    5.000000074505806,
    2.2000000327825546,
    3.0000000447034836,
    0.9000000134110451,
    -0.800000011920929,
    -1.8000000268220901,
    -3.6000000536441803,
    -4.700000070035458,
    -2.7000000402331352,
    -1.600000023841858,
    -1.1000000163912773,
    -0.800000011920929,
    -1.0000000149011612,
    -1.0000000149011612,
    -1.600000023841858,
    -1.700000025331974,
    -5.200000077486038,
    -6.400000095367432,
    -5.200000077486038,
    -4.000000059604645,
    -2.3000000342726707,
    0.4000000059604645,
    1.700000025331974,
    0.800000011920929
  ]
}