{
  "time": [
    1767268800000000000,
    1767355200000000000,
    1767441600000000000
  ],
  "tas": [
    3.400000050663948,
    2.0000000298023224,
    0.9000000134110451
  ]
}