{
  "time": [
    1767225600000000000,
    1767312000000000000,
    1767398400000000000,
    1767484800000000000,
    1767571200000000000,
    1767657600000000000,
    1767744000000000000,
    1767830400000000000,
    1767916800000000000,
    1768003200000000000,
    1768089600000000000,
    1768176000000000000,
    1768262400000000000,
    1768348800000000000,
    1768435200000000000,
    1768521600000000000,
    1768608000000000000,
    1768694400000000000,
    1768780800000000000,
    1768867200000000000,
    1768953600000000000,
    1769040000000000000,
    1769126400000000000,
    1769212800000000000,
    1769299200000000000,
    1769385600000000000,
    1769472000000000000,
    1769558400000000000,
    1769644800000000000,
    1769731200000000000,
    1769817600000000000,
    1769904000000000000,
    1769990400000000000,
    1770076800000000000,
    1770163200000000000,
    1770249600000000000,
    1770336000000000000,
    1770422400000000000,
    1770508800000000000,
    1770595200000000000,
    1770681600000000000,
    1770768000000000000,
    1770854400000000000,
    1770940800000000000,
    1771027200000000000,
    1771113600000000000,
    1771200000000000000,
    1771286400000000000,
    1771372800000000000
  ],
  "tasmin": [
    2.2000000327825546,
    0.10000000149011612,
    -1.3000000193715096,
    -3.7000000551342964,
    -7.900000117719173,
    -8.00000011920929,
    -9.100000135600567,
    -6.70000009983778,
    -5.200000077486038,
    -10.400000154972076,
    -14.900000222027302,
    -14.400000214576721,
    0.800000011920929,
    -1.1000000163912773,
    1.0000000149011612,
    1.1000000163912773,
    -1.3000000193715096,
    -0.4000000059604645,
    -2.0000000298023224,
    -3.7000000551342964,
    -5.000000074505806,
    -6.900000102818012,
    -6.800000101327896,
    -4.400000065565109,
    -1.8000000268220901,
    -2.0000000298023224,
    -3.6000000536441803,
    -1.8000000268220901,
    -2.8000000417232513,
    -2.7000000402331352,
    -4.400000065565109,
    -6.000000089406967,
    -7.500000111758709,
    -6.500000096857548,
    -4.700000070035458,
    -4.200000062584877,
    -0.4000000059604645,
    0.5000000074505806,
    0.0,
    0.20000000298023224,
    1.1000000163912773,
    3.0000000447034836,
    3.9000000581145287,
    0.4000000059604645,
    -1.3000000193715096,
    -3.1000000461935997,
    -3.7000000551342964,
    -2.0000000298023224,
    -3.0000000447034836
  ]
}