{
  "time": [
    1767225600000000000,
    1767312000000000000,
    1767398400000000000,
    1767484800000000000,
    1767571200000000000,
    1767657600000000000,
    1767744000000000000,
    1767830400000000000,
    1767916800000000000,
    1768003200000000000,
    1768089600000000000,
    1768176000000000000,
    1768262400000000000,
    1768348800000000000,
    1768435200000000000,
    1768521600000000000,
    1768608000000000000,
    1768694400000000000,
    1768780800000000000,
    1768867200000000000,
    1768953600000000000,
    1769040000000000000,
    1769126400000000000,
    1769212800000000000,
    1769299200000000000,
    1769385600000000000,
    1769472000000000000,
    1769558400000000000,
    1769644800000000000,
    1769731200000000000,
    1769817600000000000,
    1769904000000000000,
    1769990400000000000,
    1770076800000000000,
    1770163200000000000,
    1770249600000000000,
    1770336000000000000,
    1770422400000000000,
    1770508800000000000,
    1770595200000000000
  ],
  "tasmin": [
    2.3000000342726707,
    0.0,
    -1.3000000193715096,
    -3.7000000551342964,
    -8.00000011920929,
    -8.00000011920929,
    -9.100000135600567,
    -6.70000009983778,
    -5.200000077486038,
    -10.600000157952309,
    -14.900000222027302,
    -14.500000216066837,
    0.800000011920929,
    -1.0000000149011612,
    0.9000000134110451,
    1.1000000163912773,
    -1.3000000193715096,
    -0.5000000074505806,
    -2.0000000298023224,
    -3.7000000551342964,
    -5.000000074505806,
    -6.900000102818012,
    -7.000000104308128,
    -4.400000065565109,
    -2.0000000298023224,
    -2.2000000327825546,
    -3.6000000536441803,
    -1.8000000268220901,
    -2.7000000402331352,
    -2.8000000417232513,
    -4.200000062584877,
    -6.000000089406967,
    -7.500000111758709,
    -6.500000096857548,
    -4.700000070035458,
    -4.200000062584877,
    -0.4000000059604645,
    0.5000000074505806,
    0.0,
    0.20000000298023224
  ]
}