{
  "time": [
    1767268800000000000,
    1767355200000000000,
    1767441600000000000
  ],
  "tasmin": [
    2.3000000342726707,
    0.10000000149011612,
    -1.3000000193715096
  ]
}