{
  "time": [
    1767225600000000000,
    1767312000000000000,
    1767398400000000000,
    1767484800000000000,
    1767571200000000000,
    1767657600000000000,
    1767744000000000000,
    1767830400000000000,
    1767916800000000000,
    1768003200000000000,
    1768089600000000000,
    1768176000000000000,
    1768262400000000000,
    1768348800000000000,
    1768435200000000000,
    1768521600000000000,
    1768608000000000000,
    1768694400000000000,
    1768780800000000000,
    1768867200000000000,
    1768953600000000000,
    1769040000000000000,
    1769126400000000000,
    1769212800000000000,
    1769299200000000000,
    1769385600000000000,
    1769472000000000000,
    1769558400000000000,
    1769644800000000000,
    1769731200000000000,
    1769817600000000000,
    1769904000000000000,
    1769990400000000000,
    1770076800000000000,
    1770163200000000000,
    1770249600000000000,
    1770336000000000000,
    1770422400000000000,
    1770508800000000000,
    1770595200000000000,
    1770681600000000000,
    1770768000000000000,
    1770854400000000000,
    1770940800000000000,
    1771027200000000000,
    1771113600000000000
  ],
  "hurs": [
    70.7000010535121,
    80.50000119954348,
    76.00000113248825,
    71.40000106394291,
    84.20000125467777,
    84.50000125914812,
    80.70000120252371,
    82.20000122487545,
    75.00000111758709,
    90.00000134110451,
    89.90000133961439,
    90.70000135153532,
    80.0000011920929,
    75.00000111758709,
    87.00000129640102,
    75.20000112056732,
    87.00000129640102,
    89.00000132620335,
    91.70000136643648,
    95.00000141561031,
    93.00000138580799,
    91.70000136643648,
    88.50000131875277,
    88.00000131130219,
    89.50000133365393,
    90.40000134706497,
    92.50000137835741,
    96.2000014334917,
    95.00000141561031,
    95.00000141561031,
    93.50000139325857,
    92.20000137388706,
    90.20000134408474,
    95.20000141859055,
    93.40000139176846,
    90.00000134110451,
    94.9000014141202,
    92.00000137090683,
    98.70000147074461,
    90.40000134706497,
    85.50000127404928,
    84.00000125169754,
    86.50000128895044,
    82.70000123232603,
    93.50000139325857,
    86.00000128149986
  ],
  "pr": [
    0.800000011920929,
    2.4000000953674316,
    0.8999999761581421,
    0.0,
    0.30000001192092896,
    0.20000000298023224,
    0.30000001192092896,
    12.399999618530273,
    10.600000381469727,
    11.800000190734863,
    0.0,
    3.799999952316284,
    0.0,
    1.2999999523162842,
    0.699999988079071,
    0.0,
    0.0,
    0.0,
    0.0,
    0.0,
    0.0,
    0.0,
    0.10000000149011612,
    0.0,
    0.4000000059604645,
    1.2000000476837158,
    6.099999904632568,
    7.599999904632568,
    2.200000047683716,
    0.4000000059604645,
    0.10000000149011612,
    0.6000000238418579,
    2.4000000953674316,
    2.0,
    0.6000000238418579,
    0.0,
    6.800000190734863,
    0.10000000149011612,
    0.0,
    0.0,
    12.399999618530273,
    10.800000190734863,
    15.399999618530273,
    3.799999952316284,
    5.900000095367432,
    10.600000381469727
  ],
  "tas": [
    -0.9000000134110451,
    1.1000000163912773,
    -0.9000000134110451,
    -1.3000000193715096,
    -6.000000089406967,
    -3.7000000551342964,
    -4.000000059604645,
    2.600000038743019,
    6.800000101327896,
    1.1000000163912773,
    -1.700000025331974,
    3.400000050663948,
    7.500000111758709,
    9.100000135600567,
    7.500000111758709,
    7.400000110268593,
    3.200000047683716,
    0.5000000074505806,
    0.4000000059604645,
    -0.5000000074505806,
    -1.1000000163912773,
    -1.5000000223517418,
    0.0,
    0.4000000059604645,
    -0.6000000089406967,
    3.200000047683716,
    2.1000000312924385,
    3.9000000581145287,
    2.600000038743019,
    1.0000000149011612,
    3.200000047683716,
    3.7000000551342964,
    3.7000000551342964,
    1.8000000268220901,
    1.5000000223517418,
    2.0000000298023224,
    3.200000047683716,
    7.000000104308128,
    2.2000000327825546,
    2.7000000402331352,
    6.000000089406967,
    9.900000147521496,
    8.50000012665987,
    7.500000111758709,
    3.500000052154064,
    1.8000000268220901
  ],
  "tasmax": [
    2.8000000417232513,
    2.600000038743019,
    0.20000000298023224,
    1.3000000193715096,
    -1.0000000149011612,
    -2.2000000327825546,
    0.4000000059604645,
    7.900000117719173,
    9.80000014603138,
    3.400000050663948,
    0.4000000059604645,
    10.600000157952309,
    13.100000195205212,
    12.500000186264515,
    13.600000202655792,
    15.300000227987766,
    8.600000128149986,
    2.600000038743019,
    1.5000000223517418,
    0.9000000134110451,
    1.8000000268220901,
    1.3000000193715096,
    4.200000062584877,
    5.200000077486038,
    0.9000000134110451,
    5.900000087916851,
    6.000000089406967,
    5.000000074505806,
    5.200000077486038,
    3.7000000551342964,
    8.300000123679638,
    8.400000125169754,
    6.400000095367432,
    3.200000047683716,
    6.800000101327896,
    7.500000111758709,
    8.50000012665987,
    11.500000171363354,
    7.900000117719173,
    8.00000011920929,
    10.900000162422657,
    11.400000169873238,
    10.900000162422657,
    10.100000150501728,
    5.700000084936619,
    6.200000092387199
  ],
  "tasmin": [
    -6.200000092387199,
    -0.800000011920929,
    -2.600000038743019,
    -6.800000101327896,
    -9.900000147521496,
    -6.800000101327896,
    -9.500000141561031,
    -0.9000000134110451,
    2.7000000402331352,
    -1.3000000193715096,
    -5.200000077486038,
    -3.9000000581145287,
    3.0000000447034836,
    5.200000077486038,
    3.0000000447034836,
    2.500000037252903,
    -1.3000000193715096,
    -0.5000000074505806,
    -0.4000000059604645,
    -1.700000025331974,
    -3.200000047683716,
    -3.9000000581145287,
    -1.8000000268220901,
    -3.6000000536441803,
    -2.500000037252903,
    -0.20000000298023224,
    -2.3000000342726707,
    2.3000000342726707,
    -0.10000000149011612,
    -2.600000038743019,
    0.20000000298023224,
    0.4000000059604645,
    1.3000000193715096,
    0.0,
    -1.3000000193715096,
    -1.0000000149011612,
    -0.20000000298023224,
    2.2000000327825546,
    -0.6000000089406967,
    -0.6000000089406967,
    -0.10000000149011612,
    6.900000102818012,
    6.500000096857548,
    5.4000000804662704,
    1.0000000149011612,
    0.20000000298023224
  ]
}