{
  "time": [
    1767268800000000000
  ],
  "hurs": [
    70.00000104308128
  ],
  "pr": [
    0.699999988079071
  ],
  "tas": [
    -0.800000011920929
  ],
  "tasmax": [
    3.0000000447034836
  ],
  "tasmin": [
    -6.200000092387199
  ]
}