{
  "time": [
    1767225600000000000,
    1767312000000000000,
    1767398400000000000,
    1767484800000000000,
    1767571200000000000,
    1767657600000000000,
    1767744000000000000,
    1767830400000000000,
    1767916800000000000,
    1768003200000000000,
    1768089600000000000,
    1768176000000000000,
    1768262400000000000,
    1768348800000000000,
    1768435200000000000,
    1768521600000000000,
    1768608000000000000,
    1768694400000000000,
    1768780800000000000,
    1768867200000000000,
    1768953600000000000,
    1769040000000000000,
    1769126400000000000,
    1769212800000000000,
    1769299200000000000,
    1769385600000000000,
    1769472000000000000,
    1769558400000000000,
    1769644800000000000,
    1769731200000000000,
    1769817600000000000,
    1769904000000000000,
    1769990400000000000,
    1770076800000000000,
    1770163200000000000,
    1770249600000000000,
    1770336000000000000,
    1770422400000000000,
    1770508800000000000,
    1770595200000000000,
    1770681600000000000,
    1770768000000000000,
    1770854400000000000,
    1770940800000000000,
    1771027200000000000,
    1771113600000000000,
    1771200000000000000,
    1771286400000000000,
    1771372800000000000,
    1771459200000000000,
    1771545600000000000,
    1771632000000000000,
    1771718400000000000,
    1771804800000000000,
    1771891200000000000,
    1771977600000000000,
    1772064000000000000,
    1772150400000000000,
    1772236800000000000,
    1772323200000000000,
    1772409600000000000,
    1772496000000000000,
    1772582400000000000,
    1772668800000000000,
    1772755200000000000,
    1772841600000000000,
    1772928000000000000,
    1773014400000000000,
    1773100800000000000,
    1773187200000000000,
    1773273600000000000,
    1773360000000000000,
    1773446400000000000,
    1773532800000000000,
    1773619200000000000,
    1773705600000000000,
    1773792000000000000,
    1773878400000000000,
    1773964800000000000,
    1774051200000000000,
    1774137600000000000,
    1774224000000000000,
    1774310400000000000,
    1774396800000000000,
    1774483200000000000,
    1774569600000000000,
    1774656000000000000,
    1774742400000000000,
    1774828800000000000,
    1774915200000000000,
    1775001600000000000,
    1775088000000000000,
    1775174400000000000,
    1775260800000000000
  ],
  "hurs": [
    70.7000010535121,
    80.50000119954348,
    76.00000113248825,
    71.40000106394291,
    84.20000125467777,
    84.50000125914812,
    80.70000120252371,
    82.20000122487545,
    75.00000111758709,
    90.00000134110451,
    89.90000133961439,
    90.70000135153532,
    80.0000011920929,
    75.00000111758709,
    87.00000129640102,
    75.20000112056732,
    87.00000129640102,
    89.00000132620335,
    91.70000136643648,
    95.00000141561031,
    93.00000138580799,
    91.70000136643648,
    88.50000131875277,
    88.00000131130219,
    89.50000133365393,
    90.40000134706497,
    92.50000137835741,
    96.2000014334917,
    95.00000141561031,
    95.00000141561031,
    93.50000139325857,
    91.70000136643648,
    88.50000131875277,
    94.20000140368938,
    94.20000140368938,
    89.70000133663416,
    95.20000141859055,
    92.00000137090683,
    98.90000147372484,
    90.20000134408474,
    86.40000128746033,
    84.20000125467777,
    86.70000129193068,
    82.5000012293458,
    93.50000139325857,
    86.00000128149986,
    82.00000122189522,
    81.00000120699406,
    80.50000119954348,
    92.90000138431787,
    87.5000013038516,
    81.40000121295452,
    81.40000121295452,
    79.20000118017197,
    93.40000139176846,
    94.70000141113997,
    92.50000137835741,
    76.00000113248825,
    75.7000011280179,
    79.4000011831522,
    76.70000114291906,
    76.00000113248825,
    72.40000107884407,
    69.20000103116035,
    75.40000112354755,
    74.70000111311674,
    74.90000111609697,
    74.90000111609697,
    78.50000116974115,
    85.90000128000975,
    78.00000116229057,
    68.40000101923943,
    84.20000125467777,
    79.20000118017197,
    75.50000112503767,
    81.00000120699406,
    57.40000085532665,
    55.60000082850456,
    62.200000926852226,
    70.7000010535121,
    73.00000108778477,
    68.50000102072954,
    62.40000092983246,
    72.0000010728836,
    79.50000118464231,
    71.20000106096268,
    81.70000121742487,
    78.70000117272139,
    82.70000123232603,
    82.70000123232603,
    75.50000112503767,
    67.40000100433826,
    67.20000100135803,
    80.0000011920929
  ],
  "pr": [
    0.800000011920929,
    2.4000000953674316,
    0.8999999761581421,
    0.0,
    0.30000001192092896,
    0.20000000298023224,
    0.30000001192092896,
    12.399999618530273,
    10.600000381469727,
    11.800000190734863,
    0.0,
    3.799999952316284,
    0.0,
    1.2999999523162842,
    0.699999988079071,
    0.0,
    0.0,
    0.0,
    0.0,
    0.0,
    0.0,
    0.0,
    0.10000000149011612,
    0.0,
    0.4000000059604645,
    1.2000000476837158,
    6.099999904632568,
    7.599999904632568,
    2.200000047683716,
    0.4000000059604645,
    0.10000000149011612,
    0.6000000238418579,
    2.4000000953674316,
    2.4000000953674316,
    0.0,
    0.0,
    6.699999809265137,
    0.10000000149011612,
    0.0,
    0.0,
    12.199999809265137,
    11.0,
    16.5,
    3.799999952316284,
    5.800000190734863,
    10.600000381469727,
    6.199999809265137,
    4.099999904632568,
    5.5,
    1.399999976158142,
    2.4000000953674316,
    13.300000190734863,
    14.100000381469727,
    8.199999809265137,
    1.7000000476837158,
    0.0,
    0.0,
    0.0,
    0.0,
    0.0,
    0.0,
    0.0,
    0.0,
    0.0,
    0.0,
    0.0,
    0.0,
    0.0,
    4.099999904632568,
    12.399999618530273,
    0.0,
    13.899999618530273,
    5.400000095367432,
    0.0,
    2.5999999046325684,
    0.0,
    0.10000000149011612,
    0.0,
    0.0,
    0.800000011920929,
    0.0,
    0.0,
    0.0,
    13.399999618530273,
    0.8999999761581421,
    0.0,
    4.300000190734863,
    2.5,
    15.300000190734863,
    1.2000000476837158,
    0.10000000149011612,
    0.0,
    0.6000000238418579,
    0.10000000149011612
  ],