{
  "time": [
    1767225600000000000,
    1767312000000000000,
    1767398400000000000,
    1767484800000000000,
    1767571200000000000,
    1767657600000000000,
    1767744000000000000,
    1767830400000000000,
    1767916800000000000,
    1768003200000000000,
    1768089600000000000,
    1768176000000000000,
    1768262400000000000,
    1768348800000000000,
    1768435200000000000,
    1768521600000000000,
    1768608000000000000,
    1768694400000000000,
    1768780800000000000,
    1768867200000000000,
    1768953600000000000,
    1769040000000000000,
    1769126400000000000,
    1769212800000000000,
    1769299200000000000,
    1769385600000000000,
    1769472000000000000,
    1769558400000000000,
    1769644800000000000,
    1769731200000000000,
    1769817600000000000,
    1769904000000000000,
    1769990400000000000,
    1770076800000000000,
    1770163200000000000,
    1770249600000000000,
    1770336000000000000
  ],
  "hurs": [
    70.00000104308128,
    80.70000120252371,
    75.7000011280179,
    72.70000108331442,
    84.00000125169754,
    84.400001257658,
    80.0000011920929,
    82.70000123232603,
    74.50000111013651,
    91.00000135600567,
    90.70000135153532,
    90.50000134855509,
    80.0000011920929,
    75.7000011280179,
    87.40000130236149,
    74.70000111311674,
    87.5000013038516,
    89.40000133216381,
    90.50000134855509,
    94.70000141113997,
    92.90000138431787,
    90.20000134408474,
    92.70000138133764,
    87.90000130981207,
    89.70000133663416,
    89.00000132620335,
    91.70000136643648,
    96.40000143647194,
    95.20000141859055,
    95.5000014230609,
    93.7000013962388,
    92.20000137388706,
    90.20000134408474,
    95.20000141859055,
    93.40000139176846,
    90.00000134110451,
    94.9000014141202
  ],
  "pr": [
    0.800000011920929,
    2.4000000953674316,
    0.8999999761581421,
    0.0,
    0.30000001192092896,
    0.20000000298023224,
    0.30000001192092896,
    12.399999618530273,
    10.600000381469727,
    11.800000190734863,
    0.0,
    3.799999952316284,
    0.0,
    1.2999999523162842,
    0.699999988079071,
    0.0,
    0.0,
    0.0,
    0.0,
    0.0,
    0.0,
    0.0,
    0.10000000149011612,
    0.0,
    0.4000000059604645,
    1.2000000476837158,
    6.099999904632568,
    7.599999904632568,
    1.600000023841858,
    0.4000000059604645,
    0.10000000149011612,
    0.6000000238418579,
    2.4000000953674316,
    2.0,
    0.6000000238418579,
    0.0,
    6.800000190734863
  ],
  "tas": [
    -0.800000011920929,
    1.1000000163912773,
    -0.9000000134110451,
    -1.5000000223517418,
    -6.000000089406967,
    -3.7000000551342964,
    -3.9000000581145287,
    2.500000037252903,
    6.800000101327896,
    1.0000000149011612,
    -1.8000000268220901,
    3.400000050663948,
    7.500000111758709,
    9.00000013411045,
    7.500000111758709,
    7.500000111758709,
    3.200000047683716,
    0.5000000074505806,
    0.4000000059604645,
    -0.5000000074505806,
    -1.1000000163912773,
    -1.3000000193715096,
    -0.10000000149011612,
    0.4000000059604645,
    -0.6000000089406967,
    3.400000050663948,
    2.2000000327825546,
    3.9000000581145287,
    2.600000038743019,
    1.0000000149011612,
    3.200000047683716,
    3.7000000551342964,
    3.7000000551342964,
    1.8000000268220901,
    1.5000000223517418,
    2.0000000298023224,
    3.200000047683716
  ],
  "tasmax": [
    3.0000000447034836,
    2.600000038743019,
    0.20000000298023224,
    1.1000000163912773,
    -0.9000000134110451,
    -2.2000000327825546,
    0.5000000074505806,
    7.800000116229057,
    9.600000143051147,
    3.200000047683716,
    0.20000000298023224,
    10.600000157952309,
    13.300000198185444,
    12.300000183284283,
    13.800000205636024,
    15.400000229477882,
    8.600000128149986,
    2.600000038743019,
    1.5000000223517418,
    0.9000000134110451,
    1.8000000268220901,
    1.700000025331974,
    4.200000062584877,
    5.200000077486038,
    0.9000000134110451,
    6.000000089406967,
    6.000000089406967,
    5.000000074505806,
    5.200000077486038,
    3.7000000551342964,
    8.300000123679638,
    8.400000125169754,
    6.400000095367432,
    3.200000047683716,
    6.800000101327896,
    7.500000111758709,
    8.50000012665987
  ],
  "tasmin": [
    -6.000000089406967,
    -0.800000011920929,
    -2.600000038743019,
    -7.000000104308128,
    -9.900000147521496,
    -6.800000101327896,
    -9.400000140070915,
    -0.9000000134110451,
    2.8000000417232513,
    -1.5000000223517418,
    -5.200000077486038,
    -4.000000059604645,
    2.8000000417232513,
    5.000000074505806,
    3.0000000447034836,
    2.600000038743019,
    -1.3000000193715096,
    -0.5000000074505806,
    -0.4000000059604645,
    -1.700000025331974,
    -3.200000047683716,
    -3.6000000536441803,
    -2.0000000298023224,
    -3.6000000536441803,
    -2.500000037252903,
    -0.10000000149011612,
    -2.2000000327825546,
    2.2000000327825546,
    -0.10000000149011612,
    -2.600000038743019,
    0.20000000298023224,
    0.4000000059604645,
    1.3000000193715096,
    0.0,
    -1.3000000193715096,
    -1.0000000149011612,
    -0.20000000298023224
  ]
}