{
  "time": [
    1767225600000000000,
    1767312000000000000,
    1767398400000000000,
    1767484800000000000,
    1767571200000000000,
    1767657600000000000,
    1767744000000000000,
    1767830400000000000,
    1767916800000000000,
    1768003200000000000,
    1768089600000000000,
    1768176000000000000,
    1768262400000000000,
    1768348800000000000,
    1768435200000000000,
    1768521600000000000,
    1768608000000000000,
    1768694400000000000,
    1768780800000000000,
    1768867200000000000,
    1768953600000000000,
    1769040000000000000,
    1769126400000000000,
    1769212800000000000,
    1769299200000000000,
    1769385600000000000,
    1769472000000000000,
    1769558400000000000,
    1769644800000000000,
    1769731200000000000,
    1769817600000000000,
    1769904000000000000,
    1769990400000000000,
    1770076800000000000,
    1770163200000000000,
    1770249600000000000,
    1770336000000000000,
    1770422400000000000,
    1770508800000000000,
    1770595200000000000,
    1770681600000000000,
    1770768000000000000,
    1770854400000000000,
    1770940800000000000,
    1771027200000000000,
    1771113600000000000,
    1771200000000000000,
    1771286400000000000,
    1771372800000000000,
    1771459200000000000,
    1771545600000000000,
    1771632000000000000,
    1771718400000000000,
    1771804800000000000,
    1771891200000000000,
    1771977600000000000,
    1772064000000000000,
    1772150400000000000,
    1772236800000000000,
    1772323200000000000
  ],
  "hurs": [
    70.7000010535121,
    80.50000119954348,
    76.00000113248825,
    71.40000106394291,
    84.20000125467777,
    84.50000125914812,
    80.70000120252371,
    82.20000122487545,
    75.00000111758709,
    90.00000134110451,
    89.90000133961439,
    90.70000135153532,
    80.0000011920929,
    75.00000111758709,
    87.00000129640102,
    75.20000112056732,
    87.00000129640102,
    89.00000132620335,
    91.70000136643648,
    95.00000141561031,
    93.00000138580799,
    91.70000136643648,
    88.50000131875277,
    88.00000131130219,
    89.50000133365393,
    90.40000134706497,
    92.50000137835741,
    96.2000014334917,
    95.00000141561031,
    95.00000141561031,
    93.50000139325857,
    91.70000136643648,
    88.50000131875277,
    94.20000140368938,
    94.20000140368938,
    89.70000133663416,
    95.20000141859055,
    92.00000137090683,
    98.90000147372484,
    90.20000134408474,
    86.40000128746033,
    84.20000125467777,
    86.70000129193068,
    82.5000012293458,
    93.50000139325857,
    86.00000128149986,
    82.00000122189522,
    81.00000120699406,
    80.50000119954348,
    92.90000138431787,
    87.5000013038516,
    81.40000121295452,
    81.40000121295452,
    79.20000118017197,
    93.40000139176846,
    96.00000143051147,
    92.50000137835741,
    75.90000113099813,
    75.7000011280179,
    79.50000118464231
  ],
  "pr": [
    0.800000011920929,
    2.4000000953674316,
    0.8999999761581421,
    0.0,
    0.30000001192092896,
    0.20000000298023224,
    0.30000001192092896,
    12.399999618530273,
    10.600000381469727,
    11.800000190734863,
    0.0,
    3.799999952316284,
    0.0,
    1.2999999523162842,
    0.699999988079071,
    0.0,
    0.0,
    0.0,
    0.0,
    0.0,
    0.0,
    0.0,
    0.10000000149011612,
    0.0,
    0.4000000059604645,
    1.2000000476837158,
    6.099999904632568,
    7.599999904632568,
    2.200000047683716,
    0.4000000059604645,
    0.10000000149011612,
    0.6000000238418579,
    2.4000000953674316,
    2.4000000953674316,
    0.0,
    0.0,
    6.699999809265137,
    0.10000000149011612,
    0.0,
    0.0,
    12.199999809265137,
    11.0,
    16.5,
    3.799999952316284,
    5.800000190734863,
    10.600000381469727,
    6.199999809265137,
    4.099999904632568,
    5.5,
    1.399999976158142,
    2.4000000953674316,
    13.300000190734863,
    14.100000381469727,
    8.199999809265137,
    1.7000000476837158,
    0.0,
    0.0,
    0.0,
    0.0,
    0.0
  ],
  "tas": [
    -0.9000000134110451,
    1.1000000163912773,
    -0.9000000134110451,
    -1.3000000193715096,
    -6.000000089406967,
    -3.7000000551342964,
    -4.000000059604645,
    2.600000038743019,
    6.800000101327896,
    1.1000000163912773,
    -1.700000025331974,
    3.400000050663948,
    7.500000111758709,
    9.100000135600567,
    7.500000111758709,
    7.400000110268593,
    3.200000047683716,
    0.5000000074505806,
    0.4000000059604645,
    -0.5000000074505806,
    -1.1000000163912773,
    -1.5000000223517418,
    0.0,
    0.4000000059604645,
    -0.6000000089406967,
    3.200000047683716,
    2.1000000312924385,
    3.9000000581145287,
    2.600000038743019,
    1.0000000149011612,
    3.200000047683716,
    3.9000000581145287,
    3.9000000581145287,
    1.8000000268220901,
    1.3000000193715096,
    2.0000000298023224,
    3.200000047683716,
    7.000000104308128,
    2.2000000327825546,
    2.7000000402331352,
    5.900000087916851,
    9.900000147521496,
    8.50000012665987,
    7.500000111758709,
    3.500000052154064,
    1.8000000268220901,
    6.200000092387199,
    4.200000062584877,
    2.7000000402331352,
    5.000000074505806,
    4.200000062584877,
    9.00000013411045,
    10.800000160932541,
    10.800000160932541,
    10.30000015348196,
    7.000000104308128,
    8.600000128149986,
    10.800000160932541,
    9.500000141561031,
    7.500000111758709
  ],
  "tasmax": [
    2.8000000417232513,
    2.600000038743019,
    0.20000000298023224,
    1.3000000193715096,
    -1.0000000149011612,
    -2.2000000327825546,
    0.4000000059604645,
    7.900000117719173,
    9.80000014603138,
    3.400000050663948,
    0.4000000059604645,
    10.600000157952309,
    13.100000195205212,
    12.500000186264515,
    13.600000202655792,
    15.300000227987766,
    8.600000128149986,
    2.600000038743019,
    1.5000000223517418,
    0.9000000134110451,
    1.8000000268220901,
    1.3000000193715096,
    4.200000062584877,
    5.200000077486038,
    0.9000000134110451,
    5.900000087916851,
    6.000000089406967,
    5.000000074505806,
    5.200000077486038,
    3.7000000551342964,
    8.300000123679638,
    8.50000012665987,
    6.70000009983778,
    3.200000047683716,
    6.500000096857548,
    7.500000111758709,
    8.50000012665987,
    11.500000171363354,
    8.00000011920929,
    7.900000117719173,
    10.900000162422657,
    11.400000169873238,
    10.900000162422657,
    10.000000149011612,
    5.700000084936619,
    6.200000092387199,
    8.800000131130219,
    7.000000104308128,
    5.700000084936619,
    8.300000123679638,
    7.400000110268593,
    11.500000171363354,
    12.300000183284283,
    12.600000187754631,
    12.500000186264515,
    12.600000187754631,
    18.30000027269125,
    21.600000321865082,
    13.600000202655792,
    14.900000222027302
  ],