{
  "time": [
    1767268800000000000,
    1767355200000000000,
    1767441600000000000
  ],
  "hurs": [
    70.00000104308128,
    80.70000120252371,
    76.20000113546848
  ]
}