{
  "time": [
    1767225600000000000,
    1767312000000000000,
    1767398400000000000,
    1767484800000000000,
    1767571200000000000,
    1767657600000000000,
    1767744000000000000,
    1767830400000000000,
    1767916800000000000,
    1768003200000000000,
    1768089600000000000,
    1768176000000000000,
    1768262400000000000,
    1768348800000000000,
    1768435200000000000,
    1768521600000000000,
    1768608000000000000,
    1768694400000000000,
    1768780800000000000,
    1768867200000000000,
    1768953600000000000,
    1769040000000000000,
    1769126400000000000,
    1769212800000000000,
    1769299200000000000,
    1769385600000000000,
    1769472000000000000,
    1769558400000000000,
    1769644800000000000,
    1769731200000000000,
    1769817600000000000,
    1769904000000000000,
    1769990400000000000,
    1770076800000000000,
    1770163200000000000,
    1770249600000000000,
    1770336000000000000,
    1770422400000000000
  ],
  "hurs": [
    70.00000104308128,
    80.70000120252371,
    75.7000011280179,
    72.70000108331442,
    84.00000125169754,
    84.400001257658,
    80.0000011920929,
    82.70000123232603,
    74.50000111013651,
    91.00000135600567,
    90.70000135153532,
    90.50000134855509,
    80.0000011920929,
    75.7000011280179,
    87.40000130236149,
    74.70000111311674,
    87.5000013038516,
    89.40000133216381,
    90.50000134855509,
    94.70000141113997,
    92.90000138431787,
    90.20000134408474,
    92.70000138133764,
    87.90000130981207,
    89.70000133663416,
    89.00000132620335,
    91.70000136643648,
    96.40000143647194,
    95.20000141859055,
    95.5000014230609,
    93.7000013962388,
    92.20000137388706,
    90.20000134408474,
    95.20000141859055,
    93.40000139176846,
    90.00000134110451,
    94.9000014141202,
    92.00000137090683
  ]
}