{
  "time": [
    1767225600000000000,
    1767312000000000000,
    1767398400000000000,
    1767484800000000000,
    1767571200000000000,
    1767657600000000000,
    1767744000000000000,
    1767830400000000000,
    1767916800000000000,
    1768003200000000000,
    1768089600000000000,
    1768176000000000000,
    1768262400000000000,
    1768348800000000000,
    1768435200000000000,
    1768521600000000000,
    1768608000000000000,
    1768694400000000000,
    1768780800000000000,
    1768867200000000000,
    1768953600000000000,
    1769040000000000000,
    1769126400000000000,
    1769212800000000000,
    1769299200000000000,
    1769385600000000000,
    1769472000000000000,
    1769558400000000000,
    1769644800000000000,
    1769731200000000000,
    1769817600000000000,
    1769904000000000000,
    1769990400000000000,
    1770076800000000000,
    1770163200000000000,
    1770249600000000000,
    1770336000000000000,
    1770422400000000000,
    1770508800000000000,
    1770595200000000000,
    1770681600000000000,
    1770768000000000000,
    1770854400000000000,
    1770940800000000000,
    1771027200000000000,
    1771113600000000000,
    1771200000000000000,
    1771286400000000000,
    1771372800000000000,
    1771459200000000000,
    1771545600000000000,
    1771632000000000000,
    1771718400000000000,
    1771804800000000000
  ],
  "hurs": [
    70.7000010535121,
    80.50000119954348,
    76.00000113248825,
    71.40000106394291,
    84.20000125467777,
    84.50000125914812,
    80.70000120252371,
    82.20000122487545,
    75.00000111758709,
    90.00000134110451,
    89.90000133961439,
    90.70000135153532,
    80.0000011920929,
    75.00000111758709,
    87.00000129640102,
    75.20000112056732,
    87.00000129640102,
    89.00000132620335,
    91.70000136643648,
    95.00000141561031,
    93.00000138580799,
    91.70000136643648,
    88.50000131875277,
    88.00000131130219,
    89.50000133365393,
    90.40000134706497,
    92.50000137835741,
    96.2000014334917,
    95.00000141561031,
    95.00000141561031,
    93.50000139325857,
    92.20000137388706,
    90.20000134408474,
    95.20000141859055,
    93.40000139176846,
    90.00000134110451,
    94.9000014141202,
    92.00000137090683,
    98.70000147074461,
    90.40000134706497,
    85.50000127404928,
    84.00000125169754,
    86.50000128895044,
    82.70000123232603,
    93.50000139325857,
    86.00000128149986,
    82.00000122189522,
    80.70000120252371,
    80.50000119954348,
    93.20000138878822,
    87.5000013038516,
    82.00000122189522,
    81.40000121295452,
    80.20000119507313
  ]
}