{
  "time": [
    1767290400000000000,
    1767376800000000000,
    1767463200000000000
  ],
  "pr": [
    0.699999988079071,
    2.4000000953674316,
    0.6000000238418579
  ]
}