{
  "time": [
    1767268800000000000,
    1767355200000000000,
    1767441600000000000
  ],
  "tas": [
    -0.800000011920929,
    1.1000000163912773,
    -1.0000000149011612
  ]
}