{
  "time": [
    1767225600000000000,
    1767312000000000000,
    1767398400000000000,
    1767484800000000000,
    1767571200000000000,
    1767657600000000000,
    1767744000000000000,
    1767830400000000000,
    1767916800000000000,
    1768003200000000000,
    1768089600000000000,
    1768176000000000000,
    1768262400000000000,
    1768348800000000000,
    1768435200000000000,
    1768521600000000000,
    1768608000000000000,
    1768694400000000000,
    1768780800000000000,
    1768867200000000000,
    1768953600000000000,
    1769040000000000000,
    1769126400000000000,
    1769212800000000000,
    1769299200000000000,
    1769385600000000000,
    1769472000000000000,
    1769558400000000000,
    1769644800000000000,
    1769731200000000000,
    1769817600000000000,
    1769904000000000000,
    1769990400000000000,
    1770076800000000000,
    1770163200000000000,
    1770249600000000000,
    1770336000000000000,
    1770422400000000000,
    1770508800000000000,
    1770595200000000000
  ],
  "tasmin": [
    -6.000000089406967,
    -0.800000011920929,
    -2.600000038743019,
    -7.000000104308128,
    -9.900000147521496,
    -6.800000101327896,
    -9.400000140070915,
    -0.9000000134110451,
    2.8000000417232513,
    -1.5000000223517418,
    -5.200000077486038,
    -4.000000059604645,
    2.8000000417232513,
    5.000000074505806,
    3.0000000447034836,
    2.600000038743019,
    -1.3000000193715096,
    -0.5000000074505806,
    -0.4000000059604645,
    -1.700000025331974,
    -3.200000047683716,
    -3.6000000536441803,
    -2.0000000298023224,
    -3.6000000536441803,
    -2.500000037252903,
    -0.10000000149011612,
    -2.2000000327825546,
    2.2000000327825546,
    -0.10000000149011612,
    -2.600000038743019,
    0.20000000298023224,
    0.4000000059604645,
    1.3000000193715096,
    0.0,
    -1.3000000193715096,
    -1.0000000149011612,
    -0.20000000298023224,
    2.2000000327825546,
    -0.6000000089406967,
    -0.6000000089406967
  ]
}