{
  "time": [
    1767225600000000000,
    1767312000000000000,
    1767398400000000000,
    1767484800000000000,
    1767571200000000000,
    1767657600000000000,
    1767744000000000000,
    1767830400000000000,
    1767916800000000000,
    1768003200000000000,
    1768089600000000000,
    1768176000000000000,
    1768262400000000000,
    1768348800000000000,
    1768435200000000000,
    1768521600000000000,
    1768608000000000000,
    1768694400000000000,
    1768780800000000000,
    1768867200000000000,
    1768953600000000000,
    1769040000000000000,
    1769126400000000000,
    1769212800000000000,
    1769299200000000000,
    1769385600000000000,
    1769472000000000000,
    1769558400000000000,
    1769644800000000000,
    1769731200000000000,
    1769817600000000000,
    1769904000000000000,
    1769990400000000000,
    1770076800000000000,
    1770163200000000000,
    1770249600000000000,
    1770336000000000000,
    1770422400000000000,
    1770508800000000000,
    1770595200000000000,
    1770681600000000000,
    1770768000000000000,
    1770854400000000000,
    1770940800000000000,
    1771027200000000000,
    1771113600000000000,
    1771200000000000000,
    1771286400000000000,
    1771372800000000000,
    1771459200000000000,
    1771545600000000000,
    1771632000000000000,
    1771718400000000000,
    1771804800000000000,
    1771891200000000000,
    1771977600000000000,
    1772064000000000000,
    1772150400000000000,
    1772236800000000000
  ],
  "tasmax": [
    2.8000000417232513,
    2.600000038743019,
    0.20000000298023224,
    1.3000000193715096,
    -1.0000000149011612,
    -2.2000000327825546,
    0.4000000059604645,
    7.900000117719173,
    9.80000014603138,
    3.400000050663948,
    0.4000000059604645,
    10.600000157952309,
    13.100000195205212,
    12.500000186264515,
    13.600000202655792,
    15.300000227987766,
    8.600000128149986,
    2.600000038743019,
    1.5000000223517418,
    0.9000000134110451,
    1.8000000268220901,
    1.3000000193715096,
    4.200000062584877,
    5.200000077486038,
    0.9000000134110451,
    5.900000087916851,
    6.000000089406967,
    5.000000074505806,
    5.200000077486038,
    3.7000000551342964,
    8.300000123679638,
    8.400000125169754,
    6.400000095367432,
    3.200000047683716,
    6.800000101327896,
    7.500000111758709,
    8.50000012665987,
    11.500000171363354,
    7.900000117719173,
    8.00000011920929,
    10.900000162422657,
    11.400000169873238,
    10.900000162422657,
    10.100000150501728,
    5.700000084936619,
    6.200000092387199,
    8.900000132620335,
    7.000000104308128,
    5.700000084936619,
    8.300000123679638,
    7.400000110268593,
    11.500000171363354,
    12.400000184774399,
    12.600000187754631,
    12.600000187754631,
    12.800000190734863,
    16.600000247359276,
    21.600000321865082,
    13.800000205636024
  ]
}