{
  "time": [
    1767268800000000000,
    1767355200000000000,
    1767441600000000000
  ],
  "hurs": [
    79.90000119060278,
    87.40000130236149,
    87.5000013038516
  ],
  "pr": [
    2.5999999046325684,
    2.299999952316284,
    3.0999999046325684
  ],
  "tas": [
    3.200000047683716,
    1.3000000193715096,
    0.5000000074505806
  ],
  "tasmax": [
    4.200000062584877,
    3.500000052154064,
    1.3000000193715096
  ],
  "tasmin": [
    2.2000000327825546,
    0.0,
    -0.20000000298023224
  ]
}