{
  "time": [
    1767268800000000000
  ],
  "hurs": [
    79.90000119060278
  ],
  "pr": [
    2.5999999046325684
  ],
  "tas": [
    3.200000047683716
  ],
  "tasmax": [
    4.200000062584877
  ],
  "tasmin": [
    2.2000000327825546
  ]
}