{
  "time": [
    1767225600000000000,
    1767312000000000000,
    1767398400000000000,
    1767484800000000000,
    1767571200000000000,
    1767657600000000000,
    1767744000000000000,
    1767830400000000000,
    1767916800000000000,
    1768003200000000000,
    1768089600000000000,
    1768176000000000000,
    1768262400000000000,
    1768348800000000000,
    1768435200000000000,
    1768521600000000000,
    1768608000000000000,
    1768694400000000000,
    1768780800000000000,
    1768867200000000000,
    1768953600000000000,
    1769040000000000000,
    1769126400000000000,
    1769212800000000000,
    1769299200000000000,
    1769385600000000000,
    1769472000000000000,
    1769558400000000000,
    1769644800000000000,
    1769731200000000000,
    1769817600000000000,
    1769904000000000000,
    1769990400000000000,
    1770076800000000000,
    1770163200000000000,
    1770249600000000000,
    1770336000000000000,
    1770422400000000000,
    1770508800000000000,
    1770595200000000000,
    1770681600000000000,
    1770768000000000000,
    1770854400000000000,
    1770940800000000000,
    1771027200000000000
  ],
  "hurs": [
    80.0000011920929,
    87.5000013038516,
    87.70000130683184,
    84.20000125467777,
    81.70000121742487,
    87.70000130683184,
    80.90000120550394,
    84.20000125467777,
    86.70000129193068,
    83.40000124275684,
    80.20000119507313,
    91.2000013589859,
    86.50000128895044,
    90.70000135153532,
    82.70000123232603,
    83.00000123679638,
    78.50000116974115,
    84.20000125467777,
    85.70000127702951,
    78.50000116974115,
    68.40000101923943,
    67.50000100582838,
    70.90000105649233,
    78.00000116229057,
    79.00000117719173,
    90.00000134110451,
    87.5000013038516,
    93.7000013962388,
    94.00000140070915,
    86.50000128895044,
    87.00000129640102,
    85.40000127255917,
    74.50000111013651,
    82.90000123530626,
    81.20000120997429,
    81.00000120699406,
    87.20000129938126,
    82.5000012293458,
    90.90000135451555,
    81.40000121295452,
    83.40000124275684,
    93.00000138580799,
    90.90000135451555,
    82.00000122189522,
    79.70000118762255
  ],
  "pr": [
    2.5999999046325684,
    2.299999952316284,
    3.0,
    0.0,
    1.899999976158142,
    0.0,
    6.300000190734863,
    7.800000190734863,
    7.800000190734863,
    0.0,
    2.5,
    10.399999618530273,
    2.299999952316284,
    1.399999976158142,
    0.0,
    0.8999999761581421,
    0.0,
    0.0,
    0.0,
    0.0,
    0.0,
    0.4000000059604645,
    0.800000011920929,
    0.0,
    0.0,
    0.20000000298023224,
    4.099999904632568,
    2.799999952316284,
    0.30000001192092896,
    0.20000000298023224,
    0.6000000238418579,
    0.20000000298023224,
    0.10000000149011612,
    3.0999999046325684,
    0.0,
    0.5,
    1.899999976158142,
    0.0,
    0.0,
    0.0,
    3.700000047683716,
    8.199999809265137,
    5.300000190734863,
    0.0,
    0.0
  ],
  "tas": [
    3.200000047683716,
    1.3000000193715096,
    0.5000000074505806,
    0.20000000298023224,
    -1.5000000223517418,
    -1.0000000149011612,
    -1.1000000163912773,
    2.0000000298023224,
    3.7000000551342964,
    -1.8000000268220901,
    -3.200000047683716,
    3.7000000551342964,
    9.00000013411045,
    8.50000012665987,
    9.600000143051147,
    9.900000147521496,
    8.100000120699406,
    2.7000000402331352,
    1.600000023841858,
    2.2000000327825546,
    4.200000062584877,
    3.200000047683716,
    5.200000077486038,
    3.6000000536441803,
    -0.10000000149011612,
    -0.10000000149011612,
    2.600000038743019,
    3.200000047683716,
    1.0000000149011612,
    2.600000038743019,
    5.500000081956387,
    5.200000077486038,
    4.90000007301569,
    2.2000000327825546,
    5.700000084936619,
    4.400000065565109,
    5.000000074505806,
    8.300000123679638,
    4.90000007301569,
    3.9000000581145287,
    6.500000096857548,
    9.500000141561031,
    8.600000128149986,
    4.500000067055225,
    0.4000000059604645
  ],
  "tasmax": [
    4.200000062584877,
    3.500000052154064,
    1.3000000193715096,
    1.3000000193715096,
    0.20000000298023224,
    0.9000000134110451,
    1.1000000163912773,
    3.200000047683716,
    6.500000096857548,
    0.5000000074505806,
    0.5000000074505806,
    8.600000128149986,
    11.10000016540289,
    10.100000150501728,
    11.400000169873238,
    11.60000017285347,
    12.10000018030405,
    5.500000081956387,
    4.400000065565109,
    5.900000087916851,
    7.800000116229057,
    7.700000114738941,
    9.500000141561031,
    7.900000117719173,
    2.3000000342726707,
    0.5000000074505806,
    5.700000084936619,
    5.000000074505806,
    1.8000000268220901,
    5.200000077486038,
    7.800000116229057,
    8.100000120699406,
    8.00000011920929,
    4.700000070035458,
    11.000000163912773,
    8.50000012665987,
    7.400000110268593,
    13.40000019967556,
    7.300000108778477,
    7.900000117719173,
    9.600000143051147,
    11.500000171363354,
    10.000000149011612,
    7.400000110268593,
    1.600000023841858
  ],
  "tasmin": [
    2.2000000327825546,
    0.20000000298023224,
    -0.20000000298023224,
    -2.7000000402331352,
    -3.7000000551342964,
    -3.9000000581145287,
    -3.0000000447034836,
    0.0,
    0.4000000059604645,
    -5.4000000804662704,
    -8.100000120699406,
    0.4000000059604645,
    7.500000111758709,
    6.900000102818012,
    7.800000116229057,
    6.000000089406967,
    4.200000062584877,
    0.20000000298023224,
    -0.6000000089406967,
    -1.3000000193715096,
    1.1000000163912773,
    -1.600000023841858,
    3.1000000461935997,
    -0.800000011920929,
    -2.500000037252903,
    -1.1000000163912773,
    -0.5000000074505806,
    0.20000000298023224,
    0.20000000298023224,
    -0.4000000059604645,
    3.6000000536441803,
    2.3000000342726707,
    1.700000025331974,
    -0.6000000089406967,
    1.1000000163912773,
    1.0000000149011612,
    2.8000000417232513,
    4.700000070035458,
    1.8000000268220901,
    -1.0000000149011612,
    3.500000052154064,
    7.800000116229057,
    7.400000110268593,
    1.5000000223517418,
    -3.200000047683716
  ]
}