{
  "time": [
    1767225600000000000,
    1767312000000000000,
    1767398400000000000,
    1767484800000000000,
    1767571200000000000,
    1767657600000000000,
    1767744000000000000,
    1767830400000000000,
    1767916800000000000,
    1768003200000000000,
    1768089600000000000,
    1768176000000000000,
    1768262400000000000,
    1768348800000000000,
    1768435200000000000,
    1768521600000000000,
    1768608000000000000,
    1768694400000000000,
    1768780800000000000,
    1768867200000000000,
    1768953600000000000,
    1769040000000000000,
    1769126400000000000,
    1769212800000000000,
    1769299200000000000,
    1769385600000000000,
    1769472000000000000,
    1769558400000000000,
    1769644800000000000,
    1769731200000000000,
    1769817600000000000,
    1769904000000000000,
    1769990400000000000,
    1770076800000000000,
    1770163200000000000,
    1770249600000000000,
    1770336000000000000,
    1770422400000000000
  ],
  "hurs": [
    80.0000011920929,
    87.5000013038516,
    87.70000130683184,
    84.20000125467777,
    81.70000121742487,
    87.70000130683184,
    80.90000120550394,
    84.20000125467777,
    86.70000129193068,
    83.40000124275684,
    80.20000119507313,
    91.2000013589859,
    86.50000128895044,
    90.70000135153532,
    82.70000123232603,
    83.00000123679638,
    78.50000116974115,
    84.20000125467777,
    85.70000127702951,
    78.50000116974115,
    68.40000101923943,
    67.50000100582838,
    70.90000105649233,
    78.00000116229057,
    79.00000117719173,
    90.00000134110451,
    87.5000013038516,
    93.7000013962388,
    94.00000140070915,
    86.50000128895044,
    87.00000129640102,
    85.40000127255917,
    74.50000111013651,
    82.90000123530626,
    81.20000120997429,
    81.00000120699406,
    87.20000129938126,
    82.5000012293458
  ]
}