{
  "time": [
    1767225600000000000,
    1767312000000000000,
    1767398400000000000,
    1767484800000000000,
    1767571200000000000,
    1767657600000000000,
    1767744000000000000,
    1767830400000000000,
    1767916800000000000,
    1768003200000000000,
    1768089600000000000,
    1768176000000000000,
    1768262400000000000,
    1768348800000000000,
    1768435200000000000,
    1768521600000000000,
    1768608000000000000,
    1768694400000000000,
    1768780800000000000,
    1768867200000000000,
    1768953600000000000,
    1769040000000000000,
    1769126400000000000,
    1769212800000000000,
    1769299200000000000,
    1769385600000000000,
    1769472000000000000,
    1769558400000000000,
    1769644800000000000,
    1769731200000000000,
    1769817600000000000,
    1769904000000000000,
    1769990400000000000,
    1770076800000000000,
    1770163200000000000,
    1770249600000000000,
    1770336000000000000,
    1770422400000000000,
    1770508800000000000,
    1770595200000000000,
    1770681600000000000,
    1770768000000000000,
    1770854400000000000,
    1770940800000000000,
    1771027200000000000,
    1771113600000000000,
    1771200000000000000,
    1771286400000000000,
    1771372800000000000,
    1771459200000000000,
    1771545600000000000,
    1771632000000000000,
    1771718400000000000,
    1771804800000000000,
    1771891200000000000,
    1771977600000000000
  ],
  "hurs": [
    80.0000011920929,
    87.70000130683184,
    87.90000130981207,
    83.90000125020742,
    81.50000121444464,
    87.20000129938126,
    81.00000120699406,
    85.40000127255917,
    87.00000129640102,
    83.50000124424696,
    81.70000121742487,
    91.2000013589859,
    86.70000129193068,
    90.50000134855509,
    81.50000121444464,
    83.20000123977661,
    78.90000117570162,
    84.70000126212835,
    85.40000127255917,
    78.2000011652708,
    68.40000101923943,
    67.70000100880861,
    70.20000104606152,
    78.00000116229057,
    78.00000116229057,
    90.20000134408474,
    87.40000130236149,
    93.7000013962388,
    94.00000140070915,
    86.50000128895044,
    86.90000129491091,
    85.40000127255917,
    74.50000111013651,
    82.90000123530626,
    81.20000120997429,
    81.00000120699406,
    87.20000129938126,
    82.5000012293458,
    90.90000135451555,
    81.40000121295452,
    83.40000124275684,
    93.00000138580799,
    90.90000135451555,
    82.00000122189522,
    79.70000118762255,
    80.50000119954348,
    91.2000013589859,
    88.00000131130219,
    72.20000107586384,
    84.90000126510859,
    81.00000120699406,
    87.70000130683184,
    92.50000137835741,
    80.70000120252371,
    94.20000140368938,
    83.20000123977661
  ]
}