{
  "time": [
    1767268800000000000,
    1767355200000000000,
    1767441600000000000
  ],
  "hurs": [
    79.90000119060278,
    87.40000130236149,
    87.5000013038516
  ]
}