{
  "time": [
    1767225600000000000,
    1767312000000000000,
    1767398400000000000,
    1767484800000000000,
    1767571200000000000,
    1767657600000000000,
    1767744000000000000,
    1767830400000000000,
    1767916800000000000,
    1768003200000000000,
    1768089600000000000,
    1768176000000000000,
    1768262400000000000,
    1768348800000000000,
    1768435200000000000,
    1768521600000000000,
    1768608000000000000,
    1768694400000000000,
    1768780800000000000,
    1768867200000000000,
    1768953600000000000,
    1769040000000000000,
    1769126400000000000,
    1769212800000000000,
    1769299200000000000,
    1769385600000000000,
    1769472000000000000,
    1769558400000000000,
    1769644800000000000,
    1769731200000000000,
    1769817600000000000,
    1769904000000000000,
    1769990400000000000,
    1770076800000000000,
    1770163200000000000,
    1770249600000000000
  ],
  "tas": [
    3.200000047683716,
    1.3000000193715096,
    0.5000000074505806,
    0.20000000298023224,
    -1.5000000223517418,
    -1.0000000149011612,
    -1.1000000163912773,
    2.0000000298023224,
    3.7000000551342964,
    -1.8000000268220901,
    -3.200000047683716,
    3.7000000551342964,
    9.00000013411045,
    8.50000012665987,
    9.600000143051147,
    9.900000147521496,
    8.100000120699406,
    2.7000000402331352,
    1.600000023841858,
    2.2000000327825546,
    4.200000062584877,
    3.200000047683716,
    5.200000077486038,
    3.6000000536441803,
    -0.10000000149011612,
    -0.10000000149011612,
    2.600000038743019,
    3.200000047683716,
    1.0000000149011612,
    2.600000038743019,
    5.500000081956387,
    5.200000077486038,
    4.90000007301569,
    2.2000000327825546,
    5.700000084936619,
    4.400000065565109
  ]
}