{
  "time": [
    1767225600000000000,
    1767312000000000000,
    1767398400000000000,
    1767484800000000000,
    1767571200000000000,
    1767657600000000000,
    1767744000000000000,
    1767830400000000000,
    1767916800000000000,
    1768003200000000000,
    1768089600000000000,
    1768176000000000000,
    1768262400000000000,
    1768348800000000000,
    1768435200000000000,
    1768521600000000000,
    1768608000000000000,
    1768694400000000000,
    1768780800000000000,
    1768867200000000000,
    1768953600000000000,
    1769040000000000000,
    1769126400000000000,
    1769212800000000000,
    1769299200000000000,
    1769385600000000000,
    1769472000000000000,
    1769558400000000000,
    1769644800000000000,
    1769731200000000000,
    1769817600000000000,
    1769904000000000000,
    1769990400000000000,
    1770076800000000000,
    1770163200000000000,
    1770249600000000000,
    1770336000000000000,
    1770422400000000000,
    1770508800000000000,
    1770595200000000000,
    1770681600000000000,
    1770768000000000000,
    1770854400000000000,
    1770940800000000000,
    1771027200000000000,
    1771113600000000000,
    1771200000000000000,
    1771286400000000000,
    1771372800000000000
  ],
  "tasmax": [
    4.200000062584877,
    3.500000052154064,
    1.3000000193715096,
    1.3000000193715096,
    0.20000000298023224,
    0.800000011920929,
    1.1000000163912773,
    3.1000000461935997,
    6.500000096857548,
    0.5000000074505806,
    0.5000000074505806,
    8.600000128149986,
    11.10000016540289,
    10.30000015348196,
    11.60000017285347,
    11.60000017285347,
    12.10000018030405,
    5.500000081956387,
    4.500000067055225,
    5.900000087916851,
    7.900000117719173,
    7.700000114738941,
    9.600000143051147,
    7.900000117719173,
    2.500000037252903,
    0.5000000074505806,
    5.700000084936619,
    5.000000074505806,
    1.8000000268220901,
    5.200000077486038,
    7.800000116229057,
    8.100000120699406,
    8.00000011920929,
    4.700000070035458,
    11.000000163912773,
    8.50000012665987,
    7.400000110268593,
    13.40000019967556,
    7.300000108778477,
    7.900000117719173,
    9.600000143051147,
    11.500000171363354,
    10.000000149011612,
    7.400000110268593,
    1.600000023841858,
    4.700000070035458,
    8.00000011920929,
    6.200000092387199,
    5.900000087916851
  ]
}