{
  "time": [
    1767225600000000000,
    1767312000000000000,
    1767398400000000000,
    1767484800000000000,
    1767571200000000000,
    1767657600000000000,
    1767744000000000000,
    1767830400000000000,
    1767916800000000000,
    1768003200000000000,
    1768089600000000000,
    1768176000000000000,
    1768262400000000000,
    1768348800000000000,
    1768435200000000000,
    1768521600000000000,
    1768608000000000000,
    1768694400000000000,
    1768780800000000000,
    1768867200000000000,
    1768953600000000000,
    1769040000000000000,
    1769126400000000000,
    1769212800000000000,
    1769299200000000000,
    1769385600000000000,
    1769472000000000000,
    1769558400000000000,
    1769644800000000000,
    1769731200000000000,
    1769817600000000000,
    1769904000000000000,
    1769990400000000000,
    1770076800000000000,
    1770163200000000000,
    1770249600000000000,
    1770336000000000000,
    1770422400000000000,
    1770508800000000000,
    1770595200000000000,
    1770681600000000000,
    1770768000000000000,
    1770854400000000000,
    1770940800000000000,
    1771027200000000000,
    1771113600000000000,
    1771200000000000000,
    1771286400000000000,
    1771372800000000000,
    1771459200000000000,
    1771545600000000000
  ],
  "tasmin": [
    2.2000000327825546,
    0.10000000149011612,
    -0.4000000059604645,
    -2.600000038743019,
    -3.7000000551342964,
    -3.9000000581145287,
    -3.1000000461935997,
    -0.20000000298023224,
    0.4000000059604645,
    -5.4000000804662704,
    -8.300000123679638,
    0.5000000074505806,
    7.500000111758709,
    6.900000102818012,
    7.900000117719173,
    6.000000089406967,
    4.200000062584877,
    0.20000000298023224,
    -0.5000000074505806,
    -1.3000000193715096,
    1.1000000163912773,
    -1.8000000268220901,
    3.400000050663948,
    -0.800000011920929,
    -2.500000037252903,
    -1.1000000163912773,
    -0.4000000059604645,
    0.20000000298023224,
    0.10000000149011612,
    -0.4000000059604645,
    3.6000000536441803,
    2.3000000342726707,
    1.700000025331974,
    -0.6000000089406967,
    1.1000000163912773,
    1.0000000149011612,
    2.8000000417232513,
    4.700000070035458,
    1.8000000268220901,
    -1.0000000149011612,
    3.500000052154064,
    7.800000116229057,
    7.400000110268593,
    1.5000000223517418,
    -3.200000047683716,
    -5.200000077486038,
    0.800000011920929,
    2.7000000402331352,
    1.1000000163912773,
    0.20000000298023224,
    0.4000000059604645
  ]
}